Slide_No,State,District,Latitude,Longitude,MaterialInvolved,Movement Type,History,Year,occurrence
ASM/HLKD/83D10/2016/58,Assam,Hailakandi,24.478972,92.682861,Debris,Slide,17 May 2016,2016.0,1
ASM/HLKD/83D10/2016/60,Assam,Hailakandi,24.515944,92.540889,Earth,Slide,18 May 2016,2016.0,1
AS/CHR/83D14/2020/7,Assam,Cachar,24.62,92.84,Debris,Slide,2019,2019.0,1
AS/CHR/83D14/2020/1,Assam,Cachar,24.64,92.98,Debris,Slide,2019,2019.0,1
ASM/CCR/83H2/2016/66,Assam,Cachar,24.645417,93.005361,Debris,Slide,31 August 2016,2016.0,1
AS/KAR/83D06/2009-10/AS-2,Assam,Karimganj,24.710833,92.481167,Debris,Slide,03 June 2010,2010.0,1
ASM/CHR/83D14/2020/0002,Assam,Cachar,24.72192,92.90381,Debris,Slide,05 June 2020,2020.0,1
ASM/KGJ/83D05/2020/0008,Assam,Karimganj,24.78002778,92.45372222,Earth,Slide,02 June 2020,2020.0,1
ASM/KGJ/83D05/2020/007,Assam,Karimganj,24.78380556,92.45563889,Earth,Slide,02 June 2020,2020.0,1
AS/CHR/83D09/2020/7,Assam,Cachar,24.97,92.72,Debris,Slide,2017,2017.0,1
AS/CHR/83D05/2020/2,Assam,Cachar,24.99,92.45,Debris,Slide,2016,2016.0,1
AS/DIM/83G4/2015/33,Assam,Dima Hasao,25.008,93.04,Earth,Slide,2014,2014.0,1
AS/CAC/83C4/2016/73,Assam,Cachar,25.029708,92.463967,Debris,Slide,2015,2015.0,1
AS/CAC/83C4/2016/74,Assam,Cachar,25.031431,92.463231,Debris,Slide,2015,2015.0,1
AS/CAC/83C4/2016/75,Assam,Cachar,25.032119,92.462636,Debris,Slide,2015,2015.0,1
AS/CAC/83C4/2016/76,Assam,Cachar,25.032989,92.462214,Debris,Slide,2015,2015.0,1
MEG/WJH/83C4/2016/45,Assam,Cachar,25.037203,92.450339,Debris,Slide,2015,2015.0,1
AS/DIM/83G4/2015/55,Assam,Dima Hasao,25.122,93.025,Earth,Slide,2014,2014.0,1
AS/DIM/83G4/2015/21,Assam,Dima Hasao,25.122,93.026,Earth,Slide,2014,2014.0,1
AS/DIM/83G4/2015/19,Assam,Dima Hasao,25.123,93.034,Earth,Slide,2014,2014.0,1
AS/DIM/83G4/2015/20,Assam,Dima Hasao,25.123,93.033,Earth,Slide,2014,2014.0,1
AS/DIM/83G4/2015/65,Assam,Dima Hasao,25.134,93.045,Earth,Slide,2014,2014.0,1
ASM/DH/83G4/2016/19,Assam,Dima Hasao,25.134472,93.018972,Rock cum Debris,Slide,2016,2016.0,1
AS/DIM/83G4/2015/27,Assam,Dima Hasao,25.135,93.04,Earth,Slide,2014,2014.0,1
AS/DIM/83G4/2015/32,Assam,Dima Hasao,25.135,93.04,Earth,Slide,2014,2014.0,1
AS/DIM/83G4/2015/36,Assam,Dima Hasao,25.136,93.04,Earth,Slide,2014,2014.0,1
AS/DIM/83G4/2015/29,Assam,Dima Hasao,25.137,93.04,Earth,Slide,2014,2014.0,1
AS/DIM/83G4/2015/34,Assam,Dima Hasao,25.137,93.034,Earth,Flow,2014,2014.0,1
AS/DIM/83G4/2015/35,Assam,Dima Hasao,25.137,93.04,Earth,Slide,2014,2014.0,1
AS/DIM/83G4/2015/22,Assam,Dima Hasao,25.137,93.018,Earth,Slide,2014,2014.0,1
AS/DIM/83G4/2015/56,Assam,Dima Hasao,25.139,93.025,Earth,Slide,2014,2014.0,1
AS/DIM/83G4/2015/30,Assam,Dima Hasao,25.139,93.04,Earth,Slide,2014,2014.0,1
AS/DIH/83G08/2020/30,Assam,Dima Hasao,25.14,93.3,Debris,Slide,2018,2018.0,1
AS/DIM/83G4/2015/28,Assam,Dima Hasao,25.142,93.04,Earth,Slide,2014,2014.0,1
AS/DIM/83G4/2015/31,Assam,Dima Hasao,25.142,93.04,Earth,Slide,2014,2014.0,1
ASM/DH/83G4/2016/44,Assam,Dima Hasao,25.14525,93.029167,Debris,Slide,2016,2016.0,1
ASM/DH/83G4/2016/16,Assam,Dima Hasao,25.145861,93.024194,Rock cum Debris,Slide,2016,2016.0,1
ASM/DH/83G4/2016/43,Assam,Dima Hasao,25.148722,93.031917,Debris,Slide,2016,2016.0,1
AS/DIM/83G4/2015/41,Assam,Dima Hasao,25.155,93.067,Earth,Slide,2014,2014.0,1
AS/DIM/83G4/2015/42,Assam,Dima Hasao,25.155,93.067,Earth,Slide,2014,2014.0,1
AS/DIM/83G4/2015/26,Assam,Dima Hasao,25.155,93.073,Earth,Slide,2014,2014.0,1
ASM/DH/83G4/2016/25,Assam,Dima Hasao,25.155611,93.022222,Debris,Slide,2016,2016.0,1
ASM/DH/83G4/2016/24,Assam,Dima Hasao,25.155722,93.022778,Earth,Slide,2016,2016.0,1
ASM/DH/83G4/2016/27,Assam,Dima Hasao,25.156389,93.018389,Rock cum Debris,Slide,2016,2016.0,1
ASM/DH/83G4/2016/26,Assam,Dima Hasao,25.156583,93.019611,Rock cum Debris,Slide,2016,2016.0,1
AS/DIM/83G4/2015/64,Assam,Dima Hasao,25.157,93.062,Earth,Slide,2014,2014.0,1
AS/DIM/83G4/2015/43,Assam,Dima Hasao,25.157,93.066,Earth,Slide,2014,2014.0,1
ASM/DH/83G4/2016/29,Assam,Dima Hasao,25.157139,93.017194,Debris,Slide,2016,2016.0,1
ASM/DH/83G4/2016/28,Assam,Dima Hasao,25.157361,93.016083,Rock cum Debris,Slide,2016,2016.0,1
ASM/DH/83G4/2016/30,Assam,Dima Hasao,25.159333,93.017,Earth,Slide,2016,2016.0,1
ASM/DH/83G4/2016/14,Assam,Dima Hasao,25.163444,93.023167,Debris,Slide,2016,2016.0,1
ASM/DH/83G4/2016/13,Assam,Dima Hasao,25.165639,93.025444,Debris,Slide,2016,2016.0,1
ASM/DH/83G4/2016/12,Assam,Dima Hasao,25.171889,93.003944,Debris,Slide,2016,2016.0,1
ASM/DH/83G4/2016/10,Assam,Dima Hasao,25.175972,93.020167,Debris,Slide,2016,2016.0,1
ASM/DH/83G4/2016/23,Assam,Dima Hasao,25.176389,93.116139,Debris,Slide,2016,2016.0,1
ASM/DH/83G4/2016/08,Assam,Dima Hasao,25.176917,93.026556,Earth,Slide,2014,2014.0,1
ASM/DH/83G4/2016/05,Assam,Dima Hasao,25.1775,93.026222,Earth,Slide,2014,2014.0,1
ASM/DH/83G4/2016/20,Assam,Dima Hasao,25.184528,93.125639,Debris,Slide,2016,2016.0,1
AS/DIM/83G4/2015/62,Assam,Dima Hasao,25.186,93.104,Earth,Slide,2014,2014.0,1
ASM/DH/83G4/2016/53,Assam,Dima Hasao,25.189556,93.096417,Debris,Slide,2016,2016.0,1
AS/DIM/83G4/2015/50,Assam,Dima Hasao,25.201,93.122,Earth,Slide,2014,2014.0,1
ASM/DH/83G4/2016/54,Assam,Dima Hasao,25.204556,93.138889,Debris,Slide,2016,2016.0,1
AS/DIM/83G4/2015/53,Assam,Dima Hasao,25.206,93.126,Earth,Slide,2014,2014.0,1
ASM/DH/83G4/2016/03,Assam,Dima Hasao,25.207389,93.122778,Debris,Subsidence,2016,2016.0,1
AS/DIM/83G4/2015/51,Assam,Dima Hasao,25.208,93.121,Earth,Slide,2014,2014.0,1
AS/DIH/83G08/2020/27,Assam,Dima Hasao,25.21,93.31,Debris,Slide,2018,2018.0,1
AS/NC/83G04/2009-10/AS-6,Assam,Dima Hasao,25.229556,93.1556,Debris,Slide,02 April 2010,2010.0,1
AS/DIM/83G4/2015/52,Assam,Dima Hasao,25.242,93.14,Earth,Slide,2014,2014.0,1
AS/DIM/83G3/2015/59,Assam,Dima Hasao,25.42,93.002,Earth,Slide,2014,2014.0,1
AS/DIM/83G3/2015/60,Assam,Dima Hasao,25.424,93.0,Earth,Slide,2014,2014.0,1
AS/DIM/83G2/2015/06,Assam,Dima Hasao,25.64897,93.12083,Debris,Slide,2015,2015.0,1
AS/KAM/78O5/2020/3,Assam,Kamrup (Rural),25.84,91.35,Debris,Slide,2018,2018.0,1
AS/KAM/78O5/2020/2,Assam,Kamrup (Rural),25.91,91.4,Debris,Slide,2017,2017.0,1
AS/KAM/78O5/2020/1,Assam,Kamrup (Rural),25.95,91.28,Debris,Slide,2019,2019.0,1
ASM/WKA/83B08/2017/40,Assam,West Karbi Anglong,26.012,92.264167,Debris,Slide,2016,2016.0,1
ASM/WKA/83B08/2017/39,Assam,West Karbi Anglong,26.013528,92.266083,Debris,Slide,2016,2016.0,1
ASM/WKA/83B08/2017/30,Assam,West Karbi Anglong,26.031528,92.472778,Earth,Slide,2016,2016.0,1
ASM/WKA/83B08/2017/28,Assam,West Karbi Anglong,26.033556,92.468056,Debris,Slide,2014,2014.0,1
ASM/WKA/83B08/2017/29,Assam,West Karbi Anglong,26.035278,92.470861,Debris,Slide,2010,2010.0,1
ASM/WKA/83B08/2017/27,Assam,West Karbi Anglong,26.039194,92.4595,Debris,Slide,2014,2014.0,1
ASM/WKA/83B08/2017/26,Assam,West Karbi Anglong,26.043583,92.452222,Debris,Slide,2014,2014.0,1
ASM/NAG/83B08/2017/12,Assam,Nagaon,26.101333,92.440556,Debris,Slide,2011,2011.0,1
ASM/NAG/83B08/2017/11,Assam,Nagaon,26.102167,92.440472,Earth,Slide,2010,2010.0,1
ASM/NAG/83B08/2017/08,Assam,Nagaon,26.102333,92.4415,Rock cum Debris,Slide,2012,2012.0,1
ASM/NAG/83B08/2017/09,Assam,Nagaon,26.102667,92.441639,Rock cum Debris,Slide,2013,2013.0,1
ASM/NAG/83B08/2017/10,Assam,Nagaon,26.103028,92.440889,Earth,Slide,2011,2011.0,1
ASM/NAG/83B08/2017/07,Assam,Nagaon,26.10725,92.44,Rock cum Debris,Slide,2013,2013.0,1
ASM/NAG/83B08/2017/06,Assam,Nagaon,26.108417,92.440222,Debris,Slide,2013,2013.0,1
ASM/NAG/83B08/2017/05,Assam,Nagaon,26.110139,92.439333,Debris,Slide,2014,2014.0,1
AS/KRP/78N16/2018/001,Assam,Kamrup,26.112667,91.853889,Debris,Slide,24 August 2018,2018.0,1
ASM/NAG/83B08/2017/15,Assam,Nagaon,26.113639,92.441222,Debris,Slide,2010,2010.0,1
ASM/NAG/83B08/2017/04,Assam,Nagaon,26.116972,92.440083,Rock cum Debris,Slide,2014,2014.0,1
ASM/NAG/83B08/2017/03,Assam,Nagaon,26.117111,92.441028,Debris,Slide,2014,2014.0,1
AS/KAM(M)/78N12/2023/01,Assam,Kamrup (Metro),26.1505375,91.72798139,Earth,Slide,17 June 2023 at 18:00 hrs.,2023.0,1
ASM/KMP/78N16/2017/03,Assam,Kamrup (Metro),26.15428,91.79264,Debris,Slide,13 June 2017,2017.0,1
ASM/NAG/83B08/2017/46,Assam,Nagaon,26.172917,92.762778,Debris,Slide,2016,2016.0,1
ASM/KMP/78N16/2016/65,Assam,Kamrup (Metro),26.1755,91.76175,Debris,Slide,2016,2016.0,1
ASM/KMP/78N16/2017/05,Assam,Kamrup (Metro),26.17672,91.76525,Debris,Slide,13 June 2017,2017.0,1
ASM/KMP/78N16/2017/0004,Assam,Kamrup (Metro),26.17756,91.76589,Debris,Slide,13 June 2017,2017.0,1
ASM/KMP/78N16/2017/06,Assam,Kamrup (Metro),26.18842,91.85125,Earth,Slide,16 June 2017,2017.0,1
ASM/KMP/78N16/2016/64,Assam,Kamrup (Metro),26.190389,91.809944,Earth,Slide,2016,2016.0,1
ASM/KMP/78N16/2016/63,Assam,Kamrup (Metro),26.192444,91.764222,Earth,Slide,2016,2016.0,1
AS/KAM/78N16/2014/05,Assam,Kamrup (Metro),26.19622,91.76336,Earth,Flow,23 March 2011,2011.0,1
AS/NC/83G04/2009/B-5,Assam,Dima Hasao,26.20261,91.14528,Debris,,20 August 2009,2009.0,1
AS/JOR/83J06/2020/9,Assam,Jorhat,26.54,94.37,Earth,Slide,2019,2019.0,1
AS/JOR/83J06/2020/10,Assam,Jorhat,26.54,94.37,Earth,Slide,2019,2019.0,1
AS/JOR/83J06/2020/5,Assam,Jorhat,26.55,94.36,Earth,Slide,2019,2019.0,1
AS/JOR/83J06/2020/6,Assam,Jorhat,26.55,94.36,Earth,Slide,2019,2019.0,1
AS/JOR/83J06/2020/7,Assam,Jorhat,26.55,94.36,Rock,Slide,2019,2019.0,1
AS/JOR/83J06/2020/8,Assam,Jorhat,26.55,94.36,Earth,Slide,2019,2019.0,1
AS/JOR/83J06/2020/2,Assam,Jorhat,26.56,94.36,Earth,Slide,2019,2019.0,1
AS/JOR/83J06/2020/3,Assam,Jorhat,26.56,94.36,Debris,Slide,2019,2019.0,1
AS/JOR/83J06/2020/4,Assam,Jorhat,26.56,94.36,Earth,Slide,2019,2019.0,1
AS/JOR/83J06/2020/12,Assam,Jorhat,26.6,94.35,Earth,Slide,2018,2018.0,1
AS/CAC/83D09/2025/4,Assam,Cachar,24.96756,92.74392,Debris,Slide,March 2025,2025.0,1
AS/CAC/83D09/2025/5,Assam,Cachar,24.95794,92.73201,Debris,Slide,April 2025,2025.0,1
AS/CAC/83D09/2025/6,Assam,Cachar,24.95054,92.731458,Earth,Slide,June 2025,2025.0,1
AS/CAC/83D09/2025/7,Assam,Cachar,24.94756,92.73097,Earth,Slide,June 2025,2025.0,1
ASM/DH/83G04/2022-23/014,Assam,Dima Hasao,25.16736,93.00953,Debris,Slide,15 May 2022,2022.0,1
ASM/DH/83G04/2022-23/017,Assam,Dima Hasao,25.16023,93.01084,Debris,Slide,14 May 2022,2022.0,1
ASM/DH/83G04/2022-23/018,Assam,Dima Hasao,25.162389,93.010222,Debris,Slide,14th April 2022,2022.0,1
ASM/DH/83G04/2022-23/019,Assam,Dima Hasao,25.1625278,93.0103333,Debris,Slide,14th – 15th April 2022,2022.0,1
ASM/DH/83G04/2022-23/020,Assam,Dima Hasao,25.162472,93.01044,Debris,Slide,14th – 15th April 2022,2022.0,1
ASM/DH/83G04/2022-23/009,Assam,Dima Hasao,25.17175,93.00726,Debris,Subsidence,14th – 16th May 2022,2022.0,1
ASM/DH/83G04/2022-23/028,Assam,Dima Hasao,25.16649,93.01092,Debris,Slide,14th - 15thMay 2022,2022.0,1
ASM/DH/83G04/2022-23/029,Assam,Dima Hasao,25.170194,93.007389,Debris,Slide,15th May 2022,2022.0,1
ASM/DH/83G04/2022-23/046,Assam,Dima Hasao,25.17144,93.005694,Debris,Slide,14th  – 15th  May 2022,2022.0,1
ASM/DH/83G04/2022-23/015,Assam,Dima Hasao,25.16579,93.00948,Debris,Slide,14 May 2022,2022.0,1
ASM/DH/83G04/2022-23/016,Assam,Dima Hasao,25.15859,93.01292,Debris,Slide,14 May 2022,2022.0,1
ASM/DH/83G04/2022-23/027,Assam,Dima Hasao,25.15556,93.021583,Debris,Slide,14 May 2022,2022.0,1
ASM/DH/83G04/2022-23/008,Assam,Dima Hasao,25.156483,93.018367,Debris,Subsidence,2016 and 14th – 16th May 2022,2016.0,1
ASM/DH/83G04/2022-23/026,Assam,Dima Hasao,25.158138,93.024778,Earth,Slide,15 May 2022,2022.0,1
ASM/DH/83G4/ PD/2016/55,Assam,Dima Hasao (N.C. Hills),25.24194444,93.14319444,Debris,Slide,22 May 2016,2016.0,1
ASM/DH/83G04/2022-23/024,Assam,Dima Hasao,25.17044,93.025325,Debris,Slide,14th -15th May 2022,2022.0,1
ASM/DH/83G04/2022-23/011,Assam,Dima Hasao,25.171264,93.020014,Debris,Subsidence,14th – 15th May 2022,2022.0,1
ASM/DH/83G04/2022-23/025,Assam,Dima Hasao,25.16804,93.02503,Debris,Slide,14 May 2022,2022.0,1
ASM/DH/83G04/2022-23/007,Assam,Dima Hasao,25.178006,93.022825,Earth,Subsidence,"1985, 1992, 2004, 2016 and",2004.0,1
ASM/DH/83G04/2022-23/044,Assam,Dima Hasao,25.168083,93.024922,Earth,Slide,14 May 2022,2022.0,1
ASM/DH/83G4/ PD/2016/56,Assam,Dima Hasao (N.C. Hills),25.27480556,93.14555556,Rock,Slide,22 May 2016,2016.0,1
ASM/DH/83G04/2022-23/045,Assam,Dima Hasao,25.1638056,93.010861,Debris,Slide,14th -15th  May 2022,2022.0,1
ASM/DH/83G04/2022-23/031,Assam,Dima Hasao,25.175,93.01967,Debris,Slide,"2006, reactivated on May 2022",2006.0,1
ASM/DH/83G04/2022-23/032,Assam,Dima Hasao,25.17483,93.019861,Debris,Slide,15 May 2022,2022.0,1
ASM/DH/83G04/2022-23/033,Assam,Dima Hasao,25.1568056,93.019722,Debris,Slide,13 May 2022,2022.0,1
ASM/DH/83G04/2022-23/035,Assam,Dima Hasao,25.1565,93.0151,Debris,Slide,May 2022,2022.0,1
ASM/DH/83G04/2022-23/036,Assam,Dima Hasao,25.15667,93.01275,Debris,Slide,14th – 15th May 2022,2022.0,1
ASM/DH/83G04/2022-23/037,Assam,Dima Hasao,25.16367,93.02478,Debris,Slide,14th – 16th May 2022,2022.0,1
ASM/DH/83G04/2022-23/039,Assam,Dima Hasao,25.16649,93.02289,Debris,Slide,14th -15th  May 2022,2022.0,1
ASM/DH/83G04/2022-23/040,Assam,Dima Hasao,25.16497,93.02275,Debris,Slide,14th -15th  May 2022,2022.0,1
ASM/DH/83G04/2022-23/041,Assam,Dima Hasao,25.1655,93.02556,Debris,Slide,14th -15th  May 2022,2022.0,1
ASM/DH/83C16/2022-23/042,Assam,Dima Hasao,25.16427,92.99788,Debris,Slide,14 -15  May 2022,2022.0,1
ASM/DH/83G04/2022-23/043,Assam,Dima Hasao,25.17425,93.00244,Debris,Slide,14th  -15th May 2022,2022.0,1
ASM/DH/83G04/2022-23/047,Assam,Dima Hasao,25.162667,93.009806,Debris,Slide,14 May 2022,2022.0,1
ASM/DH/83G04/2022-23/038,Assam,Dima Hasao,25.16553,93.02172,Debris,Slide,14-15 May 2022,2022.0,1
ASM/DH/83G4/ PD/2016/29,Assam,Dima Hasao (N.C. Hills),25.15713889,93.01719444,Debris,Slide,27 May 2016,2016.0,1
ASM/DH/83C16/PD/2016/51,Assam,Dima Hasao (N.C. Hills),25.11077778,93.00458333,Debris,Slide,2nd week of May 2016,2016.0,1
ASM/DH/83G4/PD/2016/43,Assam,Dima Hasao (N.C. Hills),25.14872222,93.03191667,Debris,Creep,17 May 2016,2016.0,1
ASM/DH/83G04/2022-23/001,Assam,Dima Hasao,25.14264,93.03182,Debris,Flow,14th to 16th May 2022,2022.0,1
ASM/DH/83G04/2022-23/002,Assam,Dima Hasao,25.143408,93.02995,Debris,Flow,14th to 16th May 2022,2022.0,1
ASM/DH/83G04/2022-23/004,Assam,Dima Hasao,25.14879,93.031636,Debris,Slide,14th May 2022,2022.0,1
ASM/DH/83G04/2022-23/005,Assam,Dima Hasao,25.15144,93.0331,Debris,Slide,14th May 2022,2022.0,1
ASM/DH/83G4/ PD/2016/06,Assam,Dima Hasao (N.C. Hills),25.15669444,93.01766667,Debris,Slide,15th May 2022,2022.0,1
AS/KAM(M)/78N12/2023/01,Assam,Kamrup (Metro),26.150124,91.727915,Earth,Slide,17 Jun 2023 at 18:00 hrs.,2023.0,1
ASM/DH/83G4/ PD/2016/23,Assam,Dima Hasao,25.17638889,93.11613889,Debris,Slide,22 May 2016,2016.0,1
ASM/KAM(M)/78N16/2016/63,Assam,Kamrup (Metro),26.19244444,91.76422222,Earth,Slide,20 July 2016,2016.0,1
ASM/KAM/78N16/2019/03,Assam,Kamrup (Metro),26.19236111,91.78080556,Debris,Subsidence,10 July 2019,2019.0,1
ASM/KAM/78N12/2019/04,Assam,Kamrup (Metro),26.15805556,91.71258333,Debris,Slide,16 July 2019,2019.0,1
ASM/KAM/78N16/2020/001,Assam,Kamrup (Metro),26.19330556,91.77725,Debris,Slide,28 June 2020,2020.0,1
ASM/KAM/78N16/2020/002,Assam,Kamrup (Metro),26.09150556,91.87898611,Earth,Slide,12 July 2020,2020.0,1
ASM/KAM/78N12/2020/003,Assam,Kamrup (Metro),26.21305556,91.6925,Rock,Fall,26 June 2020,2020.0,1
ASM/DH/83G04/2022-23/023,Assam,Dima Hasao,25.17136,93.01102,Debris,Slide,14 May 2022,2022.0,1
ASM/DH/83G04/2022-23/010,Assam,Dima Hasao,25.169861,93.002528,Debris,Slide,15th May 2022,2022.0,1
ASM/DH/83G04/2022-23/012,Assam,Dima Hasao,25.18972,93.02011,Debris,Slide,14th – 15th May 2022,2022.0,1
ASM/DH/83G04/2022-23/013,Assam,Dima Hasao,25.18625,93.01629,Debris,Slide,14th – 15th  2022,2022.0,1
ASM/DH/83G04/2022-23/030,Assam,Dima Hasao,25.177416,93.00975,Debris,Slide,16 May 2022,2022.0,1
ASM/DH/83G04/2022-23/006,Assam,Dima Hasao,25.2316944,93.1614167,Earth,Slide,14th – 15th  May 2022,2022.0,1
ASM/DH/83G04/2022-23/022,Assam,Dima Hasao,25.18919,93.02118,Debris,Slide,15 May 2022,2022.0,1
ASM/DH/83G04/2022-23/021,Assam,Dima Hasao,25.17623,93.01326,Debris,Slide,14 May 2022,2022.0,1
AS/KAM(M)/78N16/2025/006,Assam,Kamrup,26.19113889,91.82961111,Earth,Slide,31 May 2025,2025.0,1
AS/KAM(M)/78N12/2025/01,Assam,Kamrup,26.166185,91.7147,Earth,Slide,04 June 2025,2025.0,1
AS/KAM(M)/78N12/2025/02,Assam,Kamrup,26.16616,91.713803,Earth,Slide,04 June 2025 at 14.30 hrs.,2025.0,1
AS/KAM(M)/78N12/2025/03,Assam,Kamrup,26.16297,91.7059,Earth,Slide,05 June 2025 at 15.20 hrs.,2025.0,1
AS/KAM(M)/78N12/2025/04,Assam,Kamrup,26.17027,91.698,Debris,Slide,31 May 2025,2025.0,1
ASM/DH/83C16/2023-24/001,Assam,Dima Hasao,25.117665,92.847709,Debris,Slide,14 May 2022,2022.0,1
ASM/DH/83C15/2023-24/001,Assam,Dima Hasao,25.366255,92.823037,Debris,Slide,14 May 2022,2022.0,1
ASM/DH/83G03/2023-24/004,Assam,Dima Hasao,25.316197,93.006158,Earth,Subsidence,16 June 2022,2022.0,1
LS_ASM_DH_0390/2024,Assam,Dima Hasao,25.172918,92.995982,Debris,Slide,2024,2024.0,1
LS_ASM_DH_0391/2024,Assam,Dima Hasao,25.319717,93.123028,Debris,Slide,"July, 2024",2024.0,1
LS_ASM_DH_0392/2024,Assam,Dima Hasao,25.318433,93.115767,Debris,Slide,"July, 2024",2024.0,1
LS_ASM_DH_0396/2024,Assam,Dima Hasao,25.22548,93.023783,Debris,Slide,2024,2024.0,1
LS_ASM_DH_0399/2024,Assam,Dima Hasao,25.18846,93.003768,Debris,Slide,2024,2024.0,1
LS_ASM_DH_0406/2024,Assam,Dima Hasao,25.18833,93.104922,Earth,Slide,"2016, 2022",2016.0,1
LS_ASM_DH_0407/2024,Assam,Dima Hasao,25.147883,93.085354,Debris,Slide,2022,2022.0,1
ARN/WK/83A12/2016/01,Arunachal Pradesh,West Kameng,27.018342,92.6356,Debris,Slide,1 July 2016 at 12:20 hrs.,2016.0,1
AP/WK/83E12/2008/A-9,Andhra Pradesh,West Kameng,27.035278,92.610556,Rock cum Debris,Slide,2008,2008.0,1
AR/WKA/83A12/2014/23,Arunachal Pradesh,West Kameng,27.06658,92.59572,Debris,Slide,2013,2013.0,1
AP/PP/83E12/2008/A-1,Andhra Pradesh,Papum Pare,27.078472,93.605639,,Slide,2008,2008.0,1
AP/WK/83E12/2008/A-10,Andhra Pradesh,West Kameng,27.086667,92.585278,Debris,,2008,2008.0,1
AP/PP/83E12/2008/A-4,Andhra Pradesh,Papum Pare,27.091139,93.615667,Rock cum Debris,Slide,2008,2008.0,1
AP/WK/83E12/2008/A-11,Andhra Pradesh,West Kameng,27.093889,92.591389,Debris,,2008,2008.0,1
AP/PP/83E12/2008/A-2,Andhra Pradesh,Papum Pare,27.095278,93.615694,,Slide,2008,2008.0,1
AP/PP/83E12/2008/A-5,Andhra Pradesh,Papum Pare,27.106472,93.663889,Rock cum Debris,Slide,2008,2008.0,1
ARN/PAP/83E11/2017/03,Arunachal Pradesh,Papum Pare,27.10736,93.64975,Debris,Slide,2017,2017.0,1
AP/PP/83E12/2008/A-6,Andhra Pradesh,Papum Pare,27.112222,93.694444,,Flow,2008,2008.0,1
AP/PP/83E12/2008/A-8,Andhra Pradesh,Papum Pare,27.124444,93.742222,,Creep,2008,2008.0,1
ARN/PAP/83E11/2017/02,Arunachal Pradesh,Papum Pare,27.1275,93.73164,Debris,Slide,2017,2017.0,1
ARN/PAP/83E11/2017/04,Arunachal Pradesh,Papum Pare,27.1275,93.73164,Debris,Slide,2017,2017.0,1
ARN/LS/83E15/2016/04,Arunachal Pradesh,Lower Subansiri,27.193425,93.780983,Debris,Slide,16 July 2016,2016.0,1
ARN/LS/83E15/2016/08,Arunachal Pradesh,Lower Subansiri,27.23995,93.806589,Debris,Slide,17 July 2016,2016.0,1
ARN/LS/83E15/2016/07,Arunachal Pradesh,Lower Subansiri,27.246131,93.804711,Debris,Slide,17 July 2016,2016.0,1
ARN/LS/83E15/2016/06,Arunachal Pradesh,Lower Subansiri,27.254756,93.801303,Debris,Slide,17 July 2016,2016.0,1
ARN/LS/83E15/2016/05,Arunachal Pradesh,Lower Subansiri,27.294886,93.803328,Debris,Slide,17 July 2016,2016.0,1
ARN/LS/83E15/2016/03,Arunachal Pradesh,Lower Subansiri,27.307072,93.806008,Debris,Slide,17 July 2016,2016.0,1
ARN/LS/83E15/2016/02,Arunachal Pradesh,Lower Subansiri,27.339267,93.802581,Debris,Slide,16 July 2016,2016.0,1
AP/WK/83E12/2008/A-14,Andhra Pradesh,West Kameng,27.345556,92.266389,Debris,Flow,2008,2008.0,1
AP/WK/83E12/2008/A-12,Andhra Pradesh,West Kameng,27.460278,92.110278,Rock,Fall,2008,2008.0,1
AP/WK/78M14/2008/A-13,Andhra Pradesh,West Kameng,27.512278,91.875556,,Flow,2008,2008.0,1
AR/TAW/78M14/2014/22,Arunachal Pradesh,Tawang,27.58006,91.97728,Rock cum Debris,Slide,2013,2013.0,1
ARN/TWG/78M14/2016/0028,Arunachal Pradesh,Tawang,27.589,91.873194,Earth,Slide,2016,2016.0,1
ARN/TWG/78M14/2016/0029,Arunachal Pradesh,Tawang,27.590556,91.867667,Debris,Subsidence,2016,2016.0,1
ARN/TWG/78M14/2016/0030,Arunachal Pradesh,Tawang,27.590639,91.876806,Earth,Slide,2016,2016.0,1
ARN/TWG/78M14/2016/0031,Arunachal Pradesh,Tawang,27.590639,91.876806,Debris,Slide,2016,2016.0,1
ARN/TWG/78M14/2016/0026,Arunachal Pradesh,Tawang,27.599,91.876528,Debris,Slide,2016,2016.0,1
ARN/TWG/78M14/2016/0027,Arunachal Pradesh,Tawang,27.599806,91.876111,Debris,Slide,2016,2016.0,1
ARN/KRA/83E10/2017,Arunachal Pradesh,Kra Daadi,27.690111,93.632556,Debris,Slide,2017,2017.0,1
AR/LOH/92A05/2014/05,Arunachal Pradesh,Lohit,27.87469,96.35986,Rock,Slide,May 2014,2014.0,1
AR/LOH/92A05/2014/01,Arunachal Pradesh,Lohit,27.87825,96.36614,Rock,Fall,May 2014,2014.0,1
AR/LOH/92A05/2014/02,Arunachal Pradesh,Lohit,27.89311,96.36336,Rock,Fall,May 2014,2014.0,1
AR/LOH/92A05/2014/03,Arunachal Pradesh,Lohit,27.90417,96.35869,Rock cum Debris,Slide,May 2014,2014.0,1
AR/ANJ/92A05/2014/21,Arunachal Pradesh,Lohit,27.90467,96.35917,Rock,Slide,2013,2013.0,1
AR/ANJ/92A05/2014/19,Arunachal Pradesh,Lohit,27.90475,96.34811,Debris,Fall,2013,2013.0,1
AR/LOH/92A05/2014/04,Arunachal Pradesh,Lohit,27.90581,96.35933,Rock,Fall,May 2014,2014.0,1
AR/ANJ/92A05/2014/20,Arunachal Pradesh,Lohit,27.90664,96.35964,Rock,Slide,2013,2013.0,1
AR/LOH/92A05/2014/06,Arunachal Pradesh,Lohit,27.90772,96.34517,Rock,Fall,May 2014,2014.0,1
AR/LOH/92A05/2014/52,Arunachal Pradesh,Lohit,27.90814,96.36028,Rock,Slide,2013,2013.0,1
AR/ANJ/92A05/2014/18,Arunachal Pradesh,Lohit,27.91164,96.34269,Rock cum Debris,Slide,May 2014,2014.0,1
AR/LOH/92A05/2014/50,Arunachal Pradesh,Lohit,27.91636,96.33392,Rock,Fall,2013,2013.0,1
AR/LOH/92A05/2014/49,Arunachal Pradesh,Lohit,27.91647,96.33161,Rock,Slide,2013,2013.0,1
AR/LOH/92A05/2014/51,Arunachal Pradesh,Lohit,27.91669,96.33833,Rock cum Debris,Slide,2013,2013.0,1
AR/LOH/92A05/2014/07,Arunachal Pradesh,Lohit,27.91886,96.33156,Rock,Slide,May 2014,2014.0,1
AR/LOH/92A05/2014/24,Arunachal Pradesh,Lohit,27.91897,96.33108,Rock,Slide,2013,2013.0,1
AR/LOH/92A05/2014/08,Arunachal Pradesh,Lohit,27.93967,96.38097,Debris,Slide,May 2014,2014.0,1
AR/LOH/92A05/2014/13,Arunachal Pradesh,Lohit,27.94083,96.38161,Rock cum Debris,Subsidence,2013,2013.0,1
AR/LOH/92A05/2014/10,Arunachal Pradesh,Lohit,27.95603,96.40267,Debris,Slide,May 2014,2014.0,1
AR/LOH/92A05/2014/09,Arunachal Pradesh,Lohit,27.95672,96.39697,Debris,Slide,May 2014,2014.0,1
AR/LOH/92A05/2014/21,Arunachal Pradesh,Lohit,27.95964,96.40178,Debris,Flow,May 2014,2014.0,1
AR/LOH/92A05/2014/20,Arunachal Pradesh,Lohit,27.96325,96.40097,Debris,Slide,May 2014,2014.0,1
AR/LOH/92A05/2014/25,Arunachal Pradesh,Lohit,27.96756,96.40189,Rock,Slide,2013,2013.0,1
AR/LOH/92A05/2014/11,Arunachal Pradesh,Lohit,27.96756,96.40214,Rock cum Debris,Slide,2013,2013.0,1
AR/ANJ/92A05/2014/55,Arunachal Pradesh,Anjaw,27.98333,96.40433,Debris,Slide,2012,2012.0,1
AR/ANJ/92A05/2014/54,Arunachal Pradesh,Anjaw,27.98728,96.41208,Debris,Slide,2013,2013.0,1
AR/ANJ/92A05/2014/18,Arunachal Pradesh,Anjaw,27.98747,96.41133,Debris,Flow,May 2014,2014.0,1
AR/ANJ/91D08/2014/17,Arunachal Pradesh,Anjaw,28.00611,96.42872,Debris,Slide,May 2014,2014.0,1
AR/ANJ/91D08/2014/15,Arunachal Pradesh,Anjaw,28.01661,96.44172,Rock cum Debris,Complex,2013,2013.0,1
AR/ANJ/91D08/2014/16,Arunachal Pradesh,Anjaw,28.01781,96.44275,Debris,Slide,May 2014,2014.0,1
AR/ANJ/91D08/2014/24,Arunachal Pradesh,Anjaw,28.01992,96.443,Rock,Slide,May 2014,2014.0,1
AR/ANJ/91D08/2014/15,Arunachal Pradesh,Anjaw,28.05939,96.48397,Debris,Slide,2014,2014.0,1
AR/LOH/91D08/2014/01,Arunachal Pradesh,Lohit,28.05989,96.46281,Debris,Slide,2013,2013.0,1
AP/LOH/91D08/2014/01,Andhra Pradesh,Lohit,28.05989,96.46281,Debris,Slide,2013,2013.0,1
AR/ANJ/91D08/2014/14,Arunachal Pradesh,Anjaw,28.05997,96.48664,Debris,Slide,May 2014,2014.0,1
AR/ANJ/91D08/2014/16,Arunachal Pradesh,Anjaw,28.06006,96.44636,Debris,Slide,May 2014,2014.0,1
AR/ANJ/91D08/2014/13,Arunachal Pradesh,Anjaw,28.06131,96.49256,Debris,Slide,May 2014,2014.0,1
AR/ANJ/91D08/2014/12,Arunachal Pradesh,Anjaw,28.06244,96.49775,Debris,Slide,May 2014,2014.0,1
AR/ANJ/91D08/2014/11,Arunachal Pradesh,Anjaw,28.063,96.49914,Debris,Slide,May 2014,2014.0,1
AR/ANJ/91D12/2014/53,Arunachal Pradesh,Anjaw,28.06356,96.50075,Debris,Slide,2012,2012.0,1
AR/ANJ/91D12/2014/22,Arunachal Pradesh,Anjaw,28.06964,96.50025,Rock,Slide,May 2014,2014.0,1
AR/ANJ/91D12/2014/02,Arunachal Pradesh,Anjaw,28.08014,96.52356,Debris,Topple,2013,2013.0,1
AR/ANJ/91D12/2014/10,Arunachal Pradesh,Anjaw,28.08019,96.54483,Debris,Flow,2013,2013.0,1
AR/ANJ/91D12/2014/23,Arunachal Pradesh,Anjaw,28.08061,96.51294,Rock,Fall,May 2014,2014.0,1
AR/ANJ/91D12/2014/03,Arunachal Pradesh,Anjaw,28.10714,96.54489,Rock,Fall,2013,2013.0,1
AR/ANJ/93D12/2014/47,Arunachal Pradesh,Anjaw,28.11142,96.54528,Rock,Slide,2012,2012.0,1
AR/ANJ/93D12/2014/46,Arunachal Pradesh,Anjaw,28.11594,96.54689,Rock,Slide,2012,2012.0,1
AR/ANJ/91D12/2014/07,Arunachal Pradesh,Anjaw,28.11781,96.54906,Debris,Flow,2013,2013.0,1
AR/ANJ/91D11/2014/26,Arunachal Pradesh,Anjaw,28.14531,96.54897,Rock,Slide,2013,2013.0,1
AR/ANJ/92D12/2014/45,Arunachal Pradesh,Anjaw,28.15292,96.53858,Rock,Slide,2013,2013.0,1
AR/ANJ/92D12/2014/44,Arunachal Pradesh,Anjaw,28.16206,96.53061,Debris,Topple,2013,2013.0,1
AR/ANJ/91D12/2014/06,Arunachal Pradesh,Anjaw,28.16939,96.52578,Rock,Slide,2013,2013.0,1
AR/ANJ/91D12/2014/05,Arunachal Pradesh,Anjaw,28.18439,96.53453,Debris,Slide,2013,2013.0,1
AR/ANJ/91D12/2014/43,Arunachal Pradesh,Anjaw,28.18525,96.53256,Debris,Slide,2012,2012.0,1
AR/ANJ/91D12/2014/04,Arunachal Pradesh,Anjaw,28.19597,96.53733,Debris,Slide,2013,2013.0,1
AR/ANJ/91D12/2014/42,Arunachal Pradesh,Anjaw,28.20867,96.53222,Debris,Slide,2013,2013.0,1
AR/ANJ/91D12/2014/27,Arunachal Pradesh,Anjaw,28.21483,96.53911,Debris,Slide,2013,2013.0,1
AR/ANJ/91D12/2014/14,Arunachal Pradesh,Anjaw,28.22328,96.55303,Rock,Slide,2013,2013.0,1
AR/ANJ/91D12/2014/28,Arunachal Pradesh,Anjaw,28.22381,96.53644,Rock,Slide,2013,2013.0,1
AR/ANJ/91D12/2014/09,Arunachal Pradesh,Anjaw,28.22408,96.55872,Rock,Slide,2013,2013.0,1
AR/ANJ/91D12/2014/41,Arunachal Pradesh,Anjaw,28.22797,96.54606,Debris,Slide,2013,2013.0,1
AR/ANJ/91D12/2014/40,Arunachal Pradesh,Anjaw,28.23153,96.54272,Debris,Slide,2013,2013.0,1
AR/ANJ/91D12/2014/39,Arunachal Pradesh,Anjaw,28.23969,96.52778,Rock,Topple,2013,2013.0,1
AR/ANJ/91D11/2014/38,Arunachal Pradesh,Anjaw,28.25203,96.54264,Debris,Slide,2013,2013.0,1
AR/ANJ/91D11/2014/32,Arunachal Pradesh,Anjaw,28.25897,96.54433,Rock,Topple,2013,2013.0,1
AR/ANJ/91D11/2014/37,Arunachal Pradesh,Anjaw,28.2625,96.5465,Rock,Slide,2012,2012.0,1
AR/ANJ/91D11/2014/36,Arunachal Pradesh,Anjaw,28.26522,96.57889,Debris,Flow,2013,2013.0,1
AR/ANJ/91D11/2014/29,Arunachal Pradesh,Anjaw,28.26786,96.55781,Rock,Flow,2013,2013.0,1
AR/ANJ/91D11/2014/31,Arunachal Pradesh,Anjaw,28.26814,96.55728,Rock,Slide,2013,2013.0,1
AR/ANJ/91D11/2014/30,Arunachal Pradesh,Anjaw,28.27378,96.57031,Debris,Slide,2012,2012.0,1
AR/ANJ/91D11/2014/17,Arunachal Pradesh,Anjaw,28.28386,96.58275,Debris,Slide,2013,2013.0,1
AR/ANJ/91D11/2014/35,Arunachal Pradesh,Anjaw,28.28778,96.57928,Rock,Slide,2013,2013.0,1
AR/ANJ/91D11/2014/34,Arunachal Pradesh,Anjaw,28.31211,96.61719,Debris,Topple,2013,2013.0,1
AR/ANJ/91D11/2014/33,Arunachal Pradesh,Anjaw,28.31658,96.61508,Debris,Slide,2013,2013.0,1
ARA/DIB/82P15/2024/01,Arunachal Pradesh,Lower Dibang Valley,28.38919722,95.92776111,Rock,flow,24 April 2024,2024.0,1
ARA/PP/83E16/2024/01,Arunachal Pradesh,Papum Pare,27.105253,93.825399,Debris,Slide,18 June 2024 at 11:00 hrs.,2024.0,1
ARA/PP/83E16/2024/03,Arunachal Pradesh,Papum Pare,27.121136,93.762164,Earth,Slide,18 June 2024 at 04:30 hrs.,2024.0,1
HP/SIR/53F06/2017/66,Himachal Pradesh,Sirmur,30.58384,77.29732,Rock,Slide,2012,2012.0,1
HP/SIR/53F06/2017/67,Himachal Pradesh,Sirmur,30.58386,77.29643,Rock,Slide,2012,2012.0,1
HP/SIR/53F06/2017/70,Himachal Pradesh,Sirmur,30.593531,77.495663,Rock,Slide,2017,2017.0,1
HP/SIR/53F06/2017/4,Himachal Pradesh,Sirmur,30.598035,77.4779,Debris,Slide,2017,2017.0,1
HP/SIR/53F06/2017/5,Himachal Pradesh,Sirmur,30.598333,77.476754,Debris,Slide,2010,2010.0,1
HP/SIR/53F06/2017/68,Himachal Pradesh,Sirmur,30.60205,77.40403,Rock,Slide,2011,2011.0,1
HP/SIR/53F05/2017/13,Himachal Pradesh,Sirmur,30.776856,77.484003,Debris,Slide,2017,2017.0,1
HP/SIR/53F05/2017/5,Himachal Pradesh,Sirmur,30.801506,77.260769,Rock cum debris,Slide,2004,2004.0,1
HP/SIR/53F05/2017/12,Himachal Pradesh,Sirmur,30.807833,77.318803,Rock cum debris,Slide,2011,2011.0,1
HP/SHM/53F09/2017/1,Himachal Pradesh,Shimla,30.947172,77.571233,Debris,Slide,2011,2011.0,1
HP/SOL/53E04/2017/254,Himachal Pradesh,Solan,31.021833,77.069083,Debris,Slide,2017,2017.0,1
HP/SOL/53E04/2017/253,Himachal Pradesh,Solan,31.030215,77.070946,Debris,Slide,2017,2017.0,1
HP/SOL/53E04/2017/240,Himachal Pradesh,Solan,31.069056,77.043361,Debris,Slide,2017,2017.0,1
HP/SOL/53E04/2017/242,Himachal Pradesh,Solan,31.08425,77.060278,Debris,Slide,2017,2017.0,1
HP/SHI/53E12/2016/49,Himachal Pradesh,Shimla,31.09814,77.66337,Debris,Slide,2016,2016.0,1
HP/SHIM/53E04/2017/01,Himachal Pradesh,Shimla,31.102716,77.204228,Rock,Slide,2002,2002.0,1
HP/SHI/53E12/2016/26,Himachal Pradesh,Shimla,31.11442,77.69076,Rock,Slide,2014,2014.0,1
HP/SHI/53E12/2016/10,Himachal Pradesh,Shimla,31.16061,77.72372,Debris,Slide,2011,2011.0,1
HP/SOL/53E04/2017/244,Himachal Pradesh,Solan,31.164444,77.010111,Debris,Slide,2017,2017.0,1
HP/SHI/53E08/2016/97,Himachal Pradesh,Shimla,31.17093,77.77254,Rock,Slide,2015,2015.0,1
HP/SHI/53E12/2016/51,Himachal Pradesh,Shimla,31.17728,77.72623,Debris,Slide,2014,2014.0,1
HP/BIL/53A15/2015/329,Himachal Pradesh,Bilaspur,31.250003,76.771361,Rock,Slide,2015,2015.0,1
HP/BIL/53A15/2015/347,Himachal Pradesh,Bilaspur,31.253139,76.770028,Rock,Slide,2015,2015.0,1
HP/BIL/53A15/2015/212,Himachal Pradesh,Bilaspur,31.2535,76.770056,Debris,Slide,2015,2015.0,1
HP/BIL/53A15/2015/336,Himachal Pradesh,Bilaspur,31.253778,76.770944,Rock,Slide,2015,2015.0,1
HP/BIL/53A15/2015/217,Himachal Pradesh,Bilaspur,31.258472,76.767722,Debris,Slide,2015,2015.0,1
HP/MAN/53E03/2015/276,Himachal Pradesh,Mandi,31.260639,77.073278,Rock,Slide,2015,2015.0,1
HP/BIL/53A15/2015/227,Himachal Pradesh,Bilaspur,31.262639,76.766444,Debris,Slide,2015,2015.0,1
HP/BIL/53A15/2015/303,Himachal Pradesh,Bilaspur,31.275989,76.762472,Debris,Slide,2013,2013.0,1
HP/BIL/53A15/2015/293,Himachal Pradesh,Bilaspur,31.277036,76.763667,Debris,Slide,2015,2015.0,1
HP/BIL/53A15/2015/310,Himachal Pradesh,Bilaspur,31.277575,76.762417,Debris,Slide,2015,2015.0,1
HP/BIL/53A15/2015/153,Himachal Pradesh,Bilaspur,31.277694,76.76025,Debris,Slide,2015,2015.0,1
HP/SHI/53E07/2016/38,Himachal Pradesh,Shimla,31.281389,77.584667,Debris,Slide,2016,2016.0,1
HP/BIL/53A15/2015/211,Himachal Pradesh,Bilaspur,31.303072,76.770156,Debris,Slide,2015,2015.0,1
HP/MAN/53E03/2015/274,Himachal Pradesh,Mandi,31.309194,77.122472,Rock,Slide,2015,2015.0,1
HP/BIL/53A15/2015/282,Himachal Pradesh,Bilaspur,31.313778,76.763667,Rock,Slide,2015,2015.0,1
HP/MAN/53E03/2015/272,Himachal Pradesh,Mandi,31.327806,77.171861,Rock,Slide,2015,2015.0,1
HP/MAN/53A15/2015/135,Himachal Pradesh,Mandi,31.364306,76.873361,Rock,Slide,2015,2015.0,1
HP/MAN/53A15/2015/7,Himachal Pradesh,Mandi,31.371333,76.874167,Debris,Slide,2015,2015.0,1
HP/MAN/53A15/2015/306,Himachal Pradesh,Mandi,31.372361,76.87325,Rock,Slide,2015,2015.0,1
HP/MAN/53A15/2015/307,Himachal Pradesh,Mandi,31.376806,76.860111,Rock,Slide,2015,2015.0,1
HP/MAN/53E03/2015/206,Himachal Pradesh,Mandi,31.382,77.098361,Rock,Slide,2015,2015.0,1
HP/BIL/53A15/2015/308,Himachal Pradesh,Bilaspur,31.388167,76.857972,Rock,Fall,2015,2015.0,1
HP/BIL/53A15/2015/309,Himachal Pradesh,Bilaspur,31.389611,76.857139,Rock,Slide,2015,2015.0,1
HP/BIL/53A15/2015/295,Himachal Pradesh,Bilaspur,31.391889,76.762,Rock,Slide,2015,2015.0,1
HP/BIL/53A15/2015/296,Himachal Pradesh,Bilaspur,31.393833,76.764861,Rock,Topple,2015,2015.0,1
HP/BIL/53A15/2015/297,Himachal Pradesh,Bilaspur,31.393889,76.76525,Debris,Slide,2015,2015.0,1
HP/BIL/53A15/2015/298,Himachal Pradesh,Bilaspur,31.394722,76.76525,Debris,Slide,2015,2015.0,1
HP/BIL/53A15/2015/299,Himachal Pradesh,Bilaspur,31.394722,76.765139,Rock,Slide,2015,2015.0,1
HP/BIL/53A15/2015/300,Himachal Pradesh,Bilaspur,31.396167,76.767306,Debris,Slide,2015,2015.0,1
HP/MAN/53E03/2015/266,Himachal Pradesh,Mandi,31.399444,77.157833,Rock,Slide,2015,2015.0,1
HP/BIL/53A15/2015/238,Himachal Pradesh,Bilaspur,31.399972,76.767139,Debris,Slide,2010,2010.0,1
HP/BIL/53A15/2015/249,Himachal Pradesh,Bilaspur,31.399972,76.767139,Debris,Slide,2015,2015.0,1
HP/BIL/53A15/2015/260,Himachal Pradesh,Bilaspur,31.400306,76.800167,Debris,Slide,2015,2015.0,1
HP/BIL/53A15/2015/269,Himachal Pradesh,Bilaspur,31.401417,76.801417,Debris,Slide,2015,2015.0,1
HP/MAN/53E03/2015/267,Himachal Pradesh,Mandi,31.402583,77.160722,Debris,Slide,2015,2015.0,1
HP/BIL/53A15/2015/283,Himachal Pradesh,Bilaspur,31.408917,76.774944,Rock,Slide,2015,2015.0,1
HP/BIL/53A15/2015/284,Himachal Pradesh,Bilaspur,31.408942,76.771808,Rock,Slide,2015,2015.0,1
HP/MAN/53E03/2015/271,Himachal Pradesh,Mandi,31.411472,77.203778,Rock,Slide,2015,2015.0,1
HP/BIL/53A15/2015/109,Himachal Pradesh,Bilaspur,31.413389,76.789083,Debris,Slide,2015,2015.0,1
HP/BIL/53A15/2015/280,Himachal Pradesh,Bilaspur,31.413667,76.793528,Rock,Fall,2015,2015.0,1
HP/BIL/53A15/2015/281,Himachal Pradesh,Bilaspur,31.413833,76.793722,Rock,Fall,2015,2015.0,1
HP/MAN/53E03/2015/257,Himachal Pradesh,Mandi,31.416194,77.113139,Rock,Slide,2015,2015.0,1
HP/MAN/53E03/2015/270,Himachal Pradesh,Mandi,31.41875,77.200611,Rock,Slide,2011,2011.0,1
HP/MAN/53A15/2015/312,Himachal Pradesh,Mandi,31.420444,76.923222,Debris,Slide,2015,2015.0,1
HP/MAN/53A15/2015/313,Himachal Pradesh,Mandi,31.420444,76.923222,Debris,Slide,2015,2015.0,1
HP/MAN/53A15/2015/311,Himachal Pradesh,Mandi,31.422833,76.923889,Debris,Slide,2015,2015.0,1
HP/BIL/53A15/2015/285,Himachal Pradesh,Bilaspur,31.427778,76.763444,Debris,Slide,2015,2015.0,1
HP/BIL/53A15/2015/34,Himachal Pradesh,Mandi,31.428594,76.833306,Debris,Slide,2015,2015.0,1
HP/BIL/53A15/2015/286,Himachal Pradesh,Bilaspur,31.43125,76.771139,Debris,Slide,2015,2015.0,1
HP/MAN/53A15/2015/305,Himachal Pradesh,Mandi,31.432861,76.782889,Debris,Slide,2015,2015.0,1
HP/BIL/53A15/2015/96,Himachal Pradesh,Bilaspur,31.433472,76.834361,Debris,Slide,2015,2015.0,1
HP/BIL/53A15/2015/287,Himachal Pradesh,Bilaspur,31.433833,76.771278,Rock,Slide,2015,2015.0,1
HP/MAN/53E03/2015/237,Himachal Pradesh,Mandi,31.434417,77.054556,Debris,Slide,2015,2015.0,1
HP/MAN/53A15/2015/304,Himachal Pradesh,Mandi,31.435111,76.835917,Debris,Slide,2015,2015.0,1
HP/BIL/53A15/2015/302,Himachal Pradesh,Bilaspur,31.435333,76.830528,Debris,Slide,2015,2015.0,1
HP/BIL/53A15/2015/301,Himachal Pradesh,Bilaspur,31.435889,76.830389,Debris,Slide,2015,2015.0,1
HP/BIL/53A15/2015/288,Himachal Pradesh,Bilaspur,31.437278,76.772944,Debris,Slide,2015,2015.0,1
HP/BIL/53A15/2015/289,Himachal Pradesh,Bilaspur,31.437806,76.77425,Debris,Slide,2015,2015.0,1
HP/MAN/53A15/2015/314,Himachal Pradesh,Mandi,31.437806,76.916278,Debris,Slide,2015,2015.0,1
HP/MAN/53A15/2015/315,Himachal Pradesh,Mandi,31.437806,76.915083,Rock,Slide,2015,2015.0,1
HP/MAN/53E03/2015/240,Himachal Pradesh,Mandi,31.438194,77.060472,Debris,Slide,2015,2015.0,1
HP/MAN/53E03/2015/241,Himachal Pradesh,Mandi,31.439167,77.063278,Debris,Slide,2015,2015.0,1
HP/MAN/53E03/2015/242,Himachal Pradesh,Mandi,31.4405,77.071722,Rock,Slide,2015,2015.0,1
HP/BIL/53A15/2015/290,Himachal Pradesh,Bilaspur,31.441528,76.769694,Debris,Slide,2015,2015.0,1
HP/MAN/53E03/2015/230,Himachal Pradesh,Mandi,31.443611,77.045556,Debris,Slide,2015,2015.0,1
HP/BIL/53A15/2015/294,Himachal Pradesh,Bilaspur,31.445583,76.765667,Rock,Slide,2015,2015.0,1
HP/BIL/53A15/2015/291,Himachal Pradesh,Bilaspur,31.4465,76.771611,Rock,Slide,2015,2015.0,1
HP/SHI/53E15/2016/51,Himachal Pradesh,Shimla,31.4493,77.7752,Debris,Slide,2008,2008.0,1
HP/BIL/53A15/2015/292,Himachal Pradesh,Bilaspur,31.451806,76.774833,Rock,Slide,2015,2015.0,1
HP/SHI/53E15/2016/1,Himachal Pradesh,Shimla,31.4616,77.8373,Debris,Slide,2014,2014.0,1
HP/MAN/53A15/2015/279,Himachal Pradesh,Mandi,31.462861,76.824361,Debris,Slide,2015,2015.0,1
HP/MAN/53A15/2015/278,Himachal Pradesh,Mandi,31.463806,76.828861,Debris,Slide,2015,2015.0,1
HP/SHI/53E15/2016/42,Himachal Pradesh,Shimla,31.4674,77.8046,Debris,Slide,2004,2004.0,1
HP/MAN/53E03/2015/321,Himachal Pradesh,Mandi,31.467444,77.023417,Rock,Slide,2015,2015.0,1
HP/MAN/53E03/2015/322,Himachal Pradesh,Mandi,31.467583,77.023333,Rock,Slide,2015,2015.0,1
HP/SHI/53E15/2016/96,Himachal Pradesh,Shimla,31.4678,77.831,Debris,Slide,2008,2008.0,1
HP/SHI/53E15/2016/95,Himachal Pradesh,Shimla,31.4679,77.8308,Debris,Slide,2008,2008.0,1
HP/MAN/53E03/2015/325,Himachal Pradesh,Mandi,31.469167,77.023611,Debris,Slide,2015,2015.0,1
HP/SHI/53E15/2016/99,Himachal Pradesh,Shimla,31.471,77.7968,Debris,Slide,2012,2012.0,1
HP/SHI/53E15/2016/65,Himachal Pradesh,Shimla,31.4724,77.7515,Debris,Slide,2011,2011.0,1
HP/SHI/53E15/2016/106,Himachal Pradesh,Shimla,31.4762,77.7887,Debris,Slide,2014,2014.0,1
HP/SHI/53E15/2016/105,Himachal Pradesh,Shimla,31.4763,77.7885,Debris,Slide,2014,2014.0,1
HP/MAN/53A15/2015/264,Himachal Pradesh,Mandi,31.476583,76.866306,Debris,Slide,2015,2015.0,1
HP/SHI/53E15/2016/81,Himachal Pradesh,Shimla,31.4801,77.7633,Debris,Slide,2008,2008.0,1
HP/MAN/53E03/2015/327,Himachal Pradesh,Mandi,31.481389,77.016111,Debris,Slide,2015,2015.0,1
HP/MAN/53A15/2015/263,Himachal Pradesh,Mandi,31.482194,76.871361,Rock,Slide,2015,2015.0,1
HP/SHI/53E15/2016/46,Himachal Pradesh,Shimla,31.4825,77.7813,Debris,Slide,2013,2013.0,1
HP/SHI/53E15/2016/100,Himachal Pradesh,Shimla,31.4835,77.7861,Debris,Slide,2013,2013.0,1
HP/SHI/53E15/2016/97,Himachal Pradesh,Shimla,31.4836,77.787,Debris,Slide,2013,2013.0,1
HP/SHI/53E15/2016/101,Himachal Pradesh,Shimla,31.4839,77.7868,Debris,Slide,2013,2013.0,1
HP/SHI/53E15/2016/102,Himachal Pradesh,Shimla,31.4841,77.7875,Debris,Slide,2014,2014.0,1
HP/SHI/53E15/2016/104,Himachal Pradesh,Shimla,31.4844,77.7895,Debris,Slide,2014,2014.0,1
HP/SHI/53E15/2016/103,Himachal Pradesh,Shimla,31.4849,77.7896,Debris,Slide,2014,2014.0,1
HP/SHI/53E15/2016/98,Himachal Pradesh,Shimla,31.4852,77.7902,Debris,Slide,2014,2014.0,1
HP/SHI/53E15/2016/20,Himachal Pradesh,Shimla,31.4961,77.7618,Debris,Slide,2014,2014.0,1
HP/KIN/53E14/2016/34,Himachal Pradesh,Kinnaur,31.5085,77.9697,Debris,Slide,2004,2004.0,1
HP/KIN/53E14/2016/33,Himachal Pradesh,Kinnaur,31.5089,77.9645,Debris,Slide,2004,2004.0,1
HP/KIN/53E14/2016/35,Himachal Pradesh,Kinnaur,31.5089,77.9679,Debris,Slide,2004,2004.0,1
HP/KUL/53E06/2016/28,Himachal Pradesh,Kullu,31.518799,77.419779,Debris,Slide,2003,2003.0,1
HP/KUL/53E06/2016/3,Himachal Pradesh,Kullu,31.519192,77.419157,Debris,Slide,2000,2000.0,1
HP/KUL/53E06/2016/57,Himachal Pradesh,Kullu,31.519218,77.417408,Debris,Slide,2003,2003.0,1
HP/KUL/53E06/2016/4,Himachal Pradesh,Kullu,31.519512,77.417872,Debris,Slide,2003,2003.0,1
HP/KUL/53E06/2016/2,Himachal Pradesh,Kullu,31.524505,77.420686,Debris,Slide,2000,2000.0,1
HP/KIN/53E15/2016/23,Himachal Pradesh,Kinnaur,31.5252,77.9174,Debris,Slide,2011,2011.0,1
HP/KIN/53E15/2016/22,Himachal Pradesh,Kinnaur,31.5259,77.9165,Debris,Slide,2011,2011.0,1
HP/KUL/53E06/2016/7,Himachal Pradesh,Kullu,31.52727,77.402439,Debris,Slide,2003,2003.0,1
HP/KIN/53E15/2016/21,Himachal Pradesh,Kinnaur,31.529,77.9162,Debris,Slide,2011,2011.0,1
HP/KIN/53E14/2016/26,Himachal Pradesh,Kinnaur,31.5365,77.9086,Debris,Slide,2010,2010.0,1
HP/KIN/53E14/2016/29,Himachal Pradesh,Kinnaur,31.5385,77.9039,Debris,Slide,2010,2010.0,1
HP/KUL/53E06/2016/30,Himachal Pradesh,Kullu,31.54009,77.37928,Rock cum debris,Slide,2000,2000.0,1
HP/KIN/53E14/2016/27,Himachal Pradesh,Kinnaur,31.5418,77.9051,Debris,Slide,2010,2010.0,1
HP/KUL/53E06/2016/35,Himachal Pradesh,Kullu,31.542157,77.381474,Rock cum debris,Slide,2000,2000.0,1
HP/KIN/53E14/2016/28,Himachal Pradesh,Kinnaur,31.5424,77.9091,Debris,Slide,2010,2010.0,1
HP/KIN/53E14/2016/36,Himachal Pradesh,Kinnaur,31.5459,77.9135,Debris,Slide,2011,2011.0,1
HP/KIN/53E14/2016/6,Himachal Pradesh,Kinnaur,31.5471,77.9101,Debris,Slide,2014,2014.0,1
HP/KIN/53E14/2016/10,Himachal Pradesh,Kinnaur,31.5516,77.9723,Debris,Slide,2008,2008.0,1
HP/KUL/53E10/2016/13,Himachal Pradesh,Kullu,31.553,77.546,Rock cum debris,Slide,2014,2014.0,1
HP/KUL/53E10/2016/39,Himachal Pradesh,Kullu,31.558,77.574,Debris,Slide,2014,2014.0,1
HP/KUL/53E06/2016/6,Himachal Pradesh,Kullu,31.558,77.369,Debris,Slide,2013,2013.0,1
HP/KUL/53E06/2016/40,Himachal Pradesh,Kullu,31.560923,77.368597,Debris,Slide,2011,2011.0,1
HP/SHI/53E14/2016/4,Himachal Pradesh,Shimla,31.563,77.883,Debris,Slide,2008,2008.0,1
HP/KUL/53E10/2016/2,Himachal Pradesh,Kullu,31.564859,77.563673,Debris,Subsidence,2016,2016.0,1
HP/KIN/53E14/2016/5,Himachal Pradesh,Kinnaur,31.5668,77.8924,Rock,Fall,2008,2008.0,1
HP/KUL/53E06/2016/18,Himachal Pradesh,Kullu,31.567786,77.362042,Rock cum debris,Slide,2009,2009.0,1
HP/KUL/53E06/2016/42,Himachal Pradesh,Kullu,31.570806,77.363684,Rock,Slide,2001,2001.0,1
HP/KIN/53E14/2016/92,Himachal Pradesh,Kinnaur,31.5709,77.9725,Debris,Slide,2014,2014.0,1
HP/KUL/53E06/2016/44,Himachal Pradesh,Kullu,31.57286,77.362523,Debris,Slide,2005,2005.0,1
HP/KIN/53E14/2016/32,Himachal Pradesh,Kinnaur,31.5742,77.9422,Debris,Slide,2014,2014.0,1
HP/KIN/53E14/2016/16,Himachal Pradesh,Kinnaur,31.5745,77.949,Debris,Slide,2016,2016.0,1
HP/KIN/53E14/2016/75,Himachal Pradesh,Kinnaur,31.5787,77.9706,Debris,Slide,2014,2014.0,1
HP/KIN/53E14/2016/79,Himachal Pradesh,Kinnaur,31.5791,77.9485,Rock,Slide,2012,2012.0,1
HP/KIN/53E14/2016/74,Himachal Pradesh,Kinnaur,31.5818,77.9663,Debris,Slide,2014,2014.0,1
HP/MAN/53A14/2015/321,Himachal Pradesh,Mandi,31.592797,76.776176,Rock,Slide,2009,2009.0,1
HP/KUL/53E06/2016/72,Himachal Pradesh,Kullu,31.604115,77.375841,Rock,Slide,2010,2010.0,1
HP/KUL/53E06/2016/19,Himachal Pradesh,Kullu,31.60456,77.348681,Rock,Slide,2012,2012.0,1
HP/KUL/53E06/2016/1,Himachal Pradesh,Kullu,31.604587,77.348681,Rock,Slide,2008,2008.0,1
HP/KUL/53E06/2016/38,Himachal Pradesh,Kullu,31.605096,77.348396,Rock,Slide,2012,2012.0,1
HP/KUL/53E06/2016/80,Himachal Pradesh,Kullu,31.605461,77.380982,Rock,Slide,2004,2004.0,1
HP/MAN/53A14/2015/300,Himachal Pradesh,Mandi,31.621698,76.825154,Rock,Slide,2010,2010.0,1
HP/MAN/53A14/2015/295,Himachal Pradesh,Mandi,31.636746,76.841414,Rock,Slide,2013,2013.0,1
HP/KUL/53E06/2016/51,Himachal Pradesh,Kullu,31.647569,77.348753,Debris,Subsidence,2010,2010.0,1
HP/KUL/53E06/2016/126,Himachal Pradesh,Kullu,31.649041,77.334064,Debris,Slide,2011,2011.0,1
HP/KUL/53E06/2016/41,Himachal Pradesh,Kullu,31.649357,77.384288,Rock,Slide,2002,2002.0,1
HP/KUL/53E06/2016/21,Himachal Pradesh,Kullu,31.653166,77.385799,Rock,Slide,2000,2000.0,1
HP/KUL/53E06/2016/20,Himachal Pradesh,Kullu,31.654348,77.385958,Rock,Slide,2003,2003.0,1
HP/MAN/53A14/2015/288,Himachal Pradesh,Mandi,31.689432,76.920244,Rock,Slide,2013,2013.0,1
HP/MAN/53A14/2015/287,Himachal Pradesh,Mandi,31.692658,76.92238,Rock,Slide,2010,2010.0,1
HP/MAN/53A14/2015/281,Himachal Pradesh,Mandi,31.709882,76.958063,Rock,Slide,2000,2000.0,1
HP/MAN/53A13/2015/280,Himachal Pradesh,Mandi,31.713893,76.932461,Debris,Slide,2015,2015.0,1
HP/KUL/53E06/2016/78,Himachal Pradesh,Kullu,31.718591,77.314424,Rock,Fall,2000,2000.0,1
HP/MAN/53E01/2015/5,Himachal Pradesh,Mandi,31.748389,77.209333,Debris,Slide,2011,2011.0,1
HP/MAN/53A13/2015/266,Himachal Pradesh,Mandi,31.771136,76.978518,Debris,Slide,2014,2014.0,1
HP/MAN/53A13/2015/210,Himachal Pradesh,Mandi,31.79098,76.75106,Debris,Subsidence,2014,2014.0,1
HP/MAN/53A13/2015/209,Himachal Pradesh,Mandi,31.79115,76.75114,Rock,Slide,2000,2000.0,1
HP/MAN/53A13/2015/211,Himachal Pradesh,Mandi,31.79159,76.75115,Rock,Slide,2000,2000.0,1
HP/MAN/53A13/2015/212,Himachal Pradesh,Mandi,31.79197,76.75148,Debris,Slide,2000,2000.0,1
HP/MAN/53A13/2015/101,Himachal Pradesh,Mandi,31.80369,76.94682,Rock,Slide,2009,2009.0,1
HP/HAM/53A09/2018/36,Himachal Pradesh,Hamirpur,31.814722,76.750056,Rock cum debris,Slide,2013,2013.0,1
HP/MAN/53A13/2015/142,Himachal Pradesh,Mandi,31.82712,76.77416,Rock,Slide,2009,2009.0,1
HP/KAN/53A01/2018/1,Himachal Pradesh,Kangra,31.836228,76.17788,Debris,Slide,2017,2017.0,1
HP/KUL/53E01/2015/89,Himachal Pradesh,Kullu,31.848917,77.142917,Earth,Composite,2012,2012.0,1
HP/KUL/53E01/2015/49,Himachal Pradesh,Kullu,31.85225,77.2395,Debris,Slide,2007,2007.0,1
HP/KUL/53E01/2015/85,Himachal Pradesh,Kullu,31.853306,77.139,Debris,Slide,2012,2012.0,1
HP/KUL/53E01/2015/48,Himachal Pradesh,Kullu,31.871722,77.228056,Rock,Slide,2013,2013.0,1
HP/MAN/53A09/2018/85,Himachal Pradesh,Mandi,31.896111,76.736583,Debris,Slide,2018,2018.0,1
HP/HAM/53A09/2018/90,Himachal Pradesh,Hamirpur,31.905472,76.531028,Debris,Slide,2018,2018.0,1
HP/HAM/53A09/2018/92,Himachal Pradesh,Hamirpur,31.908556,76.510389,Debris,Slide,2018,2018.0,1
HP/MAN/53A09/2018/94,Himachal Pradesh,Mandi,31.909778,76.668444,Debris,Slide,2017,2017.0,1
HP/HAM/53A09/2018/100,Himachal Pradesh,Hamirpur,31.913222,76.5085,Debris,Slide,2018,2018.0,1
HP/MAN/53A09/2018/105,Himachal Pradesh,Mandi,31.918556,76.668556,Debris,Slide,2017,2017.0,1
HP/HAM/53A09/2018/106,Himachal Pradesh,Hamirpur,31.919444,76.511111,Debris,Slide,2018,2018.0,1
HP/MAN/53A09/2018/109,Himachal Pradesh,Mandi,31.920833,76.671222,Debris,Slide,2017,2017.0,1
HP/HAM/53A09/2018/127,Himachal Pradesh,Hamirpur,31.940444,76.509806,Debris,Slide,2018,2018.0,1
HP/HAM/53A09/2018/128,Himachal Pradesh,Hamirpur,31.940583,76.529444,Debris,Slide,2018,2018.0,1
HP/KUL/53E01/2015/6,Himachal Pradesh,Kullu,31.940833,77.114583,Rock,Slide,2015,2015.0,1
HP/KAN/44M13/2020/5,Himachal Pradesh,Kangra,31.95,75.94,Debris,Slide,2010,2010.0,1
HP/KAN/44M13/2020/6,Himachal Pradesh,Kangra,31.95,75.94,Debris,Slide,2000,2000.0,1
HP/KAN/44M13/2020/10,Himachal Pradesh,Kangra,31.95,75.93,Debris,Slide,2017,2017.0,1
HP/KAN/44M13/2020/12,Himachal Pradesh,Kangra,31.95,75.93,Debris,Slide,2017,2017.0,1
HP/HAM/53A09/2018/132,Himachal Pradesh,Hamirpur,31.950333,76.513028,Debris,Slide,2018,2018.0,1
HP/HAM/53A09/2018/135,Himachal Pradesh,Hamirpur,31.955806,76.524111,Debris,Slide,2018,2018.0,1
HP/KUL/53E01/2015/7,Himachal Pradesh,Kullu,31.956861,77.115917,Debris,Composite,2013,2013.0,1
HP/HAM/53A09/2018/136,Himachal Pradesh,Hamirpur,31.95875,76.516278,Debris,Slide,2018,2018.0,1
HP/KUL/53E01/2015/58,Himachal Pradesh,Kullu,31.961333,77.082861,Debris,Slide,2014,2014.0,1
HP/HAM/53A09/2018/137,Himachal Pradesh,Hamirpur,31.964,76.508083,Debris,Slide,2018,2018.0,1
HP/KUL/53E01/2015/9,Himachal Pradesh,Kullu,31.971528,77.207722,Rock cum debris,Slide,2013,2013.0,1
HP/MAN/53A13/2015/73,Himachal Pradesh,Mandi,31.9716,76.8516,Rock,Slide,2005,2005.0,1
HP/KAN/53A09/2018/146,Himachal Pradesh,Kangra,31.974056,76.637111,Debris,Slide,2017,2017.0,1
HP/KUL/53E01/2015/8,Himachal Pradesh,Kullu,31.97425,77.215722,Debris,Slide,2013,2013.0,1
HP/KAN/44M13/2020/11,Himachal Pradesh,Kangra,32.0,75.9,Debris,Slide,2015,2015.0,1
HP/KUL/52H04/2015/161,Himachal Pradesh,Kullu,32.0135,77.1373,Debris,Subsidence,2014,2014.0,1
HP/KAN/52D04/2018/14,Himachal Pradesh,Kangra,32.02149,76.227022,Debris,Subsidence,2018,2018.0,1
HP/KAN/43P16/2020/2,Himachal Pradesh,Kangra,32.04,75.85,Debris,Slide,2010,2010.0,1
HP/KAN/43P16/2020/5,Himachal Pradesh,Kangra,32.04,75.83,Debris,Slide,2010,2010.0,1
HP/KUL/52H04/2015/201,Himachal Pradesh,Kullu,32.0413,77.1461,Rock,Slide,2015,2015.0,1
HP/KAN/43P16/2020/7,Himachal Pradesh,Kangra,32.05,75.83,Debris,Slide,2010,2010.0,1
HP/KAN/43P16/2020/10,Himachal Pradesh,Kangra,32.06,75.82,Debris,Slide,2000,2000.0,1
HP/KAN/52D08/2018/100,Himachal Pradesh,Kangra,32.10268,76.2997,Debris,Slide,2018,2018.0,1
HP/KUL/52H04/2015/135,Himachal Pradesh,Kullu,32.1058,77.0725,Rock,Slide,2012,2012.0,1
HP/KAN/52D08/2018/91,Himachal Pradesh,Kangra,32.109319,76.488214,Rock cum debris,Slide,2018,2018.0,1
HP/KAN/52D08/2018/89,Himachal Pradesh,Kangra,32.11242,76.48828,Rock,Slide,2018,2018.0,1
HP/KAN/43P16/2020/3,Himachal Pradesh,Kangra,32.14,75.88,Debris,Slide,2016,2016.0,1
HP/KAN/52D08/2018/40,Himachal Pradesh,Kangra,32.1713,76.42132,Rock cum debris,Subsidence,2018,2018.0,1
HP/KAN/52D08/2018/31,Himachal Pradesh,Kangra,32.17397,76.30778,Debris,Slide,2017,2017.0,1
HP/KAN/53A05/2018/148,Himachal Pradesh,Kangra,32.17747,76.263969,Debris,Slide,2018,2018.0,1
HP/KAN/52D08/2018/114,Himachal Pradesh,Kangra,32.179425,76.26711,Debris,Slide,2018,2018.0,1
HP/KAN/52D04/2018/41,Himachal Pradesh,Kangra,32.186795,76.21908,Debris,Slide,2018,2018.0,1
HP/KAN/52D08/2018/5,Himachal Pradesh,Kangra,32.20018,76.32545,Debris,Slide,2017,2017.0,1
HP/KAN/52D08/2018/77,Himachal Pradesh,Kangra,32.20099,76.37439,Debris,Slide,2014,2014.0,1
HP/KAN/52D08/2018/4,Himachal Pradesh,Kangra,32.20217,76.3265,Debris,Slide,2017,2017.0,1
HP/KAN/52D08/2018/122,Himachal Pradesh,Kangra,32.204211,76.378547,Rock cum debris,Slide,2007,2007.0,1
HP/KAN/52D08/2018/121,Himachal Pradesh,Kangra,32.204211,76.378547,Rock cum debris,Slide,2007,2007.0,1
HP/KAN/52D04/2018/48,Himachal Pradesh,Kangra,32.223283,76.09414,Rock,Slide,2018,2018.0,1
HP/KAN/52D04/2018/46,Himachal Pradesh,Kangra,32.223305,76.09764,Debris,Slide,2018,2018.0,1
HP/KAN/52D08/2018/104,Himachal Pradesh,Kangra,32.22833,76.30835,Rock cum debris,Slide,2018,2018.0,1
HP/KAN/52D08/2018/30,Himachal Pradesh,Kangra,32.2341,76.31753,Debris,Subsidence,2018,2018.0,1
HP/KAN/52D08/2018/24,Himachal Pradesh,Kangra,32.24157,76.31438,Debris,Slide,2018,2018.0,1
HP/KAN/52D08/2018/54,Himachal Pradesh,Kangra,32.24342,76.3053,Debris,Slide,2017,2017.0,1
HP/KAN/52D03/2020/112,Himachal Pradesh,Kangra,32.25,76.09,Debris,Slide,2010,2010.0,1
HP/KAN/43P15/2020/83,Himachal Pradesh,Kangra,32.26,75.95,Debris,Slide,2005,2005.0,1
HP/CHA/52D03/2020/76,Himachal Pradesh,Chamba,32.26,76.2,Debris,Slide,2018,2018.0,1
HP/CHA/52D03/2020/78,Himachal Pradesh,Chamba,32.26,76.19,Debris,Slide,2011,2011.0,1
HP/CHA/52D03/2020/86,Himachal Pradesh,Chamba,32.26,76.2,Debris,Slide,2017,2017.0,1
HP/CHA/52D03/2020/10,Himachal Pradesh,Chamba,32.27,76.24,Debris,Slide,2019,2019.0,1
HP/CHA/52D03/2020/79,Himachal Pradesh,Chamba,32.27,76.2,Debris,Slide,2015,2015.0,1
HP/CHA/52D03/2020/80,Himachal Pradesh,Chamba,32.27,76.21,Debris,Slide,2012,2012.0,1
HP/CHA/52D03/2020/4,Himachal Pradesh,Chamba,32.28,76.15,Debris,Slide,2005,2005.0,1
HP/CHA/52D03/2020/15,Himachal Pradesh,Chamba,32.28,76.13,Debris,Slide,2016,2016.0,1
HP/CHA/52D03/2020/56,Himachal Pradesh,Chamba,32.28,76.15,Debris,Slide,2015,2015.0,1
HP/CHA/52D03/2020/99,Himachal Pradesh,Chamba,32.28,76.22,Debris,Slide,2015,2015.0,1
HP/CHA/52D03/2020/102,Himachal Pradesh,Chamba,32.28,76.18,Debris,Slide,2016,2016.0,1
HP/KAN/52D03/2020/113,Himachal Pradesh,Kangra,32.28,76.2,Debris,Slide,2015,2015.0,1
HP/KAN/52D03/2020/118,Himachal Pradesh,Kangra,32.28,76.24,Debris,Slide,2015,2015.0,1
HP/KAN/43P15/2020/92,Himachal Pradesh,Kangra,32.29,75.96,Debris,Slide,2000,2000.0,1
HP/CHA/52D03/2020/14,Himachal Pradesh,Chamba,32.29,76.13,Debris,Slide,2015,2015.0,1
HP/CHA/52D03/2020/60,Himachal Pradesh,Chamba,32.29,76.23,Debris,Slide,2005,2005.0,1
HP/CHA/52D03/2020/100,Himachal Pradesh,Chamba,32.29,76.16,Debris,Slide,2016,2016.0,1
HP/CHA/52D03/2020/106,Himachal Pradesh,Chamba,32.29,76.14,Debris,Slide,2015,2015.0,1
HP/KAN/52D03/2020/110,Himachal Pradesh,Kangra,32.29,76.23,Debris,Slide,2010,2010.0,1
HP/CHA/52D03/2020/11,Himachal Pradesh,Chamba,32.3,76.06,Debris,Slide,2015,2015.0,1
HP/CHA/52D03/2020/46,Himachal Pradesh,Chamba,32.3,76.15,Debris,Slide,2015,2015.0,1
HP/CHA/52D03/2020/47,Himachal Pradesh,Chamba,32.3,76.15,Debris,Slide,2015,2015.0,1
HP/CHA/52D03/2020/68,Himachal Pradesh,Chamba,32.3,76.06,Debris,Slide,2010,2010.0,1
HP/CHA/52D03/2020/71,Himachal Pradesh,Chamba,32.3,76.06,Debris,Slide,2017,2017.0,1
HP/CHA/52D03/2020/75,Himachal Pradesh,Chamba,32.3,76.07,Debris,Slide,2018,2018.0,1
HP/CHA/52D03/2020/105,Himachal Pradesh,Chamba,32.3,76.15,Debris,Slide,2010,2010.0,1
HP/KAN/52D03/2020/116,Himachal Pradesh,Kangra,32.3,76.19,Rock,Slide,2014,2014.0,1
HP/KUL/52H03/2015/120,Himachal Pradesh,Kullu,32.3088,77.1727,Debris,Subsidence,2012,2012.0,1
HP/KAN/43P15/2020/88,Himachal Pradesh,Kangra,32.31,75.89,Debris,Slide,2005,2005.0,1
HP/CHA/52D03/2020/20,Himachal Pradesh,Chamba,32.31,76.05,Debris,Slide,2017,2017.0,1
HP/CHA/52D03/2020/57,Himachal Pradesh,Chamba,32.31,76.05,Debris,Slide,2015,2015.0,1
HP/CHA/52D03/2020/62,Himachal Pradesh,Chamba,32.31,76.06,Debris,Slide,2015,2015.0,1
HP/CHA/52D03/2020/63,Himachal Pradesh,Chamba,32.31,76.06,Debris,Slide,2010,2010.0,1
HP/CHA/52D03/2020/73,Himachal Pradesh,Chamba,32.31,76.08,Debris,Slide,2014,2014.0,1
HP/KAN/52D03/2020/117,Himachal Pradesh,Kangra,32.31,76.17,Debris,Slide,2017,2017.0,1
HP/CHA/52D03/2020/19,Himachal Pradesh,Chamba,32.32,76.05,Debris,Slide,2017,2017.0,1
HP/CHA/52D03/2020/64,Himachal Pradesh,Chamba,32.32,76.05,Rock,Slide,2017,2017.0,1
HP/KAN/43P15/2020/84,Himachal Pradesh,Kangra,32.33,75.82,Debris,Slide,2010,2010.0,1
HP/CHA/52D03/2020/74,Himachal Pradesh,Chamba,32.33,76.08,Debris,Slide,2017,2017.0,1
HP/CHA/52D03/2020/5,Himachal Pradesh,Chamba,32.36,76.02,Debris,Slide,2005,2005.0,1
HP/CHA/52D03/2020/82,Himachal Pradesh,Chamba,32.36,76.02,Debris,Slide,2012,2012.0,1
HP/CHA/52D03/2020/107,Himachal Pradesh,Chamba,32.36,76.02,Debris,Slide,2015,2015.0,1
HP/KUL/52H03/2015/100,Himachal Pradesh,Kullu,32.3619,77.1327,Debris,Slide,2012,2012.0,1
HP/KAN/43P15/2020/73,Himachal Pradesh,Kangra,32.37,75.85,Debris,Slide,2012,2012.0,1
HP/KAN/43P15/2020/74,Himachal Pradesh,Kangra,32.37,75.85,Debris,Slide,2012,2012.0,1
HP/KAN/43P15/2020/78,Himachal Pradesh,Kangra,32.37,75.85,Debris,Slide,2015,2015.0,1
HP/CHA/52D03/2020/66,Himachal Pradesh,Chamba,32.37,76.04,Debris,Slide,2005,2005.0,1
HP/CHA/52D03/2020/67,Himachal Pradesh,Chamba,32.37,76.03,Debris,Slide,2005,2005.0,1
HP/CHA/52D03/2020/95,Himachal Pradesh,Chamba,32.37,76.02,Debris,Slide,2018,2018.0,1
HP/KAN/52D03/2020/109,Himachal Pradesh,Kangra,32.37,76.01,Debris,Slide,2000,2000.0,1
HP/CHA/43P15/2020/23,Himachal Pradesh,Chamba,32.39,75.99,Debris,Slide,2017,2017.0,1
HP/CHA/43P15/2020/24,Himachal Pradesh,Chamba,32.39,75.99,Debris,Slide,2018,2018.0,1
HP/CHA/43P15/2020/26,Himachal Pradesh,Chamba,32.39,76.0,Debris,Slide,2010,2010.0,1
HP/KAN/43P15/2020/79,Himachal Pradesh,Kangra,32.39,75.95,Debris,Slide,2018,2018.0,1
HP/KAN/43P15/2020/80,Himachal Pradesh,Kangra,32.39,75.89,Debris,Slide,2017,2017.0,1
HP/KAN/43P15/2020/86,Himachal Pradesh,Kangra,32.39,75.95,Debris,Slide,2018,2018.0,1
HP/CHA/52D03/2020/48,Himachal Pradesh,Chamba,32.39,76.0,Debris,Slide,2015,2015.0,1
HP/CHA/52D03/2020/50,Himachal Pradesh,Chamba,32.39,76.0,Debris,Slide,2005,2005.0,1
HP/CHA/52D03/2020/52,Himachal Pradesh,Chamba,32.39,76.01,Debris,Slide,2000,2000.0,1
HP/CHA/43P15/2020/36,Himachal Pradesh,Chamba,32.4,75.95,Debris,Slide,2017,2017.0,1
HP/CHA/43P15/2020/46,Himachal Pradesh,Chamba,32.4,75.95,Debris,Slide,2018,2018.0,1
HP/CHA/43P15/2020/54,Himachal Pradesh,Chamba,32.4,75.95,Debris,Slide,2010,2010.0,1
HP/KAN/43P15/2020/94,Himachal Pradesh,Kangra,32.4,75.99,Debris,Slide,2018,2018.0,1
HP/CHA/43P15/2020/4,Himachal Pradesh,Chamba,32.41,75.97,Debris,Slide,2010,2010.0,1
HP/CHA/43P15/2020/5,Himachal Pradesh,Chamba,32.41,75.99,Debris,Slide,2000,2000.0,1
HP/CHA/43P15/2020/10,Himachal Pradesh,Chamba,32.41,75.97,Debris,Slide,2015,2015.0,1
HP/CHA/43P15/2020/16,Himachal Pradesh,Chamba,32.41,75.96,Debris,Slide,2015,2015.0,1
HP/CHA/43P15/2020/42,Himachal Pradesh,Chamba,32.41,75.96,Debris,Slide,2015,2015.0,1
HP/CHA/43P15/2020/43,Himachal Pradesh,Chamba,32.41,75.96,Rock,Slide,2015,2015.0,1
HP/CHA/43P15/2020/45,Himachal Pradesh,Chamba,32.41,75.96,Debris,Slide,2018,2018.0,1
HP/CHA/43P15/2020/50,Himachal Pradesh,Chamba,32.41,75.99,Debris,Slide,2010,2010.0,1
HP/CHA/43P15/2020/2,Himachal Pradesh,Chamba,32.42,75.97,Debris,Slide,2010,2010.0,1
HP/CHA/43P15/2020/8,Himachal Pradesh,Chamba,32.42,76.0,Debris,Slide,2018,2018.0,1
HP/CHA/43P15/2020/27,Himachal Pradesh,Chamba,32.42,75.97,Debris,Slide,2018,2018.0,1
HP/CHA/43P15/2020/28,Himachal Pradesh,Chamba,32.42,75.97,Debris,Slide,2018,2018.0,1
HP/CHA/43P15/2020/30,Himachal Pradesh,Chamba,32.42,75.99,Rock,Slide,2017,2017.0,1
HP/CHA/43P15/2020/37,Himachal Pradesh,Chamba,32.42,75.96,Debris,Slide,2017,2017.0,1
HP/CHA/43P15/2020/38,Himachal Pradesh,Chamba,32.42,75.96,Debris,Slide,2017,2017.0,1
HP/CHA/43P15/2020/44,Himachal Pradesh,Chamba,32.42,75.96,Debris,Slide,2005,2005.0,1
HP/CHA/43P15/2020/49,Himachal Pradesh,Chamba,32.42,75.99,Debris,Slide,2015,2015.0,1
HP/CHA/43P15/2020/66,Himachal Pradesh,Chamba,32.42,75.96,Debris,Slide,2000,2000.0,1
HP/CHA/43P15/2020/68,Himachal Pradesh,Chamba,32.42,75.96,Debris,Slide,2005,2005.0,1
HP/CHA/43P15/2020/69,Himachal Pradesh,Chamba,32.42,75.96,Debris,Slide,2012,2012.0,1
HP/CHA/43P15/2020/6,Himachal Pradesh,Chamba,32.43,75.96,Debris,Slide,2000,2000.0,1
HP/CHA/43P15/2020/13,Himachal Pradesh,Chamba,32.43,75.96,Debris,Slide,2012,2012.0,1
HP/CHA/43P15/2020/21,Himachal Pradesh,Chamba,32.43,75.97,Debris,Slide,2010,2010.0,1
HP/CHA/43P15/2020/25,Himachal Pradesh,Chamba,32.43,75.96,Debris,Slide,2018,2018.0,1
HP/CHA/43P15/2020/35,Himachal Pradesh,Chamba,32.43,75.96,Debris,Slide,2005,2005.0,1
HP/CHA/43P15/2020/39,Himachal Pradesh,Chamba,32.43,75.95,Rock,Slide,2015,2015.0,1
HP/CHA/43P15/2020/40,Himachal Pradesh,Chamba,32.43,75.95,Rock,Slide,2017,2017.0,1
HP/CHA/43P15/2020/41,Himachal Pradesh,Chamba,32.43,75.95,Debris,Slide,2018,2018.0,1
HP/CHA/43P15/2020/65,Himachal Pradesh,Chamba,32.43,75.96,Debris,Slide,2010,2010.0,1
HP/CHA/43P15/2020/53,Himachal Pradesh,Chamba,32.45,75.93,Debris,Slide,2018,2018.0,1
HP/CHA/43P15/2020/9,Himachal Pradesh,Chamba,32.46,75.93,Debris,Slide,2018,2018.0,1
HP/CHA/43P15/2020/29,Himachal Pradesh,Chamba,32.47,75.92,Debris,Slide,2018,2018.0,1
HP/CHA/43P15/2020/47,Himachal Pradesh,Chamba,32.47,75.93,Debris,Slide,2017,2017.0,1
HP/CHA/52D03/2020/24,Himachal Pradesh,Chamba,32.49,76.17,Debris,Slide,2010,2010.0,1
HP/CHA/43P15/2020/48,Himachal Pradesh,Chamba,32.5,75.94,Debris,Slide,2015,2015.0,1
HP/CHA/52D02/2020/66,Himachal Pradesh,Chamba,32.55,76.12,Debris,Subsidence,2019,2019.0,1
HP/CHA/52D02/2020/39,Himachal Pradesh,Chamba,32.58,76.11,Debris,Slide,2016,2016.0,1
HP/CHA/52D02/2020/82,Himachal Pradesh,Chamba,32.58,76.14,Rock,Slide,2003,2003.0,1
HP/CHA/52D02/2020/121,Himachal Pradesh,Chamba,32.64,76.08,Rock,Slide,2017,2017.0,1
HP/CHA/52D02/2020/122,Himachal Pradesh,Chamba,32.64,76.09,Rock,Slide,2018,2018.0,1
HP/CHA/52D02/2020/3,Himachal Pradesh,Chamba,32.71,76.09,Rock,Slide,2017,2017.0,1
HP/CHA/52D02/2020/9,Himachal Pradesh,Chamba,32.72,76.1,Debris,Slide,2009,2009.0,1
HP/SIR/53F6/2024/02,Himachal Pradesh,Sirmur,30.59269167,77.29814722,Debris,Slide,2023,2023.0,1
HP/SIR/53F6/2024/03,Himachal Pradesh,Sirmur,30.60813889,77.28898889,Debris,Slide,2020,2020.0,1
HP/SIR/53F6/2024/04,Himachal Pradesh,Sirmur,30.63706111,77.2588,Debris,Slide,2023,2023.0,1
HP/MAN/53E1/2024/02,Himachal Pradesh,Mandi,31.75555556,77.11,Debris,Slide,"2008 , 2023",2008.0,1
HP/L&S/52H2/2024/01,Himachal Pradesh,Lahaul & Spiti,32.55777778,77.07527778,Debris,Ground Cracks,2024,2024.0,1
HP/MAN/53A13/2024/01,Himachal Pradesh,Mandi,31.9396,76.84066667,Debris,Slide,2023,2023.0,1
HP/SHIMLA/53E/04/2025/02,Himachal Pradesh,Shimla,31.966644,77.116205,Debris,Slide,17 August 2025,2025.0,1
HP/SHIMLA/53E/04/2025/01,Himachal Pradesh,Shimla,31.102046,77.172914,Debris,Slump,"27,28 August 2025",2025.0,1
HP/KULLU/53E/01/2025/01,Himachal Pradesh,Kullu,31.96693889,77.11688056,Debris,Slide,03 September 2025,2025.0,1
HP/KULLU/53E/01/2025/02,Himachal Pradesh,Kullu,31.96662778,77.11621111,Debris,Slide,"04 September 2025, 06.20 am",2025.0,1
HP/SOLAN/53F/01/2025/01,Himachal Pradesh,Solan,30.773496,77.033228,Debris,Slide,"20,21 July2023",2023.0,1
HP/SOLAN/53F/01/2025/02,Himachal Pradesh,Solan,30.853851,77.051418,Debris,Subsidence,"July, 2023",2023.0,1
HP/SOLAN/53B/13/2025/04,Himachal Pradesh,Solan,30.904596,76.926817,Debris,Subsidence,"22 August, 2023",2023.0,1
HP/SOLAN/53F/1/2025/05,Himachal Pradesh,Solan,30.886995,77.00456,Debris,Subsidence,"08,09 July 2023",2023.0,1
HP/SOLAN/53F/1/2025/06,Himachal Pradesh,Solan,30.889555,77.000326,Debris,Subsidence,"September, 2019",2019.0,1
HP/SOLAN/53F/1/2025/07,Himachal Pradesh,Solan,30.854624,77.001843,Debris,Slide,"09,10 July 2023",2023.0,1
HP/SOLAN/53B/13/2025/08,Himachal Pradesh,Solan,30.964006,76.984701,Debris,Subsidence,"09,10 July 2023",2023.0,1
HP/SOLAN/53B/13/2025/09,Himachal Pradesh,Solan,30.981344,76.977305,Debris,Subsidence,13 August 2023,2023.0,1
HP/SOLAN/53B/13/2025/10,Himachal Pradesh,Solan,30.976711,76.978138,Debris,Subsidence,"1997, 2023",2023.0,1
HP/SOLAN/53B/13/2025/11,Himachal Pradesh,Solan,30.972278,76.985903,Debris,Flow,"August, 2023",2023.0,1
HP/Solan/53A/16/2025/01,Himachal Pradesh,Solan,31.16436666,76.7617555,Debris,Slide,7 August 2025,2025.0,1
HP/SOLAN/53A/16/2025/02,Himachal Pradesh,Solan,31.16997222,76.76130555,Debris,Slide,31 August 2025,2025.0,1
HP/SOLAN/53A/12/2025/03,Himachal Pradesh,Solan,31.20961944,76.71348333,Debris,Subsidence,"2023, 2025",2023.0,1
HP/LAH/52D14/2025/02,Himachal Pradesh,Lahaul & Spiti,32.62888889,76.86361111,Debris,Flow,2023,2023.0,1
HP/LAH/52D14/2025/03,Himachal Pradesh,Lahaul & Spiti,32.63083333,76.86111111,Debris,Flow,2021,2021.0,1
HP/LAH/52D14/2025/09,Himachal Pradesh,Lahaul & Spiti,32.63833333,76.85222222,Debris,Flow,2021,2021.0,1
HP/LAH/52L08/2025/10,Himachal Pradesh,Lahaul & Spiti,32.06916667,78.33222222,Debris,Slide,05 August 2025,2025.0,1
HP/KINN/53I03/2025/14,Himachal Pradesh,Kinnaur,31.435,78.23638889,Debris,Slide,2005,2005.0,1
HP/KIN/53E14/2025/15,Himachal Pradesh,Kinnaur,31.5625,77.98194444,Rock,Slide,"27 October 2023, 1, 26 August 2025",2023.0,1
HP/UNA/53A6/2025/15,Himachal Pradesh,Una,31.609099,76.294201,Debris,Slide,25 August 2025,2025.0,1
HP/UNA/53A6/2025/16,Himachal Pradesh,Una,31.437986,76.42395,Debris,Slide,01 September 2025,2025.0,1
HP/UNA/53A7/2025/17,Himachal Pradesh,Una,31.474296,76.416896,Debris,Slide,1st week of September 2025,2025.0,1
HP/UNA/53A7/2025/18,Himachal Pradesh,Una,31.49135,76.400659,Debris,Slide,1st week of September 2025,2025.0,1
HP/UNA/53A7/2025/19,Himachal Pradesh,Una,31.484232,76.388595,Debris,Slide,1 September 2025,2025.0,1
HP/UNA/53A7/2025/20,Himachal Pradesh,Una,31.511164,76.35416,Debris,Subsidence,"01,02,03 September 2025",2025.0,1
HP/UNA/53A7/2025/21,Himachal Pradesh,Una,31.421993,76.416965,Debris,Flow,03 September 2025,2025.0,1
HP/BIL/53A12/2025/01,Himachal Pradesh,Bilaspur,31.230587,76.677044,,Subsidence,"2024, 2025",2024.0,1
HP/BIL/53A15/2025/03,Himachal Pradesh,Bilaspur,31.413835,76.793732,Rock cum debris,Slide,August 2023,2023.0,1
HP/BIL/53A15/2025/04,Himachal Pradesh,Bilaspur,31.366877,76.7870719,Debris,Slide,07 August 2025,2025.0,1
HP/BIL/53A15/2025/05,Himachal Pradesh,Bilaspur,31.3704259,76.7702055,Debris,Slide,August 2025,2025.0,1
HP/BIL/53A15/2025/06,Himachal Pradesh,Bilaspur,31.3626538,76.7744273,Debris,Slide,07 September 2025,2025.0,1
HP/BIL/53A15/2025/07,Himachal Pradesh,Bilaspur,31.3593204,76.806473,Debris,Slide,05 August 2025,2025.0,1
HP/BIL/53A15/2025/08,Himachal Pradesh,Bilaspur,31.254981,76.774276,,Subsidence,05 August 2025,2025.0,1
HP/BIL/53A15/2025/09,Himachal Pradesh,Bilaspur,31.270428,76.768161,Debris,Subsidence,August 2025,2025.0,1
HP/BIL/53A15/2025/10,Himachal Pradesh,Bilaspur,31.28191,76.767061,Debris,Subsidence,August 2025,2025.0,1
HP/BIL/53A15/2025/11,Himachal Pradesh,Bilaspur,31.274281,76.748515,Debris,Subsidence,"2024, August 2025",2024.0,1
HP/BIL/53A11/2025/12,Himachal Pradesh,Bilaspur,31.31508,76.631323,Debris,Subsidence,August 2025,2025.0,1
HP/SIR/53F5/2025/1,Himachal Pradesh,Sirmur,30.81025,77.45886111,Debris,Slide,2025,2025.0,1
HP/SIR/53F6/2025/2,Himachal Pradesh,Sirmur,30.61863889,77.36361111,Debris,Slide,"1 July 2025, 18 June 2023",2025.0,1
HP/SIR/53F5/2025/3,Himachal Pradesh,Sirmur,30.71638889,77.22888889,Debris,Slide,3 September 2025,2025.0,1
HP/SIR/53F10/2025/4,Himachal Pradesh,Sirmur,30.54847222,77.63788889,Debris,Slide,"2023,2025",2023.0,1
HP/SIR/53F10/2025/5,Himachal Pradesh,Sirmur,30.46788889,77.38269444,Debris,Subsidence,2025,2025.0,1
HP/HMPR/53A9/2025/13,Himachal Pradesh,Hamirpur,31.564298,76.598543,Debris,Slide,"August 2023, 1st week of September",2023.0,1
HP/HMPR/53A9/2025/14,Himachal Pradesh,Hamirpur,31.7691009,76.490383,Debris,Subsidence,31 Aug 2025,2025.0,1
HP/CHAMBA/43P/14/2025/01,Himachal Pradesh,Chamba,32.62173056,75.99535556,Debris,Slide,"24,25 August 2025",2025.0,1
HP/CHAMBA/52D/01/2025/02,Himachal Pradesh,Chamba,32.93181667,76.15378056,Debris,Subsidence,"24,27 August 2025",2025.0,1
HP/CHAMBA/52D/07/2025/03,Himachal Pradesh,Chamba,32.47164722,76.29880556,Debris,Slide,"1995, 2023, 2025",2023.0,1
HP/CHAMBA/52D/07/2025/04,Himachal Pradesh,Chamba,32.48638056,76.28263056,Debris,Subsidence,"2019, 2021, 2025",2019.0,1
HP/CHAMBA/52D/07/2025/05,Himachal Pradesh,Chamba,32.45575833,76.4642,Rock,Slide,"16 April 2024, August 2025",2024.0,1
HP/CHAMBA/52D/11/2025/06,Himachal Pradesh,Chamba,32.31983056,76.5655,Debris,Slide,"2023, 2024, 2025",2023.0,1
HP/CHAMBA/43P/15/2025/07,Himachal Pradesh,Chamba,32.41663056,75.99166944,Debris,Slide,"2022, 2023, 2025.",2022.0,1
HP/CHAMBA/43P/15/2025/08,Himachal Pradesh,Chamba,32.4154,75.96971389,Debris,Slide,"2018, 2022, 2023, 2025",2018.0,1
HP/CHAMBA/43P/15/2025/09,Himachal Pradesh,Chamba,32.45266667,75.93528611,Debris,Slide,"2024, September 2025",2024.0,1
HP/CHAMBA/43P/15/2025/10,Himachal Pradesh,Chamba,32.468125,75.91993611,Debris,Slide,13 September 2025,2025.0,1
HP/Kangra/43P/11/2025/02,Himachal Pradesh,Kangra,32.24875,75.64785,Debris,Slide,"2022, 2023,2024, August 2025",2022.0,1
HP/Kangra/52D/08/2025/03,Himachal Pradesh,Kangra,32.015,76.44056944,Debris,Slide,"August 2023, 01 July 2025",2023.0,1
HP/Kangra/53A/05/2025/04,Himachal Pradesh,Kangra,31.92175278,76.44502222,Debris,Subsidence,"2023, September 2025",2023.0,1
HP/Kangra/53A/05/2025/05,Himachal Pradesh,Kangra,31.92544444,76.44583611,Debris,Slide,7 July 2025,2025.0,1
HP/Kangra/52D/12/2025/06,Himachal Pradesh,Kangra,32.07001944,76.69208333,Debris,Slide,September 2025,2025.0,1
HP/Kangra/52D/08/2025/07,Himachal Pradesh,Kangra,32.22763611,76.32045,Debris,Slide,19 September 2025,2025.0,1
H.P./Shimla/53E/4/2025/5,Himachal Pradesh,Shimla,31.09277778,77.20638889,Debris,Subsidence,22 November 2025,2025.0,1
HP/Mandi/53A13/2025/02,Himachal Pradesh,Mandi,31.78527778,76.75444444,Debris,Subsidence,2023,2023.0,1
HP/Mandi/53A14/2025/03,Himachal Pradesh,Mandi,31.725,76.7725,Debris,Slide,5 August 2025,2025.0,1
HP/Mandi/53A14/2025/04,Himachal Pradesh,Mandi,31.73972222,76.75388889,Debris,Slide,"2023, 6 September 2025",2023.0,1
HP/Mandi/53A10/2025/05,Himachal Pradesh,Mandi,31.71694444,76.73472222,Debris,Subsidence,"2023, 2025",2023.0,1
HP/Mandi/53E03/2025/06,Himachal Pradesh,Mandi,31.33083333,77.18444444,Debris,Subsidence,"2023, 2025",2023.0,1
HP/Mandi/53E06/2025/07,Himachal Pradesh,Mandi,31.51194444,77.30166667,Debris,Subsidence,"August, September, 2025",2025.0,1
HP/Mandi/53E02/2025/08,Himachal Pradesh,Mandi,31.60555556,77.20027778,Debris,Subsidence,22 July 2025,2025.0,1
HP/Mandi/53A13/2025/10,Himachal Pradesh,Mandi,31.93277778,76.87944444,Debris,Flow,"2017, 2025",2017.0,1
HP/Mandi/53E06/2025/11,Himachal Pradesh,Mandi,31.69194444,77.27805556,Debris,Subsidence,June 2025,2025.0,1
HP/Kullu/53E01/2025/01,Himachal Pradesh,Kullu,31.95333333,77.08583333,Debris,Subsidence,"1994, 2023, 2025",2023.0,1
HP/Kullu/53E06/2025/02,Himachal Pradesh,Kullu,31.56138889,77.36833333,Debris,Subsidence,August 2025,2025.0,1
HP/Kullu/52H03/2025/03,Himachal Pradesh,Kullu,32.32277778,77.155,Debris,Slide,"2016, 2023, 2025",2016.0,1
HP/Kullu/53E05/2025/04,Himachal Pradesh,Kullu,31.78138889,77.33666667,Debris,Subsidence,25-28 August 2025,2025.0,1
HP/Kullu/53E06/2025/05,Himachal Pradesh,Kullu,31.71194444,77.3125,Debris,Subsidence,"2023, September 2025",2023.0,1
HP/Kullu/53E06/2025/07,Himachal Pradesh,Kullu,31.64027778,77.40055556,Debris,Slide,"2023, 2025",2023.0,1
HP/Kullu/53E07/2025/08,Himachal Pradesh,Kullu,31.4825,77.44805556,Debris,Subsidence,"August 2023, 2025",2023.0,1
HP/Kullu/53E011/2025/10,Himachal Pradesh,Kullu,31.47027778,77.5125,Debris,Subsidence,"August 2023,2025",2023.0,1
HP/Kullu/53E011/2025/11,Himachal Pradesh,Kullu,31.46111111,77.54055556,Debris,Subsidence,"August 2023,2025",2023.0,1
HP/Kullu/53E011/2025/13,Himachal Pradesh,Kullu,31.46472222,77.52916667,Debris,Subsidence,"August 2023,2025",2023.0,1
HP/Kullu/53E011/2025/14,Himachal Pradesh,Kullu,31.45833333,77.54416667,Debris,Subsidence,"August 2023,2025",2023.0,1
HP/CHAM/43P15/2019/13,Himachal Pradesh,Chamba,32.40133889,75.98525278,Debris,Slide,17 August 2019,2019.0,1
HP/CHAM/43P/15/2019/16,Himachal Pradesh,Chamba,32.42897222,75.95915833,Soil cum debris,Slide,Before 2002,2002.0,1
HP/KAN/52D/03/2019/17,Himachal Pradesh,Kangra,32.25430556,76.08022222,Debris cum soil,Slide,23 October 2013,2013.0,1
HP/KAN/52D/03/2019/18,Himachal Pradesh,Kangra,32.25710556,76.07544444,Debris cum soil,Slide,17 August 2019,2019.0,1
H.P./Kullu/53E01/2019/24,Himachal Pradesh,Kullu,31.94409722,77.114175,Debris,Slide,"2018, 2019",2018.0,1
H.P./Kullu/52H04/2019/25,Himachal Pradesh,Kullu,32.14569444,77.15701111,Debris,Slide,"2018, 2019",2018.0,1
H.P./Kullu/52H04/2019/26,Himachal Pradesh,Kullu,32.150525,77.1641,Debris,Flow/Slide,"2018, 2019",2018.0,1
H.P./Kullu/52H04/2019/27,Himachal Pradesh,Kullu,32.17943333,77.18021944,Debris,Slide,"2017, 2019",2017.0,1
HP/KIN/53E14/2022/01,Himachal Pradesh,Kinnaur,31.56293,77.872847,Rock,Slide,2019,2019.0,1
HP/Shimla/53E/14/2023/01,Himachal Pradesh,Shimla,31.551479,77.918532,Rock,Falls,2003,2003.0,1
HP/MAN/53A10/2023/,Himachal Pradesh,Mandi,31.66694,76.74722,Debris,Flow,13th August 2023,2023.0,1
HP/MAN/53A13/2023/,Himachal Pradesh,Mandi,31.704166,76.723611,Debris,Slide,14th August 2023 (Morning),2023.0,1
HP/MAN/53A/13/2023/,Himachal Pradesh,Mandi,31.793055,76.780555,Debris,Flow,14 August 2023 (06:30 hrs),2023.0,1
HP/MAN/53A13/2023/,Himachal Pradesh,Mandi,31.781418,76.756217,Debris,Slide,14 August 2023,2023.0,1
HP/MAN/53A13/2023/,Himachal Pradesh,Mandi,31.78,76.77055,Debris,Slide,14 August 2023,2023.0,1
HP/MAN/53A13/2023/,Himachal Pradesh,Mandi,31.78527778,76.78305556,Debris,Slide,14 August 2023,2023.0,1
HP/MAN/53A13/2023/,Himachal Pradesh,Mandi,31.75833,76.773055,Debris,subsidence,14 August 2023,2023.0,1
HP/MAN/53A13/2023/,Himachal Pradesh,Mandi,31.76694,76.7675,Debris,Slide,14 August 2023,2023.0,1
HP/MAN/53A13/2023/,Himachal Pradesh,Mandi,31.7675,76.76527,Debris,Slide,14 August 2023,2023.0,1
HP/MAN/53A13/2023/,Himachal Pradesh,Mandi,31.761944,76.768333,Debris,Slide,14 August 2023,2023.0,1
HP/MAN/53A13/2023/,Himachal Pradesh,Mandi,31.76722,76.77583,Debris,Slide,14 August 2023,2023.0,1
HP/SOL/53B13/2023/,Himachal Pradesh,Solan,30.970355,76.992139,Debris,Slide,14 August 2023,2023.0,1
HP/Man-kul/2024/1,Himachal Pradesh,Mandi,31.45066667,76.85385278,Debris,Slide,"2018, 14 August 2023",2018.0,1
HP/Man-kul/2024/2,Himachal Pradesh,Kullu,31.759575,77.20756667,Rock,Fall,"2010, 11 July 2023",2010.0,1
HP/Man-kul/2024/3,Himachal Pradesh,Kullu,31.77500833,77.19483611,Debris,Slide,"2018, 11 July 2023",2018.0,1
HP/Man-kul/2024/2,Himachal Pradesh,Kullu,31.8254,77.17297778,Rock,Fall,"2010, 08 July 2023",2010.0,1
HP/Man-kul/2024/5,Himachal Pradesh,Kullu,31.85661111,77.16758056,Debris,Slide,"2018,11 July 2023",2018.0,1
HP/Man-kul/2024/6,Himachal Pradesh,Kullu,31.99953056,77.1265,Debris,Slide,11 July 2023,2023.0,1
HP/Man-kul/2024/6,Himachal Pradesh,Kullu,31.71223611,77.31291389,Debris,Slide,08 July 2023,2023.0,1
HP/Man-kul/2024/6,Himachal Pradesh,Kullu,32.18584167,77.18534167,Debris,Slide,08 July 2023,2023.0,1
HP/Man-kul/2024/6,Himachal Pradesh,Kullu,32.23295833,77.1874,Debris,Slide,08 July 2023,2023.0,1
HP/SOL/53B13/2023/01,Himachal Pradesh,Solan,30.84638889,76.99527778,Debris,Slide,08 – 11 July 2023,2023.0,1
HP/SOL/53B13/2023/01,Himachal Pradesh,Solan,30.88666667,77.00472222,Debris,Slide,"7 July, 2023",2023.0,1
HP/SHI/53E04/2023/,Himachal Pradesh,SHIMLA,31.1075,77.16305556,Debris,Subsidence,"July 2020, 14-15 August 2023",2020.0,1
HP/SOL/53B13/2023/01,Himachal Pradesh,Shimla,31.10333333,77.14111111,Debris,Subsidence,14 August 2023,2023.0,1
HP/SOL/53B13/2023/01,Himachal Pradesh,Shimla,31.1075,77.16305556,Debris,Subsidence,"14,15 August 2023",2023.0,1
HP/SHI/53E04/2023/,Himachal Pradesh,Solan,30.9425,77.12916667,Debris,Subsidence,"July, 2023",2023.0,1
HP/SHI/53E04/2023/,Himachal Pradesh,Solan,30.99120833,77.09283333,Rock,Slide,"July, 2020",2020.0,1
HP/SHI/53E04/2023/,Himachal Pradesh,Shimla,31.11972222,77.33472222,Rock,Slide,2020,2020.0,1
HP/SHI/53E04/2023/,Himachal Pradesh,SHIMLA,31.12694444,77.33944444,Debris,Subsidence,"July, 2020, 14-15 August 2023",2020.0,1
HP/SHI/53E04/2023/,Himachal Pradesh,Shimla,31.12833333,77.34888889,Debris,Slide,13 August 2023,2023.0,1
HP/SHI/53E04/2023/,Himachal Pradesh,Shimla,31.485,77.69055556,Debris,Subsidence,11 July 2023,2023.0,1
HP/SHI/53E04/2023/,Himachal Pradesh,Kinnaur,31.53866667,77.78386389,Rock,Slide,"July, 2021, 14 August 2023",2021.0,1
HP/SHI/53E04/2023/,Himachal Pradesh,Nathpa,31.56230833,77.98207222,Rock,Fall,27 August 2023,2023.0,1
HP/SHI/53E04/2023/,Himachal Pradesh,Kinnaur,31.53944444,78.01388889,Rock,Slide,11 July 2023,2023.0,1
HP/KUL/53E1/2023/01,Himachal Pradesh,Kullu,31.96335556,77.11833611,Debris,Subsidence,2023,2023.0,1
HP/KUL/53E1/2023/04,Himachal Pradesh,Kullu,31.95561944,77.11650556,Debris,Subsidence,2023,2023.0,1
HP/KUL/53E1/2023/05,Himachal Pradesh,Kullu,31.82856111,77.25558889,Debris,Subsidence,2023,2023.0,1
HP/KUL/53E1/2023/06,Himachal Pradesh,Kullu,32.03464722,77.35013889,Debris,Slide,2023,2023.0,1
HP/KUL/53E1/2023/07,Himachal Pradesh,Kullu,31.63430278,77.42550278,Debris,Slide,2023,2023.0,1
HP/KUL/53E1/2023/08,Himachal Pradesh,Kullu,31.77272222,77.29856111,Debris,Slide,2023,2023.0,1
HP/KUL/53E1/2023/09,Himachal Pradesh,Kullu,31.76910278,77.30811667,Debris,Slide,2023,2023.0,1
HP/KUL/53E1/2023/10,Himachal Pradesh,Kullu,31.71223611,77.31291389,Debris,Subsidence,2023,2023.0,1
HP/KUL/53E1/2023/11,Himachal Pradesh,Kullu,31.642,77.3433,Debris,Slide,2023,2023.0,1
HP/KUL/53E1/2023/12,Himachal Pradesh,Kullu,31.7798,77.34311111,Debris,Subsidence,2023,2023.0,1
HP/KUL/53E1/2023/13,Himachal Pradesh,Kullu,31.652,77.3324,Debris,Subsidence,2023,2023.0,1
HP/KUL/53E7/2023/14,Himachal Pradesh,Kullu,31.46975,77.36669444,Debris,Slide,14 August 2023,2023.0,1
HP/KUL/53E7/2023/15,Himachal Pradesh,Kullu,31.473,77.36772222,Debris,Slide,14 August 2023,2023.0,1
HP/KUL/53E7/2023/16,Himachal Pradesh,Kullu,31.40355556,77.4475,Debris,Subsidence,2023,2023.0,1
HP/KUL/53E7/2023/17,Himachal Pradesh,Kullu,31.40355556,77.4475,Debris,Subsidence,2023,2023.0,1
HP/KUL/53E7/2023/18,Himachal Pradesh,Kullu,31.41186111,77.42902778,Debris,Subsidence,2023,2023.0,1
HP/KUL/53E7/2023/19,Himachal Pradesh,Kullu,31.52813889,77.40125,Debris,Slide,2018,2018.0,1
HP/KUL/53E7/2023/20,Himachal Pradesh,Kullu,31.51826667,77.41673333,Debris,Slide,2008,2008.0,1
HP/KUL/53E7/2023/20,Himachal Pradesh,Kullu,31.48377778,77.42308333,Debris,Slide,2022,2022.0,1
HP/KUL/53E7/2023/21,Himachal Pradesh,Kullu,31.4865,77.41466667,Debris,Slide,2023,2023.0,1
HP/KUL/53E7/2023/22,Himachal Pradesh,Kullu,32.19863889,77.18497222,Debris,Subsidence,2023,2023.0,1
HP/KUL/53E7/2023/23,Himachal Pradesh,Kullu,32.14903056,77.15234444,Debris,Slide,2023,2023.0,1
KA/UDU/48K16/2020/15,Karnataka,Udupi,13.05,75.0,Earth,Slide,2019,2019.0,1
KA/UDU/48K16/2020/16,Karnataka,Udupi,13.07,74.92,Earth,Slide,2010,2010.0,1
KA/UDU/48K16/2020/12,Karnataka,Udupi,13.1,74.93,Debris,Flow,2018,2018.0,1
KA/UDU/48K14/2020/50,Karnataka,Udupi,13.67,74.94,Earth,Slide,2019,2019.0,1
KA/DAK/48K14/2020/53,Karnataka,Dakshin Kannad,13.68,74.93,Earth,Slide,2010,2010.0,1
KA/SHI/48O05/2020/3,Karnataka,Shimoga,13.75,75.28,Earth,Slide,2020,2020.0,1
KA/SHI/48O01/2020/1,Karnataka,Shimoga,13.75,75.24,Debris,Slide,2020,2020.0,1
KA/SHI/48O05/2020/10,Karnataka,Shimoga,13.76,75.31,Earth,Slide,2020,2020.0,1
KA/SHI/48O05/2020/19,Karnataka,Shimoga,13.76,75.45,Earth,Slide,2019,2019.0,1
KA/SHI/48O01/2020/2,Karnataka,Shimoga,13.76,75.24,Debris,Slide,2020,2020.0,1
KA/SHI/48O01/2020/3,Karnataka,Shimoga,13.76,75.25,Earth,Slide,2020,2020.0,1
KA/SHI/48O05/2020/45,Karnataka,Shimoga,13.76,75.07,Debris,Slide,2020,2020.0,1
KA/SHI/48O05/2020/9,Karnataka,Shimoga,13.77,75.28,Earth,Slide,2020,2020.0,1
KA/SHI/48O01/2020/38,Karnataka,Shimoga,13.77,75.05,Debris,Slide,2020,2020.0,1
KA/SHI/48O05/2020/1,Karnataka,Shimoga,13.78,75.27,Earth,Slide,2020,2020.0,1
KA/SHI/48O05/2020/2,Karnataka,Shimoga,13.78,75.27,Earth,Slide,2020,2020.0,1
KA/SHI/48O01/2020/4,Karnataka,Shimoga,13.78,75.23,Earth,Slide,2020,2020.0,1
KA/SHI/48O01/2020/5,Karnataka,Shimoga,13.78,75.23,Rock,Slide,2020,2020.0,1
KA/SHI/48O01/2020/6,Karnataka,Shimoga,13.78,75.23,Debris,Slide,2020,2020.0,1
KA/SHI/48O01/2020/7,Karnataka,Shimoga,13.78,75.23,Debris,Slide,2020,2020.0,1
KA/SHI/48O05/2020/44,Karnataka,Shimoga,13.78,75.1,Debris,Slide,2020,2020.0,1
KA/SHI/48O01/2020/37,Karnataka,Shimoga,13.78,75.04,Debris,Slide,2020,2020.0,1
KA/SHI/48O05/2020/6,Karnataka,Shimoga,13.79,75.35,Earth,Slide,2020,2020.0,1
KA/SHI/48O05/2020/7,Karnataka,Shimoga,13.79,75.35,Earth,Slide,2020,2020.0,1
KA/SHI/48O05/2020/8,Karnataka,Shimoga,13.79,75.34,Earth,Slide,2020,2020.0,1
KA/SHI/48O01/2020/34,Karnataka,Shimoga,13.79,75.19,Debris,Slide,2020,2020.0,1
KA/SHI/48O01/2020/35,Karnataka,Shimoga,13.79,75.12,Debris,Slide,2020,2020.0,1
KA/SHI/48O01/2020/36,Karnataka,Shimoga,13.79,75.12,Debris,Slide,2020,2020.0,1
KA/SHI/48O05/2020/40,Karnataka,Shimoga,13.79,75.12,Debris,Slide,2020,2020.0,1
KA/SHI/48O01/2020/39,Karnataka,Shimoga,13.79,75.04,Debris,Slide,2020,2020.0,1
KA/SHI/48O05/2020/4,Karnataka,Shimoga,13.8,75.33,Earth,Slide,2020,2020.0,1
KA/SHI/48O05/2020/12,Karnataka,Shimoga,13.8,75.33,Debris,Slide,2020,2020.0,1
KA/SHI/48O05/2020/13,Karnataka,Shimoga,13.8,75.33,Earth,Slide,2020,2020.0,1
KA/SHI/48O05/2020/14,Karnataka,Shimoga,13.8,75.34,Earth,Slide,2019,2019.0,1
KA/SHI/48O05/2020/15,Karnataka,Shimoga,13.8,75.34,Earth,Slide,2019,2019.0,1
KA/SHI/48O05/2020/16,Karnataka,Shimoga,13.8,75.33,Earth,Slide,2019,2019.0,1
KA/SHI/48O05/2020/17,Karnataka,Shimoga,13.8,75.33,Earth,Slide,2019,2019.0,1
KA/SHI/48O05/2020/18,Karnataka,Shimoga,13.8,75.33,Earth,Slide,2019,2019.0,1
KA/SHI/48O01/2020/20,Karnataka,Shimoga,13.8,75.15,Debris,Slide,2020,2020.0,1
KA/SHI/48O05/2020/5,Karnataka,Shimoga,13.81,75.32,Earth,Slide,2020,2020.0,1
KA/SHI/48O05/2020/11,Karnataka,Shimoga,13.81,75.32,Earth,Slide,2020,2020.0,1
KA/SHI/48O01/2020/21,Karnataka,Shimoga,13.81,75.13,Earth,Slide,2020,2020.0,1
KA/SHI/48O01/2020/22,Karnataka,Shimoga,13.81,75.13,Debris,Slide,2020,2020.0,1
KA/SHI/48O01/2020/30,Karnataka,Shimoga,13.81,75.16,Debris,Slide,2020,2020.0,1
KA/SHI/48O05/2020/43,Karnataka,Shimoga,13.81,75.09,Debris,Slide,2020,2020.0,1
KA/SHI/48O01/2020/40,Karnataka,Shimoga,13.81,75.03,Debris,Slide,2020,2020.0,1
KA/SHI/48O01/2020/41,Karnataka,Shimoga,13.82,75.06,Debris,Slide,2020,2020.0,1
KA/SHI/48O01/2020/94,Karnataka,Shimoga,13.82,75.03,Debris,Slide,2020,2020.0,1
KA/SHI/48O05/2020/41,Karnataka,Shimoga,13.83,75.07,Debris,Slide,2020,2020.0,1
KA/SHI/48O05/2020/42,Karnataka,Shimoga,13.83,75.06,Debris,Slide,2020,2020.0,1
KA/SHI/48O01/2020/42,Karnataka,Shimoga,13.83,75.19,Debris,Slide,2020,2020.0,1
KA/SHI/48O05/2020/22,Karnataka,Shimoga,13.84,75.29,Debris,Slide,2019,2019.0,1
KA/SHI/48O05/2020/30,Karnataka,Shimoga,13.84,75.38,Debris,Flow,2019,2019.0,1
KA/SHI/48O01/2020/15,Karnataka,Shimoga,13.84,75.01,Earth,Slide,2020,2020.0,1
KA/SHI/48O01/2020/16,Karnataka,Shimoga,13.84,75.16,Debris,Slide,2020,2020.0,1
KA/SHI/48O01/2020/17,Karnataka,Shimoga,13.84,75.19,Earth,Slide,2020,2020.0,1
KA/SHI/48O01/2020/18,Karnataka,Shimoga,13.84,75.17,Debris,Slide,2020,2020.0,1
KA/SHI/48O01/2020/23,Karnataka,Shimoga,13.84,75.15,Debris,Slide,2020,2020.0,1
KA/SHI/48O01/2020/24,Karnataka,Shimoga,13.84,75.16,Earth,Slide,2020,2020.0,1
KA/SHI/48O01/2020/28,Karnataka,Shimoga,13.84,75.14,Debris,Slide,2020,2020.0,1
KA/SHI/48O01/2020/29,Karnataka,Shimoga,13.84,75.14,Debris,Slide,2020,2020.0,1
KA/SHI/48O01/2020/59,Karnataka,Shimoga,13.84,75.06,Earth,Slide,2020,2020.0,1
KA/SHI/48O01/2020/60,Karnataka,Shimoga,13.84,75.06,Debris,Slide,2020,2020.0,1
KA/SHI/48O01/2020/90,Karnataka,Shimoga,13.84,75.01,Debris,Slide,2020,2020.0,1
KA/SHI/48O01/2020/91,Karnataka,Shimoga,13.84,75.01,Debris,Slide,2020,2020.0,1
KA/SHI/48O01/2020/92,Karnataka,Shimoga,13.84,75.01,Earth,Slide,2020,2020.0,1
KA/SHI/48O01/2020/93,Karnataka,Shimoga,13.84,75.03,Debris,Slide,2020,2020.0,1
KA/SHI/48O05/2020/48,Karnataka,Shimoga,13.84,75.46,Debris,Flow,2019,2019.0,1
KA/SHI/48O05/2020/49,Karnataka,Shimoga,13.84,75.46,Debris,Flow,2019,2019.0,1
KA/UDU/48K09/2020/2,Karnataka,Udupi,13.85,74.67,Debris,Slide,2019,2019.0,1
KA/UDU/48K09/2020/3,Karnataka,Udupi,13.85,74.67,Debris,Slide,2019,2019.0,1
KA/SHI/48O05/2020/24,Karnataka,Shimoga,13.85,75.42,Debris,Flow,2019,2019.0,1
KA/SHI/48O05/2020/25,Karnataka,Shimoga,13.85,75.42,Debris,Flow,2019,2019.0,1
KA/SHI/48O05/2020/26,Karnataka,Shimoga,13.85,75.42,Debris,Flow,2019,2019.0,1
KA/SHI/48O05/2020/28,Karnataka,Shimoga,13.85,75.39,Debris,Flow,2019,2019.0,1
KA/SHI/48O05/2020/29,Karnataka,Shimoga,13.85,75.39,Debris,Flow,2019,2019.0,1
KA/SHI/48O01/2020/8,Karnataka,Shimoga,13.85,75.22,Earth,Slide,2020,2020.0,1
KA/SHI/48O01/2020/13,Karnataka,Shimoga,13.85,75.06,Earth,Slide,2020,2020.0,1
KA/SHI/48O01/2020/14,Karnataka,Shimoga,13.85,75.06,Earth,Slide,2020,2020.0,1
KA/SHI/48O01/2020/32,Karnataka,Shimoga,13.85,75.1,Debris,Slide,2020,2020.0,1
KA/SHI/48O01/2020/33,Karnataka,Shimoga,13.85,75.11,Debris,Slide,2020,2020.0,1
KA/SHI/48O01/2020/89,Karnataka,Shimoga,13.85,75.0,Debris,Slide,2020,2020.0,1
KA/SHI/48O05/2020/23,Karnataka,Shimoga,13.86,75.37,Debris,Flow,2019,2019.0,1
KA/SHI/48O01/2020/19,Karnataka,Shimoga,13.86,75.16,Earth,Slide,2020,2020.0,1
KA/SHI/48O01/2020/25,Karnataka,Shimoga,13.86,75.15,Debris,Slide,2020,2020.0,1
KA/SHI/48O01/2020/77,Karnataka,Shimoga,13.86,75.17,Earth,Slide,2019,2019.0,1
KA/SHI/48O01/2020/88,Karnataka,Shimoga,13.86,75.0,Debris,Slide,2020,2020.0,1
KA/SHI/48O05/2020/21,Karnataka,Shimoga,13.87,75.4,Debris,Slide,2020,2020.0,1
KA/SHI/48O05/2020/27,Karnataka,Shimoga,13.87,75.42,Debris,Flow,2019,2019.0,1
KA/SHI/48O05/2020/31,Karnataka,Shimoga,13.87,75.37,Debris,Flow,2020,2020.0,1
KA/SHI/48O01/2020/12,Karnataka,Shimoga,13.87,75.06,Earth,Slide,2020,2020.0,1
KA/SHI/48O01/2020/26,Karnataka,Shimoga,13.87,75.14,Earth,Slide,2020,2020.0,1
KA/SHI/48O01/2020/31,Karnataka,Shimoga,13.87,75.09,Debris,Slide,2020,2020.0,1
KA/SHI/48O01/2020/87,Karnataka,Shimoga,13.87,75.05,Debris,Slide,2020,2020.0,1
KA/SHI/48O01/2020/27,Karnataka,Shimoga,13.88,75.13,Earth,Slide,2020,2020.0,1
KA/SHI/48O01/2020/43,Karnataka,Shimoga,13.88,75.19,Debris,Slide,2020,2020.0,1
KA/SHI/48O01/2020/52,Karnataka,Shimoga,13.88,75.22,Earth,Slide,2020,2020.0,1
KA/SHI/48O01/2020/53,Karnataka,Shimoga,13.88,75.22,Debris,Slide,2020,2020.0,1
KA/SHI/48O01/2020/73,Karnataka,Shimoga,13.88,75.14,Debris,Slide,2020,2020.0,1
KA/SHI/48O01/2020/74,Karnataka,Shimoga,13.88,75.14,Debris,Slide,2020,2020.0,1
KA/SHI/48O01/2020/75,Karnataka,Shimoga,13.88,75.14,Debris,Slide,2020,2020.0,1
KA/SHI/48O01/2020/76,Karnataka,Shimoga,13.88,75.16,Earth,Slide,2020,2020.0,1
KA/SHI/48O01/2020/86,Karnataka,Shimoga,13.88,75.11,Debris,Slide,2020,2020.0,1
KA/SHI/48O05/2020/32,Karnataka,Shimoga,13.89,75.33,Earth,Slide,2020,2020.0,1
KA/SHI/48O05/2020/33,Karnataka,Shimoga,13.89,75.33,Earth,Slide,2020,2020.0,1
KA/SHI/48O05/2020/34,Karnataka,Shimoga,13.89,75.33,Earth,Slide,2020,2020.0,1
KA/SHI/48O05/2020/35,Karnataka,Shimoga,13.89,75.33,Debris,Slide,2020,2020.0,1
KA/SHI/48O01/2020/44,Karnataka,Shimoga,13.89,75.19,Debris,Slide,2020,2020.0,1
KA/SHI/48O01/2020/45,Karnataka,Shimoga,13.89,75.19,Debris,Slide,2019,2019.0,1
KA/SHI/48O01/2020/46,Karnataka,Shimoga,13.89,75.19,Debris,Slide,2020,2020.0,1
KA/SHI/48O01/2020/47,Karnataka,Shimoga,13.89,75.17,Debris,Slide,2020,2020.0,1
KA/SHI/48O01/2020/48,Karnataka,Shimoga,13.89,75.17,Earth,Slide,2020,2020.0,1
KA/SHI/48O01/2020/54,Karnataka,Shimoga,13.89,75.2,Earth,Slide,2020,2020.0,1
KA/SHI/48K13/2020/75,Karnataka,Shimoga,13.9,74.94,Earth,Slide,2018,2018.0,1
KA/SHI/48K13/2020/77,Karnataka,Shimoga,13.9,74.94,Earth,Slide,2018,2018.0,1
KA/SHI/48O05/2020/36,Karnataka,Shimoga,13.9,75.3,Debris,Slide,2020,2020.0,1
KA/SHI/48O05/2020/38,Karnataka,Shimoga,13.9,75.3,Debris,Slide,2020,2020.0,1
KA/SHI/48O05/2020/39,Karnataka,Shimoga,13.9,75.3,Earth,Slide,2020,2020.0,1
KA/SHI/48O05/2020/37,Karnataka,Shimoga,13.91,75.3,Debris,Slide,2020,2020.0,1
KA/SHI/48O01/2020/68,Karnataka,Shimoga,13.91,75.16,Earth,Slide,2020,2020.0,1
KA/SHI/48O01/2020/69,Karnataka,Shimoga,13.91,75.16,Debris,Slide,2020,2020.0,1
KA/SHI/48O01/2020/70,Karnataka,Shimoga,13.91,75.16,Debris,Slide,2020,2020.0,1
KA/SHI/48O01/2020/71,Karnataka,Shimoga,13.91,75.16,Debris,Slide,2020,2020.0,1
KA/SHI/48O05/2020/20,Karnataka,Shimoga,13.92,75.37,Debris,Flow,2019,2019.0,1
KA/SHI/48O01/2020/49,Karnataka,Shimoga,13.92,75.19,Earth,Slide,2020,2020.0,1
KA/SHI/48O01/2020/50,Karnataka,Shimoga,13.92,75.19,Earth,Slide,2020,2020.0,1
KA/SHI/48O01/2020/51,Karnataka,Shimoga,13.92,75.18,Earth,Slide,2020,2020.0,1
KA/SHI/48O01/2020/62,Karnataka,Shimoga,13.92,75.18,Earth,Slide,2020,2020.0,1
KA/SHI/48O01/2020/63,Karnataka,Shimoga,13.92,75.18,Earth,Slide,2020,2020.0,1
KA/SHI/48O01/2020/67,Karnataka,Shimoga,13.92,75.16,Earth,Slide,2020,2020.0,1
KA/SHI/48O05/2020/46,Karnataka,Shimoga,13.92,75.42,Debris,Flow,2019,2019.0,1
KA/SHI/48O05/2020/47,Karnataka,Shimoga,13.92,75.42,Debris,Flow,2019,2019.0,1
KA/SHI/48O01/2020/9,Karnataka,Shimoga,13.93,75.2,Debris,Slide,2020,2020.0,1
KA/SHI/48O01/2020/11,Karnataka,Shimoga,13.93,75.14,Debris,Slide,2020,2020.0,1
KA/SHI/48O01/2020/61,Karnataka,Shimoga,13.93,75.21,Earth,Slide,2020,2020.0,1
KA/SHI/48O01/2020/64,Karnataka,Shimoga,13.93,75.18,Debris,Slide,2020,2020.0,1
KA/SHI/48O01/2020/65,Karnataka,Shimoga,13.93,75.18,Debris,Slide,2020,2020.0,1
KA/SHI/48O01/2020/66,Karnataka,Shimoga,13.93,75.18,Debris,Slide,2020,2020.0,1
KA/SHI/48O01/2020/95,Karnataka,Shimoga,13.93,75.15,Earth,Slide,2019,2019.0,1
KA/SHI/48O01/2020/10,Karnataka,Shimoga,13.94,75.21,Earth,Slide,2020,2020.0,1
KA/SHI/48K13/2020/101,Karnataka,Shimoga,13.95,74.85,Debris,Slide,2019,2019.0,1
KA/SHI/48O01/2020/78,Karnataka,Shimoga,13.95,75.1,Debris,Slide,2020,2020.0,1
KA/SHI/48O01/2020/84,Karnataka,Shimoga,13.95,75.08,Debris,Slide,2020,2020.0,1
KA/SHI/48O01/2020/56,Karnataka,Shimoga,13.96,75.15,Earth,Slide,2020,2020.0,1
KA/SHI/48O01/2020/72,Karnataka,Shimoga,13.96,75.26,Debris,Slide,2020,2020.0,1
KA/SHI/48O01/2020/85,Karnataka,Shimoga,13.96,75.07,Debris,Slide,2020,2020.0,1
KA/SHI/48O01/2020/55,Karnataka,Shimoga,13.97,75.15,Earth,Slide,2020,2020.0,1
KA/SHI/48O01/2020/57,Karnataka,Shimoga,13.97,75.15,Earth,Slide,2020,2020.0,1
KA/DAK/48K09/2020/5,Karnataka,Dakshin Kannad,13.98,74.72,Earth,Slide,2018,2018.0,1
KA/SHI/48O01/2020/58,Karnataka,Shimoga,13.98,75.14,Debris,Slide,2020,2020.0,1
KA/SHI/48O01/2020/80,Karnataka,Shimoga,13.98,75.09,Debris,Slide,2006,2006.0,1
KA/SHI/48O01/2020/81,Karnataka,Shimoga,13.98,75.06,Debris,Slide,2018,2018.0,1
KA/SHI/48O01/2020/83,Karnataka,Shimoga,13.98,75.05,Debris,Slide,2020,2020.0,1
KA/SHI/48O01/2020/79,Karnataka,Shimoga,13.99,75.11,Debris,Slide,2020,2020.0,1
KA/SHI/48O01/2020/82,Karnataka,Shimoga,13.99,75.03,Debris,Slide,2020,2020.0,1
KA/SHI/48N04/2020/1,Karnataka,Shimoga,14.06,75.04,Earth,Slide,2019,2019.0,1
KA/UTT/48J14/2020/37,Karnataka,Uttar Kannada,14.5,74.81,Debris,Slide,2020,2020.0,1
KA/UTT/48J14/2020/48,Karnataka,Uttar Kannada,14.5,74.77,Earth,Slide,2000,2000.0,1
KA/UTT/48J14/2020/24,Karnataka,Uttar Kannada,14.51,74.8,Earth,Slide,2019,2019.0,1
KA/UTT/48J14/2020/25,Karnataka,Uttar Kannada,14.51,74.8,Earth,Slide,2020,2020.0,1
KA/UTT/48J14/2020/32,Karnataka,Uttar Kannada,14.51,74.83,Earth,Slide,2020,2020.0,1
KA/UTT/48J14/2020/33,Karnataka,Uttar Kannada,14.51,74.84,Earth,Slide,2020,2020.0,1
KA/UTT/48J14/2020/34,Karnataka,Uttar Kannada,14.51,74.82,Debris,Slide,2020,2020.0,1
KA/UTT/48J14/2020/35,Karnataka,Uttar Kannada,14.51,74.82,Debris,Slide,2020,2020.0,1
KA/UTT/48J14/2020/36,Karnataka,Uttar Kannada,14.51,74.82,Earth,Slide,2019,2019.0,1
KA/UTT/48J14/2020/40,Karnataka,Uttar Kannada,14.51,74.81,Debris,Slide,2019,2019.0,1
KA/UTT/48J14/2020/41,Karnataka,Uttar Kannada,14.51,74.81,Debris,Slide,2019,2019.0,1
KA/UTT/48J14/2020/42,Karnataka,Uttar Kannada,14.51,74.81,Earth,Slide,2020,2020.0,1
KA/UTT/48J14/2020/43,Karnataka,Uttar Kannada,14.51,74.81,Earth,Slide,2020,2020.0,1
KA/UTT/48J14/2020/44,Karnataka,Uttar Kannada,14.51,74.82,Earth,Slide,2019,2019.0,1
KA/UTT/48J14/2020/45,Karnataka,Uttar Kannada,14.51,74.83,Earth,Slide,2019,2019.0,1
KA/UTT/48J14/2020/47,Karnataka,Uttar Kannada,14.51,74.81,Earth,Slide,2017,2017.0,1
KA/UTT/48J14/2020/49,Karnataka,Uttar Kannada,14.51,74.78,Earth,Slide,2019,2019.0,1
KA/UTT/48J14/2020/27,Karnataka,Uttar Kannada,14.52,74.79,Earth,Slide,2019,2019.0,1
KA/UTT/48J14/2020/38,Karnataka,Uttar Kannada,14.52,74.84,Debris,Slide,2017,2017.0,1
KA/UTT/48J14/2020/39,Karnataka,Uttar Kannada,14.52,74.84,Debris,Slide,2017,2017.0,1
KA/UTT/48J14/2020/53,Karnataka,Uttar Kannada,14.52,74.88,Debris,Slide,2019,2019.0,1
KA/UTT/48J14/2020/18,Karnataka,Uttar Kannada,14.53,74.8,Debris,Slide,2019,2019.0,1
KA/UTT/48J14/2020/64,Karnataka,Uttar Kannada,14.53,74.85,Earth,Slide,2019,2019.0,1
KA/UTT/48J14/2020/17,Karnataka,Uttar Kannada,14.54,74.8,Debris,Slide,2018,2018.0,1
KA/UTT/48J14/2020/19,Karnataka,Uttar Kannada,14.54,74.82,Earth,Slide,2019,2019.0,1
KA/UTT/48J14/2020/20,Karnataka,Uttar Kannada,14.54,74.82,Earth,Slide,2019,2019.0,1
KA/UTT/48J14/2020/21,Karnataka,Uttar Kannada,14.54,74.79,Earth,Slide,2019,2019.0,1
KA/UTT/48J14/2020/22,Karnataka,Uttar Kannada,14.54,74.79,Debris,Slide,2019,2019.0,1
KA/UTT/48J14/2020/61,Karnataka,Uttar Kannada,14.54,74.83,Debris,Slide,2019,2019.0,1
KA/UTT/48J14/2020/62,Karnataka,Uttar Kannada,14.54,74.84,Debris,Slide,2019,2019.0,1
KA/UTT/48J14/2020/3,Karnataka,Uttar Kannada,14.6,74.77,Earth,Slide,2019,2019.0,1
KA/UTT/48J14/2020/28,Karnataka,Uttar Kannada,14.63,74.91,Earth,Slide,2020,2020.0,1
KA/UTT/48J14/2020/29,Karnataka,Uttar Kannada,14.63,74.87,Debris,Slide,2019,2019.0,1
KA/UTT/48J14/2020/1,Karnataka,Uttar Kannada,14.64,74.8,Earth,Slide,2019,2019.0,1
KA/UTT/48J14/2020/2,Karnataka,Uttar Kannada,14.65,74.8,Earth,Slide,2019,2019.0,1
KA/UTT/48J14/2020/8,Karnataka,Uttar Kannada,14.66,74.83,Debris,Slide,2019,2019.0,1
KA/UTT/48J14/2020/11,Karnataka,Uttar Kannada,14.66,74.84,Earth,Slide,2020,2020.0,1
KA/UTT/48J14/2020/9,Karnataka,Uttar Kannada,14.67,74.85,Earth,Slide,2020,2020.0,1
KA/UTT/48J14/2020/10,Karnataka,Uttar Kannada,14.67,74.85,Earth,Slide,2020,2020.0,1
KA/UTT/48J14/2020/50,Karnataka,Uttar Kannada,14.67,74.85,Debris,Slide,2019,2019.0,1
KA/UTT/48J14/2020/12,Karnataka,Uttar Kannada,14.69,74.82,Debris,Slide,2019,2019.0,1
KA/UTT/48J14/2020/16,Karnataka,Uttar Kannada,14.69,74.9,Earth,Subsidence,2019,2019.0,1
KA/UTT/48J14/2020/31,Karnataka,Uttar Kannada,14.69,74.82,Debris,Slide,2019,2019.0,1
KA/UTT/48J14/2020/13,Karnataka,Uttar Kannada,14.7,74.82,Earth,Slide,2019,2019.0,1
KA/UTT/48J14/2020/14,Karnataka,Uttar Kannada,14.7,74.88,Earth,Slide,2019,2019.0,1
KA/UTT/48J14/2020/15,Karnataka,Uttar Kannada,14.7,74.88,Debris,Slide,2020,2020.0,1
KA/UTT/48J14/2020/51,Karnataka,Uttar Kannada,14.7,74.84,Earth,Slide,2019,2019.0,1
KA/UTT/48J14/2020/66,Karnataka,Uttar Kannada,14.7,74.91,Earth,Slide,2019,2019.0,1
KA/UTT/48J14/2020/30,Karnataka,Uttar Kannada,14.71,74.81,Debris,Slide,2019,2019.0,1
KA/UTT/48J14/2020/58,Karnataka,Uttar Kannada,14.71,74.84,Earth,Slide,2019,2019.0,1
KA/UTT/48J14/2020/5,Karnataka,Uttar Kannada,14.72,74.78,Debris,Slide,2019,2019.0,1
KA/UTT/48J14/2020/4,Karnataka,Uttar Kannada,14.73,74.75,Earth,Slide,2019,2019.0,1
KA/UTT/48J14/2020/7,Karnataka,Uttar Kannada,14.73,74.82,Debris,Slide,2019,2019.0,1
KA/UTT/48J14/2020/59,Karnataka,Uttar Kannada,14.73,74.88,Earth,Flow,2019,2019.0,1
KA/UTT/48J14/2020/6,Karnataka,Uttar Kannada,14.74,74.82,Earth,Slide,2019,2019.0,1
KA/UTT/48J14/2020/67,Karnataka,Uttar Kannada,14.75,74.86,Earth,Slide,2019,2019.0,1
KA/UTT/48J13/2020/1,Karnataka,Uttar Kannada,14.76,74.8,Earth,Slide,2019,2019.0,1
KA/UTT/48J13/2020/3,Karnataka,Uttar Kannada,14.76,74.81,Earth,Slide,2019,2019.0,1
KA/UTT/48J13/2020/4,Karnataka,Uttar Kannada,14.76,74.81,Earth,Slide,2019,2019.0,1
KA/UTT/48J13/2020/5,Karnataka,Uttar Kannada,14.77,74.81,Earth,Slide,2019,2019.0,1
KA/UTT/48J13/2020/6,Karnataka,Uttar Kannada,14.77,74.81,Earth,Slide,2019,2019.0,1
KA/UTT/48J13/2020/12,Karnataka,Uttar Kannada,14.77,74.83,Earth,Slide,2020,2020.0,1
KA/UTT/48J13/2020/13,Karnataka,Uttar Kannada,14.77,74.86,Earth,Slide,2020,2020.0,1
KA/UTT/48J13/2020/22,Karnataka,Uttar Kannada,14.77,74.82,Debris,Slide,2019,2019.0,1
KA/UTT/48J13/2020/23,Karnataka,Uttar Kannada,14.77,74.81,Earth,Slide,2019,2019.0,1
KA/UTT/48J13/2020/16,Karnataka,Uttar Kannada,14.78,74.84,Earth,Slide,2019,2019.0,1
KA/UTT/48J13/2020/25,Karnataka,Uttar Kannada,14.78,74.88,Debris,Slide,2019,2019.0,1
KA/UTT/48J13/2020/11,Karnataka,Uttar Kannada,14.79,74.95,Earth,Slide,2020,2020.0,1
KA/UTT/48J13/2020/7,Karnataka,Uttar Kannada,14.8,74.81,Debris,Slide,2019,2019.0,1
KA/UTT/48J13/2020/8,Karnataka,Uttar Kannada,14.8,74.81,Debris,Slide,2020,2020.0,1
KA/UTT/48J13/2020/18,Karnataka,Uttar Kannada,14.8,74.83,Debris,Slide,2020,2020.0,1
KA/UTT/48J13/2020/2,Karnataka,Uttar Kannada,14.81,74.81,Earth,Slide,2019,2019.0,1
KA/UTT/48J13/2020/9,Karnataka,Uttar Kannada,14.81,74.76,Debris,Slide,2019,2019.0,1
KA/UTT/48J13/2020/15,Karnataka,Uttar Kannada,14.82,74.81,Debris,Slide,2019,2019.0,1
KA/UTT/48J13/2020/17,Karnataka,Uttar Kannada,14.84,74.84,Debris,Slide,2019,2019.0,1
KA/UTT/48J13/2020/20,Karnataka,Uttar Kannada,14.85,74.83,Debris,Slide,2019,2019.0,1
KA/UTT/48J13/2020/21,Karnataka,Uttar Kannada,14.85,74.85,Debris,Slide,2019,2019.0,1
KA/UTT/48J13/2020/14,Karnataka,Uttar Kannada,14.88,74.76,Debris,Slide,2020,2020.0,1
KA/UTT/48J13/2020/19,Karnataka,Uttar Kannada,14.9,74.82,Debris,Slide,2019,2019.0,1
KA/UTT/48I12/2020/22,Karnataka,Uttar Kannada,15.0,74.65,Debris,Slide,2019,2019.0,1
KA/UTT/48I12/2020/16,Karnataka,Uttar Kannada,15.03,74.56,Earth,Creep,2019,2019.0,1
KA/UTT/48I12/2020/17,Karnataka,Uttar Kannada,15.04,74.55,Earth,Slide,2019,2019.0,1
KA/UTT/48I12/2020/21,Karnataka,Uttar Kannada,15.04,74.64,Debris,Slide,2019,2019.0,1
KA/UTT/48I12/2020/24,Karnataka,Uttar Kannada,15.04,74.64,Earth,Slide,2019,2019.0,1
KA/UTT/48I12/2020/23,Karnataka,Uttar Kannada,15.05,74.63,Debris,Slide,2019,2019.0,1
KA/UTT/48I12/2020/15,Karnataka,Uttar Kannada,15.06,74.55,Earth,Slide,2019,2019.0,1
KA/UTT/48I12/2020/7,Karnataka,Uttar Kannada,15.09,74.65,Debris,Flow,2019,2019.0,1
KA/UTT/48I12/2020/8,Karnataka,Uttar Kannada,15.09,74.65,Debris,Flow,2019,2019.0,1
KA/UTT/48I12/2020/14,Karnataka,Uttar Kannada,15.09,74.52,Debris,Slide,2019,2019.0,1
KA/UTT/48I12/2020/4,Karnataka,Uttar Kannada,15.1,74.65,Debris,Flow,2019,2019.0,1
KA/UTT/48I12/2020/5,Karnataka,Uttar Kannada,15.1,74.65,Debris,Flow,2019,2019.0,1
KA/UTT/48I12/2020/6,Karnataka,Uttar Kannada,15.1,74.65,Debris,Flow,2019,2019.0,1
KA/UTT/48I12/2020/3,Karnataka,Uttar Kannada,15.11,74.65,Debris,Flow,2019,2019.0,1
KA/UTT/48I12/2020/10,Karnataka,Uttar Kannada,15.11,74.65,Debris,Slide,2020,2020.0,1
KA/UTT/48I12/2020/1,Karnataka,Uttar Kannada,15.17,74.63,Debris,Slide,2020,2020.0,1
KA/UTT/48I12/2020/2,Karnataka,Uttar Kannada,15.17,74.63,Earth,Flow,2020,2020.0,1
KA/UTT/48I12/2020/18,Karnataka,Uttar Kannada,15.19,74.55,Debris,Slide,2019,2019.0,1
KA/UTT/48I12/2020/19,Karnataka,Uttar Kannada,15.22,74.54,Debris,Slide,2019,2019.0,1
KA/UTT/48I12/2020/20,Karnataka,Uttar Kannada,15.23,74.54,Debris,Slide,2019,2019.0,1
3220,Karnataka,Chikmagalur,13.403333,75.735917,Debris,Slide,25 July 2024,2024.0,1
3221,Karnataka,Chikmagalur,13.387861,75.727111,Debris,Slide,25 July 2024,2024.0,1
3213,Karnataka,Kodagu,12.50288889,75.8,Soil,Slide,2022,2022.0,1
3228,Karnataka,Chikmagalur,13.381445,75.713611,Debris,Slide,"2023, 2024",2023.0,1
3227,Karnataka,Kodagu,12.97333889,76.01831111,Soil,Subsidence,23 July 2024,2024.0,1
3363,Karnataka,Uttar Kannada,14.80989612,74.14158063,Debris,Slide,12 June 2025,2025.0,1
3353,Karnataka,Chikmagalur,13.1280464,75.5153175,Debris,Flow,09 August 2019,2019.0,1
3357,Karnataka,Chikmagalur,13.3004415,75.3054032,Debris,Complex,"January 2001, 09 August 2019",2001.0,1
3356,Karnataka,Chikmagalur,13.2497395,75.3692866,Debris,Complex,"January 2001, 09 August 2019",2001.0,1
3355,Karnataka,Chikmagalur,13.1485672,75.4586835,Debris,Flow,09 August 2019,2019.0,1
KA/DK/48P14/2024/03,Karnataka,Kodagu,12.5029,75.8,Soil,Slide,2022,2022.0,1
KA/Kodagu/48P11/2024/04,Karnataka,Kodagu,12.47756111,75.583875,Debris,Slide,16 July 2024 (7:30 am),2024.0,1
KA/Kodagu/48P11/2024/05,Karnataka,Kodagu,12.42337778,75.68185556,Debris,Slide,"2018, 08 August 2022",2018.0,1
KA/Kodagu/48P11/2024/06,Karnataka,Kodagu,12.4244,75.6786,Debris,Slide,06 July 2022,2022.0,1
KA/Kodagu/48A01/2024/07,Karnataka,Kodagu,11.97333889,76.01831111,Soil,subsidence,23 July 2024,2024.0,1
KA/Kodagu/48P12/2024/08,Karnataka,Kodagu,12.18142222,75.73915556,soil,Subsidence,"02 August 2024, 03 August 2024",2024.0,1
KA/DK/48L13/2024/01,Karnataka,Dakshin Kannad,12.93978611,74.93526667,Debris,Slide,31 July 2024,2024.0,1
KA/DK/48L13/2024/02,Karnataka,Dakshin Kannad,12.91175,74.848625,Debris,Slide,11 June 2024,2024.0,1
KA/DK/48P1/2024/05,Karnataka,Dakshina Kannada/Puttur,12.75933056,75.19792778,Debris,Slide,August 2024,2024.0,1
KA/DK/48P1/2024/06,Karnataka,Dakshina Kannada/Puttur,12.75165278,75.23003889,Debris,Slide,"2010, 02 August 2024",2010.0,1
KA/DK/48P1/2024/08,Karnataka,Dakshina Kannada/Puttur,12.80025833,75.24629167,soil,Slide,02 August 2024,2024.0,1
KA/DK/48P1/2024/9,Karnataka,Dakshina Kannada/Puttur,12.81395556,75.2177,soil,Slide,02 August 2024,2024.0,1
KA/DK/48L13/2024/01,Karnataka,Dakshin Kannad,12.92379167,74.9106,Debris,Slide,17 July 2024,2024.0,1
KA/Udupi/48K9/2024/1,Karnataka,Udupi,13.88385833,74.61844444,Debris,Slide,June 2024,2024.0,1
KA/Udupi/48K9/2024/4,Karnataka,Udupi,13.8719,74.6052,Debris,Slide,09 July 2024,2024.0,1
KA/Udupi/48K13/2024/5,Karnataka,Udupi,13.869075,74.81434444,Debris,Slide,04 July 2024,2024.0,1
KA/Udupi/48K15/2024/7,Karnataka,Udupi,13.439,74.96759167,Debris,Slide,August 2024,2024.0,1
KA/Udupi/48O4/2024/8,Karnataka,Udupi,13.22670278,75.13119722,Debris,Slide,30 July 2024,2024.0,1
KA/CKM/48O11/2024/02,Karnataka,Chikmagalur,13.40333333,75.73591667,Debris,Slide,25 July 2024,2024.0,1
KA/CKM/48O11/2024/05,Karnataka,Chikmagalur,13.38330556,75.70797222,Debris,Slide,31 July 2024,2024.0,1
KA/CKM/48O07/2024/06,Karnataka,Chikmagalur,13.36105556,75.35994444,Debris,Slide,16 July 2024,2024.0,1
KA/CKM/48O07/2024/08,Karnataka,Chikmagalur,13.33183333,75.337,Debris,Slide,29 July 2024,2024.0,1
KA/CKM/48O07/2024/11,Karnataka,Chikmagalur,13.31027778,75.38277778,Debris,Slide,16 July 2024,2024.0,1
KA/CKM/48O07/2024/12,Karnataka,Chikmagalur,13.332,75.38963889,Debris,Slide,16 July 2024,2024.0,1
KA/CKM/48O07/2024/13,Karnataka,Chikmagalur,13.33191667,75.38663889,Debris,Slide,17 July 2024,2024.0,1
KA/CKM/48O07/2024/15,Karnataka,Chikmagalur,13.43838889,75.25802778,Debris,Slide,15 July 2024,2024.0,1
KA/UK/48J01/2024/02,Karnataka,Uttar Kannada,14.782055,74.138237,Debris,Slide,July 2024,2024.0,1
KA/UK/48J01/2024/03,Karnataka,Uttar Kannada,14.782712,74.13883,Debris,Slide,July 2024,2024.0,1
KA/UK/48J01/2024/04,Karnataka,Uttar Kannada,14.783218,74.139477,Debris,Slide,2024,2024.0,1
KA/UK/48J01/2024/05,Karnataka,Uttar Kannada,14.78353,74.140167,Debris,Slide,2022,2022.0,1
KA/UK/48J01/2024/06,Karnataka,Uttar Kannada,14.783522,74.140903,Debris,Slide,3rd week of July 2024,2024.0,1
KA/UK/48J01/2024/07,Karnataka,Uttar Kannada,14.783217,74.141485,Debris,Slide,July 2024,2024.0,1
KA/UK/48J01/2024/10,Karnataka,Uttar Kannada,14.749197,74.248513,Debris,Slide,2024,2024.0,1
KA/UK/48J01/2024/12,Karnataka,Uttar Kannada,14.602864,74.362828,Debris,Slide,August 2023,2023.0,1
KA/UK/48J01/2024/13,Karnataka,Uttar Kannada,14.582058,74.381403,Debris,Slide,2024,2024.0,1
KA/UK/48J01/2024/14,Karnataka,Uttar Kannada,14.580318,74.38286,Earth,Slide,2024,2024.0,1
KA/UK/48J01/2024/15,Karnataka,Uttar Kannada,14.521306,75.409556,Earth,Slide,2024,2024.0,1
KA/UK/48J01/2024/16,Karnataka,Uttar Kannada,14.513155,74.411225,Debris,Flow,18 July 2024,2024.0,1
KA/UK/48J01/2024/17,Karnataka,Uttar Kannada,14.470933,74.439445,Debris,Slide,2024,2024.0,1
KA/UK/48J01/2024/19,Karnataka,Uttar Kannada,13.888483,74.61799,Earth,Slide,2024,2024.0,1
KA/UK/48J06/2024/01,Karnataka,Uttar Kannada,14.603554,74.371219,Debris,Flow,16 July 2024 (08:30 am),2024.0,1
KA/UK/48J06/2024/21,Karnataka,Uttar Kannada,14.539822,74.348515,Earth,Slide,15 July 2024,2024.0,1
KA/UK/48J06/2024/22,Karnataka,Uttar Kannada,14.539402,74.312368,Debris,Slide,16 July 2024,2024.0,1
KA/UK/48J06/2024/23,Karnataka,Uttar Kannada,14.553255,74.359167,Debris,Slide,16 July 2024,2024.0,1
KA/UK/48J06/2024/24,Karnataka,Uttar Kannada,14.604261,74.357595,Debris,Slide,July 2024,2024.0,1
KA/UK/48J06/2024/26,Karnataka,Uttar Kannada,14.546835,74.357823,Debris,Slide,16 July 2024,2024.0,1
KA/UK/48J10/2024/27,Karnataka,Uttar Kannada,14.590067,74.566353,Debris,Slide,19 July 2024,2024.0,1
KA/HAS/48P09/2024/01,Karnataka,Hassan,12.89692,75.732489,Debris,Slide,"16th July 2024, 31 July 2024",2024.0,1
KA/HAS/48P09/2024/03,Karnataka,Hassan,12.939405,75.73157,Debris,Slide,29 July 2024,2024.0,1
KA/HAS/48P09/2024/04,Karnataka,Hassan,12.941253,75.730908,Debris,Slide,July 2024,2024.0,1
KA/HAS/48P/13/2024/05,Karnataka,Hassan,12.92256,75.762242,Debris,Slide,July 2024,2024.0,1
KA/HAS/48P09/2024/05,Karnataka,Hassan,12.920003,75.747305,Debris,Slide,July 2024,2024.0,1
KA/HAS/48P09/2024/06,Karnataka,Hassan,12.909688,75.7372,Debris,Slide,July 2024,2024.0,1
7042,Karnataka,Uttar Kannada,14.302343,74.481493,Debris,Flow,04 July 2024,2024.0,1
6863,Karnataka,Kodagu,12.47957,75.713107,Debris,Flow,15 August 2018,2018.0,1
KA/HSN/48P13/2025/01,Karnataka,Hassan,12.92106944,75.75716944,Earth,Slide,24 June 2025,2025.0,1
KA/HSN/48P09/2025/03,Karnataka,Hassan,12.88729444,75.72225833,Debris,Slide,"23 June 2025, 15 July 2025",2025.0,1
KA/KOD/48P11/2025/06,Karnataka,Kodagu,12.438585,75.653973,Debris,Slide,12 August 2025,2025.0,1
KA/KOD/48P11/2025/07,Karnataka,Kodagu,12.407845,75.741754,Debris,Slide,"05 August 2025, 28 August 2025",2025.0,1
KA/KOD/48P11/2025/08,Karnataka,Kodagu-Virajpet,12.305793,75.689515,Debris,Slide,25 June 2025,2025.0,1
KA/KOD/48P14/2025/09,Karnataka,Kodagu-Somwarpet,12.598048,75.848994,Debris,Slide,2024,2024.0,1
KA/KOD/48P14/2025/12,Karnataka,Kodagu-Somwarpet,12.673322,75.792564,Rock,Slide,25 June 2025,2025.0,1
KA/KOD/48P14/2025/13,Karnataka,Kodagu-Somwarpet,12.673218,75.754767,Debris,Slide,27 June 2025,2025.0,1
KA/SHI/48K/13/2025/01,Karnataka,Shimoga,13.844363,74.97975,Debris,Slide,"2018, 31 July 2024, June 2025",2018.0,1
KA/SHI/48O03/2025/02,Karnataka,Shimoga,13.717658,74.993973,Debris,Slide,2025,2025.0,1
KA/SHI/48O02/2025/03,Karnataka,Shimoga,13.581925,75.157397,Debris,Slide,July 2025,2025.0,1
KA/DK/48P05/2025/06,Karnataka,Dakshin Kannad,12.762635,75.289625,Debris,Slide,31 May 2025,2025.0,1
KA/DK/48P05/2025/07,Karnataka,Dakshin Kannad,12.75297,75.274733,Debris,Slide,31 May 2025,2025.0,1
KA/DK/48P05/2025/08,Karnataka,Dakshin Kannad,12.773232,75.266805,Debris,Slide,28 May 2025,2025.0,1
KA/DK/48P05/2025/09,Karnataka,Dakshin Kannad,12.77705,75.262014,Debris,Slide,30 May 2025,2025.0,1
KA/DK/48P05/2025/011,Karnataka,Dakshin Kannad,12.758327,75.323195,Debris,Slide,30 May 2025,2025.0,1
KA/DK/48P01/2025/013,Karnataka,Dakshin Kannad,12.858407,75.226056,Debris,Slide,31 May 2025,2025.0,1
KA/DK/48P01/2025/014,Karnataka,Dakshin Kannad,12.858072,75.226282,Debris,Slide,31 May 2025,2025.0,1
KA/DK/48P01/2025/015,Karnataka,Dakshin Kannad,12.859678,75.226523,Debris,Slide,31 May 2025,2025.0,1
KA/DK/48P01/2025/016,Karnataka,Dakshin Kannad,12.860977,75.205525,Debris,Slide,31 May 2025,2025.0,1
KA/DK/48P01/2025/017,Karnataka,Dakshin Kannad,12.861881,75.193047,Debris,Slide,31 May 2025,2025.0,1
KA/DK/48P01/2025/018,Karnataka,Dakshin Kannad,12.850862,75.196607,Rock,Slide,30 May 2025,2025.0,1
KA/DK/48P01/2025/019,Karnataka,Dakshin Kannad,12.848973,75.209944,Debris,Slide,30 May 2025,2025.0,1
KA/DK/48P01/2025/020,Karnataka,Dakshin Kannad,12.850756,75.221026,Debris,Slide,30 May 2025,2025.0,1
KA/DK/48P01/2025/021,Karnataka,Dakshin Kannad,12.824032,75.199666,Debris,Slide,30 May 2025,2025.0,1
KA/UK/48J01/2025/07,Karnataka,Uttar Kannada,14.805966,74.135763,Earth,Slide,June 2025,2025.0,1
KA/UK/48J01/2025/11,Karnataka,Uttar Kannada,14.842847,74.176548,Debris,Slide,02 October 2009,2009.0,1
KA/UK/48J01/2025/12,Karnataka,Uttar Kannada,14.864471,74.210042,Debris,Flow,16 July 2024,2024.0,1
KA/UK/48J10/2025/13,Karnataka,Uttar Kannada-Kumta,14.520681,74.567583,Debris,Slide,"19 July 2019, 15 July 2025 (08:00 am)",2019.0,1
KA/UK/48J10/2025/14,Karnataka,Uttar Kannada-Kumta,14.520702,74.5679,Debris,Slide,13 July 2025 (10:00 pm),2025.0,1
KA/UK/48J10/2025/15,Karnataka,Uttar Kannada-Sirsi,14.522354,74.581418,Debris,Slide,15 July 2024 (11:00 pm),2024.0,1
KA/UK/48J07/2025/16,Karnataka,Uttar Kannada-Kumta,14.491747,74.497642,Earth,Slide,31 May 2025 (06:00 am),2025.0,1
KA/UK/48J07/2025/17,Karnataka,Uttar Kannada-Honnavar,14.279078,74.45657,Debris,Slide,05 July 2024,2024.0,1
KA/UK/48J12/2025/18,Karnataka,Uttar Kannada-Honnavar,14.241374,74.578467,Earth,Slide,12 July 2025,2025.0,1
KA/UK/48J06/2025/19,Karnataka,Uttar Kannada-Gokarna,14.539444,74.312306,Debris,Slide,16 July 2024,2024.0,1
KA/UK/48J06/2025/20,Karnataka,Uttar Kannada-Kumta,14.549817,74.348917,Earth,Slide,12 July 2025,2025.0,1
KA/UK/48K09/2025/21,Karnataka,Uttar Kannada-Batkal,13.986641,74.573588,Debris,Slide,2022,2022.0,1
KA/UK/48K09/2025/22,Karnataka,Uttar Kannada-Batkal,13.971211,74.532893,Earth,Slide,19 July 2024,2024.0,1
KA/UK/48J09/2025/23,Karnataka,Uttar Kannada-Ankola,14.79795,74.594996,Debris,Slide,"17 July 2024, 16 July 2025",2024.0,1
KA/CKM/48O08/2025/13,Karnataka,Chikmagalur,13.16028833,75.42628194,Debris,Slide,16 June 2025 (02.30 pm),2025.0,1
3209,Karnataka,Kodagu,12.51091667,75.81194444,Debris,,28 July 2024,2024.0,1
3367,Karnataka,Uttar Kannada,14.9025033,74.56196438,Soil,,15 June 2025,2025.0,1
3223,Karnataka,Kodagu,12.47756111,75.583875,Debris,Slide,16 July 2024 at 7.30 hrs,2024.0,1
KRL/TVN/58H02/2015/41,Kerala,Thiruvananthapuram,8.507778,77.189722,Debris,Slide,2001,2001.0,1
KRL/TVN/58H02/2015/17,Kerala,Thiruvananthapuram,8.507833,77.189,Debris,Creep,2001,2001.0,1
KRL/TVN/58H02/2015/20,Kerala,Thiruvananthapuram,8.508861,77.1575,Debris,Flow,2000,2000.0,1
KRL/TVN/58H02/2015/19,Kerala,Thiruvananthapuram,8.509833,77.169139,Rock cum Debris,Creep,2007,2007.0,1
KRL/TVN/58H02/2015/45,Kerala,Thiruvananthapuram,8.64294,77.0712,Rock,Slide,2016,2016.0,1
KRL/TVN/58H01/2015/18,Kerala,Thiruvananthapuram,8.758972,77.114917,Debris,Creep,2002,2002.0,1
KRL/TVN/58H01/2015/21,Kerala,Thiruvananthapuram,8.763333,77.109556,Debris,Slide,2010,2010.0,1
KRL/KOL/58H01/2015/33,Kerala,Kollam,8.842944,77.155417,Debris,Flow,2014,2014.0,1
KRL/KOL/58D13/2015/27,Kerala,Kollam,8.913889,76.988889,Debris,Slide,2006,2006.0,1
KRL/KOL/58H01/2015/26,Kerala,Kollam,8.951111,77.049444,Debris,Slide,2012,2012.0,1
KRL/KOL/58H01/2015/30,Kerala,Kollam,8.984111,77.131806,Debris,Slide,2014,2014.0,1
KER/ID/58G03/2019/40,Kerala,Pathanamthitta,9.31,77.1,Debris,Slide,2019,2019.0,1
KER/ID/58G03/2019/38,Kerala,Pathanamthitta,9.32,77.1,Debris,Slide,2019,2019.0,1
KER/ID/58G03/2019/39,Kerala,Pathanamthitta,9.32,77.1,Debris,Flow,2019,2019.0,1
KL/IDUK/58G02/2011/0066,Kerala,Idukki,9.5725,77.09172,Debris,Slide,2011,2011.0,1
KER/IDUK/53G02/2010/0004,Kerala,Idukki,9.7005,77.1069,Rock cum Debris,Slide and flow,27 October 2010,2010.0,1
KER/IDUK/53G02/2010/0005,Kerala,Idukki,9.7015,77.1066,Rock cum Debris,Slide and flow,27 October 2010,2010.0,1
KER/IDUK/58C14/2007/0022,Kerala,Idukki,9.7386,76.8754,Debris,Avalanche,31 July 2005,2005.0,1
KER/IDUK/58C14/2007/0021,Kerala,Idukki,9.7409,76.8724,Debris,Slide,22 June 2007,2007.0,1
KER/ID/58G03/2019/41,Kerala,Idukki,9.81,76.88,Debris,Slide,2019,2019.0,1
KER/IDUK/53C13/2010/0003,Kerala,Idukki,9.8116,76.8508,Debris,Subsidence,27 October 2010,2010.0,1
KER/IDUK/53C13/2010/0001,Kerala,Idukki,9.8222,76.8433,Rock cum Debris,Slide,27 October 2010,2010.0,1
KER/IDUK/53C13/2010/0002,Kerala,Idukki,9.823,76.8397,Debris,Slide,27 October 2010,2010.0,1
KER/IDUK/58C13/2007/0025,Kerala,Idukki,9.9344,76.9811,Debris,Avalanche,01 July 2007 (07:40 hrs),2007.0,1
KER/IDUK/58C13/2007/0026,Kerala,Idukki,9.9352,76.9791,Debris,Avalanche,01 July 2007 (07:40 hrs),2007.0,1
KER/IDUK/58G01/2007/0028,Kerala,Idukki,9.952,77.0521,Debris,Avalanche,01 July 2007 (03:50 hrs),2007.0,1
KL/IDUK/58G01/2011/0065,Kerala,Idukki,9.96775,77.02686,Debris,Slide,2011,2011.0,1
KL/IDU/58B16/2019/407,Kerala,Idukki,10.0,76.99,Debris,Slide,2018,2018.0,1
KL/IDU/58B16/2019/408,Kerala,Idukki,10.0,76.99,Debris,Slide,2018,2018.0,1
KL/IDU/58F04/2019/526,Kerala,Idukki,10.0,77.22,Debris,Slide,2018,2018.0,1
KL/IDU/58F04/2019/591,Kerala,Idukki,10.0,77.02,Debris,Slide,2018,2018.0,1
KL/IDU/58F04/2019/593,Kerala,Idukki,10.0,77.05,Debris,Slide,2018,2018.0,1
KL/IDU/58B16/2019/409,Kerala,Idukki,10.01,76.98,Debris,Slide,2008,2008.0,1
KL/IDU/58B16/2019/410,Kerala,Idukki,10.01,76.98,Debris,Slide,2018,2018.0,1
KL/IDU/58B16/2019/424,Kerala,Idukki,10.01,76.93,Debris,Slide,2019,2019.0,1
KL/IDU/58B16/2019/425,Kerala,Idukki,10.01,76.92,Debris,Slide,2019,2019.0,1
KL/IDU/58B16/2019/426,Kerala,Idukki,10.01,76.95,Debris,Slide,2016,2016.0,1
KL/IDU/58B16/2019/428,Kerala,Idukki,10.01,76.96,Debris,Slide,2018,2018.0,1
KL/IDU/58B16/2019/429,Kerala,Idukki,10.01,76.96,Debris,Slide,2018,2018.0,1
KL/IDU/58B16/2019/430,Kerala,Idukki,10.01,76.96,Debris,Slide,2018,2018.0,1
KL/IDU/58B16/2019/432,Kerala,Idukki,10.01,76.96,Debris,Slide,2018,2018.0,1
KL/IDU/58F04/2019/511,Kerala,Idukki,10.01,77.09,Debris,Slide,2018,2018.0,1
KL/IDU/58F04/2019/520,Kerala,Idukki,10.01,77.16,Debris,Slide,2018,2018.0,1
KL/IDU/58F04/2019/589,Kerala,Idukki,10.01,77.01,Debris,Slide,2019,2019.0,1
KL/IDU/58F04/2019/590,Kerala,Idukki,10.01,77.01,Debris,Slide,2018,2018.0,1
KL/IDU/58F04/2019/592,Kerala,Idukki,10.01,77.03,Debris,Slide,2018,2018.0,1
KL/IDU/58B16/2019/399,Kerala,Idukki,10.02,76.96,Debris,Slide,2018,2018.0,1
KL/IDU/58B16/2019/400,Kerala,Idukki,10.02,76.96,Debris,Slide,2018,2018.0,1
KL/IDU/58B16/2019/401,Kerala,Idukki,10.02,76.97,Debris,Slide,2019,2019.0,1
KL/IDU/58B16/2019/402,Kerala,Idukki,10.02,76.98,Debris,Slide,2018,2018.0,1
KL/IDU/58B16/2019/418,Kerala,Idukki,10.02,76.96,Debris,Slide,2018,2018.0,1
KL/IDU/58B16/2019/444,Kerala,Idukki,10.02,76.93,Debris,Slide,2018,2018.0,1
KL/IDU/58B16/2019/458,Kerala,Idukki,10.02,76.91,Debris,Slide,2018,2018.0,1
KL/IDU/58B16/2019/459,Kerala,Idukki,10.02,76.89,Debris,Slide,2018,2018.0,1
KL/IDU/58B16/2019/466,Kerala,Idukki,10.02,76.94,Debris,Slide,2018,2018.0,1
KL/IDU/58B16/2019/467,Kerala,Idukki,10.02,76.94,Debris,Slide,2018,2018.0,1
KL/IDU/58F08/2019/529,Kerala,Idukki,10.02,77.25,Debris,Slide,2019,2019.0,1
KL/IDU/58F04/2019/540,Kerala,Idukki,10.02,77.18,Debris,Slide,2019,2019.0,1
KER/IDUK/58F04/2007/0029,Kerala,Idukki,10.0262,77.0635,Debris,Avalanche,01 July 2007 (04:30 hrs),2007.0,1
KL/IDU/58B16/2019/403,Kerala,Idukki,10.03,76.98,Debris,Slide,2018,2018.0,1
KL/IDU/58B16/2019/404,Kerala,Idukki,10.03,77.0,Debris,Slide,2018,2018.0,1
KL/IDU/58B16/2019/419,Kerala,Idukki,10.03,76.94,Debris,Slide,2018,2018.0,1
KL/IDU/58B16/2019/435,Kerala,Idukki,10.03,76.97,Debris,Slide,2018,2018.0,1
KL/IDU/58B16/2019/436,Kerala,Idukki,10.03,76.97,Debris,Slide,2018,2018.0,1
KL/IDU/58B16/2019/445,Kerala,Idukki,10.03,76.93,Debris,Slide,2018,2018.0,1
KL/IDU/58B16/2019/453,Kerala,Idukki,10.03,76.92,Debris,Slide,2018,2018.0,1
KL/IDU/58F04/2019/390,Kerala,Idukki,10.04,77.04,Debris,Slide,2019,2019.0,1
KL/IDU/58F04/2019/392,Kerala,Idukki,10.04,77.03,Debris,Flow,2019,2019.0,1
KL/IDU/58F04/2019/393,Kerala,Idukki,10.04,77.03,Debris,Slide,2019,2019.0,1
KL/IDU/58F04/2019/395,Kerala,Idukki,10.04,77.03,Debris,Slide,2018,2018.0,1
KL/IDU/58F04/2019/396,Kerala,Idukki,10.04,77.02,Debris,Slide,2018,2018.0,1
KL/IDU/58F04/2019/397,Kerala,Idukki,10.04,77.02,Debris,Slide,2018,2018.0,1
KL/IDU/58F04/2019/398,Kerala,Idukki,10.04,77.01,Debris,Slide,2018,2018.0,1
KL/IDU/58B16/2019/421,Kerala,Idukki,10.04,76.95,Debris,Slide,2018,2018.0,1
KL/IDU/58B16/2019/422,Kerala,Idukki,10.04,76.95,Debris,Slide,2018,2018.0,1
KL/IDU/58B16/2019/423,Kerala,Idukki,10.04,76.95,Debris,Slide,2018,2018.0,1
KL/IDU/58B16/2019/433,Kerala,Idukki,10.04,76.99,Debris,Flow,2018,2018.0,1
KL/IDU/58B16/2019/434,Kerala,Idukki,10.04,76.99,Debris,Slide,2018,2018.0,1
KL/IDU/58F04/2019/508,Kerala,Idukki,10.04,77.11,Debris,Slide,2019,2019.0,1
KL/IDU/58F04/2019/509,Kerala,Idukki,10.04,77.12,Debris,Slide,2019,2019.0,1
KL/IDU/58F04/2019/780,Kerala,Idukki,10.04,77.04,Debris,Flow,2018,2018.0,1
KL/IDU/58F04/2019/386,Kerala,Idukki,10.05,77.05,Debris,Flow,2018,2018.0,1
KL/IDU/58F04/2019/388,Kerala,Idukki,10.05,77.05,Debris,Slide,2019,2019.0,1
KL/IDU/58F04/2019/389,Kerala,Idukki,10.05,77.05,Debris,Slide,2018,2018.0,1
KL/IDU/58B16/2019/437,Kerala,Idukki,10.05,76.96,Debris,Slide,2019,2019.0,1
KL/IDU/58B16/2019/438,Kerala,Idukki,10.05,76.95,Debris,Slide,2018,2018.0,1
KL/IDU/58B16/2019/446,Kerala,Idukki,10.05,76.94,Debris,Slide,2018,2018.0,1
KL/IDU/58B16/2019/475,Kerala,Idukki,10.05,76.87,Debris,Slide,2018,2018.0,1
KL/IDU/58B16/2019/440,Kerala,Idukki,10.06,76.96,Debris,Slide,2018,2018.0,1
KL/IDU/58B16/2019/441,Kerala,Idukki,10.06,76.96,Debris,Slide,2018,2018.0,1
KL/IDU/58B16/2019/447,Kerala,Idukki,10.06,76.94,Debris,Slide,2018,2018.0,1
KL/IDU/58B16/2019/448,Kerala,Idukki,10.06,76.94,Rock,Slide,2018,2018.0,1
KL/IDU/58B16/2019/449,Kerala,Idukki,10.06,76.96,Debris,Slide,2018,2018.0,1
KL/IDU/58B16/2019/451,Kerala,Idukki,10.06,76.96,Debris,Slide,2019,2019.0,1
KL/IDU/58B16/2019/452,Kerala,Idukki,10.06,76.96,Debris,Slide,2018,2018.0,1
KL/IDU/58B16/2019/486,Kerala,Idukki,10.06,77.0,Debris,Slide,2019,2019.0,1
KL/IDU/58F04/2019/488,Kerala,Idukki,10.06,77.01,Debris,Slide,2018,2018.0,1
KL/IDU/58F04/2019/489,Kerala,Idukki,10.06,77.01,Debris,Slide,2018,2018.0,1
KL/IDU/58F04/2019/490,Kerala,Idukki,10.06,77.01,Debris,Slide,2019,2019.0,1
KL/IDU/58F04/2019/491,Kerala,Idukki,10.06,77.01,Debris,Slide,2019,2019.0,1
KL/IDU/58F04/2019/492,Kerala,Idukki,10.06,77.02,Debris,Slide,2018,2018.0,1
KL/IDU/58F04/2019/493,Kerala,Idukki,10.06,77.03,Debris,Slide,2019,2019.0,1
KL/IDU/58F04/2019/495,Kerala,Idukki,10.06,77.04,Debris,Flow,2019,2019.0,1
KL/IDU/58F04/2019/496,Kerala,Idukki,10.06,77.04,Debris,Slide,2019,2019.0,1
KL/IDU/58F04/2019/497,Kerala,Idukki,10.06,77.04,Debris,Slide,2019,2019.0,1
KL/IDU/58F04/2019/624,Kerala,Idukki,10.06,77.13,Debris,Slide,2018,2018.0,1
KL/IDU/58F04/2019/779,Kerala,Idukki,10.06,77.07,Debris,Flow,2019,2019.0,1
KL/IDU/58F04/2019/357,Kerala,Idukki,10.07,77.04,Debris,Slide,2019,2019.0,1
KL/IDU/58B16/2019/442,Kerala,Idukki,10.07,76.96,Debris,Slide,2018,2018.0,1
KL/IDU/58B16/2019/482,Kerala,Idukki,10.07,76.99,Debris,Slide,2018,2018.0,1
KL/IDU/58B16/2019/484,Kerala,Idukki,10.07,76.99,Debris,Slide,2019,2019.0,1
KL/IDU/58B16/2019/485,Kerala,Idukki,10.07,76.99,Debris,Slide,2019,2019.0,1
KL/IDU/58F04/2019/487,Kerala,Idukki,10.07,77.01,Debris,Slide,2019,2019.0,1
KL/IDU/58F04/2019/498,Kerala,Idukki,10.07,77.04,Debris,Slide,2019,2019.0,1
KL/IDU/58F04/2019/500,Kerala,Idukki,10.07,77.05,Debris,Slide,2019,2019.0,1
KL/IDU/58F04/2019/501,Kerala,Idukki,10.07,77.05,Debris,Flow,2019,2019.0,1
KL/IDU/58F04/2019/778,Kerala,Idukki,10.07,77.07,Debris,Slide,2018,2018.0,1
KL/IDU/58B16/2019/443,Kerala,Idukki,10.08,76.96,Debris,Slide,2019,2019.0,1
KL/IDU/58B16/2019/478,Kerala,Idukki,10.08,76.96,Debris,Slide,2018,2018.0,1
KL/IDU/58B16/2019/479,Kerala,Idukki,10.08,76.96,Debris,Slide,2018,2018.0,1
KL/IDU/58B16/2019/480,Kerala,Idukki,10.08,76.96,Debris,Slide,2018,2018.0,1
KL/IDU/58B16/2019/481,Kerala,Idukki,10.08,76.97,Debris,Flow,2018,2018.0,1
KL/IDU/58F04/2019/647,Kerala,Idukki,10.08,77.18,Debris,Slide,2019,2019.0,1
KL/IDU/58F04/2019/764,Kerala,Idukki,10.08,77.05,Earth,Subsidence,2018,2018.0,1
KL/IDU/58F04/2019/765,Kerala,Idukki,10.08,77.05,Debris,Flow,2019,2019.0,1
KL/IDU/58F04/2019/512,Kerala,Idukki,10.09,77.06,Debris,Slide,2019,2019.0,1
KL/IDU/58F04/2019/514,Kerala,Idukki,10.09,77.09,Debris,Slide,2018,2018.0,1
KL/IDU/58F04/2019/596,Kerala,Idukki,10.09,77.0,Debris,Slide,2019,2019.0,1
KL/IDU/58F04/2019/781,Kerala,Idukki,10.09,77.05,Debris,Slide,2019,2019.0,1
KL/EKM/58B16/2019/476,Kerala,Ernakulam,10.1,76.8,Debris,Slide,2019,2019.0,1
KL/IDU/58B16/2019/503,Kerala,Idukki,10.1,76.93,Debris,Flow,2019,2019.0,1
KL/IDU/58B16/2019/504,Kerala,Idukki,10.1,76.93,Debris,Slide,2019,2019.0,1
KL/IDU/58F04/2019/582,Kerala,Idukki,10.1,77.16,Debris,Flow,2019,2019.0,1
KL/IDU/58F04/2019/583,Kerala,Idukki,10.1,77.16,Debris,Slide,2019,2019.0,1
KL/IDU/58F04/2019/681,Kerala,Idukki,10.1,77.07,Debris,Slide,2019,2019.0,1
KL/IDU/58B16/2019/339,Kerala,Idukki,10.11,76.93,Debris,Slide,2018,2018.0,1
KL/IDU/58B16/2019/340,Kerala,Idukki,10.11,76.93,Debris,Slide,2019,2019.0,1
KL/EKM/58B16/2019/477,Kerala,Ernakulam,10.11,76.8,Debris,Slide,2018,2018.0,1
KL/IDU/58F04/2019/578,Kerala,Idukki,10.11,77.14,Debris,Slide,2019,2019.0,1
KL/IDU/58F04/2019/635,Kerala,Idukki,10.11,77.04,Debris,Slide,2019,2019.0,1
KL/IDU/58B16/2019/341,Kerala,Idukki,10.12,76.93,Debris,Slide,2019,2019.0,1
KL/IDU/58F04/2019/568,Kerala,Idukki,10.12,77.16,Debris,Slide,2018,2018.0,1
KL/IDU/58F04/2019/569,Kerala,Idukki,10.12,77.16,Debris,Slide,2018,2018.0,1
KL/IDU/58F04/2019/573,Kerala,Idukki,10.12,77.17,Debris,Flow,2019,2019.0,1
KL/IDU/58F04/2019/574,Kerala,Idukki,10.12,77.16,Debris,Slide,2018,2018.0,1
KL/IDU/58F04/2019/671,Kerala,Idukki,10.12,77.16,Debris,Slide,2019,2019.0,1
KL/IDU/58F04/2019/752,Kerala,Idukki,10.12,77.13,Debris,Slide,2019,2019.0,1
KL/IDU/58B16/2019/342,Kerala,Idukki,10.13,76.93,Debris,Slide,2019,2019.0,1
KL/IDU/58F04/2019/649,Kerala,Idukki,10.13,77.05,Debris,Slide,2019,2019.0,1
KL/IDU/58F04/2019/651,Kerala,Idukki,10.13,77.04,Debris,Slide,2019,2019.0,1
KL/IDU/58F04/2019/672,Kerala,Idukki,10.13,77.17,Debris,Slide,2019,2019.0,1
KL/IDU/58F04/2019/673,Kerala,Idukki,10.13,77.15,Debris,Slide,2019,2019.0,1
KL/IDU/58F04/2019/674,Kerala,Idukki,10.13,77.17,Debris,Slide,2019,2019.0,1
KL/IDU/58F04/2019/679,Kerala,Idukki,10.13,77.24,Debris,Slide,2019,2019.0,1
KL/IDU/58F04/2019/741,Kerala,Idukki,10.13,77.1,Debris,Slide,2018,2018.0,1
KL/IDU/58B16/2019/343,Kerala,Idukki,10.14,76.92,Debris,Slide,2019,2019.0,1
KL/IDU/58B16/2019/344,Kerala,Idukki,10.14,76.94,Debris,Slide,2019,2019.0,1
KL/IDU/58F04/2019/653,Kerala,Idukki,10.14,77.04,Debris,Slide,2018,2018.0,1
KL/IDU/58F04/2019/675,Kerala,Idukki,10.14,77.18,Debris,Slide,2019,2019.0,1
KL/IDU/58F04/2019/676,Kerala,Idukki,10.14,77.18,Debris,Slide,2019,2019.0,1
KL/IDU/58F04/2019/677,Kerala,Idukki,10.14,77.19,Debris,Slide,2019,2019.0,1
KL/IDU/58F04/2019/678,Kerala,Idukki,10.14,77.19,Debris,Slide,2019,2019.0,1
KL/IDU/58F04/2019/735,Kerala,Idukki,10.14,77.07,Debris,Slide,2019,2019.0,1
KL/IDU/58F04/2019/736,Kerala,Idukki,10.14,77.07,Debris,Slide,2018,2018.0,1
KL/IDU/58F04/2019/766,Kerala,Idukki,10.14,77.1,Earth,Subsidence,2019,2019.0,1
KL/IDU/58B16/2019/774,Kerala,Idukki,10.14,76.96,Earth,Slump,2018,2018.0,1
KL/IDU/58F04/2019/660,Kerala,Idukki,10.15,77.06,Debris,Slide,2019,2019.0,1
KL/IDU/58F04/2019/691,Kerala,Idukki,10.15,77.07,Debris,Slide,2019,2019.0,1
KL/IDU/58F04/2019/692,Kerala,Idukki,10.15,77.08,Debris,Slide,2019,2019.0,1
KL/IDU/58F04/2019/737,Kerala,Idukki,10.15,77.08,Debris,Slide,2018,2018.0,1
KL/IDU/58F04/2019/738,Kerala,Idukki,10.15,77.06,Debris,Slide,2018,2018.0,1
KL/IDU/58F04/2019/767,Kerala,Idukki,10.15,77.11,Debris,Slide,2019,2019.0,1
KL/IDU/58B16/2019/352,Kerala,Idukki,10.16,76.91,Debris,Slide,2019,2019.0,1
KL/IDU/58F04/2019/768,Kerala,Idukki,10.16,77.11,Debris,Slide,2019,2019.0,1
KL/IDU/58F04/2019/769,Kerala,Idukki,10.16,77.11,Debris,Slide,2010,2010.0,1
KL/IDU/58F04/2019/770,Kerala,Idukki,10.16,77.1,Debris,Slide,2019,2019.0,1
KL/IDU/58F04/2019/763,Kerala,Idukki,10.18,77.12,Earth,Subsidence,2018,2018.0,1
KL/IDU/58B16/2019/748,Kerala,Ernakulam,10.19,76.97,Debris,Slide,2019,2019.0,1
KL/IDU/58F04/2019/712,Kerala,Idukki,10.2,77.25,Debris,Slide,2019,2019.0,1
KL/IDU/58F04/2019/586,Kerala,Idukki,10.23,77.2,Debris,Slide,2019,2019.0,1
KL/IDU/58F04/2019/585,Kerala,Idukki,10.25,77.21,Debris,Slide,2019,2019.0,1
KER/PALA/58B11/2007/0031,Kerala,Palakkad,10.4808,76.5356,Debris,Avalanche,16 July 2007 (02:30 hrs),2007.0,1
KER/PALA/58B11/2007/0030,Kerala,Palakkad,10.4813,76.5261,Debris,Avalanche,16 July 2007 (02:30 hrs),2007.0,1
KER/PALA/58B11/2007/0032,Kerala,Palakkad,10.483,76.5286,Debris,Avalanche,16 July 2007 (02:30 hrs),2007.0,1
KER/PALA/58B11/2007/0034,Kerala,Palakkad,10.493,76.5618,Debris,Avalanche,16 July 2007 (01:30 hrs),2007.0,1
KER/PALA/58B10/2007/0041,Kerala,Palakkad,10.5248,76.6413,Debris,Flow,16 July 2007,2007.0,1
KER/PALA/58B10/2007/0042,Kerala,Palakkad,10.5249,76.6414,Debris,Flow,16 July 2007,2007.0,1
KER/PALA/58B10/2007/0040,Kerala,Palakkad,10.5252,76.6391,Debris,Slide,16 July 2007,2007.0,1
KER/PALA/58B10/2007/0043,Kerala,Palakkad,10.5259,76.6566,Debris,Slide,16 July 2007,2007.0,1
KER/PALA/58B10/2007/0045,Kerala,Palakkad,10.527,76.6603,Debris,Avalanche,16 July 2007,2007.0,1
KER/PALA/58B10/2007/0044,Kerala,Palakkad,10.528,76.6587,Debris,Slide,16 July 2007,2007.0,1
KER/PALA/58B10/2007/0046,Kerala,Palakkad,10.528,76.6675,Debris,Slide,16 July 2007,2007.0,1
KER/PALA/58B10/2007/0035,Kerala,Palakkad,10.5481,76.5671,Debris,Slide,16 July 2007 (23:50 hrs),2007.0,1
KER/KOZH/58B10/2007/0036,Kerala,Kozhikode,10.5483,76.5622,Debris,Flow,16 July 2007 (01:30 hrs),2007.0,1
KER/PALA/58B10/2007/0037,Kerala,Palakkad,10.5494,76.5612,Debris,Flow,16 July 2007 (12:30 hrs),2007.0,1
KER/PALA/58B10/2007/0038,Kerala,Palakkad,10.553,76.5578,Debris,Flow,16 July 2007 (11:50 hrs),2007.0,1
KER/PALA/58B10/2007/0047,Kerala,Palakkad,10.5641,76.6729,Debris,Flow,16 July 2007 (11:50 hrs),2007.0,1
KER/MALA/58A04/2007/0011,Kerala,Malappuram,10.8505,76.2711,Debris,Slide,"1956, 1994, 17 July 2007",2007.0,1
KER/MALA/58B05/2007/0017,Kerala,Malappuram,10.8508,76.2712,Debris,Slide,2007,2007.0,1
KRL/PAL/58B09/2016/73,Kerala,Palakkad,10.864489,76.604869,Rock cum Debris,Flow,2006,2006.0,1
KRL/PAL/58B09/2016/72,Kerala,Palakkad,10.868686,76.619767,Debris,Flow,2003,2003.0,1
KRL/PAL/58B09/2016/68,Kerala,Palakkad,10.975989,76.572928,Debris,Slide,2014,2014.0,1
KER/MALA/58A04/2007/0014,Kerala,Malappuram,11.0008,76.2455,Debris,Slide,17 July 2007 (02:00 hrs),2007.0,1
KRL/PAL/58A12/2016/13,Kerala,Palakkad,11.028469,76.604719,Debris,Slide,2012,2012.0,1
KRL/PAL/58A12/2016/58,Kerala,Palakkad,11.032022,76.657136,Debris,Slide,2009,2009.0,1
KRL/PAL/58A12/2016/55,Kerala,Palakkad,11.033667,76.656164,Debris,Slide,2009,2009.0,1
KRL/PAL/58A12/2016/53,Kerala,Palakkad,11.043378,76.639231,Debris,Slide,2009,2009.0,1
KRL/PAL/58A12/2016/09,Kerala,Palakkad,11.046744,76.583922,Debris cum earth,Slide,2012,2012.0,1
KRL/PAL/58A12/2016/10,Kerala,Palakkad,11.047383,76.596222,Earth,Slide,2012,2012.0,1
KRL/PAL/58A12/2016/08,Kerala,Palakkad,11.054544,76.686006,Earth,Slide,2015,2015.0,1
KRL/PAL/58A12/2016/24,Kerala,Palakkad,11.055747,76.548056,Earth,Slide,2006,2006.0,1
KRL/PAL/58A12/2016/23,Kerala,Palakkad,11.062219,76.551442,Rock cum Debris,Slide,2006,2006.0,1
KRL/PAL/58A12/2016/80,Kerala,Palakkad,11.066278,76.652389,Debris,Flow,2015,2015.0,1
KRL/PAL/58A12/2016/81,Kerala,Palakkad,11.067167,76.653944,Debris,Slide,2015,2015.0,1
KRL/PAL/58A12/2016/82,Kerala,Palakkad,11.067333,76.654139,Debris,Slide,2015,2015.0,1
KRL/PAL/58A12/2016/35,Kerala,Palakkad,11.067875,76.599547,Debris,Subsidence,2011,2011.0,1
KRL/PAL/58A12/2016/83,Kerala,Palakkad,11.069694,76.653333,Debris,Flow,2015,2015.0,1
KRL/PAL/58A12/2016/84,Kerala,Palakkad,11.069944,76.653567,Debris,Flow,2015,2015.0,1
KRL/PAL/58A12/2016/94,Kerala,Palakkad,11.070167,76.641556,Debris,Flow,2015,2015.0,1
KRL/PAL/58A12/2016/85,Kerala,Palakkad,11.070222,76.653306,Debris,Flow,2015,2015.0,1
KRL/PAL/58A12/2016/95,Kerala,Palakkad,11.07025,76.642528,Debris,Slide,2015,2015.0,1
KRL/PAL/58A12/2016/96,Kerala,Palakkad,11.070667,76.641389,Debris,Slide,2015,2015.0,1
KRL/PAL/58A12/2016/97,Kerala,Palakkad,11.070917,76.641583,Debris,Slide,2015,2015.0,1
KRL/PAL/58A12/2016/86,Kerala,Palakkad,11.071944,76.655056,Debris,Slide,2015,2015.0,1
KRL/PAL/58A12/2016/98,Kerala,Palakkad,11.072083,76.640861,Debris,Slide,2015,2015.0,1
KER/MALA/58A04/2007/0010,Kerala,Malappuram,11.0747,75.9013,Debris,Avalanche,17 July 2007 (02:00 hrs),2007.0,1
KRL/PAL/58B09/2016/105,Kerala,Palakkad,11.0755,76.640972,Debris,Slide,2015,2015.0,1
KRL/PAL/58B09/2016/102,Kerala,Palakkad,11.075972,76.641972,Debris,Slide,2015,2015.0,1
KRL/PAL/58A12/2016/99,Kerala,Palakkad,11.076028,76.643944,Debris,Slide,2015,2015.0,1
KRL/PAL/58B09/2016/103,Kerala,Palakkad,11.076167,76.641472,Debris,Slide,2015,2015.0,1
KRL/PAL/58A12/2016/101,Kerala,Palakkad,11.076194,76.642111,Debris,Slide,2015,2015.0,1
KRL/PAL/58A12/2016/100,Kerala,Palakkad,11.076278,76.642083,Debris,Flow,2015,2015.0,1
KRL/PAL/58B09/2016/104,Kerala,Palakkad,11.076611,76.641167,Debris,Slide,2015,2015.0,1
KRL/PAL/58B09/2016/107,Kerala,Palakkad,11.077222,76.639056,Debris,Flow,2015,2015.0,1
KRL/PAL/58A12/2016/87,Kerala,Palakkad,11.077361,76.659667,Debris,Flow,2015,2015.0,1
KRL/PAL/58A08/2016/106,Kerala,Palakkad,11.077833,76.639,Debris,Slide,2015,2015.0,1
KRL/PAL/58B09/2016/108,Kerala,Palakkad,11.077833,76.640694,Debris,Slide,2015,2015.0,1
KRL/PAL/58A12/2016/109,Kerala,Palakkad,11.078111,76.644222,Debris,Slide,2015,2015.0,1
KRL/PAL/58B09/2016/110,Kerala,Palakkad,11.078111,76.641556,Debris,Flow,2015,2015.0,1
KRL/PAL/58B09/2016/111,Kerala,Palakkad,11.078167,76.641944,Debris,Slide,2015,2015.0,1
KRL/PAL/58A12/2016/88,Kerala,Palakkad,11.078278,76.661444,Debris,Slide,2015,2015.0,1
KRL/PAL/58B09/2016/112,Kerala,Palakkad,11.079833,76.642833,Debris,Slide,2015,2015.0,1
KRL/PAL/58A12/2016/89,Kerala,Palakkad,11.081056,76.662917,Debris,Slide,2015,2015.0,1
KRL/PAL/58B09/2016/113,Kerala,Palakkad,11.081139,76.644806,Debris,Slide,2015,2015.0,1
KRL/PAL/58A12/2016/90,Kerala,Palakkad,11.082806,76.663083,Debris,Slide,2015,2015.0,1
KRL/PAL/58B09/2016/114,Kerala,Palakkad,11.084028,76.647694,Debris,Flow,2015,2015.0,1
KRL/PAL/58A12/2016/17,Kerala,Palakkad,11.123769,76.551275,Rock cum Debris,Slide,2010,2010.0,1
KRL/PAL/58A12/2016/27,Kerala,Palakkad,11.134228,76.527867,Earth,Slide,2016,2016.0,1
KER/MALA/49M16/2007/0009,Kerala,Malappuram,11.1501,75.9666,Debris,Slide,03 July 2007 (02:00 hrs),2007.0,1
KRL/PAL/58A12/2016/22,Kerala,Palakkad,11.170097,76.568175,Rock cum Debris,Slide,2015,2015.0,1
KRL/PAL/58A12/2016/19,Kerala,Palakkad,11.184089,76.644386,Rock cum Debris,Slide,2016,2016.0,1
KER/MALA/58A04/2007/0013,Kerala,Malappuram,11.2133,76.1456,Debris,Slide,17 July 2007 (02:00 hrs),2007.0,1
KRL/MAL/54A03/2015/56,Kerala,Malappuram,11.266885,76.110803,Debris,Flow,2008,2008.0,1
KRL/MAL/54A03/2015/53,Kerala,Malappuram,11.272246,76.095465,Debris,Slide,2015,2015.0,1
KER/MALA/58A03/2007/0012,Kerala,Malappuram,11.275,76.123,Debris,Slide,17 July 2007,2007.0,1
KER/KOZH/58A03/2007/0004,Kerala,Kozhikode,11.2937,76.0504,Debris,Slide,17 July 2007 (02:00 hrs),2007.0,1
KER/KOZH/58A03/2007/0005,Kerala,Kozhikode,11.3114,76.0335,Rock cum Debris,Avalanche,17 July 2007 (01:30 hrs),2007.0,1
KRL/MAL/54A03/2015/46,Kerala,Malappuram,11.322642,76.129572,Earth,Slide,2015,2015.0,1
KRL/MAL/54A03/2015/45,Kerala,Malappuram,11.337264,76.135661,Debris,Slide,2015,2015.0,1
KRL/MAL/54A03/2015/48,Kerala,Malappuram,11.337961,76.148764,Earth,Slide,2007,2007.0,1
KRL/MAL/54A03/2015/49,Kerala,Malappuram,11.338433,76.145994,Earth,Slide,2015,2015.0,1
KER/KOZH/58A03/2007/0008,Kerala,Kozhikode,11.3404,76.0681,Debris,Slide,17 July 2007 (02:00 hrs),2007.0,1
KER/KOZH/58A03/2007/0007,Kerala,Kozhikode,11.3458,76.0593,Debris,Flow,17 July2007 (01:30 hrs),2007.0,1
KL/MAL/58A03/2018/17,Kerala,Malappuram,11.347728,76.095533,Debris,Flow,16 August 2018,2018.0,1
KRL/KOZ/54A03/2015/31,Kerala,Kozhikode,11.401672,76.017956,Debris,Slide,2015,2015.0,1
KRL/KOZ/54A03/2015/28,Kerala,Kozhikode,11.404606,76.025594,Earth,Slide,2015,2015.0,1
KRL/KOZ/54A03/2015/15,Kerala,Kozhikode,11.405026,76.056631,Rock cum Debris,Slide,2012,2012.0,1
KRL/KOZ/54A03/2015/27,Kerala,Kozhikode,11.414406,76.035175,Earth,Slide,2015,2015.0,1
KRL/MAL/54A03/2015/42,Kerala,Malappuram,11.419903,76.23705,Rock cum Debris,Slide,2015,2015.0,1
KRL/KOZ/54A03/2015/21,Kerala,Kozhikode,11.427123,76.083067,Rock cum Debris,Slide,2012,2012.0,1
KRL/KOZ/54A03/2015/17,Kerala,Kozhikode,11.437447,76.067175,Rock cum Debris,Slide,2015,2015.0,1
KRL/KOZ/54A03/2015/16,Kerala,Kozhikode,11.438214,76.064961,Rock cum Debris,Slide,2015,2015.0,1
KRL/KOZ/54A03/2015/32,Kerala,Kozhikode,11.439406,76.038903,Earth,Slide,2015,2015.0,1
KRL/KOZ/54A03/2015/36,Kerala,Kozhikode,11.442981,76.056111,Debris,Slide,2015,2015.0,1
KRL/KOZ/54A03/2015/37,Kerala,Kozhikode,11.444172,76.074897,Rock cum Debris,Slide,2015,2015.0,1
KRL/KOZ/54A03/2015/35,Kerala,Kozhikode,11.444314,76.056078,Rock cum Debris,Slide,2015,2015.0,1
KRL/KOZ/54A03/2015/22,Kerala,Kozhikode,11.449386,76.101167,Rock,Fall,2015,2015.0,1
KRL/KOZ/54A03/2015/39,Kerala,Kozhikode,11.455592,76.034178,Rock cum Debris,Slide,2015,2015.0,1
KRL/KOZ/54A03/2015/23,Kerala,Kozhikode,11.457566,76.097791,Debris,Slide,2015,2015.0,1
KRL/KOZ/54A03/2015/33,Kerala,Kozhikode,11.458361,76.063011,Debris,Slide,2015,2015.0,1
KER/KOZH/49M15/2007/0001,Kerala,Kozhikode,11.4926,75.8665,Debris,Slide,17 July 2007 (03:50 hrs),2007.0,1
KER/KOZH/49M15/2007/0002,Kerala,Kozhikode,11.4937,75.8901,Debris,Subsidence,17 July 2007 (03:50 hrs),2007.0,1
KRL/KOZ/54M14/2015/128,Kerala,Kozhikode,11.5025,75.842222,Debris,Flow,2004,2004.0,1
KRL/WAY/54M14/2015/152,Kerala,Wayanad,11.505833,75.867778,Debris,Flow,2004,2004.0,1
KRL/KOZ/54M14/2015/180,Kerala,Kozhikode,11.5075,75.990833,Rock cum Debris,Slide,2014,2014.0,1
KRL/KOZ/54M14/2015/139,Kerala,Kozhikode,11.507778,75.878333,Rock cum Debris,Slide,2014,2014.0,1
KRL/WAY/54M14/2015/217,Kerala,Wayanad,11.514444,75.816389,Debris,Flow,2007,2007.0,1
KRL/KOZ/54M14/2015/124,Kerala,Kozhikode,11.515833,75.8975,Debris,Flow,2007,2007.0,1
KRL/KOZ/54M14/2015/129,Kerala,Kozhikode,11.516111,75.843889,Debris,Flow,2004,2004.0,1
KER/KOZH/49M14/2007/0003,Kerala,Kozhikode,11.5169,75.8992,Debris,Subsidence,21 July 2007 (03:50 hrs),2007.0,1
KRL/KOZ/54M14/2015/185,Kerala,Kozhikode,11.518056,75.983056,Debris,Flow,2013,2013.0,1
KRL/KOZ/54M14/2015/125,Kerala,Kozhikode,11.518333,75.899444,Debris,Slide,2007,2007.0,1
KRL/KOZ/54M14/2015/218,Kerala,Kozhikode,11.518705,75.877626,Debris,Flow,2007,2007.0,1
KRL/KOZ/54M14/2015/126,Kerala,Kozhikode,11.518889,75.8875,Debris,Slide,2007,2007.0,1
KRL/WAY/58A02/2015/86,Kerala,Wayanad,11.519206,76.135783,Debris,Slide,2008,2008.0,1
KRL/WAY/58A02/2015/83,Kerala,Wayanad,11.525275,76.145222,Debris,Slide,2009,2009.0,1
KRL/WAY/58A02/2015/88,Kerala,Wayanad,11.526258,76.154406,Rock cum Debris,Slide,2009,2009.0,1
KRL/WAY/58A02/2015/84,Kerala,Wayanad,11.526589,76.144019,Debris,Slide,2009,2009.0,1
KRL/KOZ/54M14/2015/122,Kerala,Kozhikode,11.526944,75.890556,Debris,Flow,2008,2008.0,1
KRL/KOZ/54M14/2015/127,Kerala,Kozhikode,11.529722,75.876111,Rock cum Debris,Slide,2014,2014.0,1
KRL/WAY/58A02/2015/92,Kerala,Wayanad,11.531108,76.187719,Debris,Slide,2012,2012.0,1
KRL/WAY/58A02/2015/93,Kerala,Wayanad,11.534597,76.189739,Debris,Slide,2010,2010.0,1
KRL/WAY/58A02/2015/80,Kerala,Wayanad,11.538517,76.151192,Debris,Slide,2010,2010.0,1
KRL/WAY/58A02/2015/81,Kerala,Wayanad,11.538819,76.150189,Debris,Slide,2009,2009.0,1
KRL/KOZ/54M14/2015/172,Kerala,Kozhikode,11.539167,75.905278,Rock cum Debris,Slide,2014,2014.0,1
KRL/WAY/58A02/2015/75,Kerala,Wayanad,11.542717,76.121397,Rock cum Debris,Slide,2009,2009.0,1
KRL/WAY/58A02/2015/74,Kerala,Wayanad,11.543631,76.122139,Debris,Slide,2009,2009.0,1
KRL/WAY/58A02/2015/94,Kerala,Wayanad,11.547167,76.224153,Earth,Slide,2007,2007.0,1
KRL/KOZ/54M14/2015/191,Kerala,Kozhikode,11.548056,75.926944,Rock cum Debris,Slide,2014,2014.0,1
KRL/KOZ/54M14/2015/193,Kerala,Kozhikode,11.548056,75.927222,Debris,Flow,2007,2007.0,1
KRL/KOZ/54M14/2015/192,Kerala,Kozhikode,11.548333,75.926667,Debris,Slide,2007,2007.0,1
KRL/WAY/58A02/2015/72,Kerala,Wayanad,11.550339,76.136878,Debris,Slide,2009,2009.0,1
KRL/WAY/58A02/2015/65,Kerala,Wayanad,11.553164,76.085942,Debris,Slide,2015,2015.0,1
KRL/WAY/58A02/2015/70,Kerala,Wayanad,11.553283,76.101244,Debris,Slide,2008,2008.0,1
KRL/WAY/58A02/2015/63,Kerala,Wayanad,11.5543,76.127939,Debris,Subsidence,2007,2007.0,1
KRL/WAY/58A02/2015/64,Kerala,Wayanad,11.5548,76.083589,Debris,Slide,2015,2015.0,1
KRL/WAY/58A02/2015/53,Kerala,Wayanad,11.556978,76.198161,Earth,Slide,2015,2015.0,1
KRL/KOZ/54M14/2015/103,Kerala,Kozhikode,11.604167,75.857222,Debris,Flow,2010,2010.0,1
KRL/KOZ/54M14/2015/93,Kerala,Kozhikode,11.628889,75.831944,Debris,Flow,2007,2007.0,1
KRL/WAY/54M14/2015/157,Kerala,Wayanad,11.630833,75.959167,Debris,Flow,2004,2004.0,1
KRL/WAY/54M14/2015/155,Kerala,Wayanad,11.632222,75.947778,Debris,Flow,2008,2008.0,1
KRL/WAY/54M14/2015/158,Kerala,Wayanad,11.632778,75.955,Debris,Slide,2007,2007.0,1
KRL/KOZ/54M14/2015/94,Kerala,Kozhikode,11.633333,75.856667,Rock cum Debris,Flow,2013,2013.0,1
KRL/KOZ/54M14/2015/98,Kerala,Kozhikode,11.638056,75.850833,Rock cum Debris,Flow,2013,2013.0,1
KRL/KOZ/54M14/2015/132,Kerala,Kozhikode,11.6475,75.846389,Debris,Flow,2009,2009.0,1
KRL/KOZ/54M14/2015/134,Kerala,Kozhikode,11.648056,75.857222,Debris,Flow,2013,2013.0,1
KRL/KOZ/54M14/2015/91,Kerala,Kozhikode,11.648611,75.827778,Debris,Flow,2007,2007.0,1
KRL/KOZ/54M14/2015/200,Kerala,Kozhikode,11.65,75.874722,Debris,Slide,2007,2007.0,1
KRL/KOZ/54M14/2015/202,Kerala,Kozhikode,11.650278,75.874167,Debris,Flow,2007,2007.0,1
KRL/KOZ/54M14/2015/199,Kerala,Kozhikode,11.650556,75.873056,Rock cum Debris,Slide,2007,2007.0,1
KRL/KOZ/54M14/2015/201,Kerala,Kozhikode,11.650556,75.873889,Debris,Flow,2007,2007.0,1
KRL/KOZ/54M14/2015/203,Kerala,Kozhikode,11.650833,75.871667,Debris,Flow,2007,2007.0,1
KRL/KOZ/54M14/2015/178,Kerala,Kozhikode,11.655833,75.843889,Debris,Flow,2012,2012.0,1
KRL/KOZ/54M14/2015/89,Kerala,Kozhikode,11.664722,75.843611,Debris,Flow,2009,2009.0,1
KRL/KOZ/54M14/2015/92,Kerala,Kozhikode,11.666667,75.857778,Debris,Flow,2008,2008.0,1
KRL/KOZ/54M14/2015/90,Kerala,Kozhikode,11.666886,75.8525,Debris,Slide,2007,2007.0,1
KRL/WAY/54M14/2015/156,Kerala,Wayanad,11.668611,75.967778,Debris,Flow,2004,2004.0,1
KRL/KOZ/54M14/2015/106,Kerala,Kozhikode,11.670833,75.811111,Rock,Slide,2004,2004.0,1
KRL/KOZ/54M14/2015/101,Kerala,Kozhikode,11.670833,75.878056,Debris,Slide,2007,2007.0,1
KRL/KOZ/54M14/2015/154,Kerala,Kozhikode,11.673889,75.967778,Earth,Subsidence,2006,2006.0,1
KRL/KOZ/54M14/2015/100,Kerala,Kozhikode,11.678889,75.893056,Debris,Slide,2007,2007.0,1
KRL/KOZ/54M14/2015/214,Kerala,Kozhikode,11.680556,75.937222,Debris,Flow,2007,2007.0,1
KRL/KOZ/54M14/2015/102,Kerala,Kozhikode,11.682222,75.894167,Debris,Slide,2007,2007.0,1
KRL/WAY/54M14/2015/150,Kerala,Wayanad,11.682778,75.943611,Rock cum Debris,Flow,2007,2007.0,1
KRL/KOZ/54M14/2015/216,Kerala,Kozhikode,11.683056,75.943611,Debris,Flow,2007,2007.0,1
KRL/WAY/54M14/2015/153,Kerala,Wayanad,11.685,75.942222,Earth,Subsidence,2006,2006.0,1
KRL/WAY/54M14/2015/151,Kerala,Wayanad,11.688611,75.944722,Rock,Fall,2011,2011.0,1
KRL/KOZ/54M14/2015/179,Kerala,Kozhikode,11.6925,75.806389,Rock cum Debris,Slide,2014,2014.0,1
KRL/KOZ/54M14/2015/208,Kerala,Kozhikode,11.6925,75.806389,Debris,Slide,2014,2014.0,1
KRL/KOZ/54M14/2015/114,Kerala,Kozhikode,11.703473,75.829247,Rock cum Debris,Flow,2009,2009.0,1
KRL/KOZ/54M14/2015/209,Kerala,Kozhikode,11.711389,75.798611,Debris,Slide,2008,2008.0,1
KRL/KOZ/54M14/2015/113,Kerala,Kozhikode,11.7175,75.815278,Rock cum Debris,Flow,2014,2014.0,1
KRL/WAY/54M14/2015/146,Kerala,Wayanad,11.721667,75.8925,Rock cum Debris,Flow,2012,2012.0,1
KRL/KOZ/54M14/2015/145,Kerala,Kozhikode,11.721944,75.8975,Rock cum Debris,Flow,2011,2011.0,1
KRL/KOZ/54M14/2015/117,Kerala,Kozhikode,11.722778,75.7725,Debris,Flow,2009,2009.0,1
KRL/KOZ/54M14/2015/109,Kerala,Kozhikode,11.723056,75.799722,Debris,Slide,2008,2008.0,1
KRL/KOZ/54M14/2015/111,Kerala,Kozhikode,11.723611,75.809444,Debris,Slide,2009,2009.0,1
KRL/KOZ/54M14/2015/112,Kerala,Kozhikode,11.726389,75.812222,Debris,Slide,2014,2014.0,1
KRL/KOZ/54M14/2015/118,Kerala,Kozhikode,11.729444,75.813889,Debris,Flow,2009,2009.0,1
KRL/KOZ/54M14/2015/215,Kerala,Kozhikode,11.731667,75.764722,Earth,Flow,2007,2007.0,1
KRL/KOZ/54M14/2015/143,Kerala,Kozhikode,11.732778,75.8025,Debris,Flow,2013,2013.0,1
KRL/KOZ/54M14/2015/144,Kerala,Kozhikode,11.735833,75.828333,Debris,Flow,2007,2007.0,1
KRL/KOZ/54M14/2015/210,Kerala,Kozhikode,11.747778,75.790556,Rock,Fall,2007,2007.0,1
KRL/KAN/48P12/2016/102,Kerala,Wayanad,11.786389,75.902964,Debris,Slide,2015,2015.0,1
KRL/KAN/48P12/2016/104,Kerala,Kannur,11.798486,75.685531,Debris,Flow,2003,2003.0,1
KRL/KAN/48P12/2016/100,Kerala,Wayanad,11.8112,75.91385,Debris,Slide,2004,2004.0,1
KRL/KAN/48P12/2016/99,Kerala,Wayanad,11.811678,75.929156,Debris,Slide,2004,2004.0,1
KRL/KAN/48P12/2016/98,Kerala,Wayanad,11.812283,75.931206,Debris,Slide,2004,2004.0,1
KRL/KAN/48P12/2016/96,Kerala,Wayanad,11.818889,75.910019,Debris,Slide,2004,2004.0,1
KRL/KAN/48P12/2016/93,Kerala,Wayanad,11.825406,75.899028,Debris,Slide,2010,2010.0,1
KRL/KAN/48P12/2016/97,Kerala,Wayanad,11.826019,75.927853,Debris,Slide,2013,2013.0,1
KRL/KAN/48P12/2016/119,Kerala,Kannur,11.848186,75.915678,Debris,Slide,2004,2004.0,1
KER/KANN/49M13/2007/0054,Kerala,Kannur,11.8502,75.8592,Debris,Slide,16 July 2007 (02:30 hrs),2007.0,1
KRL/KAN/48P12/2016/118,Kerala,Kannur,11.851636,75.910939,Debris,Slide,2004,2004.0,1
KRL/KAN/48P12/2016/120,Kerala,Kannur,11.8517,75.912286,Debris,Slide,2004,2004.0,1
KRL/KAN/48P12/2016/31,Kerala,Kannur,11.853167,75.785297,Debris,Slide,2014,2014.0,1
KRL/KAN/48P12/2016/74,Kerala,Kannur,11.855547,75.863803,Debris,Flow,2003,2003.0,1
KRL/KAN/48P12/2016/121,Kerala,Kannur,11.860389,75.873972,Debris,Slide,2004,2004.0,1
KRL/KAN/48P12/2016/66,Kerala,Kannur,11.864342,75.814706,Debris,Slide,2010,2010.0,1
KRL/KAN/48P12/2016/62,Kerala,Kannur,11.867225,75.793769,Debris,Slide,2014,2014.0,1
KRL/KAN/48P12/2016/64,Kerala,Kannur,11.867667,75.802511,Debris,Slide,2008,2008.0,1
KRL/KAN/48P12/2016/70,Kerala,Kannur,11.869542,75.826903,Debris,Flow,2014,2014.0,1
KRL/KAN/48P12/2016/73,Kerala,Kannur,11.879906,75.832717,Debris,Slide,2006,2006.0,1
KRL/KAN/48P12/2016/68,Kerala,Kannur,11.886719,75.802694,Debris,Slide,2007,2007.0,1
KRL/KAN/48P12/2016/67,Kerala,Kannur,11.887897,75.803164,Debris,Slide,2007,2007.0,1
KRL/KAN/48P12/2016/80,Kerala,Kannur,11.894175,75.856547,Debris,Flow,2004,2004.0,1
KER/KANN/49M13/2007/0055,Kerala,Kannur,11.8942,75.8558,Rock,Fall,16 July 2007 (02:30 hrs),2007.0,1
KRL/KAN/48P12/2016/75,Kerala,Kannur,11.899281,75.838217,Debris,Flow,2004,2004.0,1
KRL/KAN/48P12/2016/76,Kerala,Kannur,11.900006,75.836356,Debris,Flow,2004,2004.0,1
KRL/KAN/48P12/2016/77,Kerala,Kannur,11.903256,75.846667,Debris,Flow,2014,2014.0,1
KRL/KAN/48P12/2016/91,Kerala,Kannur,11.910208,75.861494,Debris,Slide,2004,2004.0,1
KER/KANN/48P16/2007/0052,Kerala,Kannur,11.9106,75.861,Debris,Slump,17 July 2007 (02:30 hrs),2007.0,1
KRL/KAN/48P12/2016/90,Kerala,Kannur,11.912678,75.843178,Debris,Slide,2004,2004.0,1
KER/KANN/49M13/2007/0053,Kerala,Kannur,11.9127,75.8405,Rock cum Debris,Avalanche,17 July 2007 (02:30 hrs),2007.0,1
KRL/KAN/48P12/2016/89,Kerala,Kannur,11.914067,75.839586,Debris,Slide,2004,2004.0,1
KRL/KAN/48P12/2016/88,Kerala,Kannur,11.915508,75.836161,Debris,Slide,2014,2014.0,1
KRL/KAN/48P12/2016/28,Kerala,Kannur,12.009819,75.794356,Debris,Flow,2016,2016.0,1
KRL/KAN/48P12/2016/9,Kerala,Kannur,12.011325,75.620589,Debris,Slide,2012,2012.0,1
KRL/KAN/48P12/2016/10,Kerala,Kannur,12.019575,75.629022,Debris,Subsidence,2004,2004.0,1
KER/KANN/48P16/2007/0049,Kerala,Kannur,12.0643,75.7608,Debris,Slide,16 July 2007 (19:00 hrs),2007.0,1
KRL/KAN/48P12/2016/110,Kerala,Kannur,12.065842,75.760036,Debris,Slide,2007,2007.0,1
KRL/KAN/48P12/2016/23,Kerala,Kannur,12.069883,75.586253,Debris,Slide,2012,2012.0,1
KER/KANN/48P16/2007/0050,Kerala,Kannur,12.0704,75.7589,Debris,Avalanche,16 July 2007 (19:30 hrs),2007.0,1
KER/KANN/48P16/2007/0051,Kerala,Kannur,12.0762,75.7888,Debris,Slide,16 July 2007 (19:30 hrs),2007.0,1
KRL/KAN/48P12/2016/26,Kerala,Kannur,12.088144,75.693306,Debris,Slide,2004,2004.0,1
KRL/KAN/48P12/2016/25,Kerala,Kannur,12.091031,75.705178,Debris,Flow,2016,2016.0,1
KRL/KAN/48P12/2016/24,Kerala,Kannur,12.103539,75.698908,Debris,Slide,2002,2002.0,1
KRL/KAN/48P12/2016/27,Kerala,Kannur,12.103969,75.513517,Debris,Subsidence,2015,2015.0,1
KRL/KAN/48P12/2016/12,Kerala,Kannur,12.141408,75.622753,Debris,Slide,2002,2002.0,1
KRL/KAN/48P12/2016/18,Kerala,Kannur,12.145739,75.597869,Debris,Slide,2000,2000.0,1
KRL/KAN/48P12/2016/13,Kerala,Kannur,12.147497,75.623733,Debris,Slide,2010,2010.0,1
KRL/KAN/48P12/2016/22,Kerala,Kannur,12.149322,75.588769,Debris,Slide,2014,2014.0,1
KRL/KAN/48P12/2016/42,Kerala,Kannur,12.157533,75.556183,Debris,Flow,2010,2010.0,1
KRL/KAN/48P12/2016/41,Kerala,Kannur,12.158589,75.567414,Debris,Flow,2003,2003.0,1
KRL/KAN/48P12/2016/43,Kerala,Kannur,12.159978,75.534558,Debris,Slide,2016,2016.0,1
KRL/KAN/48P12/2016/39,Kerala,Kannur,12.162175,75.569786,Debris,Flow,2002,2002.0,1
KRL/KAN/48P12/2016/40,Kerala,Kannur,12.162886,75.568642,Debris,Slide,2016,2016.0,1
KRL/KAN/48P12/2016/54,Kerala,Kannur,12.180756,75.529314,Debris,Flow,2016,2016.0,1
KRL/KAN/48P12/2016/53,Kerala,Kannur,12.192731,75.523633,Debris,Slide,2012,2012.0,1
KRL/KAN/48P12/2016/56,Kerala,Kannur,12.197344,75.519333,Debris,Slide,2014,2014.0,1
KRL/KAN/48P12/2016/59,Kerala,Kannur,12.242692,75.503419,Debris,Flow,2014,2014.0,1
3216,Kerala,Palakkad,10.625965,76.539455,Debris,Slide,"15 August 2018, 29 August 2024 (09:58",2018.0,1
3288,Kerala,Palakkad,10.62691667,76.53938889,Debris,Slide,30 July 2024 (08:30 am),2024.0,1
KER/IDK/58F04/2018/03,Kerala,Idukki,10.0176,77.0472,Debris,Slide,"09 June, 2018",2018.0,1
KER/IDK/58G01/2018/05,Kerala,Idukki (Devikulam Taluk),9.974,76.9968,Debris,Slide,"09 June, 2018",2018.0,1
KER/IDK/58C03/2018/06,Kerala,Idukki,9.9737,76.9992,Soil,Subsidence,"09 June, 2018, 02.00hrs",2018.0,1
KER/IDK/58B16/2018/07,Kerala,Idukki,9.8538,76.9681,Soil,Slide,"Date of initiation:09th June, 2018",2018.0,1
KER/IDK/58F04/2018/10,Kerala,Idukki,10.0191,77.0162,Soil,Slide,"Date of initiation:09th   June, 2018",2018.0,1
KER/KKD/49M15/2018/01,Kerala,Kozhikode,11.4708,75.9213,Debris,Flow,14th June 2018 (05:00 hrs),2018.0,1
KER/KKD/49M15/2018/03,Kerala,Kozhikode,11.4747,75.9306,Debris,Flow,14th June 2018 (04:30 hrs),2018.0,1
KER/KKD/58A3/2018/08,Kerala,Kozhikode,11.4404,76.0889,Debris,Slide,12th June 2018 (17:30 hrs),2018.0,1
KER/KKD/58A3/2018/09,Kerala,Kozhikode,11.439,76.0881,Soil,Slide,12th June 2018 (18:00 hrs),2018.0,1
KER/KKD/58A3/2018/10,Kerala,Kozhikode,11.4475,76.0959,Debris,Slide,12th June 2018,2018.0,1
KER/KKD/49M15/2018/12,Kerala,Kozhikode,11.4978,75.8647,Debris,Flow,14th June 2018,2018.0,1
KER/KKD/49M14/2018/13,Kerala,Kozhikode,11.5076,75.8817,Debris,Slide,14th June 2018,2018.0,1
KER/KKD/49M15/2018/15,Kerala,Kozhikode,11.4337,75.9931,Debris,Slide,14th June 2018 (03:00 hrs),2018.0,1
KER/KKD/58A3/2018/16,Kerala,Kozhikode,11.4441,76.0709,Debris,Slide,13th June 2018 (17:30 hrs),2018.0,1
KER/KKD/58A3/2018/18,Kerala,Kozhikode,11.3041,76.0441,Debris,Flow,14th June 2018 (05:30 hrs),2018.0,1
KER/KKD/58A3/2018/19,Kerala,Kozhikode,11.4562,76.0429,Debris,Flow,12th June 2018 (18:00 hrs),2018.0,1
KRL/MPM/58A3/2018/03,Kerala,Malappuram,11.25106,76.13881,Rock cum Debris,Flow,"September, 2017",2017.0,1
KRL/MPM/58A3/2018/07,Kerala,Malappuram,11.27212,76.15036,Debris,Slide,"14th June, 2018",2018.0,1
KER/WYD/58A2/2018/01,Kerala,Wayanad,11.5294,76.0293,Soil,Slide,14th June 2018 (05:30 hrs),2018.0,1
KER/WYD/58A2/2018/02,Kerala,Wayanad,11.5356,76.0215,Soil,Slide,14th June 2018 (05:00 hrs),2018.0,1
KER/WYD/58A2/2018/03,Kerala,Wayanad,11.5346,76.0244,Debris,Slide,14th June 2018 (05:30 hrs),2018.0,1
KER/WYD/58A2/2018/04,Kerala,Wayanad,11.6066,76.0077,Soil,Slide,14th June 2018 (08:30 hrs),2018.0,1
KER/WYD/49M13/2018/08,Kerala,Wayanad,11.8297,75.9298,Debris,Slide,14th June 2018,2018.0,1
KRL/PKD/58A12/2018/183,Kerala,Palakkad,11.029777,76.522575,rock cum debris,slide,Initiated on 16/8/2018,2018.0,1
KRL/PKD/58A12/2018/184,Kerala,Palakkad,11.029352,76.523,rock cum debris,slide,Initiated on 16/8/2018,2018.0,1
KRL/PKD/58A12/2018/185,Kerala,Palakkad,11.029556,76.521189,rock cum debris,slide,Initiated on 16/8/2018,2018.0,1
KRL/PKD/58A12/2018/186,Kerala,Palakkad,11.032267,76.527796,Debris,slide,Initiated on 16/8/2018,2018.0,1
KRL/PKD/58A12/2018/187,Kerala,Palakkad,11.028483,76.528773,Debris,slide,Initiated on 16/8/2018,2018.0,1
KRL/PKD/58A12/2018/188,Kerala,Palakkad,11.029068,76.531518,Debris,slide,Initiated on 16/8/2018,2018.0,1
KRL/PKD/58A12/2018/202,Kerala,Palakkad,11.078735,76.587101,Debris,slide,Initiated on 16/8/2018,2018.0,1
KRL/PKD/58A8/2018/19,Kerala,Palakkad,11.050725,76.430832,Debris,slide,"Initiated on 16/8/2018,",2018.0,1
KRL/PKD/58A8/2018/20,Kerala,Palakkad,11.040144,76.431199,Debris,slide,"Initiated on 16/8/2018,",2018.0,1
KRL/PKD/58B10/2018/127,Kerala,Palakkad,10.53758,76.67444,Debris,Subsidence,"Initiated on 16/8/2018,",2018.0,1
KRL/PKD/58B10/2018/128,Kerala,Palakkad,10.547612,76.664617,rock cum debris,slide,"Initiated on 16/8/2018,",2018.0,1
KRL/PKD/58B10/2018/129,Kerala,Palakkad,10.548547,76.675041,rock cum debris,slide,"Initiated on 16/8/2018,",2018.0,1
KRL/PKD/58B10/2018/130,Kerala,Palakkad,10.547777,76.675724,rock cum debris,slide,"Initiated on 16/8/2018,",2018.0,1
KRL/PKD/58B10/2018/131,Kerala,Palakkad,10.547115,76.675578,rock cum debris,slide,"Initiated on 16/8/2018,",2018.0,1
KRL/PKD/58B10/2018/132,Kerala,Palakkad,10.550603,76.680796,rock cum debris,slide,"Initiated on 16/8/2018,",2018.0,1
KRL/PKD/58B10/2018/133,Kerala,Palakkad,10.538953,76.672063,rock cum debris,slide,"Initiated on 16/8/2018,",2018.0,1
KRL/PKD/58B10/2018/134,Kerala,Palakkad,10.538607,76.667587,Debris,slide,"Initiated on 16/8/2018,",2018.0,1
KRL/PKD/58B10/2018/135,Kerala,Palakkad,10.542128,76.666089,rock cum debris,slide,"Initiated on 16/8/2018,",2018.0,1
KRL/PKD/58B10/2018/136,Kerala,Palakkad,10.541962,76.66618,rock cum debris,slide,"Initiated on 16/8/2018,",2018.0,1
KRL/PKD/58B10/2018/137,Kerala,Palakkad,10.536985,76.667702,rock cum debris,slide,"Initiated on 16/8/2018,",2018.0,1
KRL/PKD/58B10/2018/138,Kerala,Palakkad,10.537015,76.668252,rock cum debris,slide,"Initiated on 16/8/2018,",2018.0,1
KRL/PKD/58B10/2018/139,Kerala,Palakkad,10.536993,76.668405,rock cum debris,slide,"Initiated on 16/8/2018,",2018.0,1
KRL/PKD/58B10/2018/140,Kerala,Palakkad,10.536482,76.668683,rock cum debris,slide,"Initiated on 16/8/2018,",2018.0,1
KRL/PKD/58B10/2018/141,Kerala,Palakkad,10.536253,76.670532,rock cum debris,slide,"Initiated on 16/8/2018,",2018.0,1
KRL/PKD/58B10/2018/142,Kerala,Palakkad,10.53592,76.670983,rock cum debris,slide,"Initiated on 16/8/2018,",2018.0,1
KRL/PKD/58B10/2018/143,Kerala,Palakkad,10.533957,76.672943,Debris,slide,"Initiated on 16/8/2018,",2018.0,1
KRL/PKD/58B10/2018/144,Kerala,Palakkad,10.535642,76.673373,rock cum debris,slide,"Initiated on 16/8/2018,",2018.0,1
KRL/PKD/58B10/2018/145,Kerala,Palakkad,10.535607,76.67363,Debris,slide,"Initiated on 16/8/2018,",2018.0,1
KRL/PKD/58B10/2018/146,Kerala,Palakkad,10.53409,76.673132,Debris,slide,"Initiated on 16/8/2018,",2018.0,1
KRL/PKD/58B10/2018/147,Kerala,Palakkad,10.531677,76.668657,rock cum debris,slide,"Initiated on 16/8/2018,",2018.0,1
KRL/PKD/58B10/2018/148,Kerala,Palakkad,10.530468,76.66702,Debris,slide,"Initiated on 16/8/2018,",2018.0,1
KRL/PKD/58B10/2018/149,Kerala,Palakkad,10.52995,76.66664,Debris,slide,"Initiated on 16/8/2018,",2018.0,1
KRL/PKD/58B10/2018/150,Kerala,Palakkad,10.529373,76.666168,Debris,slide,"Initiated on 16/8/2018,",2018.0,1
KRL/PKD/58B10/2018/151,Kerala,Palakkad,10.529733,76.66361,Debris,slide,"Initiated on 16/8/2018,",2018.0,1
KRL/PKD/58B10/2018/153,Kerala,Palakkad,10.529327,76.662737,Debris,slide,"Initiated on 16/8/2018,",2018.0,1
KRL/PKD/58B10/2018/154,Kerala,Palakkad,10.52909,76.66085,Debris,slide,"Initiated on 16/8/2018,",2018.0,1
KRL/PKD/58B10/2018/155,Kerala,Palakkad,10.52886,76.659552,Debris,slide,"Initiated on 16/8/2018,",2018.0,1
KRL/PKD/58B10/2018/156,Kerala,Palakkad,10.527178,76.657258,Debris,slide,"Initiated on 16/8/2018,",2018.0,1
KRL/PKD/58B10/2018/157,Kerala,Palakkad,10.526998,76.656787,Debris,slide,"Initiated on 16/8/2018,",2018.0,1
KRL/PKD/58B10/2018/158,Kerala,Palakkad,10.526352,76.656767,Debris,slide,"Initiated on 16/8/2018,",2018.0,1
KRL/PKD/58B10/2018/159,Kerala,Palakkad,10.525573,76.65591,Debris,slide,"Initiated on 16/8/2018,",2018.0,1
KRL/PKD/58B10/2018/160,Kerala,Palakkad,10.529405,76.658323,Debris,slide,"Initiated on 16/8/2018,",2018.0,1
KRL/PKD/58B10/2018/161,Kerala,Palakkad,10.528565,76.656988,Debris,slide,"Initiated on 16/8/2018,",2018.0,1
KRL/PKD/58B10/2018/162,Kerala,Palakkad,10.527178,76.65542,Debris,slide,"Initiated on 16/8/2018,",2018.0,1
KRL/PKD/58B10/2018/163,Kerala,Palakkad,10.52681,76.65506,Debris,slide,"Initiated on 16/8/2018,",2018.0,1
KRL/PKD/58B10/2018/164,Kerala,Palakkad,10.587136,76.614962,rock cum debris,slide,"Initiated on 16/8/2018,",2018.0,1
KRL/PKD/58B13/2018/221,Kerala,Palakkad,10.837669,76.773925,Debris,Flow,Initiated in 2013 monsoon,2013.0,1
KRL/PKD/58B9/2018/03,Kerala,Palakkad,10.825098,76.734842,Debris,Flow,Initiated on 08/8/2018,2018.0,1
KL/ERM/58B/12/2019/01,Kerala,Ernakulam,10.04354722,76.54871944,Rock cum debris,Flow,15.08.2018,2018.0,1
KL/ERM/58B/12/2019/02,Kerala,Ernakulam,10.02041944,76.53725,Soil/Earth,Slide,15.08.2018,2018.0,1
KL/ERM/58C/09/2019/03,Kerala,Ernakulam,9.992719444,76.57484167,Debris,Subsidence,26.06.2015,2015.0,1
KL/ERM/58B/07/2019/04,Kerala,Ernakulam,10.28620556,76.48478056,Debris,Flow,15.08.2018,2018.0,1
KL/ERM/58B/08/2019/05,Kerala,Ernakulam,10.24692222,76.47715278,Rock cum debris,Flow,15.08.2018,2018.0,1
KL/ERM/58B/08/2019/06,Kerala,Ernakulam,10.02848889,76.3865,Earth,Slide,15.08.2018,2018.0,1
KL/ERM/58B/08/2019/07,Kerala,Ernakulam,10.02798056,76.38667222,Soil,Slide,15.08.2018,2018.0,1
KL/ERM/58B/16/2019/08,Kerala,Ernakulam,10.05445278,76.76388889,Debris,Slide,16.08.2018,2018.0,1
KL/ERM/58B/16/2019/10,Kerala,Ernakulam,10.02835556,76.81731111,Rock-cum-debris,Flow,16.08.2018,2018.0,1
KL/ERM/58B/16/2019/11,Kerala,Ernakulam,10.03480556,76.80675,Debris,Flow,16.08.2018,2018.0,1
KL/ERM/58B/16/2019/12,Kerala,Ernakulam,10.06025833,76.75845556,Debris,Subsidence,16.08.2018,2018.0,1
KL/ERM/58B/16/2019/13,Kerala,Ernakulam,10.06666667,76.782275,Debris,Slide,16.08.2018,2018.0,1
KL/ERM/58B/12/2019/14,Kerala,Ernakulam,10.11725833,76.7474,Debris,Flow,16.08.2018,2018.0,1
11,Kerala,Idukki,9.999655556,76.88377222,Debris,Slide,"16th August, 2018",2018.0,1
12,Kerala,Idukki,9.998816667,76.88659167,Debris,Flow,"16th August, 2018",2018.0,1
13,Kerala,Idukki,9.998091667,76.88803333,Debris,Flow,"15th August, 2018",2018.0,1
14,Kerala,Idukki,9.996919444,76.8906,Debris,Slide,"15th August, 2018",2018.0,1
15,Kerala,Idukki,9.995144444,76.895,Debris,Slide,"15th August, 2018",2018.0,1
16,Kerala,Idukki,9.988547222,76.90524722,Debris,Flow,"15th August, 2018",2018.0,1
17,Kerala,Idukki,9.986955556,76.90802222,Debris,Flow,"15th August, 2018",2018.0,1
18,Kerala,Idukki,9.985438889,76.91070833,Debris,Slide,"15th August, 2018",2018.0,1
19,Kerala,Idukki,9.984905556,76.91116111,Debris,Flow,"15th August, 2018",2018.0,1
20,Kerala,Idukki,9.984652778,76.91204444,Debris,Flow,"15th August, 2018",2018.0,1
21,Kerala,Idukki,9.982730556,76.91701667,Debris,Flow,"15th August, 2018",2018.0,1
22,Kerala,Idukki,9.976441667,76.92743333,Debris,Flow,"15th August, 2018",2018.0,1
23,Kerala,Idukki,9.972691667,76.93636111,Debris,Flow,"15th August, 2018",2018.0,1
24,Kerala,Idukki,9.964275,76.94714722,Debris,Slide,"15th August, 2018",2018.0,1
25,Kerala,Idukki,9.954502778,76.97307222,Debris,Slide,"15th August, 2018",2018.0,1
26,Kerala,Idukki,9.953966667,76.97423889,Debris,Flow,"15th August, 2018",2018.0,1
52,Kerala,Idukki,9.932914,76.9438,Debris,Flow,"16th August, 2018",2018.0,1
53,Kerala,Idukki,9.940399,76.93293,Debris,Slide,"16th August, 2018",2018.0,1
54,Kerala,Idukki,9.950146,76.919921,Debris,Flow,"15th August, 2018",2018.0,1
55,Kerala,Idukki,9.949778,76.917913,Debris,Slide,"16th August, 2018",2018.0,1
56,Kerala,Idukki,9.949889,76.91754,Debris,Flow,"16th August, 2018",2018.0,1
57,Kerala,Idukki,9.955556,76.936375,Debris,Flow,"16th August, 2018",2018.0,1
58,Kerala,Idukki,9.956065,76.936058,Debris,Flow,"16th August, 2018",2018.0,1
59,Kerala,Idukki,9.954856,76.938605,Debris,Flow,"15th August, 2018",2018.0,1
60,Kerala,Idukki,9.953476,76.942736,Debris,Flow,"15th August, 2018",2018.0,1
61,Kerala,Idukki,9.953572,76.941889,Debris,Flow,"15th August, 2018",2018.0,1
62,Kerala,Idukki,9.931077,76.937972,Debris,Slide,"15th August, 2018",2018.0,1
63,Kerala,Idukki,9.928786,76.938506,Debris,Slide,"16th August, 2018",2018.0,1
64,Kerala,Idukki,9.928277,76.939113,Debris,Flow,"16th August, 2018",2018.0,1
65,Kerala,Idukki,9.925144,76.941602,Debris,Slide,"16th August, 2018",2018.0,1
66,Kerala,Idukki,9.920498,76.949252,Debris,Flow,"16th August, 2018",2018.0,1
67,Kerala,Idukki,9.91551,76.948985,Debris,Flow,"15th August, 2018",2018.0,1
68,Kerala,Idukki,9.956893,76.927282,Debris,Flow,"16th August, 2018",2018.0,1
69,Kerala,Idukki,9.960342,76.91057,Debris,Flow,"15th August, 2018",2018.0,1
70,Kerala,Idukki,9.959758,76.908442,Debris,Flow,"15th August, 2018",2018.0,1
71,Kerala,Idukki,9.955435,76.908846,Debris,Flow,"16th August, 2018",2018.0,1
76,Kerala,Idukki,9.942424,76.942242,Debris,Flow,"16th August, 2018",2018.0,1
77,Kerala,Idukki,9.933787,76.950753,Debris,Flow,"16th August, 2018",2018.0,1
78,Kerala,Idukki,9.930246,76.953367,Debris,Slide,"16th August, 2018",2018.0,1
79,Kerala,Idukki,9.92677,76.954112,Debris,Flow,"16th August, 2018",2018.0,1
80,Kerala,Idukki,9.927042,76.953977,Debris,Flow,"16th August, 2018",2018.0,1
81,Kerala,Idukki,9.925901,76.954399,Debris,Flow,"15th August, 2018",2018.0,1
86,Kerala,Idukki,9.973705418,76.8589795,Debris,Slide,"16th August, 2018",2018.0,1
87,Kerala,Idukki,9.923592778,76.98260278,Debris,Flow,8th August 2018,2018.0,1
88,Kerala,Idukki,9.923118889,76.98176111,Debris,Slide,8th August 2018,2018.0,1
89,Kerala,Idukki,9.922275,76.98229389,Soil,Slide,8th August 2018,2018.0,1
95,Kerala,Idukki,9.918976,77.021632,Debris,Slide,9th August 2018,2018.0,1
96,Kerala,Idukki,9.913103,77.039136,Debris,Flow,15th August 2018,2018.0,1
97,Kerala,Idukki,9.905364,77.062946,Debris,Slide,15th August 2018,2018.0,1
99,Kerala,Idukki,9.907523,77.054454,Soil,Slide,10th August 2018,2018.0,1
100,Kerala,Idukki,9.903901,77.062855,Soil,Slide,15th August 2018,2018.0,1
101,Kerala,Idukki,9.886038,77.079206,Debris,Flow,16th August 2018,2018.0,1
102,Kerala,Idukki,9.886914,77.079339,Debris,Flow,16th August 2018,2018.0,1
103,Kerala,Idukki,9.887064,77.079923,Debris,Flow,16th August 2018,2018.0,1
104,Kerala,Idukki,9.882223,77.083639,Debris,Flow,17th August 2018,2018.0,1
108,Kerala,Idukki,9.883033,77.060746,Debris,Slide,16th August 2018,2018.0,1
109,Kerala,Idukki,9.886582,77.052528,Debris,Slide,15th August 2018,2018.0,1
110,Kerala,Idukki,9.895342,77.038972,Debris,Slide,17th August 2018,2018.0,1
111,Kerala,Idukki,9.895524,77.038736,Debris,Flow,17th August 2018,2018.0,1
119,Kerala,Idukki,9.763586,76.882632,Debris,Slide,16th August 2018,2018.0,1
121,Kerala,Idukki,9.813075,76.876351,Debris,Slide,16th August 2018,2018.0,1
122,Kerala,Idukki,9.813493,76.875962,Debris,Flow,16th August 2018,2018.0,1
123,Kerala,Idukki,9.814796,76.875696,Debris,Slide,16th August 2018,2018.0,1
126,Kerala,Idukki,9.816191519,76.83888865,Debris,Slide,17th August 2018,2018.0,1
127,Kerala,Idukki,9.812449375,76.85372512,Debris,Slide,15th August 2018,2018.0,1
128,Kerala,Idukki,9.812495372,76.85357954,Debris,Slide,15th August 2018,2018.0,1
131,Kerala,Idukki,10.00493481,76.81221537,Debris,Slide,15th August 2018,2018.0,1
132,Kerala,Idukki,10.00440974,76.81234926,Debris,Slide,15th August 2018,2018.0,1
138,Kerala,Idukki,9.998656343,76.83284662,Debris,Slide,"15th August, 2018",2018.0,1
139,Kerala,Idukki,9.98845781,76.84452653,Debris,Flow,"16th August, 2018",2018.0,1
141,Kerala,Idukki,9.982850167,76.85154431,Debris,Slide,"15th August, 2018",2018.0,1
142,Kerala,Idukki,9.982223142,76.85375679,Debris,Slide,"15th August, 2018",2018.0,1
143,Kerala,Idukki,9.982320551,76.85412212,Debris,Slide,"15th August, 2018",2018.0,1
145,Kerala,Idukki,10.00059678,76.84324522,Debris,Slide,"16th August, 2018",2018.0,1
146,Kerala,Idukki,10.00063521,76.84446751,Debris,Slide,"15th August, 2018",2018.0,1
147,Kerala,Idukki,9.989180344,76.85279302,Debris,Slide,"15th August, 2018",2018.0,1
148,Kerala,Idukki,9.986434635,76.86853603,Debris,Slide,"15th August, 2018",2018.0,1
149,Kerala,Idukki,9.986824213,76.86838322,Debris,Slide,"15th August, 2018",2018.0,1
150,Kerala,Idukki,9.989086256,76.87124144,Debris,Slide,"16th August, 2018",2018.0,1
152,Kerala,Idukki,9.996837962,76.85754223,Debris,Flow,"16th August, 2018",2018.0,1
153,Kerala,Idukki,10.0038801,76.85431726,Debris,Flow,"16th August, 2018",2018.0,1
154,Kerala,Idukki,9.983003843,76.84665713,Debris,Flow,"16th August, 2018",2018.0,1
155,Kerala,Idukki,9.984947566,76.84500833,Debris,Slide,"16th August, 2018",2018.0,1
160,Kerala,Idukki,9.983378,76.836163,Debris,Subsidence,"16th August, 2018",2018.0,1
166,Kerala,Idukki,9.768134907,77.10829402,Debris,Slide,18th August 2018,2018.0,1
167,Kerala,Idukki,9.764816866,77.10987687,Debris,Slide,"15th August, 2018",2018.0,1
168,Kerala,Idukki,9.761131123,77.11245058,Debris,Slide,"15th August, 2018",2018.0,1
169,Kerala,Idukki,9.768435268,77.12828801,Debris,Slide,"15th August, 2018",2018.0,1
171,Kerala,Idukki,9.793411893,77.06495693,,Subsidence,"15th August, 2018",2018.0,1
172,Kerala,Idukki,9.774871374,77.09912379,Debris,Slide,"15th August, 2018",2018.0,1
174,Kerala,Idukki,9.753602864,77.13547404,Soil,Slide,"14th August, 2018",2018.0,1
175,Kerala,Idukki,9.750874738,77.12944301,Soil,Slide,"15th August, 2018",2018.0,1
176,Kerala,Idukki,9.76948285,77.08905732,Soil,Slide,"June, 2018",2018.0,1
195,Kerala,Idukki,9.810211202,77.0641951,Debris,Flow,"15th August, 2018",2018.0,1
196,Kerala,Idukki,9.810414717,77.06343082,Debris,Flow,"15th August, 2018",2018.0,1
197,Kerala,Idukki,9.810954929,77.05932391,Debris,Flow,"19th August, 2018",2018.0,1
198,Kerala,Idukki,9.813177667,77.05649416,Debris,Slide,"15th August, 2018",2018.0,1
205,Kerala,Idukki,9.812280493,77.07761406,Debris,Slide,"15th August, 2018",2018.0,1
206,Kerala,Idukki,9.812482254,77.11077937,Debris,Slide,"15th August, 2018",2018.0,1
207,Kerala,Idukki,9.811227332,77.11199261,Debris,Slide,"15th August, 2018",2018.0,1
209,Kerala,Idukki,9.80346592,77.12020907,Debris,Flow,"15th August, 2018",2018.0,1
213,Kerala,Idukki,9.794839084,77.08139674,Debris,Flow,"15th August, 2018",2018.0,1
214,Kerala,Idukki,9.797631161,77.07565461,Debris,Flow,"16th August, 2018",2018.0,1
215,Kerala,Idukki,9.807040381,77.06833123,Debris,Slide,"15th August, 2018",2018.0,1
221,Kerala,Idukki,9.676364042,77.04987125,Debris,Slide,"15th August, 2018",2018.0,1
222,Kerala,Idukki,9.667328231,77.05837057,Debris,Slide,"15th August, 2018",2018.0,1
223,Kerala,Idukki,9.667029512,77.05844163,Debris,Slide,"15th August, 2018",2018.0,1
226,Kerala,Idukki,10.0309,76.900786,Debris,Flow,"14th August, 2018",2018.0,1
227,Kerala,Idukki,10.031347,76.900022,Debris,Flow,"14th August, 2018",2018.0,1
228,Kerala,Idukki,10.030213,76.900791,Debris,Flow,"14th August, 2018",2018.0,1
229,Kerala,Idukki,10.029819,76.90015,Soil,Slide,"15th August, 2018",2018.0,1
234,Kerala,Idukki,10.03529,76.948184,Debris,Slide,"15th August, 2018",2018.0,1
235,Kerala,Idukki,10.033387,76.948911,Debris,Slide,"15th August, 2018",2018.0,1
236,Kerala,Idukki,10.030843,76.94035,Debris,Slide,"15th August, 2018",2018.0,1
237,Kerala,Idukki,10.033634,76.936135,Debris,Slide,"15th August, 2018",2018.0,1
238,Kerala,Idukki,10.032608,76.935362,Debris,Slide,"15th August, 2018",2018.0,1
239,Kerala,Idukki,10.03203,76.933708,Debris,Slide,"15th August, 2018",2018.0,1
240,Kerala,Idukki,10.031732,76.933624,Debris,Slide,"15th August, 2018",2018.0,1
241,Kerala,Idukki,10.031173,76.933329,Debris,Slide,"15th August, 2018",2018.0,1
242,Kerala,Idukki,10.030556,76.9338,Debris,Flow,"15th August, 2018",2018.0,1
243,Kerala,Idukki,10.028576,76.933742,Debris,Slide,"15th August, 2018",2018.0,1
244,Kerala,Idukki,10.013351,76.960455,Debris,Slide,"15th August, 2018",2018.0,1
245,Kerala,Idukki,10.011862,76.964605,Debris,Slide,"8th August, 2018",2018.0,1
246,Kerala,Idukki,10.011908,76.964396,Debris,Slide,"8th August, 2018",2018.0,1
247,Kerala,Idukki,10.011914,76.964861,Debris,Slide,"8th August, 2018",2018.0,1
248,Kerala,Idukki,10.011894,76.965253,Soil,Slide,"8th August, 2018",2018.0,1
249,Kerala,Idukki,10.013924,76.964344,Debris,Slide,"9th August, 2018",2018.0,1
250,Kerala,Idukki,9.997868,76.964767,Debris,Slide,"8th August, 2018",2018.0,1
251,Kerala,Idukki,10.001608,76.959035,Debris,Slide,"8th August, 2018",2018.0,1
252,Kerala,Idukki,10.011485,76.964065,Debris,Slide,"8th August, 2018",2018.0,1
253,Kerala,Idukki,10.011132,76.965759,Debris,Slide,"9th August, 2018",2018.0,1
254,Kerala,Idukki,10.025678,76.986658,Soil,Slide,"14th August, 2018",2018.0,1
255,Kerala,Idukki,10.02443,76.986861,Debris,Slide,"15th August, 2018",2018.0,1
256,Kerala,Idukki,10.022416,76.978923,Debris,Slide,"14th August, 2018",2018.0,1
257,Kerala,Idukki,10.024074,76.976863,Debris,Flow,"15th August, 2018",2018.0,1
258,Kerala,Idukki,10.02155,76.97403,Debris,Slide,"15th August, 2018",2018.0,1
259,Kerala,Idukki,10.020316,76.976311,Debris,Flow,"14th August, 2018",2018.0,1
260,Kerala,Idukki,10.022125,76.970194,Debris,Slide,"15th August, 2018",2018.0,1
262,Kerala,Idukki,10.023758,76.953842,Debris,Slide,"15th August, 2018",2018.0,1
265,Kerala,Idukki,9.997695,76.944932,Debris,Slide,"15th August, 2018",2018.0,1
266,Kerala,Idukki,9.99701,76.946049,Debris,Slide,"15th August, 2018",2018.0,1
267,Kerala,Idukki,9.998928,76.942668,Debris,Slide,"15th August, 2018",2018.0,1
268,Kerala,Idukki,10.008157,76.934999,Debris,Slide,"15th August, 2018",2018.0,1
269,Kerala,Idukki,10.007979,76.934532,Debris,Slide,"15th August, 2018",2018.0,1
270,Kerala,Idukki,10.008478,76.932793,Debris,Slide,"14th August, 2018",2018.0,1
271,Kerala,Idukki,10.007057,76.925216,Debris,Flow,"15th August, 2018",2018.0,1
274,Kerala,Idukki,10.043702,76.88945,Debris,Flow,"15th August, 2018",2018.0,1
275,Kerala,Idukki,10.045443,76.901089,Debris,Slide,"8th August, 2018",2018.0,1
276,Kerala,Idukki,10.042278,76.912363,Debris,Slide,"9th August, 2018",2018.0,1
277,Kerala,Idukki,10.042103,76.912845,Debris,Slide,"9th August, 2018",2018.0,1
278,Kerala,Idukki,10.04169,76.910918,Debris,Slide,"9th August, 2018",2018.0,1
279,Kerala,Idukki,10.041956,76.919657,Debris,Flow,"14th August, 2018",2018.0,1
282,Kerala,Idukki,10.053132,76.942389,Debris,Flow,"15th August, 2018",2018.0,1
283,Kerala,Idukki,10.063173,76.931832,Debris,Slide,"15th August, 2018",2018.0,1
284,Kerala,Idukki,10.060098,76.928977,Debris,Slide,"July, 2018",2018.0,1
285,Kerala,Idukki,10.060082,76.928721,Debris,Slide,"8th August, 2018",2018.0,1
286,Kerala,Idukki,10.060891,76.926327,Debris,Slide,"15th August, 2018",2018.0,1
287,Kerala,Idukki,10.060595,76.925942,Debris,Flow,"8th August, 2018",2018.0,1
288,Kerala,Idukki,10.060128,76.930063,Debris,Slide,"15th August, 2018",2018.0,1
289,Kerala,Idukki,10.058896,76.941338,Debris,Flow,"15th August, 2018",2018.0,1
290,Kerala,Idukki,10.052865,76.830616,Debris,Slide,"15th August, 2018",2018.0,1
291,Kerala,Idukki,10.052144,76.831825,Debris,Slide,"15th August, 2018",2018.0,1
292,Kerala,Idukki,10.050389,76.835281,Debris,Slide,"15th August, 2018",2018.0,1
293,Kerala,Idukki,10.048843,76.838474,Debris,Slide,"15th August, 2018",2018.0,1
294,Kerala,Idukki,10.047849,76.840083,Debris,Slide,"15th August, 2018",2018.0,1
295,Kerala,Idukki,10.041342,76.842965,Debris,Slide,"15th August, 2018",2018.0,1
296,Kerala,Idukki,10.011409,76.979942,Debris,Slide,"15th August, 2018",2018.0,1
297,Kerala,Idukki,10.120112,76.932126,Debris,Flow,"9th August, 2018",2018.0,1
298,Kerala,Idukki,10.131041,76.925988,Soil,Subsidence,"9th August, 2018",2018.0,1
299,Kerala,Idukki,10.128558,76.931656,Debris,Slide,"8th August, 2018",2018.0,1
300,Kerala,Idukki,10.137426,76.923973,Debris,Slide,"9th August, 2018",2018.0,1
301,Kerala,Idukki,10.115896,76.918882,Debris,Slide,"9th August, 2018",2018.0,1
302,Kerala,Idukki,10.120504,76.911538,Debris,Flow,"9th August, 2018",2018.0,1
305,Kerala,Idukki,10.112005,76.933446,Rock-cum-debris,Slide,"9th August, 2018",2018.0,1
310,Kerala,Idukki,10.081212,76.950995,Debris,Slide,"9th August, 2018",2018.0,1
312,Kerala,Idukki,10.063931,76.958224,Debris,Slide,"9th August, 2018",2018.0,1
313,Kerala,Idukki,10.059519,76.955288,Debris,Slide,"15th August, 2018",2018.0,1
314,Kerala,Idukki,10.025909,76.993454,Debris,Slide,"16th August, 2018",2018.0,1
315,Kerala,Idukki,10.028624,76.986795,Debris,Slide,"8th August, 2018",2018.0,1
316,Kerala,Idukki,10.017426,77.00006,Debris,Flows,"16th August, 2018",2018.0,1
317,Kerala,Idukki,10.017242,76.997651,Debris,Slide,"13th August, 2018",2018.0,1
318,Kerala,Idukki,10.01781,76.99491,Debris,Slide,"10th August, 2018",2018.0,1
319,Kerala,Idukki,10.01805,76.995549,Debris,Slide,"8th August, 2018",2018.0,1
320,Kerala,Idukki,10.017266,76.984647,Debris,Flows,"9th August, 2018",2018.0,1
321,Kerala,Idukki,10.015962,76.983426,Debris,Flows,"16th August, 2018",2018.0,1
322,Kerala,Idukki,10.013121,76.982378,Debris,Flows,"10th August, 2018",2018.0,1
323,Kerala,Idukki,10.012345,76.980586,Debris,Slide,"8th August, 2018",2018.0,1
324,Kerala,Idukki,10.012191,76.980621,Debris,Flows,"8th August, 2018",2018.0,1
326,Kerala,Idukki,10.028027,76.98991,Debris,Slide,"15th August, 2018",2018.0,1
327,Kerala,Idukki,10.027278,76.991246,Debris,Slide,"15th August, 2018",2018.0,1
328,Kerala,Idukki,10.026848,76.992101,Debris,Slide,"15th August, 2018",2018.0,1
329,Kerala,Idukki,10.024591,76.9962,Debris,Slide,"15th August, 2018",2018.0,1
330,Kerala,Idukki,10.018154,77.009831,Debris,Slide,"15th August, 2018",2018.0,1
331,Kerala,Idukki,10.017696,76.99438,Soil,Slide,"15th August, 2018",2018.0,1
332,Kerala,Idukki,10.015845,76.984857,Debris,Slide,"15th August, 2018",2018.0,1
333,Kerala,Idukki,10.012398,76.98231,Debris,Slide,"13th August, 2018",2018.0,1
341,Kerala,Idukki,10.000774,77.007892,Debris,Slide,"15th August, 2018",2018.0,1
342,Kerala,Idukki,10.00053,77.00944,Debris,Slide,"10th August, 2018",2018.0,1
343,Kerala,Idukki,10.0018,77.011628,Debris,Slide,"10th August, 2018",2018.0,1
344,Kerala,Idukki,9.979597,76.999947,Debris,Flows,"9th August, 2018",2018.0,1
345,Kerala,Idukki,9.97984,77.00014,Debris,Slide,"7th August, 2018",2018.0,1
346,Kerala,Idukki,9.980202,77.000142,Debris,Flows,"8th August, 2018",2018.0,1
347,Kerala,Idukki,9.981403,76.998763,Debris,Slide,"14th August, 2018",2018.0,1
348,Kerala,Idukki,9.983784,76.998194,Soil,Slide,"14th August, 2018",2018.0,1
350,Kerala,Idukki,9.993229,76.990911,Debris,Slide,"16th August, 2018",2018.0,1
351,Kerala,Idukki,9.992667,76.986522,Debris,Flows,"16th August, 2018",2018.0,1
352,Kerala,Idukki,9.981009,76.993645,Soil,Slide,"15th August, 2018",2018.0,1
353,Kerala,Idukki,9.982213,76.99182,Debris,Slide,"15th August, 2018",2018.0,1
354,Kerala,Idukki,9.985087,76.99036,Debris,Slide,"15th August, 2018",2018.0,1
355,Kerala,Idukki,9.985506,76.989806,Soil,Slide,"15th August, 2018",2018.0,1
356,Kerala,Idukki,10.011229,77.008421,Debris,Slide,"9th August, 2018",2018.0,1
358,Kerala,Idukki,9.993815,77.01363,Debris,Slide,"14th August, 2018",2018.0,1
359,Kerala,Idukki,9.992094,77.012662,Debris,Slide,"10th August, 2018",2018.0,1
363,Kerala,Idukki,9.996097,77.02497,Debris,Slide,"15th August, 2018",2018.0,1
364,Kerala,Idukki,9.995845,77.024741,Debris,Slide,"15th August, 2018",2018.0,1
365,Kerala,Idukki,9.985976,77.007938,Debris,Slide,"15th August, 2018",2018.0,1
366,Kerala,Idukki,9.986016,77.007309,Debris,Slide,"15th August, 2018",2018.0,1
372,Kerala,Idukki,9.975343,76.996319,Soil,Slide,"16th August, 2018",2018.0,1
373,Kerala,Idukki,9.977168,76.998054,Debris,Slide,"16th August, 2018",2018.0,1
374,Kerala,Idukki,9.956363,76.98074,Debris,Slide,"16th August, 2018",2018.0,1
375,Kerala,Idukki,9.9563,76.980757,Debris,Slide,"16th August, 2018",2018.0,1
376,Kerala,Idukki,9.966883,76.984058,Debris,Slide,"10th August, 2018",2018.0,1
377,Kerala,Idukki,9.969343,76.983945,Debris,Slide,"15th August, 2018",2018.0,1
378,Kerala,Idukki,9.997778,77.030833,Debris,Flows,"15th August, 2018",2018.0,1
379,Kerala,Idukki,9.995305,77.033227,Debris,Slide,"15th August, 2018",2018.0,1
380,Kerala,Idukki,9.984816,77.047131,Debris,Flows,"10th August, 2018",2018.0,1
381,Kerala,Idukki,9.984167,77.045,Debris,Flows,"16th August, 2018",2018.0,1
382,Kerala,Idukki,9.987957,77.041953,Debris,Slide,"8th August, 2018",2018.0,1
384,Kerala,Idukki,9.982914,77.032886,Debris,Slide,"15th August, 2018",2018.0,1
385,Kerala,Idukki,9.979716,77.034088,Debris,Slide,"15th August, 2018",2018.0,1
386,Kerala,Idukki,9.975805,77.021799,Debris,Slide,"16th August, 2018",2018.0,1
389,Kerala,Idukki,9.960538,76.877735,Debris,Flow,"16th August, 2018",2018.0,1
390,Kerala,Idukki,9.856918,76.871813,Debris,Slide,"15th August, 2018",2018.0,1
393,Kerala,Idukki,9.768333,76.854722,Debris,Slide,"15th August, 2018",2018.0,1
394,Kerala,Idukki,9.754167,76.863333,Debris,Slide,"15th August, 2018",2018.0,1
395,Kerala,Idukki,9.753889,76.862778,Debris,Slide,"15th August, 2018",2018.0,1
396,Kerala,Idukki,9.749142,76.865103,Debris,Slide,"15th August, 2018",2018.0,1
397,Kerala,Idukki,9.747819,76.865615,Debris,Flow,"15th August, 2018",2018.0,1
398,Kerala,Idukki,9.746111,76.867778,Debris,Flow,"16th August, 2018",2018.0,1
399,Kerala,Idukki,9.743929,76.871225,Debris,Slide,"15th August, 2018",2018.0,1
400,Kerala,Idukki,9.742408,76.871481,Debris,Slide,"15th August, 2018",2018.0,1
401,Kerala,Idukki,9.763762,76.836386,Debris,Slide,"15th August, 2018",2018.0,1
402,Kerala,Idukki,9.770459,76.835165,Debris,Slide,"15th August, 2018",2018.0,1
403,Kerala,Idukki,9.792432,76.82916,Debris,Slide,"15th August, 2018",2018.0,1
404,Kerala,Idukki,9.839776,76.865554,Debris,Slide,"10th August, 2018",2018.0,1
405,Kerala,Idukki,9.839808,76.864707,Debris,Slide,15th August 2018,2018.0,1
409,Kerala,Idukki,9.820806,76.871099,Debris,Slide,15th August 2018,2018.0,1
411,Kerala,Idukki,9.877324,76.845116,Debris,Flow,15th August 2018,2018.0,1
412,Kerala,Idukki,9.877183,76.845973,Debris,Slide,15th August 2018,2018.0,1
413,Kerala,Idukki,9.876945,76.846673,Rock-cum-debris,Slide,15th August 2018,2018.0,1
414,Kerala,Idukki,9.875297,76.848642,Debris,Slide,15th August 2018,2018.0,1
415,Kerala,Idukki,9.875604,76.848726,Debris,Slide,15th August 2018,2018.0,1
416,Kerala,Idukki,9.875848,76.848728,Debris,Slide,"15th August, 2018",2018.0,1
417,Kerala,Idukki,9.874873,76.848531,Debris,Slide,15th August 2018,2018.0,1
418,Kerala,Idukki,9.870913,76.84705,Debris,Flow,15th August 2018,2018.0,1
419,Kerala,Idukki,9.870136,76.846863,Debris,Flow,15th August 2018,2018.0,1
421,Kerala,Idukki,9.864715,76.848018,Debris,Subsidence,15th August 2018,2018.0,1
423,Kerala,Idukki,9.867655,76.849283,Debris,Slide,15th August 2018,2018.0,1
429,Kerala,Idukki,9.858592,76.873099,Debris,Flow,15th August 2018,2018.0,1
430,Kerala,Idukki,9.841969,76.885748,Debris,Slide,16th August 2018,2018.0,1
433,Kerala,Idukki,9.860248,76.861385,Debris,Slide,15th August 2018,2018.0,1
434,Kerala,Idukki,9.855592,76.863036,Debris,Slide,15th August 2018,2018.0,1
435,Kerala,Idukki,9.840603,76.885914,Debris,Slide,15th August 2018,2018.0,1
436,Kerala,Idukki,9.838783,76.888009,Debris,Slide,15th August 2018,2018.0,1
437,Kerala,Idukki,9.846759,76.881117,Debris,Slide,16th August 2018,2018.0,1
439,Kerala,Idukki,9.840603,76.879387,Debris,Slide,16th August 2018,2018.0,1
440,Kerala,Idukki,9.868611,76.85,Debris,Flow,15th August 2018,2018.0,1
441,Kerala,Idukki,9.873292,76.850017,Debris,Flow,16th August 2018,2018.0,1
442,Kerala,Idukki,9.861944,76.886944,Debris,Flow,15th August 2018,2018.0,1
443,Kerala,Idukki,9.860657,76.886985,Debris,Slide,15th August 2018,2018.0,1
444,Kerala,Idukki,9.859944,76.886817,Debris,Flow,15th August 2018,2018.0,1
445,Kerala,Idukki,9.860453,76.887968,Debris,Flow,15th August 2018,2018.0,1
446,Kerala,Idukki,9.8575,76.888889,Debris,Slide,15th August 2018,2018.0,1
447,Kerala,Idukki,9.856389,76.888333,Debris,Slide,15th August 2018,2018.0,1
448,Kerala,Idukki,9.858884,76.890384,Debris,Slide,15th August 2018,2018.0,1
449,Kerala,Idukki,9.861767,76.887365,Debris,Flow,15th August 2018,2018.0,1
450,Kerala,Idukki,9.863503,76.88732,Debris,Flow,15th August 2018,2018.0,1
459,Kerala,Idukki,9.829444,76.749722,Debris,Slide,15th August 2018,2018.0,1
460,Kerala,Idukki,9.942178,76.95499,Debris,Flow,"17th August, 2018",2018.0,1
461,Kerala,Idukki,9.869258333,77.12959722,Debris,Subsidence,"16th August, 2018",2018.0,1
462,Kerala,Idukki,9.87465,77.11937,Debris,Subsidence,"16th August, 2018",2018.0,1
463,Kerala,Idukki,9.852386,77.14712,Soil,Slide,"15th August, 2018",2018.0,1
464,Kerala,Idukki,9.855086,77.150333,Debris,Slide,15-08-2018,2018.0,1
465,Kerala,Idukki,9.853464,77.148017,Debris,Slide,15-08-2018,2018.0,1
466,Kerala,Idukki,9.852998,77.143156,Debris,Slide,15-08-2018,2018.0,1
467,Kerala,Idukki,9.852708,77.143254,Debris,Slide,15-08-2018,2018.0,1
468,Kerala,Idukki,9.851094,77.13268,Debris,Flow,15-08-2018,2018.0,1
469,Kerala,Idukki,9.857261,77.122211,Debris,Slide,15-08-2018,2018.0,1
470,Kerala,Idukki,9.86143,76.842083,Debris,Slide,15-08-2018,2018.0,1
471,Kerala,Idukki,9.860469,77.113791,Debris,Flow,14-08-2018,2018.0,1
472,Kerala,Idukki,9.861556,77.113324,Debris,Flow,15-08-2018,2018.0,1
473,Kerala,Idukki,9.85704,77.122966,Debris,Flow,09-08-2018,2018.0,1
474,Kerala,Idukki,9.858269,77.121561,Debris,Slide,09-08-2018,2018.0,1
475,Kerala,Idukki,9.848333,77.116667,Debris,Slide,16-08-2018,2018.0,1
477,Kerala,Idukki,9.869548,77.100131,Debris,Slide,15-08-2018,2018.0,1
478,Kerala,Idukki,9.8618,77.104758,Debris,Slide,15-08-2018,2018.0,1
479,Kerala,Idukki,9.864132,77.109066,Debris,Slide,16-08-2018,2018.0,1
480,Kerala,Idukki,9.854962,77.108269,Debris,Slide,15-08-2018,2018.0,1
481,Kerala,Idukki,9.849927,77.115583,Debris,Slide,15-08-2018,2018.0,1
482,Kerala,Idukki,9.866746,77.128843,Debris,Slide,15-08-2018,2018.0,1
490,Kerala,Idukki,9.820459,77.127344,Debris,Slide,15th August 2018,2018.0,1
491,Kerala,Idukki,9.818091,77.127319,Debris,Slide,15th August 2018,2018.0,1
492,Kerala,Idukki,9.811061,77.131266,Soil,Slide,15th August 2018,2018.0,1
493,Kerala,Idukki,9.809479,77.131411,Debris,Slide,15th August 2018,2018.0,1
494,Kerala,Idukki,9.818911,77.129202,Debris,Slide,15th August 2018,2018.0,1
496,Kerala,Idukki,9.822065,77.143594,Debris,Flow,15th August 2018,2018.0,1
497,Kerala,Idukki,9.826816,77.141255,Debris,Flow,15th August 2018,2018.0,1
498,Kerala,Idukki,9.826742,77.141574,Debris,Flow,17th August 2018,2018.0,1
499,Kerala,Idukki,9.828943,77.160772,Debris,Slide,15th August 2018,2018.0,1
500,Kerala,Idukki,9.852096,77.155627,Debris,Flow,16th August 2018,2018.0,1
501,Kerala,Idukki,9.807055,77.150241,Debris,Slide,15th August 2018,2018.0,1
502,Kerala,Idukki,9.805846,77.151282,Debris,Slide,15th August 2018,2018.0,1
504,Kerala,Idukki,9.799312,77.135392,Debris,Slide,15th August 2018,2018.0,1
507,Kerala,Idukki,9.796923,77.192568,Debris,Slide,15th August 2018,2018.0,1
508,Kerala,Idukki,9.788433,77.211174,Debris,Flow,15th August 2018,2018.0,1
511,Kerala,Idukki,9.937473,77.218058,Debris,Slide,15th August 2018,2018.0,1
512,Kerala,Idukki,9.913123,77.216946,Debris,Slide,"15th August, 2018",2018.0,1
513,Kerala,Idukki,9.906852,77.216739,Debris,Slide,15th August 2018,2018.0,1
514,Kerala,Idukki,9.897864,77.213133,Debris,Slide,15th August 2018,2018.0,1
515,Kerala,Idukki,9.957787,77.132604,Debris,Slide,15th August 2018,2018.0,1
516,Kerala,Idukki,9.959079,77.129877,Debris,Slide,15th August 2018,2018.0,1
517,Kerala,Idukki,9.95888,77.129958,Debris,Flow,15th August 2018,2018.0,1
518,Kerala,Idukki,9.958791,77.125526,Debris,Slide,15th August 2018,2018.0,1
519,Kerala,Idukki,9.949067,77.13799,Debris,Slide,15th August 2018,2018.0,1
520,Kerala,Idukki,9.949909,77.133528,Debris,Flow,15th August 2018,2018.0,1
521,Kerala,Idukki,9.929568,77.152422,Debris,Flow,15th August 2018,2018.0,1
522,Kerala,Idukki,9.93918,77.106391,Debris,Flow,15th August 2018,2018.0,1
524,Kerala,Idukki,9.949088,77.169845,Soil,Subsidence,15th August 2018,2018.0,1
527,Kerala,Idukki,9.939357,77.10125,Debris,Flow,15th August 2018,2018.0,1
529,Kerala,Idukki,9.957552,77.078162,Debris,Slide,15th August 2018,2018.0,1
530,Kerala,Idukki,9.958153,77.07605,Debris,Slide,15th August 2018,2018.0,1
531,Kerala,Idukki,9.964335,77.05862,Debris,Slide,15th August 2018,2018.0,1
532,Kerala,Idukki,9.968324,77.062493,Debris,Slide,16th August 2018,2018.0,1
533,Kerala,Idukki,9.966436,77.063839,Debris,Slide,15th August 2018,2018.0,1
534,Kerala,Idukki,9.964256,77.068385,Debris,Slide,15th August 2018,2018.0,1
535,Kerala,Idukki,9.957836,77.120715,Debris,Flow,15th August 2018,2018.0,1
536,Kerala,Idukki,9.956879,77.120527,Debris,Slide,15th August 2018,2018.0,1
541,Kerala,Idukki,9.557969,76.97305,Debris,Slide,16th August 2018,2018.0,1
542,Kerala,Idukki,9.556714,76.972888,Debris,Slide,15th August 2018,2018.0,1
556,Kerala,Idukki,9.618522,76.91768,Debris,Flow,15th August 2018,2018.0,1
10,Kerala,Idukki,9.854614,77.206592,Debris,Slide,15th August  2018,2018.0,1
12,Kerala,Idukki,9.886393,77.120748,Debris,Flow,15th August  2018,2018.0,1
14,Kerala,Idukki,9.880659,77.145568,Debris,Slide,15th August  2018,2018.0,1
15,Kerala,Idukki,9.880827,77.123401,Debris,Slide,15th August  2018,2018.0,1
16,Kerala,Idukki,9.880616,77.122442,Debris,Flow,15th August  2018,2018.0,1
17,Kerala,Idukki,9.881169,77.120732,Debris,Flow,15th August  2018,2018.0,1
18,Kerala,Idukki,9.882046,77.120674,Debris,Slide,15th August  2018,2018.0,1
21,Kerala,Idukki,9.912176,77.176511,Debris,Slide,15th August 2018,2018.0,1
25,Kerala,Idukki,9.928599,77.121639,Debris,Flow,15th August 2018,2018.0,1
26,Kerala,Idukki,9.926836,77.123159,Debris,Flow,8th August  2018,2018.0,1
27,Kerala,Idukki,9.926536,77.126202,Debris,Flow,15th August 2018,2018.0,1
28,Kerala,Idukki,9.926579,77.117961,Debris,Slide,August 11th 2018,2018.0,1
29,Kerala,Idukki,9.916541,77.114532,Debris,Slide,8th August  2018,2018.0,1
30,Kerala,Idukki,9.914051,77.115246,Debris,Slide,15th August 2018,2018.0,1
31,Kerala,Idukki,9.92214,77.14932,Debris,Flow,8th August  2018,2018.0,1
33,Kerala,Idukki,9.927923,77.135537,Debris,Slide,15th August 2018,2018.0,1
34,Kerala,Idukki,9.933582,77.111196,Debris,Slide,15th August 2018,2018.0,1
35,Kerala,Idukki,9.913188,77.115833,Debris,Flow,15th August 2018,2018.0,1
38,Kerala,Idukki,9.914315,77.110644,Debris,Flow,August 14th 2018,2018.0,1
39,Kerala,Idukki,9.914315,77.110644,Debris,Flow,August 14th 2018,2018.0,1
40,Kerala,Idukki,9.91506,77.078826,Debris,Flow,15th August 2018,2018.0,1
41,Kerala,Idukki,9.914739,77.109325,Debris,Flow,15th August 2018,2018.0,1
42,Kerala,Idukki,9.913768,77.109847,Debris,Slide,15th August 2018,2018.0,1
43,Kerala,Idukki,9.914919,77.106482,Debris,Slide,15th August 2018,2018.0,1
53,Kerala,Idukki,9.999,77.17757,Debris,Flow,15th August 2018,2018.0,1
56,Kerala,Idukki,9.981525,77.133652,Debris,Flow,15th August 2018,2018.0,1
59,Kerala,Idukki,9.621675,77.161217,Debris,Slide,17th August  2018,2018.0,1
60,Kerala,Idukki,9.629298,77.163697,Debris,Slide,17th August  2018,2018.0,1
61,Kerala,Idukki,9.632692,77.162881,Debris,Slide,17th August  2018,2018.0,1
62,Kerala,Idukki,9.636032,77.163613,Debris,Slide,17th August  2018,2018.0,1
63,Kerala,Idukki,9.637009,77.163437,Debris,Slide,August 16th 2018,2018.0,1
64,Kerala,Idukki,9.640687,77.166384,Debris,Slide,August 15th 2018,2018.0,1
65,Kerala,Idukki,9.637785,77.170792,Debris,Slide,August 17th 2018,2018.0,1
70,Kerala,Idukki,9.635735,77.151807,Debris,Slide,17th August  2018,2018.0,1
71,Kerala,Idukki,9.635213,77.152987,Debris,Slide,August 8th 2018,2018.0,1
72,Kerala,Idukki,9.63221,77.156202,Debris,Slide,17th August  2018,2018.0,1
75,Kerala,Idukki,9.629002,77.137118,Debris,Slide,17th August  2018,2018.0,1
76,Kerala,Idukki,9.627685,77.138111,Debris,Flow,27th August 2018,2018.0,1
77,Kerala,Idukki,9.611343,77.148419,Debris,Flow,17th August  2018,2018.0,1
78,Kerala,Idukki,9.608653,77.146307,Debris,Slide,17th August  2018,2018.0,1
79,Kerala,Idukki,9.608653,77.146307,Debris,Slide,17th August  2018,2018.0,1
80,Kerala,Idukki,9.608653,77.146307,Debris,Slide,August 17th 2018,2018.0,1
81,Kerala,Idukki,9.608653,77.146307,Debris,Slide,17th August  2018,2018.0,1
82,Kerala,Idukki,9.608653,77.146307,Debris,Slide,17th August  2018,2018.0,1
83,Kerala,Idukki,9.608653,77.146307,Debris,Slide,17th August  2018,2018.0,1
84,Kerala,Idukki,9.616867,77.143727,Debris,Flow,17th August  2018,2018.0,1
KRL/KNR/49M09/2018/001,Kerala,Kannur,11.97909444,75.64750278,Debris,Slide,"14th August 2018, 15:50 hrs",2018.0,1
KRL/KNR/48P12/2018/002,Kerala,Kannur,12.09170833,75.69388889,Debris,Flow,"08th August 2018, 14:00 hrs",2018.0,1
KRL/KNR/48P12/2018/003,Kerala,Kannur,12.08867222,75.69080278,Debris,Flow,"08th August 2018, 14:30 hrs",2018.0,1
KRL/KNR/48P12/2018/004,Kerala,Kannur,12.09855556,75.69021667,Rock-cum-debris,Topple,"08th August 2018, 13:30 hrs",2018.0,1
KRL/KNR/48P16/2018/005,Kerala,Kannur,12.07206111,75.75855556,Rock-cum-debris,Flow,"08th August 2018, 13:30 hrs",2018.0,1
KRL/KNR/48P16/2018/006,Kerala,Kannur,12.07092222,75.75761389,Debris,Flow,"08th August 2018, 16:00 hrs",2018.0,1
KRL/KNR/48P16/2018/007,Kerala,Kannur,12.07041944,75.75770833,Debris,Flow,"08th August 2018, 16:30 hrs",2018.0,1
KRL/KNR/48P16/2018/008,Kerala,Kannur,12.06516667,75.76377778,Debris,Flow,"08th August 2018, 17:00 hrs",2018.0,1
KRL/KNR/48P12/2018/009,Kerala,Kannur,12.02903333,75.71350556,Earth,Slide,"09th August 2018, 15:30 hrs",2018.0,1
KRL/KNR/48P16/2018/010,Kerala,Kannur,12.04559722,75.78068056,Debris,Flow,"09th August 2018, 16:00 hrs",2018.0,1
KRL/KNR/48P16/2018/011,Kerala,Kannur,12.02020833,75.776525,Debris,Flow,"09th August 2018, 23:00 hrs",2018.0,1
KRL/KNR/48P16/2018/012,Kerala,Kannur,12.00518056,75.75670833,Earth,Slide,"08th August 2018, 16:00 hrs",2018.0,1
KRL/KNR/48P16/2018/013,Kerala,Kannur,12.01121389,75.77821667,Debris,Flow,"08th August 2018, 16:00 hrs",2018.0,1
KRL/KNR/49M13/2018/014,Kerala,Kannur,11.85291389,75.85624722,Debris,Flow,"14th August 2018, 17:00 hrs",2018.0,1
KRL/KNR/49M13/2018/015,Kerala,Kannur,11.86662222,75.89026667,Debris,Slide,"16th August 2018, 11:30 hrs",2018.0,1
KRL/KNR/49M13/2018/016,Kerala,Kannur,11.86084444,75.86396389,Debris,Flow,"08th August 2018, 10:30 hrs",2018.0,1
KRL/KNR/49M13/2018/017,Kerala,Kannur,11.86204722,75.87109444,Earth,Slide,"16th August 2018, 12:30 hrs",2018.0,1
KRL/KNR/49M13/2018/018,Kerala,Kannur,11.91209167,75.85948333,Earth,Creep,10th August 2018,2018.0,1
KRL/KNR/48P12/2018/019,Kerala,Kannur,12.12692778,75.64231389,Debris,Flow,"08th August 2018, 07:30 hrs",2018.0,1
KRL/KNR/48P12/2018/020,Kerala,Kannur,12.1297,75.62868056,Debris,Flow,"08th August 2018, 15:00 hrs",2018.0,1
KRL/KNR/48P12/2018/021,Kerala,Kannur,12.14786111,75.60595,Debris,Flow,"08th August 2018, 07:30 hrs",2018.0,1
KRL/KNR/48P12/2018/022,Kerala,Kannur,12.16221111,75.56968333,Debris,Flow,"08th August 2018, 07:00 hrs",2018.0,1
KRL/KNR/48P12/2018/023,Kerala,Kannur,12.15688056,75.57745278,Debris,Flow,"08th August 2018, 07:30 hrs",2018.0,1
KRL/KNR/48P12/2018/024,Kerala,Kannur,12.13916111,75.5749,Debris,Flow,"08th August 2018, 12:00 hrs",2018.0,1
KL/KTM/58C/14/2018/1,Kerala,Kottayam,9.648758333,76.88862222,Rock cum debris,Flow,15th August 2018,2018.0,1
KL/KTM/58C/14/2018/2,Kerala,Kottayam,9.650013889,76.88978889,Rock cum debris,Flow,15th August 2018,2018.0,1
KL/KTM/58C/14/2018/3,Kerala,Kottayam,9.648005556,76.88960278,Debris,Flow,15th August 2018,2018.0,1
KL/KTM/58C/14/2018/4,Kerala,Kottayam,9.642869444,76.89306111,Debris,Flow,15th August 2018,2018.0,1
KL/KTM/58C/14/2018/5,Kerala,Kottayam,9.653094444,76.90341944,Debris,Slide,15th August 2018,2018.0,1
KL/KTM/58C/14/2018/6,Kerala,Kottayam,9.653402778,76.903175,Rock cum debris,flow,15th August 2018,2018.0,1
KL/KTM/58C/14/2018/7,Kerala,Kottayam,9.656433333,76.90389167,Rock cum debris,flow,15th August 2018,2018.0,1
KL/KTM/58C/14/2018/8,Kerala,Kottayam,9.638944444,76.86823611,Rock cum debris.,flow,15th August 2018,2018.0,1
KL/KTM/58C/14/2018/9,Kerala,Kottayam,9.643716667,76.86842222,debris.,Slide,15th August 2018,2018.0,1
KL/KTM/58C/14/2018/10,Kerala,Kottayam,9.644494444,76.867875,Rock cum debris.,flow,15th August 2018,2018.0,1
KL/KTM/58C/14/2018/11,Kerala,Kottayam,9.630855556,76.87125,Rock cum debris.,flow,15th August 2018,2018.0,1
KL/KTM/58C/14/2018/12,Kerala,Kottayam,9.645325,76.90501667,Debris.,flow,15th August 2018,2018.0,1
KL/KTM/58C/14/2018/13,Kerala,Kottayam,9.646877778,76.90202778,Debris.,flow,15th August 2018,2018.0,1
KL/KTM/58C/14/2018/14,Kerala,Kottayam,9.644319444,76.89696111,Debris.,flow,15th August 2018,2018.0,1
KL/KTM/58C/14/2018/15,Kerala,Kottayam,9.638197222,76.88700556,Debris.,flow,15th August 2018,2018.0,1
KL/KTM/58C/14/2018/16,Kerala,Kottayam,9.659355556,76.89671944,Debris,Slide,15th August 2018,2018.0,1
KL/KTM/58C/14/2018/17,Kerala,Kottayam,9.658569444,76.90202778,Debris.,Slide,15th August 2018,2018.0,1
KL/KTM/58C/14/2018/18,Kerala,Kottayam,9.65845,76.90136944,Debris.,Slide,15th August 2018,2018.0,1
KL/KTM/58C/14/2018/19,Kerala,Kottayam,9.658686111,76.90151944,Debris.,Slide,15th August 2018,2018.0,1
KL/KTM/58C/14/2018/20,Kerala,Kottayam,9.708394444,76.84967222,Debris,Flow,15th August 2018,2018.0,1
KL/KTM/58C/14/2018/21,Kerala,Kottayam,9.700266667,76.86585,Debris,Slide,15th August 2018,2018.0,1
KL/KTM/58C/14/2018/22,Kerala,Kottayam,9.707702778,76.88578611,Debris,Flow,15th August 2018,2018.0,1
KL/KTM/58C/14/2018/24,Kerala,Kottayam,9.699908333,76.834475,Rock-cum-debris,Flow,15th August 2018,2018.0,1
KL/KTM/58C/14/2018/25,Kerala,Kottayam,9.731455556,76.81583333,Rock-cum-debris,Flow,16 August 2018,2018.0,1
KL/KTM/58C/14/2018/26,Kerala,Kottayam,9.74295,76.82049167,Debris,Slide,15 July 2018,2018.0,1
KL/KTM/58C/14/2018/29,Kerala,Kottayam,9.733877778,76.82231111,Debris,Flow,15th August 2018,2018.0,1
KL/KTM/58C/14/2018/31,Kerala,Kottayam,9.741438889,76.84107222,Debris,Flow,15th August 2018,2018.0,1
KL/KTM/58C/14/2018/32,Kerala,Kottayam,9.728494444,76.8422,Rock cum debris,Flow,15th August 2018,2018.0,1
KL/PTMT/58C/15/2018/01,Kerala,Pathanamthitta,9.319213889,76.95202222,Debris,Flow,"15.08.2018, 12:30 hrs.",2018.0,1
KL/PTMT/58C/15/2018/02,Kerala,Pathanamthitta,9.31625,76.94988056,Debris,Slide,15th August 2018,2018.0,1
KL/PTMT/58C/15/2018/03,Kerala,Pathanamthitta,9.313819444,76.95609444,Debris,Flow,15th August 2018,2018.0,1
KL/PTMT/58C/15/2018/04,Kerala,Pathanamthitta,9.301730556,76.98050278,Debris,Flow,"15.08.2018, 11.00 hrs",2018.0,1
KL/PTMT/58C/15/2018/05,Kerala,Pathanamthitta,9.302208333,76.97924167,Debris,Flow,"15.08.2018, 13.00 hrs",2018.0,1
KL/PTMT/58C/15/2018/06,Kerala,Pathanamthitta,9.302861111,76.97783333,Debris,Flow,15th August 2018,2018.0,1
KL/PTMT/58C/15/2018/07,Kerala,Pathanamthitta,9.309877778,76.96136944,Soil,Slide,15th August 2018,2018.0,1
KL/PTMT/58C/15/2018/08,Kerala,Pathanamthitta,9.272416667,76.96925833,Debris,Flow,15th August 2018,2018.0,1
KL/PTMT/58C/15/2018/09,Kerala,Pathanamthitta,9.269308333,76.96805,Debris,Flow,15th August 2018,2018.0,1
KL/PTMT/58C/15/2018/10,Kerala,Pathanamthitta,9.268941667,76.96807222,Debris,Slide,15th August 2018,2018.0,1
KL/PTMT/58C/15/2018/11,Kerala,Pathanamthitta,9.260186111,76.96240278,Debris,Slide,15th August 2018,2018.0,1
KL/PTMT/58C/15/2018/12,Kerala,Pathanamthitta,9.298777778,76.80181667,Debris,Slide,15th August 2018,2018.0,1
KL/PTMT/58C/15/2018/13,Kerala,Pathanamthitta,9.340930556,76.85064444,Debris,Slide,15th August 2018,2018.0,1
KL/PTMT/58C/15/2018/14,Kerala,Pathanamthitta,9.324669444,76.87481667,Soil,Slide,16 August 2018,2018.0,1
KL/PTMT/58C/15/2018/15,Kerala,Pathanamthitta,9.324291667,76.87843889,Soil,Slide,15th August 2018,2018.0,1
KL/PTMT/58C/15/2018/18,Kerala,Pathanamthitta,9.30035,76.99730556,Debris,Flow,15th August 2018,2018.0,1
KL/PTMT/58C/15/2018/19,Kerala,Pathanamthitta,9.301225,76.98561667,Debris,Slide,15th August 2018,2018.0,1
KL/PTMT/58C/15/2018/20,Kerala,Pathanamthitta,9.304333333,76.990425,Debris,Flow,15th August 2018,2018.0,1
KL/PTMT/58C/15/2018/21,Kerala,Pathanamthitta,9.303427778,76.99098333,Debris,Flow,15th August 2018,2018.0,1
KL/PTMT/58C/15/2018/22,Kerala,Pathanamthitta,9.304602778,76.98839167,Debris,Slide,15th August 2018,2018.0,1
KL/PTMT/58C/15/2018/23,Kerala,Pathanamthitta,9.305169444,76.98724444,Debris,Flow,15th August 2018,2018.0,1
KL/PTMT/58C/15/2018/24,Kerala,Pathanamthitta,9.310961111,76.97961944,Debris,Flow,15th August 2018,2018.0,1
KL/PTMT/58C/15/2018/25,Kerala,Pathanamthitta,9.321516667,76.96113889,Debris,Flow,15th August 2018,2018.0,1
KL/PTMT/58C/15/2018/26,Kerala,Pathanamthitta,9.327388889,76.95871111,Debris,Flow,15th August 2018,2018.0,1
KL/PTMT/58C/15/2018/27,Kerala,Pathanamthitta,9.328972222,76.95457778,Debris,Flow,15th August 2018,2018.0,1
KL/PTMT/58C/15/2018/28,Kerala,Pathanamthitta,9.31495,76.98687222,Debris,Flow,15th August 2018,2018.0,1
KL/PTMT/58C/15/2018/29,Kerala,Pathanamthitta,9.310505556,76.99689167,Debris,Flow,15th August 2018,2018.0,1
KL/PTMT/58C/15/2018/31,Kerala,Pathanamthitta,9.335494444,76.99559722,Rock - cum - debris,Flow,15th August 2018,2018.0,1
KL/PTMT/58C/15/2018/33,Kerala,Pathanamthitta,9.326661111,76.98666389,Debris,Slide,15th August 2018,2018.0,1
KL/PTMT/58C/15/2018/34,Kerala,Pathanamthitta,9.347475,76.91850833,Debris,Flow,15th August 2018,2018.0,1
KL/PTMT/58C/15/2018/35,Kerala,Pathanamthitta,9.34365,76.94040556,Rock cum debris,Flow,15th August 2018,2018.0,1
KL/PTMT/58C/15/2018/36,Kerala,Pathanamthitta,9.343594444,76.93544444,Debris,Flow,15th August 2018,2018.0,1
KL/PTMT/58C/15/2018/37,Kerala,Pathanamthitta,9.343591667,76.93378611,Debris,Flow,15th August 2018,2018.0,1
KL/PTMT/58C/15/2018/38,Kerala,Pathanamthitta,9.437263889,76.86890556,Debris,Slide,15th August 2018,2018.0,1
KL/PTMT/58C/15/2018/39,Kerala,Pathanamthitta,9.411836111,76.973325,Soil,Slide,15th August 2018,2018.0,1
KL/PTMT/58C/15/2018/40,Kerala,Pathanamthitta,9.418430556,76.96574167,Soil,Slide,15th August 2018,2018.0,1
KL/PTMT/58C/16/2018/44,Kerala,Pathanamthitta,9.170822222,76.87366111,Soil,Slide,13 October 2018,2018.0,1
KL/PTMT/58C/16/2018/45,Kerala,Pathanamthitta,9.164555556,76.87303056,Soil,Slide,13 October 2018,2018.0,1
KL/PTMT/58C/16/2018/47,Kerala,Pathanamthitta,9.167266667,76.86105556,Soil,Slide,13 October 2018,2018.0,1
KL/PTMT/58C/16/2018/48,Kerala,Pathanamthitta,9.176258333,76.85974722,Soil,Slide,13 October 2018,2018.0,1
KL/PTMT/58C/16/2018/49,Kerala,Pathanamthitta,9.177086111,76.863,Soil,Slide,13 October 2018,2018.0,1
KL/PTMT/58C/16/2018/50,Kerala,Pathanamthitta,9.184813889,76.86902778,Soil,Slide,13 October 2018,2018.0,1
KL/PTMT/58C/16/2018/51,Kerala,Pathanamthitta,9.164555556,76.87303056,Soil,Slide,13 October 2018,2018.0,1
KL/TSR/58B/07/2019/01,Kerala,Thrissur,10.34972778,76.37563611,Rock cum debris,Flow,15th August 2018,2018.0,1
KL/TSR/58B/07/2019/02,Kerala,Thrissur,10.34705833,76.45483889,Rock cum debris,Flow,15th August 2018,2018.0,1
KL/TSR/58B/07/2019/03,Kerala,Thrissur,10.32061111,76.46618333,Rock cum debris,Flow,15th August 2018,2018.0,1
KL/TSR/58B/07/2019/07,Kerala,Thrissur,10.29847222,76.45830556,Rock cum debris,Flow,16 August 2018,2018.0,1
KL/TSR/58B/07/2019/08,Kerala,Thrissur,10.30162222,76.49305833,Debris,Flow,15th August 2018,2018.0,1
KL/TSR/58B/11/2019/11,Kerala,Thrissur,10.31431944,76.63327778,Debris,Slide,16 August 2018,2018.0,1
KL/TSR/58B/11/2019/12,Kerala,Thrissur,10.30969722,76.70632778,Debris,Flow,15th August 2018,2018.0,1
KL/TSR/58B/06/2019/16,Kerala,Thrissur,10.50783333,76.33771389,Debris,Slide,16 August 2018,2018.0,1
KL/TSR/58B/06/2019/17,Kerala,Thrissur,10.50971111,76.33816667,Debris,Slump,16 August 2018,2018.0,1
KL/TSR/58B/06/2019/18,Kerala,Thrissur,10.51307222,76.34031667,Debris,Flow,15th August 2018,2018.0,1
KL/TSR/58B/06/2019/19,Kerala,Thrissur,10.51476667,76.33656389,Debris,Flow,15th August 2018,2018.0,1
KL/TSR/58B/06/2019/20,Kerala,Thrissur,10.51467222,76.33638889,Debris,Slide,15th August 2018,2018.0,1
KL/TSR/58B/06/2019/21,Kerala,Thrissur,10.51561944,76.33841389,Debris,Flow,15th August 2018,2018.0,1
KL/TSR/58B/06/2019/23,Kerala,Thrissur,10.31509722,76.7335,Debris,Flow,16 August 2018,2018.0,1
KL/TSR/58B/11/2019/27,Kerala,Thrissur,10.29035278,76.67788056,Debris,Slide,16 August 2018,2018.0,1
KL/TSR/58B/11/2019/28,Kerala,Thrissur,10.29038889,76.67469444,Debris,Slide,16 August 2018,2018.0,1
KL/TSR/58B/15/2019/36,Kerala,Thrissur,10.29795833,76.82603611,Debris,Slide,16 August 2018,2018.0,1
KL/TSR/58B/15/2019/37,Kerala,Thrissur,10.30053056,76.82913056,Debris,Slide,16 August 2018,2018.0,1
KL/TSR/58B/07/2019/38,Kerala,Thrissur,10.48799444,76.32170278,Debris,Slide,15 August 2018,2018.0,1
KL/TSR/58B/07/2019/39,Kerala,Thrissur,10.48781389,76.32260278,Debris,Slide,15 August 2018,2018.0,1
KL/TSR/58B/07/2019/41,Kerala,Thrissur,10.48451389,76.32183333,Soil,Subsidence,15th August 2018,2018.0,1
KL/TSR/58B/07/2019/42,Kerala,Thrissur,10.48055833,76.32093056,Debris,Slide,15th August 2018,2018.0,1
KL/TSR/58B/07/2019/43,Kerala,Thrissur,10.47969444,76.32331667,Debris,Flow,15th August 2018,2018.0,1
KL/TSR/58B/07/2019/44,Kerala,Thrissur,10.47921667,76.32351667,Debris,Flow,15th August 2018,2018.0,1
KL/TSR/58B/06/2019/45,Kerala,Thrissur,10.50057778,76.28667222,Debris,Slide,15th August 2018,2018.0,1
KL/TSR/58B/06/2019/46,Kerala,Thrissur,10.51589722,76.30816944,Debris,Slide,15th August 2018,2018.0,1
KL/TSR/58B/06/2019/47,Kerala,Thrissur,10.51630833,76.31001944,Debris,Slide,15th August 2018,2018.0,1
KL/TSR/58B/06/2019/48,Kerala,Thrissur,10.53402778,76.36093611,Soil,Subsidence,15th August 2018,2018.0,1
KL/TSR/58B/06/2019/49,Kerala,Thrissur,10.59210833,76.30595556,Rock cum debris,Flow,15th August 2018,2018.0,1
KL/TSR/58B/06/2019/50,Kerala,Thrissur,10.61500833,76.2926,Debris,Slide,15th August 2018,2018.0,1
KL/TSR/58B/06/2019/51,Kerala,Thrissur,10.55973611,76.34181389,Debris,Slide,15th August 2018,2018.0,1
KL/TSR/58B/06/2019/52(1),Kerala,Thrissur,10.56352778,76.34280556,Debris,Slide,15th August 2018,2018.0,1
KL/TSR/58B/06/2019/52(2),Kerala,Thrissur,10.56356111,76.34336389,Debris,Slide,15th August 2018,2018.0,1
KL/TSR/58B/06/2019/53,Kerala,Thrissur,10.57234444,76.35405,soil,slide,15th August 2018,2018.0,1
KL/TSR/58B/06/2019/54,Kerala,Thrissur,10.58056389,76.352325,Rock cum debris,Flow,15th August 2018,2018.0,1
KL/TSR/58B/06/2019/55,Kerala,Thrissur,10.57592778,76.37895556,Soil,Slide,15th August 2018,2018.0,1
KL/TSR/58B/06/2019/56,Kerala,Thrissur,10.57672222,76.38002222,Debris,slide,15th August 2018,2018.0,1
KL/TSR/58B/06/2019/57,Kerala,Thrissur,10.57328611,76.38566389,Debris,slide,15th August 2018,2018.0,1
KL/TSR/58B/06/2019/58,Kerala,Thrissur,10.57715833,76.40607222,Debris,Slide,15th August 2018,2018.0,1
KL/TSR/58B/06/2019/59(1),Kerala,Thrissur,10.57211111,76.40366667,Debris,Slide,15th August 2018,2018.0,1
KL/TSR/58B/06/2019/59(2),Kerala,Thrissur,10.57211111,76.40366667,Debris,Slide,15th August 2018,2018.0,1
KL/TSR/58B/06/2019/60,Kerala,Thrissur,10.57055556,76.37544444,Debris,Slide,15th August 2018,2018.0,1
KL/TSR/58B/06/2019/61,Kerala,Thrissur,10.57009722,76.37508889,Debris,Slide,15th August 2018,2018.0,1
KL/TSR/58B/06/2019/62,Kerala,Thrissur,10.55409722,76.37019167,Debris,flow,15th August 2018,2018.0,1
KL/TSR/58B/06/2019/71,Kerala,Thrissur,10.74039722,76.23532778,Debris,Slide,15th August 2018,2018.0,1
KL/TSR/58B/02/2019/72,Kerala,Thrissur,10.74073056,76.23487778,Debris,Slide,15th August 2018,2018.0,1
KL/TSR/58B/06/2019/73,Kerala,Thrissur,10.74073056,76.23487778,Debris,Slide,15th August 2018,2018.0,1
KL/TSR/58B/06/2019/74,Kerala,Thrissur,10.59479444,76.24233333,Debris,Slide,15th August 2018,2018.0,1
KL/TSR/58B/06/2019/75,Kerala,Thrissur,10.5643,76.30727222,Rock cum debris,Slide,16th August 2018,2018.0,1
KL/TSR/58B/06/2019/77,Kerala,Thrissur,10.57015556,76.29810556,Debris,Flow,16th August 2018,2018.0,1
KL/TSR/58B/06/2019/78,Kerala,Thrissur,10.672875,76.33805556,Debris,Flow,16th August 2018,2018.0,1
KER/WYD/58A2/2018/23,Kerala,Wayanad,11.55277778,76.03888889,Debris,Slide,09 August 2018,2018.0,1
KER/WYD/58A2/2018/24,Kerala,Wayanad,11.58477778,76.03427778,Debris,Slide,09 August 2018,2018.0,1
KER/WYD/58A2/2018/25,Kerala,Wayanad,11.58519444,76.039,Debris,Slide,09 August 2018,2018.0,1
KER/WYD/58A2/2018/26,Kerala,Wayanad,11.58455556,76.03836111,Debris,Slide,09 August 2018,2018.0,1
KER/WYD/58A2/2018/27,Kerala,Wayanad,11.5855,76.03833333,Debris,Flows,09 August 2018,2018.0,1
KER/WYD/58A2/2018/28,Kerala,Wayanad,11.54197222,76.00038889,Debris,Flows,08 August 2018,2018.0,1
KER/WYD/58A2/2018/29,Kerala,Wayanad,11.53919444,76.00422222,Debris,Flows,08 August 2018,2018.0,1
KER/WYD/58A2/2018/30,Kerala,Wayanad,11.54044444,76.01061111,Debris,Slide,08 August 2018,2018.0,1
KER/WYD/58A2/2018/31,Kerala,Wayanad,11.54502778,76.01083333,rock-cum-debris,Slide,"2014, June 2018,8 August 2018",2014.0,1
KER/WYD/58A2/2018/32,Kerala,Wayanad,11.54483333,76.01169444,Debris,Flows,08 August 2018,2018.0,1
KER/WYD/58A2/2018/33,Kerala,Wayanad,11.54777778,76.00877778,Debris,Flows,08 August 2018,2018.0,1
KER/WYD/58A2/2018/34,Kerala,Wayanad,11.54769444,76.00922222,Debris,Flows,08 August 2018,2018.0,1
KER/WYD/58A2/2018/35,Kerala,Wayanad,11.54619444,76.00886111,Debris,Flows,15th August 2018,2018.0,1
KER/WYD/58A2/2018/36,Kerala,Wayanad,11.54358333,76.01352778,Debris,Flows,15th August 2018,2018.0,1
KER/WYD/58A2/2018/37,Kerala,Wayanad,11.549,76.00258333,Debris,Flows,08 August 2018,2018.0,1
KER/WYD/49M14/2018/38,Kerala,Wayanad,11.55283333,75.99897222,Debris,Flows,08 August 2018,2018.0,1
KER/WYD/49M14/2018/39,Kerala,Wayanad,11.55358333,75.99602778,rock-cum-debris,Slide,15th August 2018,2018.0,1
KER/WYD/49M14/2018/40,Kerala,Wayanad,11.55738889,75.99847222,Debris,Slide,15th August 2018,2018.0,1
KER/WYD/58A2/2018/41,Kerala,Wayanad,11.55875,76.00136111,rock-cum-debris,Flows,08 August 2018,2018.0,1
KER/WYD/58A2/2018/42,Kerala,Wayanad,11.55580556,76.00141667,Debris,Slide,08 August 2018,2018.0,1
KER/WYD/58A2/2018/43,Kerala,Wayanad,11.55508333,76.00147222,Debris,Slide,08 August 2018,2018.0,1
KER/WYD/58A2/2018/44,Kerala,Wayanad,11.56458333,76.00905556,Debris,Slide,15th August 2018,2018.0,1
KER/WYD/58A2/2018/51,Kerala,Wayanad,11.54516667,76.04319827,rock-cum-debris,Slide,08 August 2018,2018.0,1
KER/WYD/58A2/2018/53,Kerala,Wayanad,11.53786111,76.059,Debris,Slide,08 August 2018,2018.0,1
KER/WYD/58A2/2018/54,Kerala,Wayanad,11.54494444,76.04491667,rock-cum-debris,Slide,08 August 2018,2018.0,1
KER/WYD/58A2/2018/58,Kerala,Wayanad,11.56612222,76.05433333,rock-cum-debris,Slide,08 August 2018,2018.0,1
KER/WYD/58A2/2018/60,Kerala,Wayanad,11.62550259,76.10069045,Debris,Flows,09-08-2018,2018.0,1
KER/WYD/58A2/2018/61,Kerala,Wayanad,11.62494434,76.10330032,Debris,Flows,09 August 2018,2018.0,1
KER/WYD/58A2/2018/62,Kerala,Wayanad,11.62322222,76.10641667,Debris,Flows,09 August 2018,2018.0,1
KER/WYD/58A2/2018/63,Kerala,Wayanad,11.55683333,76.12963889,Debris,Slide,09 August 2018,2018.0,1
KER/WYD/58A2/2018/64,Kerala,Wayanad,11.55233333,76.10127778,Debris,Flows,08 August 2018,2018.0,1
KER/WYD/58A2/2018/65,Kerala,Wayanad,11.55458333,76.09483333,rock-cum-debris,Slide,09 August 2018,2018.0,1
KER/WYD/58A2/2018/66,Kerala,Wayanad,11.55455556,76.09052778,Debris,Flows,08th and 9th August 2018,2018.0,1
KER/WYD/58A2/2018/67,Kerala,Wayanad,11.5535,76.08627778,Debris,Flows,08 August 2018,2018.0,1
KER/WYD/58A2/2018/68,Kerala,Wayanad,11.55377778,76.08938889,rock-cum-debris,Slide,15th August 2018,2018.0,1
KER/WYD/58A2/2018/70,Kerala,Wayanad,11.56894444,76.08027778,rock-cum-debris,Flows,08th and 9th August 2018,2018.0,1
KER/WYD/58A2/2018/74,Kerala,Wayanad,11.58430556,76.05083333,Debris,Slide,08 August 2018,2018.0,1
KER/WYD/58A2/2018/75,Kerala,Wayanad,11.58555556,76.04830556,Debris,Slide,15th August 2018,2018.0,1
KER/WYD/58A2/2018/76,Kerala,Wayanad,11.58516667,76.04786111,Debris,Slide,08 August 2018,2018.0,1
KER/WYD/58A2/2018/77,Kerala,Wayanad,11.56658333,76.04338889,Debris,Slide,15th August 2018,2018.0,1
KER/WYD/58A2/2018/78,Kerala,Wayanad,11.56875,76.04397222,rock-cum-debris,Flows,09 August 2018,2018.0,1
KER/WYD/58A2/2018/79,Kerala,Wayanad,11.57127778,76.04416667,Debris,Slide,09 August 2018,2018.0,1
KER/WYD/58A2/2018/80,Kerala,Wayanad,11.57294444,76.045,Debris,Slide,08th and 9th August 2018,2018.0,1
KER/WYD/58A2/2018/81,Kerala,Wayanad,11.57205556,76.07755556,Debris,Slide,08th and 9th August 2018,2018.0,1
KER/WYD/58A2/2018/82,Kerala,Wayanad,11.56580556,76.11833333,Debris,Slide,09 August 2018,2018.0,1
KER/WYD/58A2/2018/83,Kerala,Wayanad,11.52811111,76.02341667,Debris,Slide,08th and 9th August 2018,2018.0,1
KER/WYD/58A2/2018/84,Kerala,Wayanad,11.53444444,76.02647222,rock-cum-debris,Slide,09 August 2018,2018.0,1
KER/WYD/58A2/2018/85,Kerala,Wayanad,11.53541667,76.01827778,Debris,Flows,15th August 2018,2018.0,1
KER/WYD/58A2/2018/86,Kerala,Wayanad,11.56669444,76.11777778,soil,Slide,08 August 2018,2018.0,1
KER/WYD/58A2/2018/87,Kerala,Wayanad,11.54316667,76.178,Debris,Slide,09 August 2018,2018.0,1
KER/WYD/58A2/2018/88,Kerala,Wayanad,11.54819444,76.20772222,Debris,Slide,09 August 2018,2018.0,1
KER/WYD/58A2/2018/89,Kerala,Wayanad,11.599166,76.084166,Debris,Slide,15th August 2018,2018.0,1
KER/WYD/58A2/2018/90,Kerala,Wayanad,11.578055,76.110833,Debris,Slide,09 August 2018,2018.0,1
KER/WYD/58A2/2018/91,Kerala,Wayanad,11.568888,76.126666,Debris,Slide,09 August 2018,2018.0,1
KER/WYD/58A2/2018/93,Kerala,Wayanad,11.502222,76.164722,rock-cum-debris,Slide,"Initiated 2016, Reactivated Aug, 2018.",2016.0,1
KER/WYD/58A2/2018/94,Kerala,Wayanad,11.502222,76.164722,soil,Slide,09 August 2018,2018.0,1
KER/WYD/58A2/2018/95,Kerala,Wayanad,11.591111,76.068333,debris-cum-rock,Slide,08th and 9th August 2018,2018.0,1
KER/WYD/58A2/2018/96,Kerala,Wayanad,11.585,76.06333,debris-cum-rock,Slide,08th and 9th August 2018,2018.0,1
KER/WYD/58A2/2018/97,Kerala,Wayanad,11.582222,76.063055,rock-cum-debris,Slide,08th and 9th August 2018,2018.0,1
KER/WYD/58A2/2018/98,Kerala,Wayanad,11.581388,76.062777,debris-cum-rock,Slide,08th and 9th August 2018,2018.0,1
KER/WYD/58A2/2018/99,Kerala,Wayanad,11.580555,76.0625,debris-cum-rock,Slide,08th and 9th August 2018,2018.0,1
KER/WYD/58A2/2018/100,Kerala,Wayanad,11.558333,76.0375,debris-cum-rock,Slide,08th and 9th August 2018,2018.0,1
KER/WYD/58A2/2018/101,Kerala,Wayanad,11.566111,76.03111,debris-cum-rock,Slide,08th and 9th August 2018,2018.0,1
KER/WYD/58A2/2018/102,Kerala,Wayanad,11.58583,76.018055,debris-cum-rock,Slide,08th and 9th August 2018,2018.0,1
KER/WYD/58A2/2018/103,Kerala,Wayanad,11.569444,76.019166,debris-cum-rock,Slide,08th and 9th August 2018,2018.0,1
KER/WYD/58A2/2018/104,Kerala,Wayanad,11.568611,76.019722,debris-cum-rock,Slide,09 August 2018,2018.0,1
KER/WYD/58A2/2018/105,Kerala,Wayanad,11.567777,76.028333,rock-cum-debris,Slide,09 August 2018,2018.0,1
KER/WYD/58A2/2018/106,Kerala,Wayanad,11.55055,76.035,debris-cum-rock,Slide,09 August 2018,2018.0,1
KER/WYD/58A2/2018/107,Kerala,Wayanad,11.54,76.027222,rock-cum-debris,Slide,09 August 2018,2018.0,1
KER/WYD/58A2/2018/108,Kerala,Wayanad,11.5375,76.0275,debris-cum-rock,Slide,09 August 2018,2018.0,1
KER/WYD/58A2/2018/109,Kerala,Wayanad,11.53888,76.02722,debris-cum-rock,Slide,09 August 2018,2018.0,1
KER/WYD/58A2/2018/110,Kerala,Wayanad,11.54888,76.39166,debris-cum-rock,Slide,09 August 2018,2018.0,1
KER/WYD/58A2/2018/111,Kerala,Wayanad,11.55,76.0386,debris-cum-rock,Slide,09 August 2018,2018.0,1
KER/WYD/58A2/2018/112,Kerala,Wayanad,11.631666,76.193055,rock-cum-debris,Slide,01-07-2018,2018.0,1
KER/WYD/58A2/2018/113,Kerala,Wayanad,11.59002778,76.2085,Debris,Slide,08 August 2018,2018.0,1
KER/WYD/58A2/2018/114,Kerala,Wayanad,11.58425,76.19588889,Debris,Slide,08 August 2018,2018.0,1
KER/WYD/58A2/2018/115,Kerala,Wayanad,11.58372222,76.195,Debris,Slide,08th and 9th August 2018,2018.0,1
KER/WYD/58A2/2018/117,Kerala,Wayanad,11.61488889,76.06594444,Soil,Subsidence,15th August 2018,2018.0,1
KER/WYD/58A2/2018/118,Kerala,Wayanad,11.59269444,76.03736111,rock-cum-debris,Slide,09 August 2018,2018.0,1
KER/WYD/58A2/2018/119,Kerala,Wayanad,11.59316667,76.03441667,Soil,Slide,09 August 2018,2018.0,1
KER/WYD/58A2/2018/120,Kerala,Wayanad,11.59783333,76.01502778,debris-cum-rock,Slide,08th and 9th August 2018,2018.0,1
KER/WYD/49M14/2018/121,Kerala,Wayanad,11.63177778,75.98794444,rock-cum-debris,Slide,08th and 9th August 2018,2018.0,1
KER/WYD/49M14/2018/122,Kerala,Wayanad,11.63194444,75.98744444,debris-cum-rock,Slide,08th and 9th August 2018,2018.0,1
KER/WYD/49M14/2018/123,Kerala,Wayanad,11.66852778,75.96925,debris-cum-rock,Slide,09 August 2018,2018.0,1
KER/WYD/58A1/2018/125,Kerala,Wayanad,11.90411111,76.01644444,Debris,Slide,09 August 2018,2018.0,1
KER/WYD/58A1/2018/126,Kerala,Wayanad,11.90438889,76.01625,Debris,Slide,09 August 2018,2018.0,1
KER/WYD/58A1/2018/127,Kerala,Wayanad,11.90288889,76.01180556,Soil,Slide,09 August 2018,2018.0,1
KER/WYD/49M13/2018/128,Kerala,Wayanad,11.90919444,75.99958333,Soil,Lateral spread,09 August 2018,2018.0,1
KER/WYD/49M13/2018/129,Kerala,Wayanad,11.91005556,75.99888889,Soil,Slide,09 August 2018,2018.0,1
KER/WYD/49M13/2018/130,Kerala,Wayanad,11.90366667,75.99972222,Debris,Slide,09 August 2018,2018.0,1
KER/WYD/58A1/2018/131,Kerala,Wayanad,11.87958333,76.03261111,Debris,Slide,09 August 2018,2018.0,1
KER/WYD/58A1/2018/132,Kerala,Wayanad,11.84219444,76.03925,Soil,Subsidence,09 August 2018,2018.0,1
KER/WYD/58A1/2018/133,Kerala,Wayanad,11.75983333,76.01458333,Soil,Spread,09 August 2018,2018.0,1
KER/WYD/58A1/2018/134,Kerala,Wayanad,11.76883333,76.00266667,Debris,Slide,09 August 2018,2018.0,1
KER/WYD/49M13/2018/135,Kerala,Wayanad,11.83938889,75.95588889,debris-cum-rock,Slide,09 August 2018,2018.0,1
KER/WYD/49M13/2018/136,Kerala,Wayanad,11.84044444,75.95202778,Debris,Slide,09 August 2018,2018.0,1
KER/WYD/49M13/2018/137,Kerala,Wayanad,11.84061111,75.95144444,rock-cum-debris,Slide,09 August 2018,2018.0,1
KER/WYD/49M13/2018/138,Kerala,Wayanad,11.84066667,75.94527778,Soil,Slide,09 August 2018,2018.0,1
KER/WYD/49M13/2018/139,Kerala,Wayanad,11.83913889,75.94394444,Debris,Slide,09 August 2018,2018.0,1
KER/WYD/49M13/2018/140,Kerala,Wayanad,11.83702778,75.94019444,rock-cum-debris,Slide,09 August 2018,2018.0,1
KER/WYD/49M13/2018/141,Kerala,Wayanad,11.83477778,75.93636111,debris-cum-rock,Slide,09 August 2018,2018.0,1
KER/WYD/49M13/2018/142,Kerala,Wayanad,11.83644444,75.93258333,Debris,Slide,09 August 2018,2018.0,1
KER/WYD/49M13/2018/143,Kerala,Wayanad,11.83658333,75.932,rock-cum-debris,Slide,09 August 2018,2018.0,1
KER/WYD/49M13/2018/144,Kerala,Wayanad,11.83830556,75.92672222,rock-cum-debris,Slide,09 August 2018,2018.0,1
KER/WYD/49M13/2018/145,Kerala,Wayanad,11.83913889,75.92577778,Debris,Slide,09 August 2018,2018.0,1
KER/WYD/49M13/2018/148,Kerala,Wayanad,11.83430556,75.94691667,Debris,Flows,9 August 2018 and 11 & 13 August,2018.0,1
KER/WYD/49M13/2018/149,Kerala,Wayanad,11.83255556,75.96986111,Debris,Slide,09 August 2018,2018.0,1
KER/WYD/58A2/2018/152,Kerala,Wayanad,11.59652778,76.02827325,Debris,Slide,09 August 2018,2018.0,1
1,Kerala,Thiruvananthapuram,8.7437,77.1226,Debris,Slide,10th August 2018,2018.0,1
KRL/KZH/58A/3/14/2018/1,Kerala,Kozhikode,11.318572,76.111157,Debris,flow,17th August 2018,2018.0,1
KRL/KZH/58A/3/14/2018/02,Kerala,Kozhikode,11.31864,76.112463,Rock cum debris,Slide,17th August 2018,2018.0,1
KRL/KZH/58A/3/2018/03,Kerala,Kozhikode,11.322878,76.111882,Rock cum debris,Flow,17th August 2018,2018.0,1
KRL/KZH/58C/14/2018/4,Kerala,Kozhikode,11.331245,76.100913,Debris,Slide,16th August 2018,2018.0,1
KRL/KZH/49M/15/2018/7,Kerala,Kozhikode,11.498281,75.9842,Rock cum Debris.,flow,17th August 2018,2018.0,1
KRL/KKD/58A/03/19/8,Kerala,Kozhikode,11.4516,76.0604,Soil cum debris slide,slide,15th August 2018,2018.0,1
KRL/KZH/58C/14/2018/9,Kerala,Kozhikode,11.4589,76.063204,Rock cum Debris.,Debris flow,12th August 2018,2018.0,1
KRL/KKD/58A/03/19/11,Kerala,Kozhikode,11.447025,76.064183,Debris cum soil,Flow,15th August 2018,2018.0,1
KRL/KTM/58C/14/2018/12,Kerala,Kozhikode,11.4516,76.0604,Debris.,flow,12th August 2018,2018.0,1
KRL/KKD/58A/03/19/13,Kerala,Kozhikode,11.392986,76.077699,rock cum debris,Slide,15th August 2018,2018.0,1
KRL/KOZ/58C/14/2018/14,Kerala,Kozhikode,11.448076,76.066732,Debris.,Slide,12th August 2018,2018.0,1
KRL/KKD/58A/03/19/15,Kerala,Kozhikode,11.3514,76.0758,Debris flow,flow,15th August 2018,2018.0,1
KRL/KKD/58A/03/19/16,Kerala,Kozhikode,11.354191,76.058962,Rock cum debris.,flow,15th August 2018,2018.0,1
KRL/KKD/58A/03/19/17,Kerala,Kozhikode,11.3524,76.0583,Debris flow,flow,15th August 2018,2018.0,1
KRL/KKD/58A/03/19/18,Kerala,Kozhikode,11.35099,76.05894,Rock cum debris.,flow,15th August 2018,2018.0,1
KRL/KKD/49M/15/19/19,Kerala,Kozhikode,11.516353,76.909694,Rock cum debris.,slide,15th August 2018,2018.0,1
KRL/KKD/58A/3/2019/25,Kerala,Kozhikode,11.381632,76.083944,Debris.,Flow,15th August 2018,2018.0,1
KRL/KKD/58A/3/2018/26,Kerala,Kozhikode,11.3400129,76.071157,Debris,Flow,15th August 2018,2018.0,1
KRL/KKD/58A/03/19/27,Kerala,Kozhikode,11.352108,76.077271,Debris slide,slide,15th August 2018,2018.0,1
KRL/KZH/58A/03/2018/28,Kerala,Kozhikode,11.447025,76.064183,Soil,Soil flow,15th August 2018,2018.0,1
KRL/KZH//2018/29,Kerala,Kozhikode,11.299957,76.056372,Debris.,Flow,15th August 2018,2018.0,1
KRL/KZH/58A/3/2018/30,Kerala,Kozhikode,11.300098,76.056775,Debris.,Slide,15th August 2018,2018.0,1
KRL/KZH/ 58A/3 /2018/31,Kerala,Kozhikode,11.303025,76.05896,Debris.,Flow,16th August 2018,2018.0,1
KRL/KZH/58A/3 /2018/32,Kerala,Kozhikode,11.355787,76.069778,Debris.,Slide,16th August 2018,2018.0,1
KRL/KKD/58A/3/2018/33,Kerala,Kozhikode,11.3065,76.0442,Debris,Flow,15th August 2018,2018.0,1
KRL/KKD/58A/07/2018/34,Kerala,Kozhikode,11.338,76.0904,Debris,slide,15th August 2018,2018.0,1
KRL/KKD/58A/3/2018/35,Kerala,Kozhikode,11.32639,76.08017,Rock cum debris,slide,15th August 2018,2018.0,1
KRL/ KKD/58A/3/2018/36,Kerala,Kozhikode,11.30941,76.04953,Debris,Flow,15th August 2018,2018.0,1
KRL/KKD/58A/3/2018/37,Kerala,Kozhikode,11.30005,76.05552,Debris,Flow,15th August 2018,2018.0,1
KRL/KKD/ 58A/3/2018/38,Kerala,Kozhikode,11.30807,76.0495,Debris,Flow,16th August 2018,2018.0,1
KRL/KKD/58A/03/19/39,Kerala,Kozhikode,11.495,76.22874,Rock,slide,15th August 2018,2018.0,1
KRL/KKD/58A/03/19/40,Kerala,Kozhikode,11.20964,76.31578,Debris.,Flow,15th August 2018,2018.0,1
KRL/MLP/49M/15/14/2018/1,Kerala,Malappuram,11.516113,75.898147,Rock Boulder,Rock fall,14th August 2018,2018.0,1
KRL/MLP/49M/15/14/2018/2,Kerala,Malappuram,11.519563,75.880112,Debris,Flow,14th August 2018,2018.0,1
KRL/MLP/49 M/15/2018/4,Kerala,Malappuram,11.526232,75.865128,Rock cum Debris,Debris flow,15th June 2018,2018.0,1
KRL/MLP/49M/15/14/2018/5,Kerala,Malappuram,11.529662,75.866947,Soil,Slide,14th July2018,2018.0,1
KRL/MLP/58A/3/2018/06,Kerala,Malappuram,11.339678,76.10913,Soil,Slide,15th June 2018,2018.0,1
KRL/MLP/58A/03/2018/7,Kerala,Malappuram,11.342338,76.10781,Debris,Slide,14th August 2018,2018.0,1
KRL/MLP/ 58A/7 /2018/8,Kerala,Malappuram,11.289187,76.339887,Debris.,Slide,14th August 2018,2018.0,1
KRL/MLP/ 58A/7/2018/9,Kerala,Malappuram,11.288482,76.310463,Soil,Flow,14th August 2018,2018.0,1
KRL/MLP/ 58A/7/2018/10,Kerala,Malappuram,11.288413,76.310572,Soil,Slide,15th August 2018,2018.0,1
KRL/MLP/ 58A/4/2018/11,Kerala,Malappuram,11.224051,76.04485,Debris,Slide,14th August 2018,2018.0,1
KRL/MLP/ 58A/3/2018/12,Kerala,Malappuram,11.26441,76.09172,Debris,Slide,April 2018,2018.0,1
KRL/MLP/ 58A/3/2018/13,Kerala,Malappuram,11.26189,76.09288,Debris,Flow,June 2018,2018.0,1
KRL/MLP/58A03/2018/14,Kerala,Malappuram,11.26886,76.11234,Debris,Flow,June 2018,2018.0,1
KRL/MLP/ 58A/3/2018/15,Kerala,Malappuram,11.26259,76.11232,Debris,Flow,June 2018,2018.0,1
KRL/MLP/ 58A/3/2018/16,Kerala,Malappuram,11.27518,76.11256,Debris,Flow,15th August 2018,2018.0,1
KRL/MLP/ 58A/3/2018/17,Kerala,Malappuram,11.2775,76.1259,Debris,slide,15th August 2018,2018.0,1
KRL/MLP/ 58A/4/2018/18,Kerala,Malappuram,11.23508,76.15302,Soil,Flow,15th August 2018,2018.0,1
KRL/MLP/ 58A/3/2018/19,Kerala,Malappuram,11.24485,76.14259,Debris,Flow,June 2018,2018.0,1
KRL/MLP/ 58A/4/2018/20,Kerala,Malappuram,11.24378,76.15763,Soil,Slide,15th August 2018,2018.0,1
KRL/MLP/ 58A/4/2018/21,Kerala,Malappuram,11.24368,76.14389,Debris,Flow,15th August 2018,2018.0,1
KRL/MP/58A/3/2018/22,Kerala,Malappuram,11.2721,76.2083,Soil,slide,15th August 2018,2018.0,1
KRL/KKD/58A/3/2018/23,Kerala,Malappuram,11.33282,76.13535,Soil,Subsidence,15th August 2018,2018.0,1
KRL/MP/58A/3/2019/24,Kerala,Malappuram,11.33822,76.13039,Rock boulders,Falls,15th August 2018,2018.0,1
KRL/MP/58A/3/2019/25,Kerala,Malappuram,11.3405,76.12572,Debris,slide,15th August 2018,2018.0,1
KRL/MP/58A/3/2019/26,Kerala,Malappuram,11.34251,76.10291,Debris,Flow,15th August 2018,2018.0,1
KRL/MP/58A/03/19/29,Kerala,Malappuram,11.40917,76.36485,Rock,slide,15th August 2018,2018.0,1
KRL/MP/58A/07/19/35,Kerala,Malappuram,11.4507,76.26667,Soil,slide,15th August 2018,2018.0,1
KRL/MP/58A/07/19/36,Kerala,Malappuram,11.4534,76.28154,Rock,slide,15th August 2018,2018.0,1
KRL/KKD/58A/3/2019/37,Kerala,Malappuram,11.46581,76.22296,Debris.,slide,15th August 2018,2018.0,1
KRL/MP/58A/08/19/38,Kerala,Malappuram,11.20819,76.32187,Debris.,Flow,15th August 2018,2018.0,1
KRL/MP/58A/08/19/39,Kerala,Malappuram,11.13272,76.36924,River bank erosion,Erosion,15th August 2018,2018.0,1
KRL/KKD/58A/08/19/40,Kerala,Malappuram,11.13371,76.37339,River bank erosion,Erosion,15th August 2018,2018.0,1
KRL/MP/58A/08/19/41,Kerala,Malappuram,11.12718,76.39171,Debris.,Flow,15th August 2018,2018.0,1
KRL/MP/58A/08/19/42,Kerala,Malappuram,11.12718,76.39178,Debris.,Flow,15th August 2018,2018.0,1
KRL/MP/58A/08/19/43,Kerala,Malappuram,11.11541,76.36941,Debris.,Flow,15th August 2018,2018.0,1
KRL/MP/58A/08/19/44,Kerala,Malappuram,11.11745,76.3711,Debris.,Flow,15th August 2018,2018.0,1
KRL/MP/58A/08/19/45,Kerala,Malappuram,11.11827,76.37232,Debris.,Flow,15th August 2018,2018.0,1
KRL/MP/58A/08/19/46,Kerala,Malappuram,11.10757,76.35521,Soil cum debris,Slide,15th August 2018,2018.0,1
KER/IDK/58G01/2018/02,Kerala,Idukki,9.874,77.004,Debris,Flow,15th August 2018 (04:30pm),2018.0,1
KER/IDK/58G01/2018/06,Kerala,Idukki,9.88237,77.018017,Debris,Slide,17th August 2018,2018.0,1
KER/IDK/58G01/2018/07,Kerala,Idukki,9.887115,77.016697,Debris,Flow,17th August 2018,2018.0,1
KER/IDK/58G01/2018/08,Kerala,Idukki,9.879064,77.014596,Debris,Flow,15th August 2018,2018.0,1
KER/IDK/58G01/2018/09,Kerala,Idukki,9.876643,77.020452,Debris,Slide,16th August 2018,2018.0,1
KER/IDK/58G01/2018/12,Kerala,Idukki,9.870095,77.037467,Debris,Slide,17th August 2018,2018.0,1
KER/IDK/58G01/2018/13,Kerala,Idukki,9.870133,77.038671,Debris,Flow,15th and 17th of August 2018,2018.0,1
KER/IDK/58G01/2018/14,Kerala,Idukki,9.874421,77.033611,Debris,Flow,16th August 2018,2018.0,1
KER/IDK/58G01/2018/15,Kerala,Idukki,9.874631,77.033247,Debris,Flow,15th August 2018,2018.0,1
KER/IDK/58G01/2018/16,Kerala,Idukki,9.864482,77.044935,Debris,Flow,15th August 2018,2018.0,1
KER/IDK/58C13/2018/19A,Kerala,Idukki,9.894024,76.987366,Soil,Slide,16th August 2018,2018.0,1
KER/IDK/58C13/2018/20,Kerala,Idukki,9.900295,76.998298,Debris,Flow,15th August 2018,2018.0,1
KER/IDK/58C13/2018/25,Kerala,Idukki,9.890515,76.975357,Debris,Flow,16th August 2018,2018.0,1
KER/IDK/58C13/2018/29,Kerala,Idukki,9.878081,76.986869,Debris,Slide,15th August 2018,2018.0,1
KER/IDK/58C13/2018/33,Kerala,Idukki,9.883083,76.980153,Debris,Slide,15th August 2018,2018.0,1
KER/IDK/58C13/2018/35,Kerala,Idukki,9.874025,76.995523,Debris,Slide,15th August 2018,2018.0,1
KER/IDK/58C13/2018/39,Kerala,Idukki,9.874626,76.999437,Debris,Flow,15th August 2018,2018.0,1
KER/IDK/58G01/2018/40,Kerala,Idukki,9.855313,77.033448,Debris,Slide,15th August 2018,2018.0,1
KER/IDK/58G01/2018/42,Kerala,Idukki,9.880924,77.008856,Debris,Slide,15th August 2018,2018.0,1
KER/IDK/58G01/2018/43,Kerala,Idukki,9.879905,77.008549,Debris,Slide,15th August 2018,2018.0,1
KER/IDK/58G01/2018/45,Kerala,Idukki,9.871903,77.019521,Debris,Flow,15th August 2018,2018.0,1
KER/IDK/58G01/2018/46,Kerala,Idukki,9.867693,77.029203,Debris,Flow,15th August 2018,2018.0,1
KER/IDK/58G01/2018/51,Kerala,Idukki,9.830635,77.026142,Debris,Slide,15th August 2018,2018.0,1
KER/IDK/58G01/2018/52,Kerala,Idukki,9.832216,77.026261,Debris,Flow,15th August 2018,2018.0,1
KER/IDK/58G01/2018/53,Kerala,Idukki,9.828299,77.029682,Debris,Slide,2013 & 15th August 2018,2013.0,1
KER/IDK/58G01/2018/55,Kerala,Idukki,9.82085,77.040337,Soil,Subsidence,15th August 2018,2018.0,1
KER/IDK/58G01/2018/56,Kerala,Idukki,9.823565,77.044282,Debris,Slide,15th August 2018,2018.0,1
KER/IDK/58G01/2018/57,Kerala,Idukki,9.822187,77.043581,Debris,Flow,16th August 2018,2018.0,1
KER/IDK/58G01/2018/58,Kerala,Idukki,9.8248,77.050815,Debris,Flow,16th August 2018,2018.0,1
KER/IDK/58G01/2018/59,Kerala,Idukki,9.824954,77.041802,Earth,Slide,15th August 2018,2018.0,1
KER/IDK/58G01/2018/63,Kerala,Idukki,9.856356,77.007184,Earth,Slide / Slump,15th August 2018,2018.0,1
KER/IDK/58G01/2018/64,Kerala,Idukki,9.858107,77.0123,Earth,Slide,16th August 2018,2018.0,1
KER/IDK/58G01/2018/66,Kerala,Idukki,9.859315,77.003593,Debris,Flow,16th August 2018,2018.0,1
KER/IDK/58G01/2018/67,Kerala,Idukki,9.849512,77.02252,Debris,Flow,15th August 2018,2018.0,1
KER/IDK/58G01/2018/68,Kerala,Idukki,9.850975,77.021253,Debris,Flow,15th August 2018,2018.0,1
KER/IDK/58G01/2018/69,Kerala,Idukki,9.851952,77.022672,Debris,Flow,15th August 2018,2018.0,1
KER/IDK/58G01/2018/74,Kerala,Idukki,9.85099,77.023313,Soil,Soil Piping,15th August 2018,2018.0,1
KER/IDK/58G01/2018/75,Kerala,Idukki,9.839444,77.031355,Earth,Slide,15th August 2018,2018.0,1
KER/IDK/58G01/2018/76,Kerala,Idukki,9.839217,77.019395,Debris,Slide,14th August 2018,2018.0,1
KER/IDK/58G01/2018/77,Kerala,Idukki,9.840943,77.014994,Debris,Slide,15th August 2018,2018.0,1
KER/IDK/58G01/2018/78,Kerala,Idukki,9.841081,77.014566,Debris,Slide,15th August 2018,2018.0,1
KER/IDK/58G01/2018/79,Kerala,Idukki,9.83962,77.012461,Debris,Slide,15th August 2018,2018.0,1
KER/IDK/58G01/2018/80,Kerala,Idukki,9.836103,77.014044,Debris,Slide,15th August 2018,2018.0,1
KER/IDK/58G01/2018/81,Kerala,Idukki,9.837255,77.008892,Debris,Slide,2016 & 15th August 2018,2016.0,1
KER/IDK/58G01/2018/82,Kerala,Idukki,9.837036,77.009191,Debris,Slide,15th August 2018,2018.0,1
KER/IDK/58G01/2018/83,Kerala,Idukki,9.835163,77.012616,Debris,Flow,15th August 2018,2018.0,1
KER/IDK/58C13/2018/87,Kerala,Idukki,9.84609,76.98542,Debris,Slide,15th August 2018,2018.0,1
KER/IDK/58C13/2018/88,Kerala,Idukki,9.84732,76.989793,Debris,Flow,15th August 2018,2018.0,1
KER/IDK/58C13/2018/91,Kerala,Idukki,9.846422,76.990435,Debris,Flow,15th August 2018,2018.0,1
KER/IDK/58C13/2018/92,Kerala,Idukki,9.842516,76.990594,Debris,Flow,15th August 2018,2018.0,1
KER/IDK/58C13/2018/93,Kerala,Idukki,9.841728,76.990835,Debris,Slide,15th August 2018,2018.0,1
KER/IDK/58C13/2018/94,Kerala,Idukki,9.841728,76.990835,Debris,Slide,15th August 2018,2018.0,1
KER/IDK/58C13/2018/95,Kerala,Idukki,9.841678,76.99171,Debris,Flow,15th August 2018,2018.0,1
KER/IDK/58C13/2018/98,Kerala,Idukki,9.852413,76.980052,Debris,Flow,14th August 2018,2018.0,1
KER/IDK/58C13/2018/99,Kerala,Idukki,9.852625,76.97926,Debris,Flow,14th August 2018,2018.0,1
KER/IDK/58C13/2018/100,Kerala,Idukki,9.851942,76.980177,Debris,Slide,2012 & 14th August 2018,2012.0,1
KER/IDK/58C13/2018/101,Kerala,Idukki,9.853193,76.974898,Debris,Slide,15th August 2018,2018.0,1
KER/IDK/58C13/2018/102,Kerala,Idukki,9.85949,76.995536,Debris,Flow,15th August 2018,2018.0,1
KER/IDK/58G01/2018/103,Kerala,Idukki,9.849973,77.001303,Debris,Flow,15th August 2018,2018.0,1
KER/IDK/58G01/2018/105,Kerala,Idukki,9.847692,77.004835,Debris,Flow,15th August 2018,2018.0,1
KER/IDK/58G01/2018/117,Kerala,Idukki,9.960692,77.026119,Debris,Slide,15th August 2018,2018.0,1
KER/IDK/58G01/2018/118,Kerala,Idukki,9.959239,77.02714,Debris,Slide,15th August 2018,2018.0,1
KER/IDK/58G01/2018/123,Kerala,Idukki,9.960794,77.013664,Debris,Slide,16th August 2018,2018.0,1
KER/IDK/58G01/2018/126,Kerala,Idukki,9.970703,77.01636,Debris,Flow,16th August 2018,2018.0,1
KER/IDK/58G01/2018/127,Kerala,Idukki,9.969774,77.017604,Debris,Slide,15th August 2018,2018.0,1
KER/IDK/58G01/2018/128,Kerala,Idukki,9.969643,77.016737,Debris,Slide,16th August 2018,2018.0,1
KER/IDK/58G01/2018/129,Kerala,Idukki,9.969036,77.01553,Debris,Flow,15th August 2018,2018.0,1
KER/IDK/58G01/2018/130,Kerala,Idukki,9.979385,77.002216,Debris,Slide,16th August 2018,2018.0,1
KER/IDK/58G01/2018/131,Kerala,Idukki,9.97661,77.002208,Debris,Slide,15th August 2018,2018.0,1
KER/IDK/58G01/2018/132,Kerala,Idukki,9.958445,77.007559,Debris,Slide,"15th, 16th & 17th August 2018",2018.0,1
KER/IDK/58G01/2018/133,Kerala,Idukki,9.960135,77.01211,Soil,Subsidence,15th August 2018,2018.0,1
KER/IDK/58G01/2018/134,Kerala,Idukki,9.959125,77.008603,Debris,Slide,15th August 2018,2018.0,1
KER/IDK/58G01/2018/135,Kerala,Idukki,9.958677,77.002764,Debris,Flow,15th August 2018,2018.0,1
KER/IDK/58G01/2018/136,Kerala,Idukki,9.96418,77.000783,Debris,Slide,15th August 2018,2018.0,1
KER/IDK/58G01/2018/137,Kerala,Idukki,9.964251,77.002479,Debris,Slide,15th August 2018,2018.0,1
KER/IDK/58G01/2018/138,Kerala,Idukki,9.966953,77.017696,Debris,Slide,15th August 2018,2018.0,1
KER/IDK/58C13/2018/141,Kerala,Idukki,9.963278,76.998981,Debris,Slide,15th August 2018,2018.0,1
KER/IDK/58G01/2018/143,Kerala,Idukki,9.95311,77.0108,Debris,Slide,15th & 16th August 2018,2018.0,1
KER/IDK/58G01/2018/144,Kerala,Idukki,9.952695,77.010752,Debris,Slide,16th August 2018,2018.0,1
KER/IDK/58C13/2018/145,Kerala,Idukki,9.954549,76.998518,Debris,Flow,15th August 2018,2018.0,1
KER/IDK/58C13/2018/146,Kerala,Idukki,9.952086,76.996141,Debris,Flow,15th August 2018,2018.0,1
KER/IDK/58G01/2018/147,Kerala,Idukki,9.927763,77.015368,Debris,Slide,15th August 2018,2018.0,1
KER/IDK/58G01/2018/148,Kerala,Idukki,9.926759,77.01703,Debris,Slide,15th August 2018,2018.0,1
KER/IDK/58G01/2018/149,Kerala,Idukki,9.924577,77.016068,Debris,Slide,15th August 2018,2018.0,1
KER/IDK/58G01/2018/151,Kerala,Idukki,9.922225,77.022481,Debris,Slide,15th August 2018,2018.0,1
KER/IDK/58G01/2018/158,Kerala,Idukki,9.939339,77.007014,Debris,Flow,15th August 2018,2018.0,1
KER/IDK/58G01/2018/160,Kerala,Idukki,9.939441,77.014008,Debris,Slide,15th August 2018,2018.0,1
KER/IDK/58G01/2018/161,Kerala,Idukki,9.932985,77.015938,Debris,Slide,15th August 2018,2018.0,1
KER/IDK/58C13/2018/166,Kerala,Idukki,9.925577,76.99857,Soil,Subsidence,15th August 2018,2018.0,1
KER/IDK/58G01/2018/167,Kerala,Idukki,9.930746,77.004874,Debris,Slide,15th August 2018,2018.0,1
KER/IDK/58G01/2018/168,Kerala,Idukki,9.924974,77.017757,Debris,Slide,15th August 2018,2018.0,1
KER/IDK/58C13/2018/169,Kerala,Idukki,9.939805,76.988043,Debris,Flow,15th August 2018,2018.0,1
KER/IDK/58C13/2018/170,Kerala,Idukki,9.941878,76.990454,Debris,Slide,15th August 2018,2018.0,1
KER/IDK/58G01/2018/171,Kerala,Idukki,9.953416,77.016984,Debris,Slide,15th August 2018,2018.0,1
KER/IDK/58G01/2018/178,Kerala,Idukki,9.93087,77.053113,Debris,Slide,8th August 2018,2018.0,1
KER/IDK/58G01/2018/185,Kerala,Idukki,9.925242,77.05987,Debris,Slide,15th August 2018,2018.0,1
KER/IDK/58G01/2018/186,Kerala,Idukki,9.924656,77.058153,Debris,Slide,15th August 2018,2018.0,1
KER/IDK/58G01/2018/187,Kerala,Idukki,9.92413,77.06433,Debris,Slide,15th August 2018,2018.0,1
KER/IDK/58G01/2018/188,Kerala,Idukki,9.912851,77.085948,Debris,Slide,8th August 2018,2018.0,1
KER/IDK/58G01/2018/189,Kerala,Idukki,9.909487,77.084732,Debris,Flow,8th August 2018,2018.0,1
KER/IDK/58G01/2018/190,Kerala,Idukki,9.909126,77.087629,Debris,Slide,15th August 2018,2018.0,1
KER/IDK/58G01/2018/191,Kerala,Idukki,9.933862,77.066279,Debris,Slide,15th August 2018,2018.0,1
KER/IDK/58G01/2018/194,Kerala,Idukki,9.937718,77.069749,Debris,Slide,13th August 2018,2018.0,1
KER/IDK/58G01/2018/195,Kerala,Idukki,9.935033,77.069851,Debris,Flow,17th August 2018,2018.0,1
KER/IDK/58G01/2018/203,Kerala,Idukki,9.932156,77.095032,Debris,Flow,15th August 2018,2018.0,1
KER/IDK/58G01/2018/204,Kerala,Idukki,9.92608,77.096689,Debris,Slide,15th August 2018,2018.0,1
KER/IDK/58G01/2018/205,Kerala,Idukki,9.925708,77.099886,Debris,Flow,15th August 2018,2018.0,1
KER/IDK/58G01/2018/206,Kerala,Idukki,9.930948,77.095854,Debris,Flow,15th August 2018,2018.0,1
KER/IDK/58G01/2018/207,Kerala,Idukki,9.929579,77.093757,Debris,Flow,15th August 2018,2018.0,1
KER/IDK/58G01/2018/208,Kerala,Idukki,9.931424,77.073147,Debris,Slide,15th August 2018,2018.0,1
KER/IDK/58G01/2018/209,Kerala,Idukki,9.960222,77.054272,Debris,Slide,15th August 2018,2018.0,1
KER/IDK/58G01/2018/210,Kerala,Idukki,9.97148,77.056422,Debris,Slide,16th August 2018,2018.0,1
KER/IDK/58G01/2018/211,Kerala,Idukki,9.970993,77.054832,Debris,Flow,8th August 2018,2018.0,1
KER/IDK/58G01/2018/212,Kerala,Idukki,9.970723,77.054675,Debris,Flow,9th August 2018,2018.0,1
KER/IDK/58G01/2018/213,Kerala,Idukki,9.960236,77.050507,Debris,Slide,15th August 2018,2018.0,1
KER/IDK/58G01/2018/214,Kerala,Idukki,9.919278,77.077173,Debris,Slide,15th August 2018,2018.0,1
KER/IDK/58G01/2018/216,Kerala,Idukki,9.927947,77.020912,Debris,Slide,15th August 2018,2018.0,1
KER/IDK/58G01/2018/217,Kerala,Idukki,9.92833,77.029375,Debris,Flow,17th August 2018,2018.0,1
KER/IDK/58G01/2018/222,Kerala,Idukki,9.896788,77.103485,Debris,Slide,15th August 2018,2018.0,1
KER/IDK/58G01/2018/223,Kerala,Idukki,9.905716,77.095274,Debris,Slide,15th August 2018,2018.0,1
KER/IDK/58G01/2018/224,Kerala,Idukki,9.906504,77.093419,Debris,Slide,15th August 2018,2018.0,1
KER/IDK/58G01/2018/225,Kerala,Idukki,9.907028,77.092101,Debris,Slide,15th August 2018,2018.0,1
KER/IDK/58G01/2018/227,Kerala,Idukki,9.974254,77.040455,Debris,Slide,15th August 2018,2018.0,1
KER/IDK/58C13/2018/234,Kerala,Idukki,9.939633,76.985024,Debris,Flow,15th August 2018,2018.0,1
KER/IDK/58C13/2018/235,Kerala,Idukki,9.931993,76.994424,Debris,Slide,15th August 2018,2018.0,1
KER/IDK/58G01/2018/236,Kerala,Idukki,9.925141,77.009453,Debris,Flow,15th August 2018,2018.0,1
KER/IDK/58G01/2018/237,Kerala,Idukki,9.925409,77.007038,Debris,Flow,15th August 2018,2018.0,1
KER/IDK/58G01/2018/238,Kerala,Idukki,9.96003,77.017435,Debris,Slide,15th August 2018,2018.0,1
KER/IDK/58G01/2018/239,Kerala,Idukki,9.975106,77.029673,Debris,Slide,15th August 2018,2018.0,1
KER/IDK/58G01/2018/240,Kerala,Idukki,9.973343,77.031185,Debris,Slide,15th August 2018,2018.0,1
KER/IDK/58G01/2018/241,Kerala,Idukki,9.971985,77.030018,Debris,Slide,15th August 2018,2018.0,1
KER/IDK/58C13/2018/242,Kerala,Idukki,9.958954,76.991952,Debris,Flow,15th August 2018,2018.0,1
KER/IDK/58G01/2018/246,Kerala,Idukki,9.974,77.0429,Debris,Flow,15th August 2018,2018.0,1
KER/MPM/58A3/2019/01,Kerala,Malappuram,11.407647,76.23719,Debris,Slide,8th August 2019 (20:30 hrs),2019.0,1
KE/MAL/58A03/2019/03,Kerala,Malappuram,11.40642222,76.2381,Debris,Subsidence,8th August 2019,2019.0,1
KE/MAL/58A03/2019/04,Kerala,Malappuram,11.40527778,76.23916667,Debris,Flow,8th August 2019 (17:00 hrs),2019.0,1
KE/MAL/58A03/2019/05,Kerala,Malappuram,11.40661111,76.23575,Debris,Slide,8th August 2019,2019.0,1
KE/MAL/58A03/2019/06,Kerala,Malappuram,11.41255833,76.23224444,Debris,Slide,8th August 2019,2019.0,1
KE/MAL/58A07/2019/07,Kerala,Malappuram,11.38247222,76.26022222,Debris,Slide,8th August 2019,2019.0,1
KE/MAL/58A07/2019/08,Kerala,Malappuram,11.40305556,76.27113889,Debris,Flow,10th August 2019,2019.0,1
KE/MAL/58A07/2019/09,Kerala,Malappuram,11.39822222,76.27069444,Debris,Flow,8th August 2019 (Said to be occurred,2019.0,1
KE/MAL/58A03/2019/10,Kerala,Malappuram,11.3995,76.22813889,Debris,Flow,8th August 2019 (19:00 hrs),2019.0,1
KE/MAL/58A03/2019/11,Kerala,Malappuram,11.39922222,76.22897222,Debris,Flow,8th August 2019 (19:00 hrs),2019.0,1
KE/MAL/58A03/2019/12,Kerala,Malappuram,11.39988889,76.22441667,Debris,Flow,8th August 2019,2019.0,1
KE/MAL/58A03/2019/13,Kerala,Malappuram,11.39833333,76.22322222,Debris,Flow,8th August 2019 (15:30 hrs),2019.0,1
KE/MAL/58A03/2019/14,Kerala,Malappuram,11.39958333,76.22133333,Debris,Flow,8th August 2019 (15:30 hrs),2019.0,1
KE/MAL/58A03/2019/18,Kerala,Malappuram,11.39822222,76.21375,Debris,Flow,8th August 2019,2019.0,1
KE/MAL/58A03/2019/23,Kerala,Malappuram,11.39441667,76.22272222,Debris,Flow,8th August 2019 (17:30 hrs),2019.0,1
KE/MAL/58A03/2019/24,Kerala,Malappuram,11.39508333,76.22288889,Debris,Slide,8th August 2019 & in August 2018,2019.0,1
KE/MAL/58A03/2019/26,Kerala,Malappuram,11.39875833,76.23934167,Debris,Slide,8th August 2019 & in August 2018,2019.0,1
KE/MAL/58A07/2019/01,Kerala,Malappuram,11.37872222,76.34755556,Debris,Slide,8th August 2019 (at about 16:30 hrs),2019.0,1
KE/MAL/58A07/2019/04,Kerala,Malappuram,11.38680556,76.35002778,Debris,Slide,8th August 2019 (at about 17:30 hrs),2019.0,1
KE/MAL/58A07/2019/05,Kerala,Malappuram,11.38772222,76.34736111,Debris,Slide,8th August 2019,2019.0,1
KE/MAL/58A07/2019/07,Kerala,Malappuram,11.401456,76.370989,Debris,Flow,8th August 2019 (15:00 hrs.),2019.0,1
KE/MAL/58A07/2019/08,Kerala,Malappuram,11.395894,76.369239,Debris,Flow,8th August 2019 (15:00 hrs.),2019.0,1
KE/MAL/58A07/2019/19,Kerala,Malappuram,11.385361,76.351787,Debris,Slide,8th August 2019 (09:30 hrs.),2019.0,1
KE/MAL/58A07/2019/20,Kerala,Malappuram,11.385326,76.351494,Debris,Slide,8th August 2019,2019.0,1
KE/MAL/58A07/2019/21,Kerala,Malappuram,11.386062,76.352615,Debris,Slide,8th August 2019,2019.0,1
KE/MAL/58A03/2019/01,Kerala,Malappuram,11.367974,76.208254,Debris,Slide,8th August 2019,2019.0,1
KE/MAL/58A03/2019/04,Kerala,Malappuram,11.385613,76.208732,Debris,Flow,8th August 2019,2019.0,1
KL/PKD/58B10/2024/PDLS/01,Kerala,Palakkad,10.625965,76.539455,Debris,Slide,15 august 2018; reactivated on,2018.0,1
KL/PKD/58B10/2024/PDLS/02,Kerala,Palakkad,10.62691667,76.53938889,Debris,Slide,29-07-2024,2024.0,1
KL/PKD/58B10/2024/PDLS/8,Kerala,Palakkad,10.51919444,76.62902778,Debris,Slide,"Monsoon, 2024",2024.0,1
KL/PKD/58B10/2024/PDLS/9,Kerala,Palakkad,10.51991667,76.62911111,Debris,Slide,"Monsoon, 2024",2024.0,1
KL/IDK/58F04/2024/PDLS/10,Kerala,Idukki,10.14427778,77.09836111,Debris,Slide,"Monsoon, 2024",2024.0,1
KL/IDK/58F04/2024/PDLS/11,Kerala,Idukki,10.15158333,77.07905556,Debris,Slide,"Monsoon, 2024",2024.0,1
KL/IDK/58F04/2024/PDLS/12,Kerala,Idukki,10.03688889,77.12791667,Rock,Fall,"Monsoon, 2024",2024.0,1
KL/IDK/58F04/2024/PDLS/13,Kerala,Idukki,10.05255556,77.10883333,Soil,Slide,"Monsoon, 2024",2024.0,1
KL/IDK/58F04/2024/PDLS/14,Kerala,Idukki,10.06438889,77.10233333,Soil,Slide,"Monsoon, 2024",2024.0,1
KL/IDK/58F04/2024/PDLS/15,Kerala,Idukki,10.07113889,77.09872222,Soil,Slide,"Monsoon, 2024",2024.0,1
KL/IDK/58F04/2024/PDLS/16,Kerala,Idukki,10.08263889,77.07358333,Soil,Slide,"Monsoon, 2024",2024.0,1
KL/IDK/58F04/2024/PDLS/17,Kerala,Idukki,10.08291667,77.07269444,Soil,Slide,"Monsoon, 2024",2024.0,1
KL/IDK/58F04/2024/PDLS/18,Kerala,Idukki,10.08322222,77.07130556,Soil,Slide,"Monsoon, 2024",2024.0,1
KL/IDK/58F04/2024/PDLS/19,Kerala,Idukki,10.08408333,77.07844444,Soil,Slide,"Monsoon, 2024",2024.0,1
KL/IDK/58F04/2024/PDLS/20,Kerala,Idukki,10.05486111,77.05227778,Debris,Slide,30-07-2024,2024.0,1
KL/IDK/58G01/2024/PDLS/21,Kerala,Idukki,9.982194444,77.03261111,Soil,Slide,"Monsoon, 2024",2024.0,1
KL/IDK/58G01/2024/PDLS/22,Kerala,Idukki,9.980333333,77.03036111,Soil,Slide,"Monsoon, 2024",2024.0,1
KL/IDK/58C13/2024/PDLS/23,Kerala,Idukki,9.945308333,76.97888611,Debris,Slide,"Monsoon, 2024",2024.0,1
KL/IDK/58C13/2024/PDLS/24,Kerala,Idukki,9.809305556,76.85438889,Soil,Slide,"Monsoon, 2024",2024.0,1
KL/IDK/58C13/2024/PDLS/25,Kerala,Idukki,9.8165,76.86197222,Debris,Slide,Monsoon 2024,2024.0,1
KRL/KTM/PDS/2024/01,Kerala,Kottayam,9.691,76.8251,Debris,Flow,2024,2024.0,1
KRL/KTM/PDS/2024/02,Kerala,Kottayam,9.7475,76.75638889,Debris,Flow,2013 adjacent slide,2013.0,1
KER/TVM/58D10/2024/1,Kerala,Thiruvananthapuram,8.722097222,76.71483056,Debris,Slide,Reactivated (June 2024),2024.0,1
KER/KZK/49M13/2024/03,Kerala,Kozhikode,11.78758889,75.78859444,Debris,Flow,29th  July  2024,2024.0,1
KER/KZK/49M13/2024/05,Kerala,Kozhikode,11.78628056,75.78933889,Debris,Flow,30th  July  2024  around  12.05  AM,2024.0,1
KER/KZK/49M13/2024/06,Kerala,Kozhikode,11.78541389,75.78934167,Debris,Flow,30th July 2024,2024.0,1
KER/KZK/49M13/2024/08,Kerala,Kozhikode,11.78345833,75.78753056,Debris,Flow,"30th July 2024, around 1.00AM",2024.0,1
KER/KZK/49M13/2024/09,Kerala,Kozhikode,11.78275556,75.78577222,Debris,Slide,"30th July 2024, around 1.30AM",2024.0,1
KER/KZK/49M13/2024/10,Kerala,Kozhikode,11.78582778,75.75981389,Debris,Slide,30th July 2024,2024.0,1
KER/KZK/49M13/2024/11,Kerala,Kozhikode,11.79693333,75.75671944,Debris,Flow,"30th July 2024, around 1.00AM",2024.0,1
KER/KZK/49M10/2024/12,Kerala,Kozhikode,11.77744444,75.77436111,Debris,slide,"30th July 2024, around 1.00AM",2024.0,1
KER/WYN/58A2/2019/01,Kerala,Wayanad,11.62846,76.114012,Debris,Flow,"8th August 2019, 15.15 hrs",2019.0,1
KER/WYN/58A2/2019/03,Kerala,Wayanad,11.620398,76.120126,Debris,Flow,"8th August 2019, 15.30 hrs",2019.0,1
KER/WYN/49M14/2019/05,Kerala,Wayanad,11.657041,75.980058,Rock,Topple,"8th August 2019, 14.30 hrs",2019.0,1
KER/WYN/49M14/2019/06,Kerala,Wayanad,11.659552,75.972902,Debris,Slide,"8th August 2019, 14.45 hrs",2019.0,1
KER/WYN/49M14/2019/07,Kerala,Wayanad,11.661645,75.971561,Debris,Flow,"8th August 2019, 14.45 hrs",2019.0,1
KER/WYN/49M14/2019/08,Kerala,Wayanad,11.666862,75.96369,Debris,Slide,8th August 2019,2019.0,1
KER/WYN/49M14/2019/09,Kerala,Wayanad,11.672258,75.964571,Debris,Slide,"8th August 2019, 14.25 hrs",2019.0,1
KER/WYN/49M14/2019/10,Kerala,Wayanad,11.671605,75.965091,Debris,Slide,"8th August 2019, 14.45 hrs",2019.0,1
KER/WYN/49M14/2019/11,Kerala,Wayanad,11.677335,75.935827,Debris,Slide,"8th August 2019, 14.30 hrs",2019.0,1
KER/WYN/49M14/2019/16,Kerala,Wayanad,11.673298,75.93707,Debris,Slide,"8th August 2019, 16.00 hrs",2019.0,1
KER/WYN/49M14/2019/18,Kerala,Wayanad,11.661048,75.966357,Debris,Slide,"8th August 2019, 15.00 hrs",2019.0,1
KER/WYN/58A2/2019/19,Kerala,Wayanad,11.534747,76.033502,Soil,Slide,"9th August 2019, 20.00 hrs",2019.0,1
KER/WYN/49M14/2019/20,Kerala,Wayanad,11.683847,75.943592,Debris,Flow,"8th August 2019, 17.00 hrs.",2019.0,1
KER/WYN/49M14/2019/21,Kerala,Wayanad,11.725066,75.906303,Debris,Flow,"8th August 2019, 23.30 hrs",2019.0,1
KER/WYN/49M14/2019/22,Kerala,Wayanad,11.724502,75.904475,Debris,Flow,"8th August 2019, 18.00 hrs",2019.0,1
KER/WYN/49M14/2019/23,Kerala,Wayanad,11.735759,75.887591,Debris,Flow,"9th August 2019, Night",2019.0,1
KER/WYN/49M14/2019/24,Kerala,Wayanad,11.735509,75.89216,Debris,Flow,9th August 2019,2019.0,1
KER/WYN/49M14/2019/25,Kerala,Wayanad,11.740403,75.879916,Debris,Slide,"8th August 2019, 17.15 hrs",2019.0,1
KER/WYN/58A6/2019/26,Kerala,Wayanad,11.63157,76.26741,Debris,Slide,8th August 2019,2019.0,1
KER/WYN/58A2/2019/27,Kerala,Wayanad,11.621404,76.236822,Debris,Flow,"8th August 2019, Night",2019.0,1
KER/WYN/58A2/2019/28,Kerala,Wayanad,11.620085,76.234551,Debris,Slide,"8th August 2019, Night",2019.0,1
KER/WYN/58A2/2019/32,Kerala,Wayanad,11.63027,76.233569,Debris,Slide,"8th August 2019, 16.30 hrs",2019.0,1
KER/WYN/58A2/2019/33,Kerala,Wayanad,11.631168,76.232848,Debris,Flow,8th August 2019,2019.0,1
KER/WYN/58A2/2019/34,Kerala,Wayanad,11.507432,76.13507,Debris,Flow,8th August 2019,2019.0,1
KER/WYN/58A2/2019/36,Kerala,Wayanad,11.505195,76.142836,Debris,Flow,8th August 2019,2019.0,1
KER/WYN/58A2/2019/37,Kerala,Wayanad,11.506241,76.136642,Debris,Flow,8th August 2019,2019.0,1
KER/WYN/58A2/2019/38,Kerala,Wayanad,11.510344,76.137337,Debris,Slide,8th August 2019,2019.0,1
KER/WYN/58A3/2019/39,Kerala,Wayanad,11.49859,76.125528,Debris,Flow,8th August 2019,2019.0,1
KER/WYN/58A3/2019/40,Kerala,Wayanad,11.499223,76.127859,Debris,Slide,8th August 2019,2019.0,1
KER/WYN/58A3/2019/41,Kerala,Wayanad,11.498578,76.128535,Debris,Flow,8th August 2019,2019.0,1
KER/WYN/58A3/2019/042,Kerala,Wayanad,11.497473,76.12908,Debris,Flow,"Date of initiation: 8th August 2019,",2019.0,1
KER/WYN/49M14/2019/43,Kerala,Wayanad,11.605889,75.987703,Debris,Flow,"Reactivation: 7th August 2019, 08.00",2019.0,1
KER/WYN/58A2/2019/45,Kerala,Wayanad,11.606776,76.118888,Soil,Slide,8th August 2019,2019.0,1
KER/WYN/58A3/2019/46,Kerala,Wayanad,11.486797,76.160537,Debris,Slide,8th August 2019,2019.0,1
KER/WYN/58A3/2019/47,Kerala,Wayanad,11.485279,76.160183,Debris,Slide,8th August 2019,2019.0,1
KER/WYN/58A3/2019/49,Kerala,Wayanad,11.489962,76.158194,Debris,Flow,8th August 2019,2019.0,1
KER/WYN/58A3/2019/50,Kerala,Wayanad,11.490127,76.157562,Debris,Slide,8th August 2019,2019.0,1
KER/WYN/58A3/2019/51,Kerala,Wayanad,11.496489,76.16076,Debris,Slide,8th August 2019,2019.0,1
KER/WYN/58A3/2019/52,Kerala,Wayanad,11.496464,76.160201,Debris,Slide,8th August 2019,2019.0,1
KER/WYN/58A2/2019/53,Kerala,Wayanad,11.50535,76.167608,Debris,Flow,8th August 2019,2019.0,1
KER/WYN/58A2/2019/54,Kerala,Wayanad,11.504907,76.167671,Debris,Slide,8th August 2019,2019.0,1
KER/WYN/58A2/2019/55,Kerala,Wayanad,11.502947,76.164885,Debris,Slide,8th August 2019,2019.0,1
KER/WYN/58A2/2019/56,Kerala,Wayanad,11.502947,76.164885,Debris,Slide,8th August 2019,2019.0,1
KER/WYN/58A2/2019/57,Kerala,Wayanad,11.50273,76.16493,Debris,Slide,8th August 2019,2019.0,1
KER/WYN/58A2/2019/58,Kerala,Wayanad,11.502775,76.15347,Debris,Slide,"8th August 2019, 15.00 hrs.",2019.0,1
KER/WYN/58A2/2019/59,Kerala,Wayanad,11.514932,76.133862,Debris,Slide,8th August 2019,2019.0,1
KER/KNR/49M13/2019/03,Kerala,Kannur,11.856775,75.861045,Debris,Flow,8th August 2019,2019.0,1
KER/KNR/48P12/2019/07,Kerala,Kannur,12.028903,75.629107,Debris,Slump,8th August 2019,2019.0,1
KER/PKD/58B09/2019/03,Kerala,Palakkad,10.84491389,76.73904167,Debris,Flow,8 August 2018 and 09 August 2019,2018.0,1
KER/PKD/58B09/2019/04,Kerala,Palakkad,10.86233611,76.73838333,Debris,Flow,8 August 2018 and 09 August 2019,2018.0,1
KER/PKD/58B09/2019/05,Kerala,Palakkad,10.86786111,76.69186111,Debris,Flow,8 August 2018 and 09 August 2019,2018.0,1
KER/PKD/58B09/2019/06,Kerala,Palakkad,10.92816667,76.55565833,Debris,Flows,9th August 2019,2019.0,1
KER/PKD/58B09/2019/07,Kerala,Palakkad,10.93001944,76.54656667,Debris,Flow,9th August 2019,2019.0,1
KER/PKD/58B09/2019/08,Kerala,Palakkad,10.929775,76.54821667,Debris,Flow,9th August 2019,2019.0,1
KER/PKD/58B09/2019/9,Kerala,Palakkad,10.92965833,76.55001111,Debris,Flow,9th August 2019,2019.0,1
KER/PKD/58B09/2019/10,Kerala,Palakkad,10.93273333,76.54941111,Debris,Flow,9th August 2019,2019.0,1
KER/PKD/58B09/2019/11,Kerala,Palakkad,10.93533889,76.54992778,Debris,Flow,9th August 2019,2019.0,1
KER/PKD/58B09/2019/12,Kerala,Palakkad,10.93366667,76.55814722,Debris,Flow,9th August 2019,2019.0,1
KER/PKD/58B09/2019/13,Kerala,Palakkad,10.93296389,76.55868333,Debris,Flow,9th August 2019,2019.0,1
KER/PKD/58B09/2019/14,Kerala,Palakkad,10.93354167,76.56056944,Debris,Flow,9th August 2019,2019.0,1
KER/PKD/58B09/2019/15,Kerala,Palakkad,10.93145,76.56262222,Debris,Flow,9th August 2019,2019.0,1
KER/PKD/58B09/2019/16,Kerala,Palakkad,10.93150833,76.56727222,Debris,Flow,9th August 2019,2019.0,1
KER/PKD/58B09/2019/17,Kerala,Palakkad,10.93093056,76.56888889,Debris,Flow,9th August 2019,2019.0,1
KER/PKD/58B09/2019/18,Kerala,Palakkad,10.93344722,76.57231944,Debris,Flow,9th August 2019,2019.0,1
KER/PKD/58B09/2019/19,Kerala,Palakkad,10.91564722,76.562425,Debris,Flow,9th August 2019,2019.0,1
KER/PKD/58B09/2019/20,Kerala,Palakkad,10.91636389,76.56464167,Debris,Flow,9th August 2019,2019.0,1
KER/PKD/58B09/2019/21,Kerala,Palakkad,10.91643056,76.56514444,Debris,Flow,9th August 2019,2019.0,1
KER/PKD/58B09/2019/22,Kerala,Palakkad,10.94842778,76.538925,Debris,Flow,9th August 2019,2019.0,1
KER/PKD/58B09/2019/23,Kerala,Palakkad,10.94418056,76.54108056,Debris,Flow,9th August 2019,2019.0,1
KER/PKD/58B09/2019/24,Kerala,Palakkad,10.94506389,76.54063333,Debris,Flow,9th August 2019,2019.0,1
KER/PKD/58B09/2019/25,Kerala,Palakkad,10.93711944,76.54036667,Debris,Flow,9th August 2019,2019.0,1
KER/PKD/58B09/2019/26,Kerala,Palakkad,10.93895833,76.54320833,Debris,Flow,9th August 2019,2019.0,1
KER/PKD/58B09/2019/27,Kerala,Plakkad,10.94908611,76.55337222,Debris,Flow,9th August 2019,2019.0,1
KER/PKD/58B09/2019/28,Kerala,Palakkad,10.94708611,76.55448611,Debris,Flow,9th August 2019,2019.0,1
KER/PKD/58B09/2019/29,Kerala,Palakkad,10.94464722,76.556325,Debris,Slide,9th August 2019,2019.0,1
KER/PKD/58B09/2019/30,Kerala,Palakkad,10.93981944,76.56055833,Debris,Slide,9th August 2019,2019.0,1
KER/PKD/58B09/2019/31,Kerala,Palakkad,10.93958611,76.56125278,Debris,Flow,9th August 2019,2019.0,1
KER/PKD/58B09/2019/32,Kerala,Palakkad,10.97715833,76.59856389,Debris,Flow,9th August 2019,2019.0,1
KER/PKD/58B09/2019/33,Kerala,Palakkad,10.97710278,76.59575556,Debris,flow,9th August 2019,2019.0,1
KER/PKD/58B09/2019/34,Kerala,Palakkad,10.97733611,76.59391944,Debris,Flow,9th August 2019,2019.0,1
KER/PKD/58B09/2019/35,Kerala,Palakkad,10.97733611,76.59391944,,Subsidence,9th August 2019,2019.0,1
KER/PKD/58B09/2019/38,Kerala,Palakkad,10.96787778,76.56013056,Debris,Slide,"2018,  2019",2018.0,1
KER/PKD/58B09/2019/39,Kerala,Palakkad,10.97759444,76.55097778,Debris,flow,2019,2019.0,1
KER/PKD/58B09/2019/40,Kerala,Palakkad,11.00204444,76.57813889,Debris,Flow,"09 August 2019, 02.30 pm",2019.0,1
KER/PKD/58B12/2019/41,Kerala,Palakkad,11.07565833,76.64406667,Debris,Flow,9th August 2019,2019.0,1
KER/PKD/58B12/2019/45,Kerala,Palakkad,11.02558889,76.61841111,Debris,Slide,"2018, Subsidence",2018.0,1
KER/PKD/58B12/2019/46,Kerala,Palakkad,11.036675,76.64236944,Debris,slide,8th August 2019,2019.0,1
KER/PKD/58B12/2019/47,Kerala,Palakkad,11.04895556,76.64311389,Debris,Flow,8th August 2019,2019.0,1
KER/PKD/58B12/2019/48,Kerala,Palakkad,11.06694444,76.65391944,Debris,Slide,8th August 2019,2019.0,1
KER/PKD/58B12/2019/49,Kerala,Palakkad,11.06723611,76.65419722,Debris,Slide,8th August 2019,2019.0,1
KER/PKD/58B12/2019/50,Kerala,Palakkad,11.07501111,76.65841944,Debris,Slide,8th August 2019,2019.0,1
KER/PKD/58B12/2019/52,Kerala,Palakkad,11.03304167,76.51463889,,Cracks,8th August 2019,2019.0,1
KRL/IDK/58C14/2018/02,Kerala,Idukki,9.604722222,76.89888889,Debris,Flow,"16th October, 2021",2021.0,1
KRL/IDK/58C14/2018/05,Kerala,Idukki,9.603944444,76.90672222,Debris,Slide,"16th October, 2021",2021.0,1
KRL/IDK/58C14/2018/06,Kerala,Idukki,9.606222222,76.90912778,Debris,Flow,"16th October, 2021",2021.0,1
KRL/IDK/58C14/2018/07,Kerala,Idukki,9.607388889,76.91263889,Debris,Flow,"16th October, 2021",2021.0,1
KE/IDU/58C14/2021/9,Kerala,Idukki,9.622055556,76.893875,Debris,Slide,16th October 2021,2021.0,1
KE/IDU/58C14/2021/10,Kerala,Idukki,9.622277778,76.89380556,Debris,Slide,16th October 2021,2021.0,1
KE/IDU/58C14/2021/11,Kerala,Idukki,9.623611111,76.89027778,Debris,Flow,16th October 2021,2021.0,1
KL/IDK/58F/04/2025/PDLS/ 01,Kerala,Idukki,10.082693,77.07378,Debris,Slide,"25th July 2005, 25th August 2018",2005.0,1
KL/IDK/58F/04/2025/PDLS/02,Kerala,Idukki,10.064476,77.101915,Soil,Slump,6th August 2018,2018.0,1
KL/IDK/58F/04/2025/PDLS/03,Kerala,Idukki,10.0842,77.0608,Debris,Slide,25 Ju;y 2025,2025.0,1
KL/IDK/58F/04/2025/PDLS/04,Kerala,Idukki,10.071261,77.09786,Soil,Rotational,2024,2024.0,1
KL/IDK/58F/04/2025/PDLS/05,Kerala,Idukki,10.0552,77.1071,Soil,Translational,"August, 2018 & 2024",2018.0,1
KL/IDK/58F/04/2025/PDLS/07,Kerala,Idukki,10.035583,77.141456,Debris,Slide,2025,2025.0,1
KL/IDK/58F/04/2025/PDLS/08,Kerala,Idukki,9.872884,77.2112,Debris,Slide,2025,2025.0,1
KL/IDK/58G/01/2025/PDLS/09,Kerala,Idukki,9.882615,77.187536,Debris,Slide,2025,2025.0,1
KL/IDK/58G/01/2025/PDLS/10,Kerala,Idukki,9.896046,77.212729,Debris,Slide,2025,2025.0,1
KL/IDK/58G/01/2025/PDLS/11,Kerala,Idukki,9.902112,77.215001,Debris,Slide,2025,2025.0,1
KL/IDK/58G/01/2025/PDLS/12,Kerala,Idukki,9.904123,77.216173,Debris,Slide,2025,2025.0,1
KL/IDK/58G/01/2025/PDLS/13,Kerala,Idukki,9.911175,77.217249,Debris,Slide,2025,2025.0,1
KL/IDK/58G/01/2025/PDLS/14,Kerala,Idukki,9.911175,77.217249,Debris,Slide,2025,2025.0,1
KL/IDK/58G/01/2025/PDLS/16,Kerala,Idukki,9.836942,77.111808,Debris,Slide,2025,2025.0,1
KL/IDK/58G/01/2025/PDLS/17,Kerala,Idukki,9.848931,77.22507,Debris,Flow,2025,2025.0,1
KL/IDK/58G/01/2025/PDLS/18,Kerala,Idukki,9.854678,77.234769,Debris,Slide,2025,2025.0,1
KL/IDK/58G/01/2025/PDLS/19,Kerala,Idukki,9.733907,77.117741,Debris,Flow,2025,2025.0,1
KER/KOZ/49M15/2025/01,Kerala,Kozhikode,11.47475,75.92625,Rock,Slide,26 July 2025,2025.0,1
KER/KOZ/49M14/2025/02,Kerala,Kozhikode,11.520975,75.89981389,Debris,Flows,16 July 2025,2025.0,1
KER/KOZ/49M14/2025/3,Kerala,Kozhikode,11.72522222,75.81052778,Debris,Slide,16 July 2025,2025.0,1
KER/KOZ/49M14/2025/4,Kerala,Kozhikode,11.72566667,75.81052778,Rock/Debris,Fall,6 July 2025,2025.0,1
KER/KOZ/49M14/2025/5,Kerala,Kozhikode,11.72976111,75.81385278,Debris,Slide,16 July 2025 at 01:00 hrs,2025.0,1
KER/KOZ/49M14/2025/06,Kerala,Kozhikode,11.51527778,76.89536111,Rock,Slide,30 May 2025,2025.0,1
KER/KOZ/49M14/2025/07,Kerala,Kozhikode,11.51652778,75.89355556,Debris,Slide,30 May 2025,2025.0,1
KER/KOL/58D13/2025/01,Kerala,Kollam,8.97316667,76.89913889,Debris,Flow,12 October 2025,2025.0,1
MH/SIN/48E13/2016/47,Maharashtra,Sindhudurg,15.743528,73.941,Debris,Slide,2016,2016.0,1
MH/SIN/48E13/2016/48,Maharashtra,Sindhudurg,15.755333,73.73075,Debris,Slide,2016,2016.0,1
MH/SIN/48E13/2016/42,Maharashtra,Sindhudurg,15.774194,74.0,Rock cum Debris,Slide,2016,2016.0,1
MH/SIN/48E13/2016/39,Maharashtra,Sindhudurg,15.776333,73.985917,Earth,Slide,2016,2016.0,1
MH/SIN/48E13/2016/40,Maharashtra,Sindhudurg,15.776778,73.987639,Rock cum Debris,Slide,2016,2016.0,1
MH/SIN/48E13/2016/41,Maharashtra,Sindhudurg,15.777278,73.989139,Debris,Slide,2016,2016.0,1
MH/SIN/48E13/2016/44,Maharashtra,Sindhudurg,15.788611,73.874667,Debris,Slide,2016,2016.0,1
MH/SIN/48E13/2016/45,Maharashtra,Sindhudurg,15.789667,73.874333,Debris,Slide,2016,2016.0,1
MH/SIN/48E13/2016/46,Maharashtra,Sindhudurg,15.790722,73.8705,Debris,Slide,2016,2016.0,1
MH/SIN/48E13/2016/43,Maharashtra,Sindhudurg,15.798694,73.864583,Debris,Slide,2016,2016.0,1
MH/SIN/48E13/2016/31,Maharashtra,Sindhudurg,15.802306,73.946806,Earth,Slide,2015,2015.0,1
MH/SIN/48E13/2016/32,Maharashtra,Sindhudurg,15.803833,73.947556,Earth,Slide,2015,2015.0,1
MH/SIN/48E13/2016/38,Maharashtra,Sindhudurg,15.812083,73.970278,Earth,Slide,2016,2016.0,1
MH/SIN/48E13/2016/35,Maharashtra,Sindhudurg,15.815583,73.976694,Rock,Slide,2016,2016.0,1
MH/SIN/48E13/2016/36,Maharashtra,Sindhudurg,15.816,73.9765,Rock cum Debris,Slide,2016,2016.0,1
MH/SIN/48E13/2016/37,Maharashtra,Sindhudurg,15.816528,73.976167,Debris,Slide,2016,2016.0,1
MH/SIN/48E13/2016/34,Maharashtra,Sindhudurg,15.816889,73.978167,Debris,Slide,2016,2016.0,1
MH/SIN/48E13/2016/33,Maharashtra,Sindhudurg,15.817306,73.978,Rock,Slide,2016,2016.0,1
MH/SIN/48E13/2016/30,Maharashtra,Sindhudurg,15.834722,73.950361,Earth,Slide,2015,2015.0,1
MH/SIN/48E13/2016/28,Maharashtra,Sindhudurg,15.838222,73.90675,Earth,Slide,2015,2015.0,1
MH/SIN/48E13/2016/27,Maharashtra,Sindhudurg,15.838472,73.905139,Rock cum Debris,Slide,2016,2016.0,1
MH/SIN/48E13/2016/06,Maharashtra,Sindhudurg,15.840889,73.928556,Debris,Slide,2016,2016.0,1
MH/SIN/48E13/2016/29,Maharashtra,Sindhudurg,15.841361,73.956444,Earth,Slide,2015,2015.0,1
MH/SIN/48E13/2016/14,Maharashtra,Sindhudurg,15.855167,73.951778,Debris,Slide,2016,2016.0,1
MH/SIN/48E13/2016/13,Maharashtra,Sindhudurg,15.8565,73.953333,Debris,Slide,2016,2016.0,1
MH/SIN/48E13/2016/12,Maharashtra,Sindhudurg,15.856833,73.953556,Rock,Slide,2016,2016.0,1
MH/SIN/48E13/2016/11,Maharashtra,Sindhudurg,15.858139,73.955139,Debris,Slide,2016,2016.0,1
MH/SIN/48E13/2016/15,Maharashtra,Sindhudurg,15.85825,73.949861,Debris,Slide,2016,2016.0,1
MH/SIN/48E13/2016/10,Maharashtra,Sindhudurg,15.860528,73.955972,Debris,Slide,2016,2016.0,1
MH/SIN/48E13/2016/16,Maharashtra,Sindhudurg,15.863389,73.92275,Debris,Slide,2016,2016.0,1
MH/SIN/48E13/2016/77,Maharashtra,Sindhudurg,15.86425,73.966306,Debris,Slide,2016,2016.0,1
MH/SIN/48E13/2016/08,Maharashtra,Sindhudurg,15.864972,73.957944,Earth,Slide,2016,2016.0,1
MH/SIN/48E13/2016/09,Maharashtra,Sindhudurg,15.865333,73.957722,Earth,Slide,2016,2016.0,1
MH/SIN/48E13/2016/07,Maharashtra,Sindhudurg,15.866139,73.975,Earth,Slide,2016,2016.0,1
MH/SIN/48E13/2016/26,Maharashtra,Sindhudurg,15.868806,73.838528,Debris,Slide,2016,2016.0,1
MH/SIN/48E13/2016/25,Maharashtra,Sindhudurg,15.869167,73.837917,Debris,Slide,2016,2016.0,1
MH/SIN/48E13/2016/24,Maharashtra,Sindhudurg,15.869306,73.837083,Debris,Slide,2016,2016.0,1
MH/SIN/48E13/2016/23,Maharashtra,Sindhudurg,15.869667,73.836806,Debris,Slide,2016,2016.0,1
MH/SIN/48E13/2016/22,Maharashtra,Sindhudurg,15.870417,73.836694,Debris,Slide,2016,2016.0,1
MH/SIN/48E13/2016/21,Maharashtra,Sindhudurg,15.871028,73.837,Debris,Slide,2016,2016.0,1
MH/SIN/48E13/2016/05,Maharashtra,Sindhudurg,15.883222,73.892056,Earth,Slide,2016,2016.0,1
MH/SIN/48E13/2016/04,Maharashtra,Sindhudurg,15.885722,73.893222,Rock cum Debris,Slide,2016,2016.0,1
MH/SIN/48E13/2016/03,Maharashtra,Sindhudurg,15.893333,73.891278,Earth,Slide,2016,2016.0,1
MH/SIN/48E13/2016/01,Maharashtra,Sindhudurg,15.912194,73.945028,Rock,Slide,2016,2016.0,1
MH/SIN/48E13/2016/02,Maharashtra,Sindhudurg,15.912194,73.945028,Earth,Slide,2016,2016.0,1
MH/SIN/48E13/2016/73,Maharashtra,Sindhudurg,15.933667,73.9395,Debris,Slide,2016,2016.0,1
MH/SIN/48E13/2016/74,Maharashtra,Sindhudurg,15.933917,73.981194,Debris,Slide,2016,2016.0,1
MH/SIN/48E13/2016/75,Maharashtra,Sindhudurg,15.939111,73.991778,Debris,Slide,2016,2016.0,1
MH/SIN/48E13/2016/76,Maharashtra,Sindhudurg,15.940444,73.994778,Debris,Slide,2016,2016.0,1
MH/SIN/48E13/2016/17,Maharashtra,Sindhudurg,15.980333,73.834778,Debris,Slide,2016,2016.0,1
MH/SIN/48E13/2016/66,Maharashtra,Sindhudurg,16.006472,73.788806,Debris,Slide,2016,2016.0,1
MH/SIN/48E13/2016/18,Maharashtra,Sindhudurg,16.026222,73.963278,Debris,Slide,2016,2016.0,1
MH/SIN/48E13/2016/64,Maharashtra,Sindhudurg,16.032139,73.933361,Debris,Slide,2016,2016.0,1
MH/SIN/48E13/2016/63,Maharashtra,Sindhudurg,16.032222,73.929778,Earth,Slide,2016,2016.0,1
MH/SIN/48E13/2016/20,Maharashtra,Sindhudurg,16.034194,73.974722,Debris,Slide,2016,2016.0,1
MH/SIN/48E13/2016/19,Maharashtra,Sindhudurg,16.040083,73.975222,Debris,Slide,2016,2016.0,1
MH/SIN/48E13/2016/49,Maharashtra,Sindhudurg,16.042444,73.975417,Rock cum Debris,Slide,2016,2016.0,1
MH/SIN/48E13/2016/50,Maharashtra,Sindhudurg,16.043972,73.977222,Debris,Slide,2016,2016.0,1
MH/SIN/48E13/2016/54,Maharashtra,Sindhudurg,16.044444,73.976583,Rock cum Debris,Slide,2016,2016.0,1
MH/SIN/48E13/2016/52,Maharashtra,Sindhudurg,16.044833,73.977667,Rock cum Debris,Slide,2016,2016.0,1
MH/SIN/48E13/2016/53,Maharashtra,Sindhudurg,16.044833,73.977056,Rock cum Debris,Slide,2016,2016.0,1
MH/SIN/48E13/2016/51,Maharashtra,Sindhudurg,16.045444,73.977667,Rock cum Debris,Slide,2016,2016.0,1
MH/SIN/48E13/2016/55,Maharashtra,Sindhudurg,16.045694,73.976917,Rock cum Debris,Slide,2016,2016.0,1
MH/SIN/48E13/2016/67,Maharashtra,Sindhudurg,16.051472,73.788806,Debris,Slide,2016,2016.0,1
MH/SIN/48E13/2016/65,Maharashtra,Sindhudurg,16.052972,73.789861,Debris,Slide,2016,2016.0,1
MH/SIN/48E13/2016/57,Maharashtra,Sindhudurg,16.053,73.984333,Rock,Slide,2016,2016.0,1
MH/SIN/48E13/2016/56,Maharashtra,Sindhudurg,16.053333,73.983611,Rock cum Debris,Slide,2016,2016.0,1
MH/SIN/48E13/2016/58,Maharashtra,Sindhudurg,16.053861,73.984444,Rock cum Debris,Slide,2016,2016.0,1
MH/SIN/48E13/2016/59,Maharashtra,Sindhudurg,16.058694,73.983472,Debris,Slide,2016,2016.0,1
MH/SIN/48E13/2016/60,Maharashtra,Sindhudurg,16.062472,73.982111,Debris,Slide,2016,2016.0,1
MH/SIN/48E13/2016/62,Maharashtra,Sindhudurg,16.064,73.955972,Debris,Slide,2016,2016.0,1
MH/SIN/48E13/2016/68,Maharashtra,Sindhudurg,16.172611,73.884667,Debris,Slide,2016,2016.0,1
MH/SIN/48E13/2016/69,Maharashtra,Sindhudurg,16.172806,73.884278,Debris,Slide,2016,2016.0,1
MH/SIN/48E13/2016/70,Maharashtra,Sindhudurg,16.172972,73.883639,Debris,Slide,2016,2016.0,1
MH/SIN/48E13/2016/71,Maharashtra,Sindhudurg,16.191389,73.895472,Rock cum Debris,Slide,2016,2016.0,1
MH/SIN/48E13/2016/72,Maharashtra,Sindhudurg,16.191417,73.89625,Rock cum Debris,Slide,2016,2016.0,1
MH/SIN/48E13/2016/61,Maharashtra,Sindhudurg,16.202167,73.807222,Debris,Slide,2016,2016.0,1
MH/SIN/47H14/2016/15,Maharashtra,Sindhudurg,16.524,73.809,Debris,Slide,2015,2015.0,1
MH/SIN/47H14/2016/14,Maharashtra,Sindhudurg,16.527,73.813,Debris,Slide,2016,2016.0,1
MH/SIN/47H14/2016/55,Maharashtra,Sindhudurg,16.53,73.803,Debris,Slide,2016,2016.0,1
MH/SIN/47H14/2016/56,Maharashtra,Sindhudurg,16.53,73.804,Debris,Slide,2016,2016.0,1
MH/SIN/47H14/2016/10,Maharashtra,Sindhudurg,16.53,73.832,Debris,Slide,2016,2016.0,1
MH/SIN/47H14/2016/42,Maharashtra,Sindhudurg,16.53,73.832,Debris,Fall,2015,2015.0,1
MH/SIN/47H14/2016/54,Maharashtra,Sindhudurg,16.531,73.803,Debris,Slide,2016,2016.0,1
MH/SIN/47H14/2016/41,Maharashtra,Sindhudurg,16.531,73.833,Rock,Fall,2016,2016.0,1
MH/SIN/47H14/2016/52,Maharashtra,Sindhudurg,16.532,73.805,Debris,Slide,2016,2016.0,1
MH/SIN/47H14/2016/53,Maharashtra,Sindhudurg,16.532,73.805,Debris,Slide,2016,2016.0,1
MH/SIN/47H14/2016/40,Maharashtra,Sindhudurg,16.532,73.832,Debris,Fall,2016,2016.0,1
MH/SIN/47H14/2016/43,Maharashtra,Sindhudurg,16.533,73.829,Debris,Slide,2016,2016.0,1
MH/SIN/47H14/2016/44,Maharashtra,Sindhudurg,16.533,73.825,Debris,Slide,2016,2016.0,1
MH/SIN/47H14/2016/45,Maharashtra,Sindhudurg,16.533,73.824,Debris,Slide,2015,2015.0,1
MH/SIN/47H14/2016/46,Maharashtra,Sindhudurg,16.533,73.823,Debris,Slide,2016,2016.0,1
MH/SIN/47H14/2016/51,Maharashtra,Sindhudurg,16.534,73.805,Debris,Slide,2016,2016.0,1
MH/SIN/47H14/2016/47,Maharashtra,Sindhudurg,16.538,73.823,Rock,Fall,2016,2016.0,1
MH/SIN/47H14/2016/49,Maharashtra,Sindhudurg,16.539,73.814,Debris,Slide,2016,2016.0,1
MH/SIN/47H14/2016/50,Maharashtra,Sindhudurg,16.539,73.812,Debris,Slide,2016,2016.0,1
MH/SIN/47H14/2016/11,Maharashtra,Sindhudurg,16.54,73.847,Debris,Slide,2016,2016.0,1
MH/SIN/47H14/2016/48,Maharashtra,Sindhudurg,16.54,73.817,Debris,Slide,2016,2016.0,1
MH/KOLH/47H14/2016/57,Maharashtra,Kolhapur,16.543,73.825,Debris,Slide,2016,2016.0,1
MH/SIN/47H14/2016/58,Maharashtra,Sindhudurg,16.554,73.83,Rock,Slide,2016,2016.0,1
MH/SIN/47H14/2016/59,Maharashtra,Sindhudurg,16.555,73.83,Rock,Fall,2016,2016.0,1
MH/SIN/47H14/2016/63,Maharashtra,Sindhudurg,16.557,73.826,Debris,Slide,2016,2016.0,1
MH/SIN/47H14/2016/61,Maharashtra,Sindhudurg,16.56,73.892,Debris,Slide,2015,2015.0,1
MH/SIN/47H14/2016/62,Maharashtra,Sindhudurg,16.56,73.828,Debris,Slide,2016,2016.0,1
MH/SIN/47H14/2016/60,Maharashtra,Sindhudurg,16.563,73.83,Debris,Slide,2016,2016.0,1
MH/SIN/47H14/2016/64,Maharashtra,Sindhudurg,16.564,73.826,Debris,Fall,2016,2016.0,1
MH/SIN/47H14/2016/65,Maharashtra,Sindhudurg,16.566,73.817,Debris,Fall,2016,2016.0,1
MH/SIN/47H10/2016/5,Maharashtra,Sindhudurg,16.569,73.709,Debris,Fall,2016,2016.0,1
MH/SIN/47H14/2016/17,Maharashtra,Sindhudurg,16.569,73.785,Debris,Slide,2015,2015.0,1
MH/SIN/47H14/2016/18,Maharashtra,Sindhudurg,16.57,73.785,Debris,Slide,2016,2016.0,1
MH/SIN/47H14/2016/19,Maharashtra,Sindhudurg,16.57,73.785,Debris,Slide,2016,2016.0,1
MH/SIN/47H14/2016/20,Maharashtra,Sindhudurg,16.572,73.783,Debris,Fall,2016,2016.0,1
MH/SIN/47H14/2016/21,Maharashtra,Sindhudurg,16.598,73.775,Debris,Fall,2015,2015.0,1
MH/SIN/47H14/2016/22,Maharashtra,Sindhudurg,16.606,73.744,Debris,Fall,2015,2015.0,1
MH/SIN/47H14/2016/23,Maharashtra,Sindhudurg,16.62,73.776,Debris,Fall,2016,2016.0,1
MH/RAT/47H10/2016/9,Maharashtra,Ratnagiri,16.641,73.736,Debris,Slide,2016,2016.0,1
MH/RAT/47H14/2016/32,Maharashtra,Ratnagiri,16.673,73.768,Debris,Slide,2014,2014.0,1
MH/RAT/47H14/2016/24,Maharashtra,Ratnagiri,16.673,73.81,Debris,Fall,2016,2016.0,1
MH/RAT/47H14/2016/25,Maharashtra,Ratnagiri,16.674,73.811,Debris,Slide,2015,2015.0,1
MH/RAT/47H14/2016/26,Maharashtra,Ratnagiri,16.675,73.812,Debris,Fall,2016,2016.0,1
MH/RAT/47H14/2016/27,Maharashtra,Ratnagiri,16.675,73.812,Debris,Fall,2016,2016.0,1
MH/RAT/47H14/2016/33,Maharashtra,Ratnagiri,16.677,73.763,Debris,Slide,2016,2016.0,1
MH/RAT/47H10/2016/1,Maharashtra,Ratnagiri,16.709,73.614,Earth,Slide,2016,2016.0,1
MH/RAT/47H14/2016/28,Maharashtra,Ratnagiri,16.715,73.788,Debris,Fall,2016,2016.0,1
MH/RAT/47H14/2016/29,Maharashtra,Ratnagiri,16.72,73.793,Debris,Slide,2016,2016.0,1
MH/RAT/47H14/2016/30,Maharashtra,Ratnagiri,16.723,73.797,Rock,Slide,2016,2016.0,1
MH/RAT/47H14/2016/31,Maharashtra,Ratnagiri,16.725,73.798,Rock,Fall,2014,2014.0,1
MH/RAT/47H14/2016/39,Maharashtra,Ratnagiri,16.734,73.771,Debris,Slide,2016,2016.0,1
MH/RAT/47H14/2016/38,Maharashtra,Ratnagiri,16.736,73.772,Debris,Slide,2016,2016.0,1
MH/RAT/47H14/2016/37,Maharashtra,Ratnagiri,16.737,73.773,Debris,Slide,2015,2015.0,1
MH/RAT/47H14/2016/36,Maharashtra,Ratnagiri,16.738,73.775,Debris,Fall,2016,2016.0,1
MH/RAT/47H14/2016/34,Maharashtra,Ratnagiri,16.745,73.739,Debris,Slide,2016,2016.0,1
MH/RAT/47H14/2016/35,Maharashtra,Ratnagiri,16.745,73.789,Debris,Slide,2016,2016.0,1
MH/RAT/47H06/2016/4,Maharashtra,Ratnagiri,16.746,73.459,Debris,Slide,2016,2016.0,1
MH/RAT/47H06/2016/3,Maharashtra,Ratnagiri,16.748,73.459,Earth,Fall,2016,2016.0,1
MH/RAT/47H06/2016/66,Maharashtra,Ratnagiri,16.748,73.458,Earth,Fall,2016,2016.0,1
MH/RAT/47H06/2016/2,Maharashtra,Ratnagiri,16.75,73.459,Debris,Slide,2016,2016.0,1
MAH/SAN/47G08/2015/119,Maharashtra,Sangameshwar,17.016,73.494,Debris,Slide,2014,2014.0,1
MAH/RAT/47G08/2015/101,Maharashtra,Ratnagiri,17.017,73.35,Debris,Slide,2005,2005.0,1
MAH/RAT/47G08/2015/92,Maharashtra,Ratnagiri,17.025,73.269,Debris,Fall,2013,2013.0,1
MAH/SAN/47G08/2015/117,Maharashtra,Sangameshwar,17.041,73.487,Debris,Fall,2014,2014.0,1
MAH/RAT/47G08/2015/98,Maharashtra,Ratnagiri,17.042,73.375,Debris,Fall,2014,2014.0,1
MAH/RAT/47G08/2015/99,Maharashtra,Ratnagiri,17.043,73.375,Debris,Fall,2014,2014.0,1
MAH/SAN/47G08/2015/118,Maharashtra,Sangameshwar,17.044,73.476,Debris,Slide,2015,2015.0,1
MAH/RAT/47G08/2015/100,Maharashtra,Ratnagiri,17.045,73.376,Debris,Fall,2014,2014.0,1
MAH/RAT/47G08/2015/104,Maharashtra,Ratnagiri,17.055,73.438,Debris,Slide,2010,2010.0,1
MAH/RAT/47G08/2015/103,Maharashtra,Ratnagiri,17.058,73.447,Debris,Slide,2010,2010.0,1
MAH/SAN/47G08/2015/135,Maharashtra,Sangameshwar,17.071,73.45,Debris,Fall,2010,2010.0,1
MAH/SAN/47G08/2015/128,Maharashtra,Sangameshwar,17.08,73.453,Debris,Fall,2010,2010.0,1
MAH/RAT/47G08/2015/102,Maharashtra,Ratnagiri,17.094,73.437,Debris,Slide,2010,2010.0,1
MAH/SAN/47G08/2015/134,Maharashtra,Sangameshwar,17.102,73.456,Debris,Fall,2010,2010.0,1
MAH/SAN/47G08/2015/116,Maharashtra,Sangameshwar,17.105,73.466,Debris,Slide,2013,2013.0,1
MAH/RAT/47G08/2015/96,Maharashtra,Ratnagiri,17.106,73.444,Debris,Slide,2014,2014.0,1
MAH/RAT/47G08/2015/97,Maharashtra,Ratnagiri,17.107,73.417,Debris,Slide,2014,2014.0,1
MAH/RAT/47G08/2015/106,Maharashtra,Ratnagiri,17.107,73.443,Debris,Slump,2008,2008.0,1
MAH/RAT/47G08/2015/105,Maharashtra,Ratnagiri,17.109,73.441,Rock,Fall,2010,2010.0,1
MAH/SAN/47G08/2015/133,Maharashtra,Sangameshwar,17.112,73.451,Debris,Slide,2010,2010.0,1
MAH/RAT/47G08/2015/115,Maharashtra,Ratnagiri,17.115,73.303,Debris,Slump,2010,2010.0,1
MAH/RAT/47G08/2015/95,Maharashtra,Ratnagiri,17.123,73.445,Debris,Slide,2014,2014.0,1
MAH/RAT/47G08/2015/91,Maharashtra,Ratnagiri,17.123,73.352,Debris,Slide,2014,2014.0,1
MAH/SAN/47G08/2015/129,Maharashtra,Sangameshwar,17.13,73.481,Debris,Slide,2010,2010.0,1
MAH/RAT/47G08/2015/94,Maharashtra,Ratnagiri,17.13,73.443,Debris,Slide,2011,2011.0,1
MAH/RAT/47G08/2015/114,Maharashtra,Ratnagiri,17.131,73.325,Debris,Fall,2010,2010.0,1
MAH/SAN/47G08/2015/122,Maharashtra,Sangameshwar,17.134,73.466,Rock,Fall,2013,2013.0,1
MAH/RAT/47G08/2015/93,Maharashtra,Ratnagiri,17.135,73.463,Debris,Slide,2014,2014.0,1
MAH/SAN/47G08/2015/132,Maharashtra,Sangameshwar,17.146,73.495,Rock,Fall,2010,2010.0,1
MAH/SAN/47G08/2015/131,Maharashtra,Sangameshwar,17.148,73.497,Debris,Slide,2010,2010.0,1
MAH/SAN/47G08/2015/130,Maharashtra,Sangameshwar,17.161,73.495,Debris,Slide,2010,2010.0,1
MAH/SAN/47G08/2015/138,Maharashtra,Sangameshwar,17.166,73.491,Debris,Slump,2010,2010.0,1
MAH/SAN/47G08/2015/140,Maharashtra,Sangameshwar,17.168,73.468,Debris,Slump,2010,2010.0,1
MAH/SAN/47G08/2015/137,Maharashtra,Sangameshwar,17.169,73.479,Rock,Fall,2010,2010.0,1
MAH/SAN/47G08/2015/136,Maharashtra,Sangameshwar,17.169,73.475,Rock,Fall,2010,2010.0,1
MAH/RAT/47G08/2015/113,Maharashtra,Ratnagiri,17.181,73.385,Debris,Fall,2010,2010.0,1
MAH/SAN/47G08/2015/139,Maharashtra,Sangameshwar,17.189,73.474,Debris,Slump,2010,2010.0,1
MAH/SAN/47G08/2015/144,Maharashtra,Sangameshwar,17.19,73.422,Rock,Fall,2010,2010.0,1
MAH/GUH/47G08/2015/49,Maharashtra,Guhagar,17.194,73.42,Debris,Slump,2011,2011.0,1
MAH/SAN/47G08/2015/143,Maharashtra,Sangameshwar,17.196,73.419,Debris,Slump,2010,2010.0,1
MAH/SAN/47G08/2015/121,Maharashtra,Sangameshwar,17.198,73.43,Rock,Fall,2014,2014.0,1
MAH/SAN/47G08/2015/120,Maharashtra,Sangameshwar,17.199,73.426,Rock,Fall,2008,2008.0,1
MAH/SAN/47G08/2015/142,Maharashtra,Sangameshwar,17.199,73.417,Debris,Slump,2010,2010.0,1
MAH/SAN/47G08/2015/141,Maharashtra,Sangameshwar,17.206,73.416,Debris,Slump,2010,2010.0,1
MAH/RAT/47G08/2015/108,Maharashtra,Ratnagiri,17.21,73.396,Debris,Slump,2010,2010.0,1
MAH/RAT/47G08/2015/107,Maharashtra,Ratnagiri,17.211,73.399,Debris,Slump,2010,2010.0,1
MAH/RAT/47G08/2015/112,Maharashtra,Ratnagiri,17.212,73.387,Debris,Fall,2010,2010.0,1
MAH/GUH/47G08/2015/50,Maharashtra,Guhagar,17.215,73.415,Debris,Fall,2011,2011.0,1
MAH/GUH/47G08/2015/48,Maharashtra,Guhagar,17.218,73.412,Debris,Slump,2010,2010.0,1
MAH/GUH/47G08/2015/34,Maharashtra,Guhagar,17.218,73.412,Rock,Fall,2007,2007.0,1
MAH/RAT/47G08/2015/111,Maharashtra,Ratnagiri,17.222,73.343,Debris,Slump,2010,2010.0,1
MAH/GUH/47G08/2015/46,Maharashtra,Guhagar,17.222,73.414,Debris,Fall,2010,2010.0,1
MAH/RAT/47G08/2015/110,Maharashtra,Ratnagiri,17.223,73.346,Rock,Fall,2010,2010.0,1
MAH/RAT/47G08/2015/109,Maharashtra,Ratnagiri,17.224,73.337,Rock,Fall,2010,2010.0,1
MAH/GUH/47G08/2015/33,Maharashtra,Guhagar,17.224,73.451,Rock,Fall,2007,2007.0,1
MAH/GUH/47G08/2015/47,Maharashtra,Guhagar,17.225,73.4,Rock,Fall,2010,2010.0,1
MAH/GUH/47G08/2015/32,Maharashtra,Guhagar,17.225,73.398,Debris,Slide,2007,2007.0,1
MAH/RAT/47G08/2015/89,Maharashtra,Ratnagiri,17.23,73.335,Debris,Slide,2013,2013.0,1
MAH/RAT/47G08/2015/90,Maharashtra,Ratnagiri,17.234,73.327,Debris,Slide,2014,2014.0,1
MAH/GUH/47G02/2015/39,Maharashtra,Guhagar,17.245,73.426,Rock,Fall,2014,2014.0,1
MAH/GUH/47G02/2015/38,Maharashtra,Guhagar,17.247,73.444,Rock,Fall,2014,2014.0,1
MH/RAT/47G07/2009/127,Maharashtra,Ratnagiri,17.273,73.374,Debris,Slump,2009,2009.0,1
MH/RAT/47G07/2009/126,Maharashtra,Ratnagiri,17.298,73.362,Debris,Slide,2009,2009.0,1
MH/RAT/47G07/2009/128,Maharashtra,Ratnagiri,17.306,73.36,Debris,Slide,2009,2009.0,1
MAH/GUH/47G03/2015/44,Maharashtra,Guhagar,17.35,73.229,Debris,Slump,2011,2011.0,1
MAH/GUH/47G03/2015/43,Maharashtra,Guhagar,17.351,73.231,Debris,Slump,2011,2011.0,1
MAH/GUH/47G03/2015/45,Maharashtra,Guhagar,17.355,73.233,Debris,Slump,2011,2011.0,1
MH/RAT/47G07/2009/124,Maharashtra,Ratnagiri,17.477,73.443,Debris,Slide,2009,2009.0,1
MAH/GUH/47G03/2015/42,Maharashtra,Guhagar,17.482,73.223,Debris,Slide,2009,2009.0,1
MH/RAT/47G07/2009/125,Maharashtra,Ratnagiri,17.484,73.463,Debris,Fall,2009,2009.0,1
MAH/GUH/47G03/2015/40,Maharashtra,Guhagar,17.486,73.202,Debris,Slide,2009,2009.0,1
MAH/GUH/47G03/2015/41,Maharashtra,Guhagar,17.488,73.204,Earth,Slump,2009,2009.0,1
MH/RAT/47G06/2009/108,Maharashtra,Ratnagiri,17.51,73.475,Debris,Fall,2009,2009.0,1
MAH/GUH/47G02/2015/37,Maharashtra,Guhagar,17.521,73.194,Rock,Fall,2014,2014.0,1
MH/RAT/47G06/2009/112,Maharashtra,Ratnagiri,17.542,73.474,Debris,Fall,2009,2009.0,1
MH/RAT/47G06/2009/110,Maharashtra,Ratnagiri,17.547,73.463,Debris,Fall,2009,2009.0,1
MH/RAT/47G06/2015/113,Maharashtra,Ratnagiri,17.547,73.49,Debris,Slump,2015,2015.0,1
MH/RAT/47G06/2016/13,Maharashtra,Ratnagiri,17.548,73.462,Debris,Slide,2016,2016.0,1
MH/RAT/47G06/2016/18,Maharashtra,Ratnagiri,17.549,73.425,Debris,Slide,2016,2016.0,1
MAH/GUH/47G02/2015/35,Maharashtra,Guhagar,17.553,73.235,Rock,Fall,2015,2015.0,1
MH/RAT/47G06/2016/10,Maharashtra,Ratnagiri,17.558,73.364,Debris,Slide,2017,2017.0,1
MH/RAT/47G06/2016/11,Maharashtra,Ratnagiri,17.559,73.362,Debris,Slide,2014,2014.0,1
MH/RAT/47G06/2009/107,Maharashtra,Ratnagiri,17.563,73.342,Debris,Slide,2009,2009.0,1
MAH/DAP/47G02/2015/27,Maharashtra,Dapoli,17.564,73.212,Debris,Fall,2010,2010.0,1
MAH/DAP/47G02/2015/28,Maharashtra,Dapoli,17.567,73.19,Earth,Slump,2010,2010.0,1
MH/RAT/47G06/2016/01,Maharashtra,Ratnagiri,17.572,73.454,Debris,Slide,2014,2014.0,1
MAH/DAP/47G02/2015/26,Maharashtra,Dapoli,17.574,73.176,Debris,Fall,2010,2010.0,1
MH/RAT/47G06/2009/111,Maharashtra,Ratnagiri,17.575,73.429,Debris,Fall,2009,2009.0,1
MH/RAT/47G06/2016/02,Maharashtra,Ratnagiri,17.576,73.444,Rock,Fall,2014,2014.0,1
MAH/DAP/47G02/2015/29,Maharashtra,Dapoli,17.576,73.186,Earth,Slump,2010,2010.0,1
MAH/GUH/47G02/2015/36,Maharashtra,Guhagar,17.585,73.202,Debris,Slide,2014,2014.0,1
MAH/DAP/47G02/2015/9,Maharashtra,Dapoli,17.588,73.225,Rock,Fall,2014,2014.0,1
MAH/DAP/47G02/2015/13,Maharashtra,Dapoli,17.588,73.175,Rock,Fall,2014,2014.0,1
MH/RAT/47G06/2009/117,Maharashtra,Ratnagiri,17.589,73.409,Debris,Fall,2009,2009.0,1
MAH/DAP/47G02/2015/10,Maharashtra,Dapoli,17.589,73.231,Debris,Slide,2014,2014.0,1
MAH/DAP/47G02/2015/1,Maharashtra,Dapoli,17.59,73.192,Debris,Slide,2015,2015.0,1
MH/RAT/47G06/2009/118,Maharashtra,Ratnagiri,17.59,73.379,Debris,Fall,2009,2009.0,1
MAH/DAP/47G02/2015/16,Maharashtra,Dapoli,17.59,73.172,Earth,Slump,2010,2010.0,1
MAH/DAP/47G02/2015/12,Maharashtra,Dapoli,17.593,73.21,Debris,Slide,2014,2014.0,1
MAH/DAP/47G02/2015/11,Maharashtra,Dapoli,17.595,73.217,Debris,Slide,2014,2014.0,1
MAH/DAP/47G02/2015/8,Maharashtra,Dapoli,17.601,73.228,Rock,Fall,2014,2014.0,1
MH/RAT/47G06/2009/115,Maharashtra,Ratnagiri,17.614,73.286,Debris,Slide,2009,2009.0,1
MH/RAT/47G06/2016/16,Maharashtra,Ratnagiri,17.628,73.256,Rock,Fall,2016,2016.0,1
MAH/DAP/47G02/2015/5,Maharashtra,Dapoli,17.633,73.16,Rock,Fall,2014,2014.0,1
MAH/DAP/47G02/2015/3,Maharashtra,Dapoli,17.644,73.241,Rock,Fall,2014,2014.0,1
MAH/DAP/47G02/2015/6,Maharashtra,Dapoli,17.644,73.167,Rock,Fall,2014,2014.0,1
MAH/DAP/47G02/2015/4,Maharashtra,Dapoli,17.646,73.248,Rock,Fall,2014,2014.0,1
MAH/DAP/47G02/2015/2,Maharashtra,Dapoli,17.65,73.236,Rock,Fall,2014,2014.0,1
MAH/DAP/47G02/2015/7,Maharashtra,Dapoli,17.65,73.174,Rock,Fall,2014,2014.0,1
MAH/DAP/47G02/2015/22,Maharashtra,Dapoli,17.658,73.242,Debris,Fall,2010,2010.0,1
MAH/DAP/47G02/2015/23,Maharashtra,Dapoli,17.658,73.245,Earth,Slump,2010,2010.0,1
MAH/DAP/47G02/2015/15,Maharashtra,Dapoli,17.6593,73.175,Debris,Fall,2010,2010.0,1
MAH/DAP/47G02/2015/24,Maharashtra,Dapoli,17.665,73.247,Debris,Fall,2010,2010.0,1
MAH/DAP/47G02/2015/25,Maharashtra,Dapoli,17.676,73.249,Rock,Fall,2010,2010.0,1
MAH/DAP/47G02/2015/21,Maharashtra,Dapoli,17.691,73.245,Debris,Fall,2010,2010.0,1
MAH/DAP/47G02/2015/17,Maharashtra,Dapoli,17.697,73.139,Earth,Slump,2010,2010.0,1
MH/RAT/47G06/2016/07,Maharashtra,Ratnagiri,17.702,73.407,Rock,Fall,2016,2016.0,1
MAH/DAP/47G02/2015/14,Maharashtra,Dapoli,17.704,73.202,Rock,Fall,2010,2010.0,1
MH/RAT/47G06/2016/14,Maharashtra,Ratnagiri,17.717,73.46,Debris,Slide,2016,2016.0,1
MH/RAT/47G06/2016/17,Maharashtra,Ratnagiri,17.717,73.416,Debris,Slide,2016,2016.0,1
MH/RAT/47G06/2009/105,Maharashtra,Ratnagiri,17.717,73.462,Debris,Slide,2009,2009.0,1
MH/RAT/47G06/2016/08,Maharashtra,Ratnagiri,17.719,73.433,Debris,Slide,2017,2017.0,1
MH/RAT/47G06/2009/106,Maharashtra,Ratnagiri,17.72,73.474,Debris,Slide,2009,2009.0,1
MAH/DAP/47G02/2015/20,Maharashtra,Dapoli,17.738,73.211,Earth,Slump,2010,2010.0,1
MH/RGD/47F08/2012/0001,Maharashtra,Raigarh (Raygad),18.0915,73.36483,Debris,Slide,26 July  2005,2005.0,1
MH/PUN/47F11/2020/89,Maharashtra,Pune,18.34,73.62,Rock,Slide,2019,2019.0,1
MH/PUN/47F11/2020/90,Maharashtra,Pune,18.34,73.62,Rock,Slide,2019,2019.0,1
MH/PUN/47F11/2020/91,Maharashtra,Pune,18.34,73.62,Debris,Slide,2019,2019.0,1
MH/PUN/47F11/2020/92,Maharashtra,Pune,18.34,73.62,Debris,Slide,2019,2019.0,1
MH/PUN/47F11/2020/63,Maharashtra,Pune,18.35,73.57,Rock,Slide,2009,2009.0,1
MH/PUN/47F11/2020/41,Maharashtra,Pune,18.38,73.58,Debris,Slide,2019,2019.0,1
MH/PUN/47F11/2020/44,Maharashtra,Pune,18.38,73.58,Rock,Slide,2019,2019.0,1
MH/PUN/47F11/2020/45,Maharashtra,Pune,18.38,73.57,Rock,Slide,2019,2019.0,1
MH/PUN/47F11/2020/46,Maharashtra,Pune,18.38,73.57,Rock,Slide,2019,2019.0,1
MH/PUN/47F11/2020/47,Maharashtra,Pune,18.38,73.57,Rock,Slide,2019,2019.0,1
MH/PUN/47F11/2020/48,Maharashtra,Pune,18.38,73.57,Rock,Slide,2019,2019.0,1
MH/PUN/47F11/2020/49,Maharashtra,Pune,18.38,73.56,Rock,Slide,2019,2019.0,1
MH/PUN/47F11/2020/50,Maharashtra,Pune,18.38,73.56,Rock,Slide,2019,2019.0,1
MH/PUN/47F11/2020/30,Maharashtra,Pune,18.39,73.63,Rock,Slide,2019,2019.0,1
MH/PUN/47F11/2020/39,Maharashtra,Pune,18.39,73.54,Rock,Slide,2015,2015.0,1
MH/PUN/47F11/2020/42,Maharashtra,Pune,18.39,73.58,Rock,Slide,2019,2019.0,1
MH/PUN/47F11/2020/43,Maharashtra,Pune,18.39,73.58,Rock,Slide,2019,2019.0,1
MH/PUN/47F11/2020/28,Maharashtra,Pune,18.4,73.51,Rock,Slide,2016,2016.0,1
MH/PUN/47F11/2020/40,Maharashtra,Pune,18.4,73.56,Rock,Slide,2009,2009.0,1
MH/PUN/47F11/2020/29,Maharashtra,Pune,18.41,73.51,Rock,Slide,2016,2016.0,1
MH/PUN/47F11/2020/51,Maharashtra,Pune,18.41,73.7,Rock,Slide,2019,2019.0,1
MH/PUN/47F11/2020/52,Maharashtra,Pune,18.41,73.7,Rock,Slide,2019,2019.0,1
MH/PUN/47F11/2020/68,Maharashtra,Pune,18.43,73.72,Rock,Slide,2009,2009.0,1
MH/PUN/47F11/2020/18,Maharashtra,Pune,18.45,73.54,Rock,Slide,2019,2019.0,1
MH/PUN/47F11/2020/6,Maharashtra,Pune,18.49,73.71,Debris,Slide,2019,2019.0,1
MH/PUN/47F06/2020/14,Maharashtra,Pune,18.53,73.38,Rock,Slide,2019,2019.0,1
MH/PUN/47F06/2020/13,Maharashtra,Pune,18.57,73.36,Debris,Flow,2019,2019.0,1
MH/PUN/47F06/2020/12,Maharashtra,Pune,18.58,73.36,Debris,Slide,2019,2019.0,1
MH/PUN/47F10/2020/6,Maharashtra,Pune,18.63,73.56,Rock,Slide,2019,2019.0,1
MH/PUN/47F10/2020/4,Maharashtra,Pune,18.65,73.5,Rock,Slide,2019,2019.0,1
MH/PUN/47F10/2020/19,Maharashtra,Pune,18.65,73.55,Debris,Slide,2019,2019.0,1
MH/PUN/47F06/2020/5,Maharashtra,Pune,18.67,73.45,Debris,Slide,2019,2019.0,1
MH/PUN/47F06/2020/6,Maharashtra,Pune,18.67,73.45,Debris,Slide,2019,2019.0,1
MH/RAI/47F06/2020/1,Maharashtra,Raigad,18.69,73.29,Debris,Slide,2019,2019.0,1
MH/RAI/47F06/2020/2,Maharashtra,Raigad,18.69,73.29,Debris,Slide,2019,2019.0,1
MH/RAI/47F06/2020/3,Maharashtra,Raigad,18.7,73.28,Debris,Fall,2019,2019.0,1
MH/PUN/47F06/2020/8,Maharashtra,Pune,18.72,73.46,Debris,Slide,2019,2019.0,1
MH/PUN/47F06/2020/15,Maharashtra,Raigad,18.75,73.34,Debris,Slide,2019,2019.0,1
MH/PUN/47F05/2020/1,Maharashtra,Pune,18.84,73.41,Debris,Fall,2018,2018.0,1
MH/PUN/47F05/2020/4,Maharashtra,Raigad,18.94,73.31,Rock,Slide,2019,2019.0,1
MH/PUN/47F13/2020/1,Maharashtra,Pune,18.95,73.87,Rock,Fall,2019,2019.0,1
MH/PUN/47F05/2020/7,Maharashtra,Pune,18.95,73.46,Debris,Slide,2019,2019.0,1
MH/PUN/47F05/2020/5,Maharashtra,Raigad,18.97,73.32,Debris,Slide,2017,2017.0,1
MH/PUN/47F05/2020/6,Maharashtra,Raigad,18.97,73.32,Debris,Slide,2015,2015.0,1
MH/RAI/47E08/2020/1,Maharashtra,Raigad,19.0,73.29,Debris,Slide,2018,2018.0,1
MH/RAI/47E08/2020/3,Maharashtra,Raigad,19.0,73.31,Rock,Slide,2019,2019.0,1
MH/RAI/47E08/2020/4,Maharashtra,Raigad,19.0,73.31,Debris,Slide,2019,2019.0,1
MH/RAI/47E08/2020/5,Maharashtra,Raigad,19.01,73.31,Debris,Slide,2018,2018.0,1
MH/PUN/47E16/2020/2,Maharashtra,Pune,19.1,73.82,Debris,Flow,2019,2019.0,1
MH/PUN/47E16/2020/1,Maharashtra,Pune,19.19,73.86,Rock,Fall,2019,2019.0,1
MH/PUN/47F07/2024/01,Maharashtra,Pune,18.45289444,73.49095278,Debris,Ground Crack,"2019 ,2021",2019.0,1
MH/PUN/47F11/2024/04,Maharashtra,Pune,18.40897222,73.52738056,Debris,Slide,25 July 2024,2024.0,1
MH/PUN/47F06/2024-25/01,Maharashtra,Pune,18.596375,73.512975,Rock and debris,Slide,"26 July 2024, 4:00pm",2024.0,1
MH/KOL/47L02/2025/02,Maharashtra,Kolhapur,16.642016,74.003063,Debris,Slide,July 2021,2021.0,1
MH/RAT/47G12/2025/01,Maharashtra,Ratnagiri,17.228779,73.537792,Debris,Slide,16 June 2025 at 07:30 hrs.,2025.0,1
MH/KOL/47L02/2025/01,Maharashtra,Kolhapur,16.634207,74.064669,Rock,Slide,23 July 2023,2023.0,1
5747,Maharashtra,Thane,19.338163,73.785007,Rock,topple,27 July 2025,2025.0,1
5749,Maharashtra,Thane,19.339084,73.784911,Debris,slide,27 July 2025,2025.0,1
5750,Maharashtra,Thane,19.338596,73.78494,Debris,slide,27 July 2025,2025.0,1
7255,Maharashtra,Pune,19.09314,73.79751,Debris,Slide,21 August 2025,2025.0,1
7263,Maharashtra,Pune,19.09576,73.74714,Rock,Slide,20 August 2025,2025.0,1
7283,Maharashtra,Pune,18.26614,73.59632,Debris,Slide,20 August 2025,2025.0,1
7284,Maharashtra,Pune,18.26855,73.59893,Debris,Slide,20 August 2025,2025.0,1
7285,Maharashtra,Pune,18.26927,73.60043,Debris,Slide,20 August 2025,2025.0,1
7286,Maharashtra,Pune,18.26931,73.60056,Debris,Slide,20 August 2025,2025.0,1
7287,Maharashtra,Pune,18.27354,73.602259,Debris,Slide,19 August 2025,2025.0,1
7288,Maharashtra,Pune,18.46299,73.63227,Rock,Slide,21 August 2025,2025.0,1
7289,Maharashtra,Pune,18.40566,73.51608,Debris,Slide,26 July 2025,2025.0,1
7290,Maharashtra,Pune,18.40485,73.51162,Debris,Slide,26 July 2025,2025.0,1
7291,Maharashtra,Pune,18.39178,73.67608,Debris,Slide,25 July 2025,2025.0,1
7292,Maharashtra,Pune,18.38673,73.66317,Debris,Slide,25 July 2025,2025.0,1
7295,Maharashtra,Pune,18.41068,73.50163,Debris,Slide,21 August 2025,2025.0,1
7298,Maharashtra,Pune,18.386385,73.774554,Debris,Slide,2025,2025.0,1
7299,Maharashtra,Pune,18.38016,73.77685,Debris,Slide,27 August 2025,2025.0,1
7300,Maharashtra,Pune,18.3619,73.77245,Rock,Slide,27 August 2025,2025.0,1
7314,Maharashtra,Pune,18.60092,73.41089,Debris,Slide,17 July 2025,2025.0,1
7317,Maharashtra,Pune,18.397109,73.518177,Debris,Flow,"25 July 2024, 2:30am",2024.0,1
7352,Maharashtra,Raigad,17.930656,73.437399,Debris,Slide,2025,2025.0,1
MH/SAT/47G14/2021/25A,Maharashtra,SATARA,17.57191667,73.8954,Debris,Subsidence,"8 August 2019, 23 July 2021",2019.0,1
MH/SAT/47G14/2021/25C,Maharashtra,SATARA,17.57166667,73.89536111,,N.A.,23 July 2021,2021.0,1
MH/SAT/47G09/2021/07,Maharashtra,SATARA,17.99672222,73.71136667,Debris,Flow,22 July 2021 (around 1800hrs),2021.0,1
MH/SAT/47G09/2021-22/26,Maharashtra,SATARA,17.99186111,73.67366667,Debris,Slide,22 July 2021,2021.0,1
MH/SAT/47G13/2021/27,Maharashtra,Satara/Mahabaleshwar,17.87233333,73.77738889,Soil,Subsidence,"2005, 2015, 2019, 22 July",2005.0,1
MH/SAT/47G09/2021/28,Maharashtra,Satara/Mahabaleshwar,17.86266667,73.68802778,Debris,Slide/Flow,"22 July 2021, 5:30-6pm",2021.0,1
MH/SAT/47G09/2021/29A,Maharashtra,Satara/Mahabaleshwar,17.87102778,73.67655556,Debris,Flow,"22 July 2021, 5:30pm",2021.0,1
MH/SAT/47G09/2021/29B,Maharashtra,Satara/Mahabaleshwar,17.87277778,73.67508333,Debris,Flow,"22 July 2021, 5:30pm",2021.0,1
MH/SAT/47G09/2021/29C,Maharashtra,Satara/Mahabaleshwar,17.87341667,73.67469444,Debris,Slide,"22 July 2021, 5:30pm",2021.0,1
MH/SAT/47G09/2021/30,Maharashtra,Satara/Mahabaleshwar,17.88191667,73.67833333,Earth,Slide,"22 July 2021, 5:30-6pm",2021.0,1
MH/SAT/47G09/2021/31A,Maharashtra,Satara/Mahabaleshwar,17.90704167,73.698125,Soil,Slide,"22 July 2021, 4:30-4:45pm",2021.0,1
MH/SAT/47G09/2021/31B,Maharashtra,Satara/Mahabaleshwar,17.90719722,73.69794722,Soil,Slide,"22 July 2021, 4:30-4:45pm",2021.0,1
MH/SAT/47G09/2021/32A,Maharashtra,Satara/Mahabaleshwar,17.87663611,73.71265278,Debris,Slide,"2005, 22 July 2021, 5:20pm",2005.0,1
MH/SAT/47G09/2021/32B,Maharashtra,Satara/Mahabaleshwar,17.87427778,73.71183333,Soil,Subsidence,"22 July 2021, 5:20pm",2021.0,1
MH/SAT/47G09/2021/33A,Maharashtra,Satara/Mahabaleshwar,17.88946111,73.69458333,Debris,Slide,22 July 2021,2021.0,1
MH/SAT/47G09/2021/33B,Maharashtra,Satara/Mahabaleshwar,17.88970556,73.69664722,Debris,Slide,22 July 2021,2021.0,1
MH/SAT/47G09/2021/34,Maharashtra,Satara/Mahabaleshwar,17.92277222,73.615075,Debris,Flow,"22 July 2021, 8:00pm",2021.0,1
MH/SAT/47G09/2021/35A,Maharashtra,Satara/Mahabaleshwar,17.94766667,73.63555556,Soil,Slide,"22 July 2021, 5:30-6pm",2021.0,1
MH/SAT/47G09/2021/35B,Maharashtra,Satara/Mahabaleshwar,17.94171389,73.6378,Debris,Slide,"22 July 2021, 5:30-6pm",2021.0,1
MH/SAT/47G09/2021/36A,Maharashtra,Satara/Mahabaleshwar,17.85856944,73.62836667,Debris,Flow,"22 July 2021, 7:30-8:00pm",2021.0,1
MH/SAT/47G09/2021/36B,Maharashtra,Satara/Mahabaleshwar,17.86132222,73.6273,Debris,Flow,"22 July 2021, 7:30-8:00pm",2021.0,1
MH/SAT/47G09/2021/36C,Maharashtra,Satara/Mahabaleshwar,17.86343889,73.62820278,Debris,Slide,"22 July 2021, 7:30-8:00pm",2021.0,1
MH/SAT/47G09/2021/36D,Maharashtra,Satara/Mahabaleshwar,17.86340833,73.62797778,Debris,Slide,"22 July 2021, 7:30-8:00pm",2021.0,1
MH/SAT/47G09/2021/36E,Maharashtra,Satara/Mahabaleshwar,17.86372778,73.62791389,Debris,Slide,"22 July 2021, 7:30-8:00pm",2021.0,1
MH/SAT/47G09/2021/37,Maharashtra,Satara/Mahabaleshwar,17.86564722,73.69519167,Debris,Slide/Flow,"22 July 2021, 6:30pm",2021.0,1
MH/SAT/47G09/2021/38A,Maharashtra,Satara/Mahabaleshwar,17.88335833,73.69159722,Debris,Slide,"22 July 2021, 6:15-6:30pm",2021.0,1
MH/SAT/47G09/2021/38B,Maharashtra,Satara/Mahabaleshwar,17.88447222,73.69055556,Debris,Slide,"22 July 2021, 6:15-6:30pm",2021.0,1
MH/SAT/47G09/2021/39A,Maharashtra,Satara/Mahabaleshwar,17.87315556,73.69752778,Debris,Slide,"22 July 2021, 6:00pm",2021.0,1
MH/SAT/47G09/2021/39B,Maharashtra,Satara/Mahabaleshwar,17.87226944,73.69768333,Debris,Slide,"22 July 2021, 6:00pm",2021.0,1
MH/SAT/47G09/2021/39C,Maharashtra,Satara/Mahabaleshwar,17.87219167,73.69769722,Debris,Slide,"22 July 2021, 6:00pm",2021.0,1
MH/SAT/47G09/2021/40,Maharashtra,Satara/Mahabaleshwar,17.899,73.68797222,Debris,Slide,23 July 2021,2021.0,1
MH/SAT/47G09/2021-22/41,Maharashtra,Satara/Javli,17.89118611,73.72785,Debris,Slide,"22 July 2021, 5-5:30pm",2021.0,1
MH/SAT/47G09/2021-22/42A,Maharashtra,Satara/Javli,17.90808333,73.72808333,Debris,Slide,22 July 2021,2021.0,1
MH/SAT/47G09/2021-22/42B,Maharashtra,Satara/Javli,17.90333333,73.72786111,Debris,Slide,"22 July 2021, 4 to 5:00pm",2021.0,1
MH/RAI/47G09/2021/03,Maharashtra,Raigad/Poladpur,17.94133333,73.55816667,Debris,Subsidence,22 July 2021,2021.0,1
MH/RA1/47G09/2021/04,Maharashtra,Raigad/Poladpur,17.95016667,73.528,Debris,Slide,21-22 July 2021,2021.0,1
MII/RAI/47F12/2021/07,Maharashtra,Raigad/Poladpur,18.03822222,73.55033333,Soil,Subsidence,1 July 2021,2021.0,1
MH/RAI/47G05/2021/17,Maharashtra,Raigad/Poladpur,17.91005556,73.43744444,Debris,Slide,"2005, 2021",2005.0,1
MH/RAI/47G09/2021/21,Maharashtra,Raigad/Poladpur,17.94422222,73.52241667,Soil,Subsidence,July 2021,2021.0,1
MH/RAT/47G06/2021/55,Maharashtra,Ratnagiri/Dapoli,17.5821,73.341925,Soil,Subsidence,July 2021,2021.0,1
MH/RAT/47G06/2021/56,Maharashtra,Ratnagiri/Dapoli,17.66041389,73.24643889,Soil,Subsidence,July 2021,2021.0,1
MH/PUN/47H10/2021/01,Maharashtra,Ratnagiri,16.69676667,73.57213889,Soil,Subsidence,6 August 2019,2019.0,1
MH/RGD/47F08/2021-22/02,Maharashtra,Raigad/Mahad,18.02322222,73.43333333,Debris,Slide,"22 July 2021, 6.00pm",2021.0,1
MH/Mumbai/47B/13/2022/01,Maharashtra,Mumbai,18.97605556,72.8095,Rock,Slide,"30 June 2022, 22:30 hrs",2022.0,1
MH/RAT/47G10/2021/73,Maharashtra,Ratnagiri/Chiplun,17.58478333,73.68573611,Soil,Subsidence,July 2021,2021.0,1
MH/RAT/47G05/2021/09,Maharashtra,Ratnagiri/Khed,17.84491667,73.41088889,Debris,Slide,July 2021,2021.0,1
MH/RAT/47G10/2021/14,Maharashtra,Ratnagiri/Khed,17.68961111,73.56861111,Debris,Slide,July 2021,2021.0,1
MH/RAT/47GI0/2021/16A,Maharashtra,Ratnagiri/Khed,17.64111111,73.52652778,Debris,Slide,July 2021,2021.0,1
MH/RAT/47GI0/2021/16B,Maharashtra,Ratnagiri/Khed,17.64130833,73.52652778,Debris,Slide,July 2021,2021.0,1
MH/RAT/47G10/2021/22,Maharashtra,Ratnagiri/Khed,17.60086111,73.63894444,Debris,Slide,July 2021,2021.0,1
MH/RAT/47G08/2021/47,Maharashtra,Ratnagiri,17.03744167,73.34485556,Debris,Slide,"2019, July 2021",2019.0,1
MH/RAT/47G12/2021/50,Maharashtra,Ratnagiri,17.01421944,73.51014167,Soil,Subsidence,"2005, July 2021",2005.0,1
MH/RAT/47H05/2021/51,Maharashtra,Ratnagiri,16.89833611,73.32015,Debris,Slide,16 July 2021,2021.0,1
MH/RAT/47H05/2021/53,Maharashtra,Ratnagiri,16.94264444,73.44118611,Soil,Subsidence,"2019, 17 -22 July 2021",2019.0,1
MH/SAT/47G15/2021/06,Maharashtra,Satara/Patan,17.42428889,73.74567778,Debris,Flow,"22 July 2021 , 2330 hrs",2021.0,1
MH/SAT/47G11/2021/13A,Maharashtra,Satara/Patan,17.41294444,73.73285,Debris,Flow,"22 July 2021, 9 pm",2021.0,1
MH/SAT/47G11/2021/13B,Maharashtra,Satara/Patan,17.41591667,73.73747222,,_,"22 July 2021, 9 pm",2021.0,1
MH/SAT/47G16/2021/18A,Maharashtra,Satara/Patan,17.21103611,73.88496944,Debris,Slide,"23 July 2021, 2am",2021.0,1
MH/SAT/47G16/2021/18B,Maharashtra,Satara/Patan,17.21026667,73.88538889,Debris,Slide,"23 July 2021, 2am",2021.0,1
MH/SAT/47G14/2021/20,Maharashtra,Satara/Patan,17.52803611,73.86265556,Debris,Slide,"24 July 2021, 2-2:30am",2021.0,1
MH/SIN/47H10/2021/03,Maharashtra,Sindhudurg/Devgad,16.51114722,73.52661944,Soil,Subsidence,18 July 2021,2021.0,1
MH/SIN/47H16/2021/08,Maharashtra,Sindhudurg/Kudal,16.07805,73.87784167,Debris,Slide,16 June 2021,2021.0,1
MH/SIN/47H16/2021/11A,Maharashtra,Sindhudurg/Sawantwadi,16.04932778,73.97923611,Debris,Flow,"23 July 2021, 3:00 AM.",2021.0,1
MH/SIN/47H16/2021/11B,Maharashtra,Sindhudurg/Sawantwadi,16.04148611,74.97451667,Soil,Subsidence,"23 July 2021, 3:00 AM.",2021.0,1
MH/SIN/47H08/2021/16A,Maharashtra,Sindhudury/Vengurla,16.00278611,73.49911111,Soil,Subsidence,July 2021,2021.0,1
MH/SIN/47H08/2021/16B,Maharashtra,Sindhudury/Vengurla,16.00294444,73.49891667,Debris,Slide,July 2021,2021.0,1
MH/PUN/47E12/2024/01,Maharashtra,Pune,18.70779722,73.48077778,Soil,Subsidence,26 July 2024,2024.0,1
MN/CDL/84I01/2020/12,Manipur,Chandel,23.95,94.07,Rock,Slide,2015,2015.0,1
MN/CDL/84I01/2020/13,Manipur,Chandel,23.95,94.07,Rock,Slide,2015,2015.0,1
MN/CDL/84I01/2020/14,Manipur,Chandel,23.95,94.06,Rock,Slide,2015,2015.0,1
MN/CDL/84I01/2020/15,Manipur,Chandel,23.95,94.06,Rock,Slide,2015,2015.0,1
MN/CDL/84I01/2020/2,Manipur,Chandel,23.96,94.06,Rock,Slide,2015,2015.0,1
MN/CDL/84I01/2020/16,Manipur,Chandel,23.96,94.06,Rock,Slide,2015,2015.0,1
MN/CDL/84E13/2020/7,Manipur,Chandel,23.97,93.95,Rock,Fall,2015,2015.0,1
MN/CDL/84I01/2020/3,Manipur,Chandel,23.97,94.04,Rock,Slide,2015,2015.0,1
MN/CDL/84I01/2020/1,Manipur,Chandel,23.98,94.02,Rock,Slide,2015,2015.0,1
MN/CDL/84I01/2020/5,Manipur,Chandel,23.98,94.03,Rock,Slide,2018,2018.0,1
MN/CDL/84I01/2020/6,Manipur,Chandel,23.98,94.03,Rock,Slide,2018,2018.0,1
MN/CDL/84I01/2020/7,Manipur,Chandel,23.98,94.03,Rock,Slide,2018,2018.0,1
MN/CDL/84I01/2020/8,Manipur,Chandel,23.98,94.03,Rock,Slide,2018,2018.0,1
MN/CDL/84I01/2020/9,Manipur,Chandel,23.98,94.02,Rock,Slide,2015,2015.0,1
MN/CDL/84E13/2020/3,Manipur,Chandel,23.99,93.94,Debris,Slide,2020,2020.0,1
MN/CDL/84E13/2020/4,Manipur,Chandel,23.99,93.94,Rock,Slide,2016,2016.0,1
MN/CDL/84I01/2020/4,Manipur,Chandel,23.99,94.04,Rock,Slide,2018,2018.0,1
MN/CDL/84I01/2020/10,Manipur,Chandel,23.99,94.0,Rock,Slide,2015,2015.0,1
MN/CDL/83H16/2020/12,Manipur,Chandel,24.0,93.97,Rock,Slide,2015,2015.0,1
MN/CDL/84E13/2020/1,Manipur,Chandel,24.0,93.98,Rock,Slide,2015,2015.0,1
MN/CDL/84E13/2020/2,Manipur,Chandel,24.0,93.99,Rock,Slide,2015,2015.0,1
MN/CDL/84E13/2020/5,Manipur,Chandel,24.0,94.0,Rock,Slide,2015,2015.0,1
MN/CDL/84E13/2020/6,Manipur,Chandel,24.0,93.82,Rock,Slide,2017,2017.0,1
MN/CDL/84I01/2020/11,Manipur,Chandel,24.0,94.0,Rock,Slide,2015,2015.0,1
MN/CDL/83H16/2020/3,Manipur,Chandel,24.01,93.96,Rock,Slide,2015,2015.0,1
MN/CDL/83H16/2020/32,Manipur,Chandel,24.01,93.97,Rock,Fall,2015,2015.0,1
MN/CDL/83H16/2020/33,Manipur,Chandel,24.01,93.98,Rock,Slide,2015,2015.0,1
MN/CDL/83H16/2020/34,Manipur,Chandel,24.01,93.99,Rock,Slide,2015,2015.0,1
MN/CDL/83H16/2020/36,Manipur,Chandel,24.01,93.97,Rock,Slide,2015,2015.0,1
MN/CDL/83H16/2020/39,Manipur,Chandel,24.01,93.97,Rock,Slide,2015,2015.0,1
MN/CDL/83H16/2020/37,Manipur,Chandel,24.02,93.97,Rock,Slide,2015,2015.0,1
MN/CDL/83H16/2020/5,Manipur,Chandel,24.03,93.81,Rock,Slide,2018,2018.0,1
MN/CDL/83L04/2020/7,Manipur,Chandel,24.04,94.08,Rock,Slide,2018,2018.0,1
MN/CDL/83L04/2020/4,Manipur,Chandel,24.05,94.07,Rock,Slide,2018,2018.0,1
MN/CDL/83L04/2020/5,Manipur,Chandel,24.05,94.07,Rock,Slide,2015,2015.0,1
MN/CDL/83L04/2020/6,Manipur,Chandel,24.05,94.07,Rock,Slide,2015,2015.0,1
MN/CDL/83L04/2020/8,Manipur,Chandel,24.06,94.05,Rock,Slide,2015,2015.0,1
MN/CDL/83L04/2020/9,Manipur,Chandel,24.06,94.04,Rock,Slide,2015,2015.0,1
MN/CDL/83L04/2020/10,Manipur,Chandel,24.06,94.02,Rock,Slide,2015,2015.0,1
MN/CDL/83L04/2020/11,Manipur,Chandel,24.06,94.03,Rock,Slide,2015,2015.0,1
MN/CDL/83L04/2020/13,Manipur,Chandel,24.07,94.03,Rock,Slide,2018,2018.0,1
MN/CDL/83H16/2020/17,Manipur,Chandel,24.08,93.89,Rock,Slide,2018,2018.0,1
MN/CDL/83L04/2020/14,Manipur,Chandel,24.08,94.03,Rock,Slide,2018,2018.0,1
MN/CDL/83H16/2020/13,Manipur,Chandel,24.09,93.9,Earth,Slide,2018,2018.0,1
MN/CDL/83H16/2020/18,Manipur,Chandel,24.09,93.91,Rock,Slide,2015,2015.0,1
MN/CDL/83L04/2020/15,Manipur,Chandel,24.09,94.02,Rock,Slide,2015,2015.0,1
MN/CDL/83L04/2020/16,Manipur,Chandel,24.09,94.02,Rock,Slide,2015,2015.0,1
MN/CDL/83L04/2020/17,Manipur,Chandel,24.09,94.02,Rock,Slide,2015,2015.0,1
MN/CDL/83L04/2020/18,Manipur,Chandel,24.09,94.02,Rock,Slide,2015,2015.0,1
MN/CDL/83L04/2020/22,Manipur,Chandel,24.09,94.15,Debris,Slide,2015,2015.0,1
MN/CDL/83L04/2020/24,Manipur,Chandel,24.09,94.15,Earth,Slide,2016,2016.0,1
MN/CDL/83L04/2020/36,Manipur,Chandel,24.09,94.03,Rock,Slide,2015,2015.0,1
MN/CDL/83L04/2020/48,Manipur,Chandel,24.09,94.04,Rock,Slide,2015,2015.0,1
MN/CDL/83L04/2020/50,Manipur,Chandel,24.09,94.03,Rock,Slide,2018,2018.0,1
MN/CDL/83L04/2020/57,Manipur,Chandel,24.09,94.04,Rock,Slide,2015,2015.0,1
MN/CDL/83L04/2020/58,Manipur,Chandel,24.09,94.04,Rock,Slide,2015,2015.0,1
MN/CDL/83L04/2020/59,Manipur,Chandel,24.09,94.04,Rock,Slide,2015,2015.0,1
MN/CDL/83L04/2020/66,Manipur,Chandel,24.09,94.02,Rock,Slide,2015,2015.0,1
MN/CDL/83L04/2020/75,Manipur,Chandel,24.09,94.04,Rock,Slide,2015,2015.0,1
MN/CDL/83L04/2020/77,Manipur,Chandel,24.09,94.02,Rock,Slide,2015,2015.0,1
MN/CDL/83L04/2020/83,Manipur,Chandel,24.09,94.03,Rock,Slide,2015,2015.0,1
MN/CDL/83H16/2020/11,Manipur,Chandel,24.1,93.96,Rock,Fall,2015,2015.0,1
MN/CDL/83H16/2020/14,Manipur,Chandel,24.1,93.9,Debris,Flow,2015,2015.0,1
MN/CDL/83H16/2020/22,Manipur,Chandel,24.1,93.95,Rock,Slide,2015,2015.0,1
MN/CDL/83L04/2020/47,Manipur,Chandel,24.1,94.04,Rock,Slide,2015,2015.0,1
MN/CDL/83L04/2020/51,Manipur,Chandel,24.1,94.02,Rock,Slide,2020,2020.0,1
MN/CDL/83L04/2020/52,Manipur,Chandel,24.1,94.03,Rock,Slide,2020,2020.0,1
MN/CDL/83L04/2020/53,Manipur,Chandel,24.1,94.03,Rock,Slide,2015,2015.0,1
MN/CDL/83L04/2020/54,Manipur,Chandel,24.1,94.03,Rock,Slide,2015,2015.0,1
MN/CDL/83L04/2020/55,Manipur,Chandel,24.1,94.03,Rock,Slide,2020,2020.0,1
MN/CDL/83L04/2020/68,Manipur,Chandel,24.1,94.03,Rock,Slide,2020,2020.0,1
MN/CDL/83L04/2020/73,Manipur,Chandel,24.1,94.04,Rock,Slide,2015,2015.0,1
MN/CDL/83L04/2020/74,Manipur,Chandel,24.1,94.07,Rock,Slide,2015,2015.0,1
MN/CDL/83H16/2020/19,Manipur,Chandel,24.11,93.91,Debris,Slide,2015,2015.0,1
MN/CDL/83L04/2020/25,Manipur,Chandel,24.11,94.13,Earth,Slide,2015,2015.0,1
MN/CDL/83L04/2020/65,Manipur,Chandel,24.11,94.02,Rock,Slide,2015,2015.0,1
MN/CDL/83L04/2020/26,Manipur,Chandel,24.12,94.13,Rock,Slide,2015,2015.0,1
MN/CDL/83L04/2020/37,Manipur,Chandel,24.12,94.07,Rock,Slide,2015,2015.0,1
MN/CDL/83L04/2020/46,Manipur,Chandel,24.12,94.05,Rock,Slide,2015,2015.0,1
MN/CDL/83L04/2020/49,Manipur,Chandel,24.12,94.02,Rock,Slide,2020,2020.0,1
MN/CDL/83L04/2020/70,Manipur,Chandel,24.12,94.07,Rock,Slide,2018,2018.0,1
MN/CDL/83L04/2020/71,Manipur,Chandel,24.12,94.07,Rock,Slide,2015,2015.0,1
MN/CDL/83L04/2020/72,Manipur,Chandel,24.12,94.07,Rock,Slide,2015,2015.0,1
MN/CDL/83H16/2020/29,Manipur,Chandel,24.13,93.99,Rock,Slide,2020,2020.0,1
MN/CDL/83H16/2020/30,Manipur,Chandel,24.13,94.0,Rock,Slide,2020,2020.0,1
MN/CDL/83L04/2020/27,Manipur,Chandel,24.13,94.13,Rock,Slide,2015,2015.0,1
MN/CDL/83L04/2020/28,Manipur,Chandel,24.13,94.12,Rock,Slide,2015,2015.0,1
MN/CDL/83L04/2020/29,Manipur,Chandel,24.13,94.12,Earth,Slide,2015,2015.0,1
MN/CDL/83L04/2020/30,Manipur,Chandel,24.13,94.11,Rock,Slide,2015,2015.0,1
MN/CDL/83L04/2020/31,Manipur,Chandel,24.13,94.11,Rock,Slide,2015,2015.0,1
MN/CDL/83L04/2020/38,Manipur,Chandel,24.13,94.07,Rock,Slide,2015,2015.0,1
MN/CDL/83L04/2020/41,Manipur,Chandel,24.13,94.07,Rock,Slide,2015,2015.0,1
MN/CDL/83L04/2020/43,Manipur,Chandel,24.13,94.07,Rock,Slide,2015,2015.0,1
MN/CDL/83L04/2020/44,Manipur,Chandel,24.13,94.06,Rock,Slide,2015,2015.0,1
MN/CDL/83H16/2020/21,Manipur,Chandel,24.14,93.93,Rock,Slide,2015,2015.0,1
MN/CDL/83L04/2020/40,Manipur,Chandel,24.14,94.07,Rock,Slide,2015,2015.0,1
MN/CDL/83L04/2020/64,Manipur,Chandel,24.14,94.01,Rock,Slide,2015,2015.0,1
MN/CDL/83L04/2020/32,Manipur,Chandel,24.15,94.1,Rock,Slide,2015,2015.0,1
MN/CDL/83L04/2020/33,Manipur,Chandel,24.15,94.1,Rock,Slide,2015,2015.0,1
MN/CDL/83L04/2020/35,Manipur,Chandel,24.15,94.1,Rock,Slide,2015,2015.0,1
MN/CDL/83L04/2020/39,Manipur,Chandel,24.15,94.08,Rock,Slide,2015,2015.0,1
MN/CDL/83L04/2020/69,Manipur,Chandel,24.15,94.1,Rock,Slide,2015,2015.0,1
MN/CDL/83L04/2020/84,Manipur,Chandel,24.15,94.1,Rock,Slide,2015,2015.0,1
MN/CDL/83H16/2020/7,Manipur,Chandel,24.16,93.97,Rock,Slide,2015,2015.0,1
MN/CDL/83H16/2020/8,Manipur,Chandel,24.16,93.96,Rock,Slide,2015,2015.0,1
MN/CDL/83H16/2020/24,Manipur,Chandel,24.16,93.95,Rock,Slide,2018,2018.0,1
MN/CDL/83H16/2020/25,Manipur,Chandel,24.16,93.95,Rock,Slide,2018,2018.0,1
MN/CDL/83H16/2020/26,Manipur,Chandel,24.16,93.95,Rock,Slide,2015,2015.0,1
MN/CDL/83H16/2020/31,Manipur,Chandel,24.17,93.93,Rock,Slide,2015,2015.0,1
MN/CDL/83H16/2020/9,Manipur,Chandel,24.18,93.9,Earth,Slide,2015,2015.0,1
MN/CDL/83L04/2020/79,Manipur,Chandel,24.18,94.07,Earth,Slide,2015,2015.0,1
MN/CDL/83H16/2020/6,Manipur,Chandel,24.19,93.97,Rock,Slide,2015,2015.0,1
MN/CDL/83H16/2020/27,Manipur,Chandel,24.19,93.97,Rock,Slide,2015,2015.0,1
MN/CDL/83L04/2020/19,Manipur,Chandel,24.19,94.11,Debris,Slide,2016,2016.0,1
MN/CDL/83L04/2020/23,Manipur,Chandel,24.19,94.02,Rock,Slide,2015,2015.0,1
MN/CDL/83L04/2020/63,Manipur,Chandel,24.19,94.19,Debris,Slide,2018,2018.0,1
MN/CDL/83L04/2020/76,Manipur,Chandel,24.19,94.01,Rock,Slide,2015,2015.0,1
MN/CDL/83L04/2020/20,Manipur,Chandel,24.2,94.1,Debris,Slide,2015,2015.0,1
MN/CDL/83L04/2020/21,Manipur,Chandel,24.2,94.1,Rock,Slide,2015,2015.0,1
MN/CDL/83H16/2020/10,Manipur,Chandel,24.22,93.88,Earth,Slide,2015,2015.0,1
MN/CDL/83L04/2020/2,Manipur,Chandel,24.22,94.09,Rock,Slide,2015,2015.0,1
MN/CDL/83L04/2020/3,Manipur,Chandel,24.22,94.09,Rock,Slide,2015,2015.0,1
MN/CDL/83L04/2020/34,Manipur,Chandel,24.22,94.11,Rock,Slide,2015,2015.0,1
MN/CDL/83L04/2020/45,Manipur,Chandel,24.22,94.07,Debris,Slide,2015,2015.0,1
MN/CDL/83L04/2020/56,Manipur,Chandel,24.22,94.08,Debris,Slide,2015,2015.0,1
MN/CDL/83L04/2020/67,Manipur,Chandel,24.22,94.08,Debris,Slide,2015,2015.0,1
MN/CDL/83L04/2020/78,Manipur,Chandel,24.22,94.08,Rock,Slide,2015,2015.0,1
MN/CDL/83L04/2020/85,Manipur,Chandel,24.22,94.09,Rock,Fall,2015,2015.0,1
MN/CDL/83H16/2020/15,Manipur,Chandel,24.23,93.93,Rock,Slide,2015,2015.0,1
MN/CDL/83H16/2020/16,Manipur,Chandel,24.23,93.94,Rock,Slide,2018,2018.0,1
MN/CCP/83H16/2020/1,Manipur,Churachandpur,24.24,93.85,Rock,Slide,2018,2018.0,1
MN/CDL/83L04/2020/82,Manipur,Chandel,24.24,94.08,Earth,Slide,2015,2015.0,1
MN/CDL/83L04/2020/80,Manipur,Chandel,24.25,94.08,Rock,Slide,2015,2015.0,1
MN/CDL/83L04/2020/81,Manipur,Chandel,24.25,94.07,Rock,Slide,2015,2015.0,1
MAN/CHAN/83L06/2007/C-8,Manipur,Chandel,24.25806,94.28722,Debris,Slide,7.09.2007,2007.0,1
MAN/CHAN/83L03/2007/C-9,Manipur,Chandel,24.3225,94.23361,Debris,Slide,7 Septemebr 2007,2007.0,1
MAN/CHAN/83L03/2007/C-11,Manipur,Chandel,24.34,94.22444,Debris,Slide,7 Septemebr 2007,2007.0,1
MAN/CHAN/83L03/2007/C-10,Manipur,Chandel,24.40639,94.06583,Debris,Slide,7 September 2007,2007.0,1
MN/PZL/83H02/2020/42,Manipur,Pherzawl,24.5,93.12,Debris,Slide,2010,2010.0,1
MN/PZL/83H02/2020/38,Manipur,Pherzawl,24.52,93.11,Debris,Slide,2016,2016.0,1
MN/CHU/83H10/2018/89,Manipur,Churachandpur,24.549944,93.668361,Debris,Slide,2018,2018.0,1
MN/NON/83H09/2018/6,Manipur,Noney,24.791389,93.735417,Debris,Slide,2018,2018.0,1
MN/NON/83H09/2018/3,Manipur,Noney,24.794722,93.655778,Debris,Slide,2018,2018.0,1
MN/TGPL/83L03/2018/009,Manipur,Tengnoupal,24.813306,93.243417,Rock,Slide,2 August 2018,2018.0,1
MAN/TAM/83H09/2007/C-1,Manipur,Tamenglong,24.81722,93.51722,,,16 June 2007,2007.0,1
MAN/TAM/83H09/2007/C-13,Manipur,Tamenglong,24.81778,93.51583,Debris,Slide,10 September 2007,2007.0,1
MN/WEI/83H13/2020/2,Manipur,West Imphal,24.83,93.9,Debris,Slide,2014,2014.0,1
MAN/TAM/83H05/2008/C-19,Manipur,Tamenglong,24.83278,93.46333,Debris,Slide,1 July 2008,2008.0,1
MN/TMLG/83H5/2016/02,Manipur,Tamenglong,24.836194,93.481992,Debris,Slide,2016 July,2016.0,1
MAN/TAM/83H05/2007/C-14,Manipur,Tamenglong,24.84833,93.45917,Rock,Fall,12 September 2007,2007.0,1
MAN/TAM/83H05/2008/C-17,Manipur,Tamenglong,24.84833,93.45917,Debris,Slide,19 June 2008,2008.0,1
MN/NON/83H13/2018/001,Manipur,Noney,24.9252,94.3371,Rock,Slide,06 June 2018,2018.0,1
MN/UKH/83L01/2018/48,Manipur,Ukhrul,24.983528,94.158333,Soil cum debris,Slide,12 June 2018,2018.0,1
MN/TAM/83H05/2018/1,Manipur,Tamenglong,24.983806,93.497528,Debris,Slide,22 June 2018,2018.0,1
MN/TMG/83H09/2018/002,Manipur,Tamenglong,24.98575,93.497389,Soil,Slide,2014,2014.0,1
MAN/TAM/83H09/2007/C-2,Manipur,Tamenglong,24.98611,93.50583,Debris,Slide,24 August 2007,2007.0,1
MAN/TAM/83H09/2007/C-3A,Manipur,Tamenglong,24.98722,93.50361,Debris,Slide,28.08.2007,2007.0,1
MAN/TAM/83H09/2007/C-3B,Manipur,Tamenglong,24.98722,93.50361,Debris,Slide,28.08.2007,2007.0,1
MAN/TAM/83H09/2007/C-7A,Manipur,Tamenglong,24.99083,93.50583,Debris,Slide,28 August 2007,2007.0,1
MAN/TAM/83H09/2007/C-7B,Manipur,Tamenglong,24.99083,93.50583,Debris,Slide,28 August 2007,2007.0,1
MN/UKL/83L01/2018/008,Manipur,Ukhrul,24.992889,94.230583,Rock,Slide,"first week of July, 2018",2018.0,1
MAN/TAM/83H05/2007/C-5,Manipur,Tamenglong,24.99306,93.4975,Debris,Slide,28 August 2007,2007.0,1
MN/UKH/83L01/2018/14,Manipur,Ukhrul,24.994278,94.205917,Rock cum debris,Slide,28 August 2007,2007.0,1
MAN/TAM/83H09/2007/C-6,Manipur,Tamenglong,24.99694,93.50222,,,28 August 2007,2007.0,1
MN/KAN/83L01/2018/47,Manipur,Kangpokpi,24.997972,94.020444,Rock cum debris,Slide,28 August 2007,2007.0,1
MAN/SEN/83K04/2015/99,Manipur,Senapati,25.016375,94.021711,Debris,Slide,2015,2015.0,1
MAN/SEN/83K04/2015/98,Manipur,Senapati,25.028456,94.015522,Debris,Slide,2014,2014.0,1
MAN/SEN/83K04/2015/100,Manipur,Senapati,25.038753,94.152236,Debris,Slide,2015,2015.0,1
MAN/SEN/83K04/2015/102,Manipur,Senapati,25.042333,94.241111,Debris,Slide,2015,2015.0,1
MAN/SEN/83K04/2015/101,Manipur,Senapati,25.044111,94.233778,Debris,Slide,2015,2015.0,1
MAN/SEN/83K04/2015/97,Manipur,Senapati,25.080161,94.114939,Debris,Slide,2014,2014.0,1
MAN/SEN/83K04/2015/96,Manipur,Senapati,25.085833,94.107222,Rock,Fall,2015,2015.0,1
MAN/SEN/83K04/2015/95,Manipur,Senapati,25.086525,94.078197,Debris,Slide,2015,2015.0,1
MN/TMG/83H05/2018/003,Manipur,Tamenglong,25.091778,92.354694,Soil,Slide,"2017, 11 July 2018",2017.0,1
MN/KAN/83G16/2018/007,Manipur,Kangpokpi,25.146528,93.941722,Debris,Slide,"4 June 2017, July 2018",2017.0,1
MAN/SEN/83K04/2015/93,Manipur,Senapati,25.173056,94.136261,Debris,Slide,2015,2015.0,1
MAN/SEN/83K04/2015/92,Manipur,Senapati,25.188578,94.139278,Debris,Slide,2015,2015.0,1
MAN/SEN/83K04/2015/90,Manipur,Senapati,25.200853,94.134506,Debris,Slide,2015,2015.0,1
MAN/SEN/83K04/2015/89,Manipur,Senapati,25.218022,94.107603,Debris,Slide,2015,2015.0,1
MAN/SEN/83K04/2015/88,Manipur,Senapati,25.2375,94.113889,Rock cum Debris,Slide,2015,2015.0,1
MAN/SEN/83K03/2015/1,Manipur,Senapati,25.238611,94.009189,Debris,Slide,2015,2015.0,1
MAN/SEN/83K04/2015/87,Manipur,Senapati,25.240539,94.114492,Debris,Slide,2015,2015.0,1
MAN/SEN/83K03/2015/2,Manipur,Senapati,25.245869,94.014442,Debris,Slide,2015,2015.0,1
MAN/SEN/83K03/2015/85,Manipur,Senapati,25.257919,94.091564,Debris,Slide,2015,2015.0,1
MAN/SEN/83K03/2015/84,Manipur,Senapati,25.261617,94.079422,Debris,Slide,2015,2015.0,1
MAN/SEN/83K03/2015/83,Manipur,Senapati,25.262947,94.079353,Debris,Slide,2015,2015.0,1
MAN/SEN/83K03/2015/82,Manipur,Senapati,25.265492,94.098872,Debris,Slide,2015,2015.0,1
MAN/SEN/83K03/2015/81,Manipur,Senapati,25.265578,94.064836,Debris,Slide,2015,2015.0,1
MAN/SEN/83K03/2015/74,Manipur,Senapati,25.268942,94.044694,Debris,Slide,2015,2015.0,1
MAN/SEN/83K03/2015/4,Manipur,Senapati,25.279389,94.032194,Debris,Slide,2015,2015.0,1
MAN/SEN/83K03/2015/5,Manipur,Senapati,25.286369,94.036492,Debris,Slide,2015,2015.0,1
MAN/SEN/83K03/2015/6,Manipur,Senapati,25.289833,94.036647,Debris,Slide,2015,2015.0,1
MAN/SEN/83K03/2015/7,Manipur,Senapati,25.297797,94.044722,Debris,Slide,2015,2015.0,1
MAN/SEN/83K03/2015/14,Manipur,Senapati,25.304917,94.011444,Rock,Slide,2015,2015.0,1
MAN/SEN/83K03/2015/55,Manipur,Senapati,25.318206,94.091428,Debris,Slide,2015,2015.0,1
MAN/SEN/83K03/2015/56,Manipur,Senapati,25.318628,94.092053,Debris,Slide,2015,2015.0,1
MAN/SEN/83K03/2015/51,Manipur,Senapati,25.332489,94.080258,Debris,Slide,2014,2014.0,1
MAN/SEN/83K03/2015/8,Manipur,Senapati,25.337239,94.039708,Debris,Fall,2015,2015.0,1
MAN/SEN/83K03/2015/19,Manipur,Senapati,25.417778,94.077222,Debris,Slide,2015,2015.0,1
MAN/SEN/83K03/2015/22,Manipur,Senapati,25.421028,94.070472,Debris,Slide,2014,2014.0,1
MAN/SEN/83K03/2015/20,Manipur,Senapati,25.421111,94.077,Debris,Slide,2015,2015.0,1
MAN/SEN/83K03/2015/21,Manipur,Senapati,25.421656,94.071,Debris,Slide,2015,2015.0,1
MAN/SEN/83K03/2015/27,Manipur,Senapati,25.427231,94.048914,Debris,Slide,2015,2015.0,1
MAN/SEN/83K03/2015/28,Manipur,Senapati,25.428889,94.043861,Debris,Slide,2014,2014.0,1
MAN/SEN/83K03/2015/26,Manipur,Senapati,25.42955,94.053333,Debris,Slide,2014,2014.0,1
MAN/SEN/83K03/2015/23,Manipur,Senapati,25.433231,94.070986,Debris,Slide,2014,2014.0,1
MAN/SEN/83K03/2015/24,Manipur,Senapati,25.4351,94.071111,Debris,Slide,2014,2014.0,1
MAN/SEN/83K03/2015/25,Manipur,Senapati,25.435444,94.061928,Debris,Slide,2014,2014.0,1
MAN/SEN/83K03/2015/42,Manipur,Senapati,25.439367,94.025864,Debris,Slide,2015,2015.0,1
MAN/SEN/83K03/2015/30,Manipur,Senapati,25.440961,94.046264,Debris,Slide,2011,2011.0,1
MAN/SEN/83K03/2015/31,Manipur,Senapati,25.444322,94.046858,Debris,Slide,2015,2015.0,1
MAN/SEN/83K03/2015/44,Manipur,Senapati,25.444333,94.006631,Debris,Slide,2015,2015.0,1
MAN/SEN/83K03/2015/32,Manipur,Senapati,25.446611,94.049511,Debris,Slide,2012,2012.0,1
MAN/SEN/83K03/2015/34,Manipur,Senapati,25.447378,94.049444,Debris,Slide,2015,2015.0,1
MAN/SEN/83K03/2015/45,Manipur,Senapati,25.448389,94.003139,Debris,Slide,2011,2011.0,1
MAN/SEN/83K03/2015/33,Manipur,Senapati,25.451814,94.049944,Debris,Slide,2011,2011.0,1
MAN/SEN/83K03/2015/43,Manipur,Senapati,25.452417,94.018919,Debris,Slide,2015,2015.0,1
MAN/SEN/83K03/2007/C-12,Manipur,Senapati,25.47217,94.15433,Debris,Slide,09 September 2007,2007.0,1
MAN/SEN/83K6/2015/322,Manipur,Senapati,25.5,94.389,Debris,Slide,2012,2012.0,1
MN/SEN/83K02/2014/02,Manipur,Senapati,25.51378,94.14089,Debris,Slide,"2002, Reactivated in 2014",2002.0,1
MAN/SEN/83K2/2015/205,Manipur,Senapati,25.514,94.137,Debris,Slide,2002,2002.0,1
MAN/SEN/83G14/2015/6,Manipur,Senapati,25.517,93.957,Debris,Slide,2010,2010.0,1
MAN/SEN/83G14/2015/18,Manipur,Senapati,25.521,93.964,Rock,Slide,2015,2015.0,1
MN/SEN/83K02/2014/01,Manipur,Senapati,25.52103,94.13783,Debris,Slide,2014,2014.0,1
MAN/SEN/83G14/2015/29,Manipur,Senapati,25.523,93.873,Rock,Slide,2015,2015.0,1
MAN/SEN/83G14/2015/31,Manipur,Senapati,25.523,93.898,Rock,Fall,2015,2015.0,1
MAN/SEN/83G14/2015/32,Manipur,Senapati,25.523,93.899,Rock,Fall,2015,2015.0,1
MAN/SEN/83G14/2015/35,Manipur,Senapati,25.523,93.955,Debris,Slide,2010,2010.0,1
MAN/SEN/83G14/2015/30,Manipur,Senapati,25.527,93.953,Debris,Slide,2010,2010.0,1
MAN/SEN/83G14/2015/16,Manipur,Senapati,25.528,93.871,Rock,Slide,2010,2010.0,1
MAN/SEN/83G14/2015/17,Manipur,Senapati,25.528,93.872,Debris,Slide,2013,2013.0,1
MAN/SEN/83G14/2015/22,Manipur,Senapati,25.529,93.952,Debris,Slide,2015,2015.0,1
MAN/SEN/83G14/2015/5,Manipur,Senapati,25.529,93.87,Rock,Slide,2010,2010.0,1
MN/SEN/83K02/2014/04,Manipur,Senapati,25.53128,94.16536,Debris,Slide,2014,2014.0,1
MN/SEN/83K02/2014/03,Manipur,Senapati,25.54039,94.16989,Rock,Slide,2014,2014.0,1
MA/SEN/83K03/2024/01,Manipur,Senapati,25.471526,94.151784,Debris,Slide,"September 2007, May 2023, June 2024",2007.0,1
MA/TAM/83H05/2024/01,Manipur,Tamenglong,24.979,93.496,Earth,Slide,29 July 2024,2024.0,1
MN/BIS/83H14/2024/01,Manipur,Bishnupur,24.524125,93.816333,Debris,Slide,"2017, 2018, 2021, 1 August 2024 at",2017.0,1
MN/BIS/83H14/2024/02,Manipur,Bishnupur,24.517056,93.817056,Debris,Slide,2 August 2024.,2024.0,1
MAN/SNP/83K02/2023/16,Manipur,Senapati,25.6495419,94.1068683,Debris,Slide,Sep 2023,2023.0,1
MN/NON/83H09/2022/01,Manipur,Noney,24.80664722,93.66738056,"Rock, detrital",Slide,"30 June 2022 at  00:30 hrs,  30 June",2022.0,1
MEG/WJH/83C4/2016/51,Meghalaya,East Jaintia Hills,25.033514,92.435539,Rock,Slide,2016,2016.0,1
MEG/WJH/83C4/2016/50,Meghalaya,East Jaintia Hills,25.033628,92.439331,Debris,Slide,2016,2016.0,1
MEG/WJH/83C4/2016/52,Meghalaya,East Jaintia Hills,25.034289,92.435222,Debris,Slide,2015,2015.0,1
MEG/WJH/83C4/2016/49,Meghalaya,East Jaintia Hills,25.037722,92.439556,Debris,Slide,2016,2016.0,1
MEG/WJH/83C4/2016/48,Meghalaya,East Jaintia Hills,25.037833,92.440417,Debris,Slide,2014,2014.0,1
MEG/WJH/83C4/2016/47,Meghalaya,East Jaintia Hills,25.038186,92.440725,Debris,Slide,2014,2014.0,1
MEG/WJH/83C4/2016/53,Meghalaya,East Jaintia Hills,25.038361,92.43675,Debris,Slide,2016,2016.0,1
MEG/WJH/83C4/2016/46,Meghalaya,East Jaintia Hills,25.040511,92.446119,Debris,Slide,2015,2015.0,1
MEG/WJH/83C4/2016/77,Meghalaya,East Jaintia Hills,25.042189,92.441964,Debris,Slide,2015,2015.0,1
MEG/WJH/83C4/2016/79,Meghalaya,East Jaintia Hills,25.042408,92.434525,Rock,Slide,2015,2015.0,1
MEG/WJH/83C4/2016/55,Meghalaya,East Jaintia Hills,25.042556,92.435028,Rock,Slide,2016,2016.0,1
MEG/WJH/83C4/2016/54,Meghalaya,East Jaintia Hills,25.042778,92.432472,Rock,Slide,2015,2015.0,1
MEG/WJH/83C4/2016/60,Meghalaya,East Jaintia Hills,25.043667,92.425444,Rock,Slide,2016,2016.0,1
MEG/WJH/83C4/2016/62,Meghalaya,East Jaintia Hills,25.043914,92.423556,Rock,Slide,2015,2015.0,1
MEG/WJH/83C4/2016/83,Meghalaya,East Jaintia Hills,25.044056,92.418778,Debris,Slide,2015,2015.0,1
MEG/WJH/83C4/2016/56,Meghalaya,East Jaintia Hills,25.044136,92.430244,Rock,Slide,2016,2016.0,1
MEG/WJH/83C4/2016/61,Meghalaya,East Jaintia Hills,25.044417,92.423908,Debris,Slide,2016,2016.0,1
MEG/WJH/83C4/2016/59,Meghalaya,East Jaintia Hills,25.044442,92.427761,Debris,Slide,2016,2016.0,1
MEG/WJH/83C4/2016/63,Meghalaya,East Jaintia Hills,25.044733,92.423675,Rock,Slide,2015,2015.0,1
MEG/WJH/83C4/2016/57,Meghalaya,East Jaintia Hills,25.044778,92.430333,Debris,Slide,2015,2015.0,1
MEG/WJH/83C4/2016/58,Meghalaya,East Jaintia Hills,25.044833,92.429333,Debris,Slide,2015,2015.0,1
MEG/WJH/83C4/2016/82,Meghalaya,East Jaintia Hills,25.045111,92.4215,Debris,Slide,2016,2016.0,1
MEG/WJH/83C4/2016/81,Meghalaya,East Jaintia Hills,25.045386,92.420764,Debris,Slide,2016,2016.0,1
MEG/WJH/83C4/2016/69,Meghalaya,East Jaintia Hills,25.045389,92.410444,Debris,Slide,2014,2014.0,1
MEG/WJH/83C4/2016/84,Meghalaya,East Jaintia Hills,25.046181,92.408878,Debris,Slide,2016,2016.0,1
MEG/WJH/83C4/2016/88,Meghalaya,East Jaintia Hills,25.047194,92.404806,Debris,Slide,2016,2016.0,1
MEG/WJH/83C4/2016/87,Meghalaya,East Jaintia Hills,25.047556,92.405806,Debris,Slide,2015,2015.0,1
MEG/WJH/83C4/2016/89,Meghalaya,East Jaintia Hills,25.049744,92.400678,Debris,Slide,2016,2016.0,1
MEG/WJH/83C4/2016/90,Meghalaya,East Jaintia Hills,25.052236,92.399047,Debris,Slide,2016,2016.0,1
MEG/WJH/83C4/2016/91,Meghalaya,East Jaintia Hills,25.056022,92.394119,Debris,Slide,2016,2016.0,1
MEG/WJH/83C4/2016/92,Meghalaya,East Jaintia Hills,25.062025,92.386975,Debris,Slide,2013,2013.0,1
MEG/WJH/83C4/2016/93,Meghalaya,East Jaintia Hills,25.068158,92.380058,Debris,Slide,2016,2016.0,1
MEG/WJH/83C4/2016/96,Meghalaya,East Jaintia Hills,25.073,92.368778,Debris,Slide,2015,2015.0,1
MEG/WJH/83C4/2016/94,Meghalaya,East Jaintia Hills,25.073217,92.372161,Debris,Slide,2014,2014.0,1
MEG/WJH/83C4/2016/95,Meghalaya,East Jaintia Hills,25.073731,92.370786,Rock,Slide,2015,2015.0,1
MEG/WJH/83C4/2016/70,Meghalaya,East Jaintia Hills,25.075167,92.370953,Debris,Slide,2014,2014.0,1
MEG/WJH/83C4/2016/97,Meghalaya,East Jaintia Hills,25.075567,92.363317,Debris,Slide,2014,2014.0,1
MEG/WJH/83C4/2016/98,Meghalaya,East Jaintia Hills,25.079,92.361667,Rock,Slide,2015,2015.0,1
MEG/WJH/83C4/2016/102,Meghalaya,East Jaintia Hills,25.079028,92.359111,Rock,Slide,2014,2014.0,1
MEG/WJH/83C4/2016/101,Meghalaya,East Jaintia Hills,25.079722,92.359361,Debris,Slide,2013,2013.0,1
MEG/WJH/83C4/2016/100,Meghalaya,East Jaintia Hills,25.081381,92.359972,Debris,Slide,2014,2014.0,1
MEG/WJH/83C4/2016/72,Meghalaya,East Jaintia Hills,25.083061,92.360322,Debris,Slide,2015,2015.0,1
MEG/WJH/83C4/2016/99,Meghalaya,East Jaintia Hills,25.083361,92.361083,Debris,Slide,2016,2016.0,1
MEGH/JH/83C08/2007/D-16,Meghalaya,Jaintia Hills,25.08586,92.35869,Rock,Slide,27August 2007,2007.0,1
MEG/WJH/83C4/2016/103,Meghalaya,East Jaintia Hills,25.087917,92.357906,Rock,Slide,2014,2014.0,1
MEG/WJH/83C4/2016/65,Meghalaya,East Jaintia Hills,25.091361,92.356889,Rock,Slide,2016,2016.0,1
MEG/EJH/83CO8/2018/01,Meghalaya,East Jaintia Hills,25.09178,92.35469,Rock,Slide,07 May 2018,2018.0,1
MEG/WJH/83C4/2016/64,Meghalaya,East Jaintia Hills,25.092083,92.35925,Rock,Composite,2016,2016.0,1
MEG/WJH/83C4/2016/66,Meghalaya,East Jaintia Hills,25.092178,92.353564,Rock cum Debris,Slide,2014,2014.0,1
MEG/WJH/83C4/2016/67,Meghalaya,East Jaintia Hills,25.092981,92.353708,Debris,Slide,2015,2015.0,1
MEG/WJH/83C4/2016/104,Meghalaya,East Jaintia Hills,25.097997,92.355972,Debris,Slide,2015,2015.0,1
MEG/WJH/83C4/2016/105,Meghalaya,East Jaintia Hills,25.113586,92.370594,Debris,Slide,2014,2014.0,1
MEGH/JH/83C08/2007/D-23,Meghalaya,Jaintia Hills,25.12186,92.388583,,Flow,31 July 2007,2007.0,1
MEG/WJH/83C4/2016/137,Meghalaya,East Jaintia Hills,25.122381,92.243069,Debris,Slide,2016,2016.0,1
MEG/WJH/83C4/2016/115,Meghalaya,East Jaintia Hills,25.126972,92.388083,Debris,Slide,2016,2016.0,1
MEG/WJH/83C4/2016/116,Meghalaya,East Jaintia Hills,25.129169,92.388306,Rock,Slide,2016,2016.0,1
MEG/WJH/83C4/2016/136,Meghalaya,East Jaintia Hills,25.133289,92.225272,Debris,Slide,2015,2015.0,1
MEG/WJH/83C4/2016/135,Meghalaya,East Jaintia Hills,25.133911,92.222392,Debris,Slide,2015,2015.0,1
MEGH/JH/83C08/2007/D-22,Meghalaya,Jaintia Hills,25.134194,92.383528,Rock cum Debris,Slide,31 July 2007,2007.0,1
MEG/WJH/83C4/2016/141,Meghalaya,East Jaintia Hills,25.134293,92.38155,Debris,Slide,2010,2010.0,1
MEG/WJH/83C4/2016/68,Meghalaya,East Jaintia Hills,25.134972,92.380278,Rock,Slide,2014,2014.0,1
MEG/WJH/83C4/2016/134,Meghalaya,East Jaintia Hills,25.136047,92.222064,Debris,Slide,2016,2016.0,1
MEG/WJH/83C4/2016/44,Meghalaya,West Jaintia Hills,25.143375,92.141861,Debris,Slide,2010,2010.0,1
MEG/WJH/83C4/2016/133,Meghalaya,East Jaintia Hills,25.143969,92.217497,Debris,Slide,2016,2016.0,1
MEG/WJH/83C4/2016/117,Meghalaya,East Jaintia Hills,25.14775,92.375528,Debris,Slide,2016,2016.0,1
MEG/WJH/83C4/2016/132,Meghalaya,East Jaintia Hills,25.14965,92.214519,Debris,Slide,2016,2016.0,1
MEG/WJH/83C4/2016/131,Meghalaya,West Jaintia Hills,25.150286,92.213508,Debris,Slide,2016,2016.0,1
MEG/WJH/83C4/2016/41,Meghalaya,West Jaintia Hills,25.156419,92.141353,Debris,Slide,2016,2016.0,1
MEG/WJH/83C4/2016/130,Meghalaya,East Jaintia Hills,25.157592,92.239928,Debris,Slide,2016,2016.0,1
MEG/EJH/83C08/2022/01,Meghalaya,East Jaintia Hills,25.16400556,92.38702778,Debris,Slide,2022,2022.0,1
MEG/WJH/83C4/2016/119,Meghalaya,East Jaintia Hills,25.164133,92.417747,Debris,Slide,2016,2016.0,1
MEG/WJH/83C4/2016/120,Meghalaya,East Jaintia Hills,25.165028,92.388056,Rock,Slide,2016,2016.0,1
MEG/WJH/83C4/2016/121,Meghalaya,East Jaintia Hills,25.165222,92.388389,Debris,Slide,2016,2016.0,1
MEG/WJH/83C4/2016/30,Meghalaya,West Jaintia Hills,25.189106,92.079564,Debris,Slide,2010,2010.0,1
MEG/WJH/83C4/2016/24,Meghalaya,East Khasi Hills,25.191111,92.003389,Debris,Slide,2016,2016.0,1
MEG/WJH/83C4/2016/28,Meghalaya,West Jaintia Hills,25.191611,92.155361,Debris,Slide,2016,2016.0,1
MEG/WJH/83C4/2016/122,Meghalaya,East Jaintia Hills,25.192422,92.37705,Debris,Slide,2016,2016.0,1
MEG/WJH/83C4/2016/17,Meghalaya,West Jaintia Hills,25.197283,92.1991,Debris,Slide,2016,2016.0,1
MEG/WJH/83C4/2016/16,Meghalaya,West Jaintia Hills,25.200333,92.200472,Debris,Slide,2016,2016.0,1
MEG/WJH/83C4/2016/15,Meghalaya,West Jaintia Hills,25.202886,92.201147,Debris,Slide,2016,2016.0,1
MEG/WJH/83C4/2016/14,Meghalaya,West Jaintia Hills,25.206972,92.208028,Debris,Slide,2016,2016.0,1
MG/EKH/78O12/2017/66,Meghalaya,East Khasi Hills,25.208593,91.742294,Debris,Slide,2017,2017.0,1
MEG/WJH/83C4/2016/10,Meghalaya,West Jaintia Hills,25.211722,92.065389,Debris,Slide,2016,2016.0,1
MEG/WJH/83C4/2016/27,Meghalaya,West Jaintia Hills,25.21225,92.047306,Debris,Slide,2016,2016.0,1
MEG/WJH/83C4/2016/29,Meghalaya,West Jaintia Hills,25.214153,92.045428,Debris,Slide,2016,2016.0,1
MG/EKH/78O08/2017/2,Meghalaya,East Khasi Hills,25.216169,91.389142,Rock,Slide,2009,2009.0,1
MG/EKH/78O12/2017/18,Meghalaya,East Khasi Hills,25.218732,91.740262,Debris,Slide,2017,2017.0,1
MG/EKH/78O12/2017/45,Meghalaya,East Khasi Hills,25.222221,91.742134,Debris,Slide,2017,2017.0,1
MG/EKH/78O12/2017/2,Meghalaya,East Khasi Hills,25.223769,91.740164,Debris,Slide,2017,2017.0,1
MEG/WJH/83C4/2016/13,Meghalaya,West Jaintia Hills,25.228472,92.187806,Debris,Slide,2016,2016.0,1
MEG/WJH/83C4/2016/12,Meghalaya,West Jaintia Hills,25.232417,92.178881,Debris,Slide,2016,2016.0,1
MEGH/SGH/78K12/2007/D-21,Meghalaya,South Garo hills,25.23908,90.63944,Debris,Slide,2nd week of August 2007,2007.0,1
MG/EKH/78O12/2017/1,Meghalaya,East Khasi Hills,25.243358,91.747094,Rock,Slide,2017,2017.0,1
MEG/WJH/83C4/2016/123,Meghalaya,East Jaintia Hills,25.258603,92.38555,Debris,Slide,2016,2016.0,1
MEG/WJH/83C4/2016/124,Meghalaya,East Jaintia Hills,25.261117,92.385231,Debris,Slide,2016,2016.0,1
MEG/WJH/83C4/2016/125,Meghalaya,East Jaintia Hills,25.2625,92.384639,Debris,Slide,2016,2016.0,1
MEG/WJH/83C4/2016/126,Meghalaya,East Jaintia Hills,25.264575,92.381497,Debris,Slide,2016,2016.0,1
MEG/WJH/83C4/2016/127,Meghalaya,East Jaintia Hills,25.274,92.373944,Debris,Slide,2016,2016.0,1
MEG/WJH/83C4/2016/128,Meghalaya,East Jaintia Hills,25.280528,92.380042,Debris,Slide,2014,2014.0,1
MEG/WJH/83C4/2016/139,Meghalaya,East Jaintia Hills,25.281122,92.345397,Debris,Slide,2016,2016.0,1
MEG/WJH/83C4/2016/138,Meghalaya,East Jaintia Hills,25.282267,92.341433,Debris,Slide,2016,2016.0,1
MEG/EKH/78O11/2024/03,Meghalaya,East Khasi Hills,25.28236861,91.73874417,Debris,Slide and flow,30 May 2024 at 02:00 AM.,2024.0,1
MEG/EKH/78O15/2022/01,Meghalaya,East Khasi Hills,25.296,91.932,Rock,Slide,04 April 2022,2022.0,1
MEG/WJH/83C4/2016/129,Meghalaya,East Jaintia Hills,25.297628,92.387525,Debris,Slide,2016,2016.0,1
MEGH/EKH/78O11/2009/D-37,Meghalaya,East Khasi Hills,25.300389,91.726722,Debris,Slide,29 June 2009,2009.0,1
ML/SWKH/78O07/2014/01,Meghalaya,South West Khasi  Hills,25.31458,91.45242,Rock,Creep,6 August 2013,2013.0,1
ME/EKJ/78O15/2015/140,Meghalaya,East Khasi Hills,25.315176,91.923021,Rock,Slide,19 July 2007,2007.0,1
ME/EKJ/78O15/2015/134,Meghalaya,East Khasi Hills,25.320833,91.9275,Rock,Slide,19 July 2007,2007.0,1
MEG/EKH/78O15/2021/02,Meghalaya,East Khasi Hills,25.345,91.891,Rock,Slide,March-April 2022,2022.0,1
MG/WKH/78O03/2017/7,Meghalaya,West Khasi Hills,25.359281,91.035939,Debris,Slide,2017,2017.0,1
MG/WKH/78O03/2017/6,Meghalaya,West Khasi Hills,25.361056,91.034889,Debris,Slide,2017,2017.0,1
MEG/EJH/83C07/2024/02,Meghalaya,East Jaintia Hills,25.37539167,92.431275,Debris,Slide,28 May 2024 at 4:30 AM,2024.0,1
ME/EKJ/78O15/2015/62,Meghalaya,East Khasi Hills,25.382563,91.757675,Debris,Slide,2015,2015.0,1
MEGH/WKH/78O07/2007/D-4,Meghalaya,West Khasi Hills,25.4013,91.45855,Debris,Slide,18 August 2007,2007.0,1
MG/SGH/78K11/2018/7,Meghalaya,South Garo hills,25.403061,90.724166,Debris,Slide,18 August 2007,2007.0,1
MEGH/WKH/78O07/2007/D-5,Meghalaya,West Khasi Hills,25.40547,91.53712,Rock cum Debris,Slide,18 August 2007,2007.0,1
ME/EKJ/78O15/2015/87,Meghalaya,East Khasi Hills,25.407917,91.998889,Rock,Fall,18 August 2007,2007.0,1
MEGH/WKH/78O07/2007/D-3,Meghalaya,West Khasi Hills,25.425,91.405,Debris,Slide,18 August 2007,2007.0,1
MEGH/JH/78O15/2009/D-36,Meghalaya,Jaintia Hills,25.43561,91.862056,Debris,Slide,17 July 2009,2009.0,1
MEGH/JH/83C03/2009/D-29,Meghalaya,Jaintia Hills,25.44889,92.19417,Rock cum Debris,Slide,March 2009,2009.0,1
ME/EKJ/78O15/2015/69,Meghalaya,East Khasi Hills,25.450628,91.817767,Debris,Slide,2015,2015.0,1
MEG/EKH/78O15/2021/01,Meghalaya,East Khasi Hills,25.49736111,91.77902778,Debris,Slide,2021,2021.0,1
MEG/ EKH/ 78011/2021/03,Meghalaya,East Khasi Hills,25.49833333,91.73361111,Debris,Slide,2021,2021.0,1
MG/WGH/78K03/2020/2,Meghalaya,West Garo Hills,25.5,90.22,Debris,Slide,2019,2019.0,1
MG/WGH/78K03/2020/3,Meghalaya,West Garo Hills,25.5,90.22,Debris,Slide,2019,2019.0,1
MEGH/WKH/78O06/2007/D-8,Meghalaya,West Khasi Hills,25.50335,91.28335,Rock,Slide,25 July 2007,2007.0,1
MEG/EKH/78O10/2021/04,Meghalaya,East Khasi Hills,25.50368056,91.72342222,Rock,Slide,19 July 2007,2007.0,1
MEGH/WKH/78O06/2007/D-9,Meghalaya,West Khasi Hills,25.50667,91.28318,Debris,Slide,19 July 2007,2007.0,1
MEGH/WKH/78O06/2007/D-7,Meghalaya,West Khasi Hills,25.51973,91.28443,Debris,Fall,25 July 2007,2007.0,1
MEGH/WKH/78O06/2007/D-6,Meghalaya,West Khasi Hills,25.5208,91.25985,Rock cum Debris,Slide,25 July 2007,2007.0,1
MEG/WKH/78O10/2016/02,Meghalaya,West Khasi Hills,25.523,91.521389,Debris,Slide,2016,2016.0,1
MEG/WKH/78O10/2016/01,Meghalaya,West Khasi Hills,25.524931,91.514383,Debris,Slide,2016,2016.0,1
MEGH/EKH/83C02/2009/D-34,Meghalaya,East Khasi Hills,25.54231,92.1,Rock cum Debris,Slide,1 July 2009,2009.0,1
MEGH/EKH/83C02/2009/D-31,Meghalaya,East Khasi Hills,25.54261,92.10867,Debris,Slide,1 July 2009,2009.0,1
MEGH/EKH/83C02/2009/D-35,Meghalaya,Jaintia Hills,25.54261,92.09842,Debris,Slide,1 July 2009,2009.0,1
MEGH/EKH/83C02/2009/D-33,Meghalaya,East Khasi Hills,25.54264,92.10214,Rock,Slide,1 July 2009,2009.0,1
MEG/EKH/78O10/2016/09,Meghalaya,East Khasi Hills,25.542744,91.662067,Rock,Slide,2016,2016.0,1
MEGH/EKH/83C02/2009/D-32,Meghalaya,East Khasi Hills,25.54328,92.10478,Rock,Fall,1 July 2009,2009.0,1
MEGH/EKH/78O14/2007/D-17,Meghalaya,East Khasi Hills,25.56667,91.90194,Debris,Slide,08 September 2007,2007.0,1
MEG/WKH/78O10/2016/11,Meghalaya,West Khasi Hills,25.568056,91.737944,Rock,Slide,2016,2016.0,1
MEG/WKH/78O10/2016/12,Meghalaya,West Khasi Hills,25.568106,91.737919,Debris,Slide,2016,2016.0,1
ML/EKH/78O14/2014/03,Meghalaya,East Khasi Hills,25.57822,91.86545,Debris,Slide,23 September 2014,2014.0,1
MG/WGH/78K06/2020/1,Meghalaya,West Garo Hills,25.61,90.29,Debris,Slide,2019,2019.0,1
MG/WGH/78K06/2020/4,Meghalaya,West Garo Hills,25.61,90.29,Debris,Slide,2019,2019.0,1
ME/EKJ/78O14/2015/17,Meghalaya,East Khasi Hills,25.616596,91.876562,Earth,Slide,2015,2015.0,1
MEG/EKH/78O14/2020-21/1,Meghalaya,East Khasi Hills,25.62,91.88272222,Soil,Slide,2013,2013.0,1
MG/WKH/78K14/2018/6,Meghalaya,West Khasi Hills,25.625142,90.791675,Soil,Slide,2018,2018.0,1
MG/WKH/78O02/2017/9,Meghalaya,West Khasi Hills,25.625331,91.182614,Debris,Slide,2017,2017.0,1
ME/EKJ/78O14/2015/19,Meghalaya,East Khasi Hills,25.633896,91.891833,Debris,Slide,2015,2015.0,1
MG/WKH/78O02/2017/26,Meghalaya,West Khasi Hills,25.636747,91.162711,Rock,Slide,2017,2017.0,1
ME/EKJ/78O14/2015/02,Meghalaya,East Khasi Hills,25.637026,91.844464,Debris,Slide,2015,2015.0,1
MEG/EKH/78O10/2021/03,Meghalaya,East Khasi Hills,25.64906111,91.89733611,Rock,Slide,August 2019 & July 2020,2019.0,1
MEG/EKH/78O14/2021/02,Meghalaya,East Khasi Hills,25.64908889,91.899,Debris,Slide,July 2020,2020.0,1
MEG/EKH/78O14/2021/01,Meghalaya,East Khasi Hills,25.65060556,91.89945278,Debris,Slide,August  2019.August 2020.,2019.0,1
MEG/RB/78O14/2017/01,Meghalaya,Ri-Bhoi,25.663444,91.915944,Debris,Slide,17 June 2017,2017.0,1
MG/WKH/78O02/2017/41,Meghalaya,West Khasi Hills,25.667072,91.091972,Debris,Slide,2017,2017.0,1
MG/WKH/78O02/2017/45,Meghalaya,West Khasi Hills,25.667744,91.597819,Debris,Slide,2017,2017.0,1
MEGH/WKH/78O02/2007/D-1,Meghalaya,West Khasi Hills,25.68625,91.118358,Debris,Fall,15 September 2007,2007.0,1
MEGH/WKH/78O02/2007/D-2,Meghalaya,West Khasi Hills,25.69483,91.11836,Debris,Slide,15 September 2007,2007.0,1
ME/EKJ/78O14/2015/23,Meghalaya,East Khasi Hills,25.695552,91.903777,Debris,Slide,15 September 2007,2007.0,1
MEG/RIB/83C1/2016/7,Meghalaya,Ri-Bhoi,25.75634,92.017832,Rock,Slide,2014,2014.0,1
MEG/RIB/78O13/2016/2,Meghalaya,Ri-Bhoi,25.759278,91.882861,Earth,Slide,2015,2015.0,1
MEG/RIB/78O13/2016/3,Meghalaya,Ri-Bhoi,25.760611,91.88225,Earth,Slide,2015,2015.0,1
MEG/RIB/83C1/2016/1,Meghalaya,Ri-Bhoi,25.776087,92.03754,Debris,Slide,2015,2015.0,1
MEG/RIB/78O13/2016/4,Meghalaya,Ri-Bhoi,25.787,91.876583,Earth,Slide,2015,2015.0,1
MEG/RIB/83C1/2016/5,Meghalaya,Ri-Bhoi,25.796657,92.143462,Earth,Slide,2015,2015.0,1
MG/WKH/78O1/2020/1,Meghalaya,West Khasi Hills,25.83,91.05,Earth,Slide,2019,2019.0,1
MEG/RIB/78O13/2016/6,Meghalaya,Ri-Bhoi,25.852222,91.881361,Earth,Slide,2015,2015.0,1
MEG/RIB/78O13/2016/5,Meghalaya,Ri-Bhoi,25.853111,91.881583,Debris,Slide,2015,2015.0,1
MEG/RIB/83C1/2016/8,Meghalaya,Ri-Bhoi,25.86575,92.153286,Earth,Slide,2015,2015.0,1
MEG/RIB/78O13/2016/16,Meghalaya,Ri-Bhoi,25.865894,91.880278,Earth,Slide,2015,2015.0,1
MEG/RIB/83C1/2016/6,Meghalaya,Ri-Bhoi,25.874293,92.018322,Debris,Slide,2015,2015.0,1
ML/RIB/78O13/2014/10,Meghalaya,Ri-Bhoi,25.92792,91.87717,Debris,Slide,August-September 2014,2014.0,1
MEG/RIB/78O13/2016/7,Meghalaya,Ri-Bhoi,25.927972,91.877194,Earth,Slide,2015,2015.0,1
MEG/RIB/78O09/2016/54,Meghalaya,Ri-Bhoi,25.934889,91.714389,Earth,Slide,2016,2016.0,1
MEG/RIB/78O09/2016/53,Meghalaya,Ri-Bhoi,25.935708,91.714556,Earth,Slide,2016,2016.0,1
ML/RIB/78O13/2014/09,Meghalaya,Ri-Bhoi,25.937,91.87553,Debris,Slide,2014,2014.0,1
MEG/RIB/78O09/2016/52,Meghalaya,Ri-Bhoi,25.940978,91.724644,Earth,Slide,2016,2016.0,1
MEG/RIB/78O13/2016/17,Meghalaya,Ri-Bhoi,25.951106,91.968889,Earth,Slide,2015,2015.0,1
MEG/RIB/78O13/2016/1,Meghalaya,Ri-Bhoi,25.954889,91.858667,Debris,Slide,2016,2016.0,1
MEG/RIB/78O13/2016/14,Meghalaya,Ri-Bhoi,25.956333,91.85725,Earth,Slide,2015,2015.0,1
MEG/RIB/78O13/2016/13,Meghalaya,Ri-Bhoi,25.956781,91.852883,Earth,Slide,2015,2015.0,1
ML/RIB/78O13/2014/07,Meghalaya,Ri-Bhoi,25.95847,91.85406,Debris,Slide,23 September 2014 at 09.00hrs and,2014.0,1
MEG/RIB/78O13/2016/15,Meghalaya,Ri-Bhoi,25.96,91.857,Earth,Slide,2015,2015.0,1
MEG/RIB/83C1/2016/2,Meghalaya,Ri-Bhoi,25.970032,92.056762,Earth,Slide,2015,2015.0,1
MEG/RIB/83C1/2016/3,Meghalaya,Ri-Bhoi,25.970062,92.054889,Earth,Slide,2015,2015.0,1
MEG/RIB/78O09/2016/37,Meghalaya,Ri-Bhoi,25.972469,91.560822,Earth,Slide,2016,2016.0,1
MEG/RIB/78O13/2016/10,Meghalaya,Ri-Bhoi,25.972964,91.858336,Debris,Slide,2016,2016.0,1
MEG/RIB/78O13/2016/18,Meghalaya,Ri-Bhoi,25.978803,91.860278,Earth,Slide,2015,2015.0,1
MEG/RIB/78O13/2016/9,Meghalaya,Ri-Bhoi,25.979244,91.860578,Earth,Slide,2012,2012.0,1
MEG/RIB/83C1/2016/4,Meghalaya,Ri-Bhoi,25.982436,92.057405,Debris,Slide,2015,2015.0,1
MEG/RIB/78O09/2016/33,Meghalaya,Ri-Bhoi,25.994619,91.577214,Earth,Slide,2016,2016.0,1
MEG/RIB/78O13/2016/8,Meghalaya,Ri-Bhoi,25.997033,91.86235,Earth,Slide,2015,2015.0,1
MEG/RIB/78O13/2016/11,Meghalaya,Ri-Bhoi,25.998847,91.863883,Earth,Slide,2015,2015.0,1
ML/RIB/78N16/2014/06,Meghalaya,Ri-Bhoi,26.00294,91.86692,Debris,Slide,23 September 2014,2014.0,1
ML/RIB/78N16/2014/05,Meghalaya,Ri-Bhoi,26.01061,91.86886,Debris,Slide,"20-23 August, 2014",2014.0,1
ML/RIB/78N16/2014/02,Meghalaya,Ri-Bhoi,26.02547,91.87158,Earth,Slide,20 September 2014,2014.0,1
ML/RIB/78N16/2014/01,Meghalaya,Ri-Bhoi,26.02897,91.87197,Earth,Slide,2014,2014.0,1
3344,Meghalaya,West Jaintia Hills,25.47704743,92.16831285,Debris,Slide,25 May 2020,2020.0,1
3348,Meghalaya,West Jaintia Hills,25.46307925,92.25426106,Soil,Slide,26 May 2020,2020.0,1
3215,Meghalaya,East Khasi Hills,25.5667327,91.9146185,Debris,Slide,04 October 2024,2024.0,1
3351,Meghalaya,West Jaintia Hills,25.28422636,92.11294194,Debris,Slide,26 June 2020,2020.0,1
3345,Meghalaya,West Jaintia Hills,25.2842285,92.11314877,Rock,Slide,26 May 2020,2020.0,1
ME/SWKH/78O07/2024/4,Meghalaya,South West Khasi  Hills,25.29967,91.46108,Debris,Slide,15 June 2024,2024.0,1
ME/SWKH/78O07/2024/5,Meghalaya,South West Khasi  Hills,25.29667,91.45986,Debris,Slide,17 June 2024 at 6:00AM,2024.0,1
ME/SWKH/78O07/2024/6,Meghalaya,South West Khasi  Hills,25.2975,91.46167,Debris,Slide,17 June 2024 (8:00 to 9:00 AM),2024.0,1
ME/SWKH/78O072024/7,Meghalaya,South West Khasi  Hills,25.29739,91.46201,Debris,Slide,17 June 2024,2024.0,1
ME/SWKH/78O07/2024/8,Meghalaya,South West Khasi  Hills,25.29778,91.45972,Debris,Slide,15 June 2024(1:00 AM),2024.0,1
ME/RIB/78O13/2024/09,Meghalaya,Ri-Bhoi,25.809088,91.875238,Earth,Slide,6 July 2025 at 10:20 hrs,2025.0,1
ME/RIB/78O13/2024/10,Meghalaya,Ri-Bhoi,25.781246,91.874475,Earth,Slide,6 July 2024,2024.0,1
ME/EKH/78O15/2025/01,Meghalaya,East Khasi Hills,25.465167,91.824944,Debris,Slide,30 May 2025 at 05:40 AM,2025.0,1
ME/EKH/78O15/2025/02,Meghalaya,East Khasi Hills,25.422278,91.867694,Rock,Slide,30 May 2025,2025.0,1
ME/EKH/78O15/2025/03,Meghalaya,East Khasi Hills,25.43480556,91.85952778,Debris,Slide,30 May 2025,2025.0,1
ME/EKH/78O15/2025/04,Meghalaya,East Khasi Hills,25.48716667,91.81936111,Debris,Slide,30 May 2025,2025.0,1
ME/EKH/78O15/2025/05,Meghalaya,East Khasi Hills,25.456896,91.826145,Debris,Slide,30 May 2025 (around 11.00 Hrs).,2025.0,1
ME/EJH/83C08/2025/06,Meghalaya,East Jaintia Hills,25.048054,92.409245,Debris,Slide,"2021,11 May 2025 around 10.30 pm",2021.0,1
ML- 93/2011,Meghalaya,West Khasi Hills,25.67341667,91.06625,Debris,Slide,Second week of May 2011,2011.0,1
ML-1/2010,Meghalaya,East Khasi Hills,25.57711111,91.88141667,,,27 August 2010,2010.0,1
ML-2/2010,Meghalaya,East Khasi Hills,25.56183333,91.86855556,,,28 June 2010,2010.0,1
ML-3/2010,Meghalaya,East Khasi Hills,25.57188889,91.90127778,,,28 June 2010,2010.0,1
ML-4/2010,Meghalaya,East Khasi Hills,25.56852778,91.89219444,,,28 June 2010,2010.0,1
ML-5A/2010,Meghalaya,Jaintia Hills,25.13561111,92.3805,,,11th and 12th May 2010,2010.0,1
ML-5B/2010,Meghalaya,Jaintia Hills,25.13561111,92.3805,,,11th and 12th May 2010,2010.0,1
ML-6/2010,Meghalaya,Jaintia Hills,25.13561111,92.3805,,,22 April 2010,2010.0,1
ML-7/2010,Meghalaya,Jaintia Hills,25.13486111,92.382,,,22 April 2010,2010.0,1
ML-8/2010,Meghalaya,Jaintia Hills,25.12383333,92.38519444,,,22 April 2010,2010.0,1
ML-9/2010,Meghalaya,Jaintia Hills,25.07533333,92.36341667,,,22 April 2010,2010.0,1
ML-10/2010,Meghalaya,Jaintia Hills,25.05108333,92.40219444,,,22 April 2010,2010.0,1
ML-11/2010,Meghalaya,Jaintia Hills,25.04305556,92.42041667,,,22 April 2010,2010.0,1
ML-12/2010,Meghalaya,Jaintia Hills,25.04222222,92.44127778,,,22 April 2010,2010.0,1
ML-01/2012-13,Meghalaya,West Khasi Hills,25.36497222,91.02411111,,,01 May 2012 at 3 AM,2012.0,1
ML-02/2012-13,Meghalaya,Jaintia Hills,25.26361111,92.38557778,,,"26 June 2012, at 3AM",2012.0,1
ML-03/2012-13,Meghalaya,Jaintia Hills,25.26005556,92.38863889,,,"26 June 2012, at 3AM",2012.0,1
ML-04/2012-13,Meghalaya,Jaintia Hills,25.14702778,92.37883333,,,"26 June 2012, at 3AM",2012.0,1
ML-05/2012-13,Meghalaya,Jaintia Hills,25.14702778,92.37883333,,,"26 June 2012, at 3AM",2012.0,1
ML-06/2012-13,Meghalaya,Jaintia Hills,25.14341667,92.37805556,,,"26 June 2012, at 3AM",2012.0,1
ML-07/2012-13,Meghalaya,Jaintia Hills,25.13427778,92.38511111,,,"26 June 2012, at 3AM",2012.0,1
ML-08/2012-13,Meghalaya,Jaintia Hills,25.09022222,92.35805556,,,"26 June 2012, at 3AM",2012.0,1
ML-09/2012-13,Meghalaya,Jaintia Hills,25.09055556,92.35972222,,,"26 June 2012, at 3AM",2012.0,1
ML-10/2012-13,Meghalaya,Jaintia Hills,25.08772222,92.36086111,,,"26 June 2012, at 3AM",2012.0,1
ML-11/2012-13,Meghalaya,Ri-Bhoi,26.00361111,92.86361111,,,26 July 2012 at 5AM,2012.0,1
ML-13/2012-13,Meghalaya,West Khasi Hills,25.53086111,91.29780556,,,21 August 2012 at 10:30am,2012.0,1
MEG/EKH/78O8/2019/07,Meghalaya,East Khasi Hills,25.23211111,91.37252778,Debris,Slide,27 June 2019,2019.0,1
MEG/EKH/78O8/2019/08,Meghalaya,East Khasi Hills,25.22194444,91.38422222,Debris,Slide,27 June 2019,2019.0,1
MEG/EKH/78O8/2019/09,Meghalaya,East Khasi Hills,25.2161,91.38912222,Rock,Slide,2005,2005.0,1
MEG/EKH/78O8/2019/10,Meghalaya,East Khasi Hills,25.18766667,91.39816667,Rock,Slide,27 June 2019.,2019.0,1
MEG/EKH/78O8/2019/11,Meghalaya,East Khasi Hills,25.18688889,91.39855556,Debris,Slide,27 June 2019,2019.0,1
MEG/WJH/83C3/2020/2,Meghalaya,West Jaintia Hills,25.44233333,92.19447222,Debris,Slide,26 May 2020,2020.0,1
MEG/WJH/83C3/2020/3,Meghalaya,West Jaintia Hills,25.44177778,92.19558333,Debris,Slide,26 May 2020,2020.0,1
MEG/WJH/83C3/2020/6,Meghalaya,West Jaintia Hills,25.43505556,92.19836111,Debris,Slide,26 May 2020,2020.0,1
MEG/WJH/83C3/2020/7,Meghalaya,West Jaintia Hills,25.44741667,92.20138889,Soil,Slide,26 May 2020,2020.0,1
MEG/WJH/83C3/2020/8,Meghalaya,West Jaintia Hills,25.45075,92.19452778,Debris,Slide,26 May 2020,2020.0,1
MEG/WJH/83C3/2020/9,Meghalaya,West Jaintia Hills,25.45351667,92.18784722,Soil,Slide,26 May 2020,2020.0,1
MEG/EKH/78O15/2021/04,Meghalaya,East Khasi Hills,25.49736111,91.77902778,Debris,Slide,2021,2021.0,1
MEG/SG/78K11/2022/01,Meghalaya,South Garo Hills,25.36103333,91.64700833,Debris,Slide,17 June 2022 at 4.30 hrs,2022.0,1
MEG/SG/78K12/2022/03,Meghalaya,South Garo Hills,25.21022222,90.63220278,Debris,Slide,17 June 2022,2022.0,1
MEG/SG/78K03/2022/04,Meghalaya,West Garo Hills,25.38163333,90.06033889,Debris,Slide,9 June  2022  at 2.00hrs,2022.0,1
MEG/SG/78K11/2022/05,Meghalaya,South Garo Hills,25.45939722,90.70860278,Debris,Slide,17 June 2022 at 3.000hrs,2022.0,1
MEG/SG/78K11/2022/06,Meghalaya,South Garo Hills,25.45903056,90.70813333,Debris,Slide,17 June 2022 at 3.000hrs,2022.0,1
MEG/EKH/78O11/2022/07,Meghalaya,East Khasi Hills,25.44835,91.59150278,Debris,Slide,"15 June 2022, 8.00 to 9.00hrs",2022.0,1
MEG/EKH/78O11/2022/08,Meghalaya,East Khasi Hills,25.44743611,91.59103889,Debris,Slide,"15 June 2022, 8.00 to 9.00hrs",2022.0,1
MEG/EKH/78O11/2022/09,Meghalaya,East Khasi Hills,25.44716111,91.59067778,Debris,Slide,"15 June 2022, 8.00 to 9.00hrs",2022.0,1
MEG/EKH/78O15/2022/11,Meghalaya,East Khasi Hills,25.296,91.932,Rock,Slide,"4 April,2022",2022.0,1
MEG/EKH/78O15/2022/12,Meghalaya,East Khasi Hills,25.345,91.891,Rock,Slide,March-April 2022,2022.0,1
MEG/EKH/78O15/2022/13,Meghalaya,East Khasi Hills,25.35861111,91.97208333,Debris,Slide,4 April 2022 at 7.00hrs,2022.0,1
MEG/EKH/78O15/2022/14,Meghalaya,East Khasi Hills,25.35908333,91.97433333,Debris,flow,4 April 2022 at 7.00hrs,2022.0,1
MEG/WKH/78O6/2023-24/1,Meghalaya,West Khasi Hills,25.52901389,91.26188611,Debris,Slide,17 June 2023 at 4:00 AM.,2023.0,1
MEG/WJH/83C03/2023-24/2,Meghalaya,West Jaintia Hills,25.41955556,92.16194444,Earth,Slide,10 August 2023,2023.0,1
6892,Meghalaya,South West Khasi  Hills,25.39295833,91.55163333,Debris,Slide,28 May 2024,2024.0,1
6874,Meghalaya,South West Khasi  Hills,25.37129167,91.48003056,Debris,Fall,15 June 2024,2024.0,1
ME/SWK/2025/4,Meghalaya,South West Khasi  Hills,25.40288611,91.43424167,Debris,Fall,28 May 2024,2024.0,1
6891,Meghalaya,West Khasi Hills,25.531739,91.296177,Debris,Slide,02 July 2024,2024.0,1
ME/WKH/2025/6,Meghalaya,West Khasi Hills,25.540056,91.314142,Debris,Fall,02 July 2024,2024.0,1
ME/WKH/2025/7,Meghalaya,East Khasi Hills,25.62790278,91.88801944,Debris,Fall,28 May 2024 at 4.00 hrs,2024.0,1
ME/EKH/2025/8,Meghalaya,East Khasi Hills,25.630403,91.8899195,Debris,Subsidence,28 May 2024 at 4.00 hrs,2024.0,1
ME/EKH/2025/9,Meghalaya,East Khasi Hills,25.630858,91.887601,Debris,Slide,28 May 2024 at 4.00 hrs,2024.0,1
6890,Meghalaya,East Khasi Hills,25.641242,91.894137,Debris,Fall,02 July 2024,2024.0,1
4694,Meghalaya,East Khasi Hills,25.65057222,91.89351389,Debris,Fall,02 July 2024,2024.0,1
6889,Meghalaya,East Khasi Hills,25.64887222,91.89692778,Debris,Slide,02 July 2024,2024.0,1
6885,Meghalaya,East Khasi Hills,25.44693056,91.74096667,Debris,Topple/Fall,"28 May 2024, morning",2024.0,1
ME/EKH/2025/14,Meghalaya,East Khasi Hills,25.41384722,91.67856111,Debris,Slide,"28 May 2024, morning",2024.0,1
6884,Meghalaya,East Khasi Hills,25.34508889,91.60050278,Debris,Slide,"28 May 2024, morning",2024.0,1
ME/SWK/2025/16,Meghalaya,South West Khasi  Hills,25.619397,91.61704,Debris,Slide,30 May 2025,2025.0,1
4695,Meghalaya,Eastern-West Khasi Hill,25.65443889,91.62390833,Debris,Fall,30 May 2025,2025.0,1
4696,Meghalaya,Eastern-West Khasi Hill,25.65443889,91.63345833,Debris,Slide,30 May 2025,2025.0,1
4697,Meghalaya,Eastern-West Khasi Hill,25.65977222,91.63440556,Debris,Fall,30 May 2025,2025.0,1
ME/EKH/2025/20,Meghalaya,East Khasi Hills,25.65308889,91.89803889,Debris,Slide,01 July 2024,2024.0,1
4699,Meghalaya,East Khasi Hills,25.65341111,91.89819444,Debris,Slide,01 July 2024,2024.0,1
ME/RIB/2025/22,Meghalaya,Ri-Bhoi,25.66315,91.90180278,Debris,Fall,30 May 2025,2025.0,1
4701,Meghalaya,Ri-Bhoi,25.67032222,91.90487222,Debris,Slide,30 May 2025,2025.0,1
ME/RIB/2025/24,Meghalaya,Ri-Bhoi,25.67517222,91.8983,Debris,Fall,30 June 2024,2024.0,1
ME/EKH/2025/25,Meghalaya,East Khasi Hills,25.42315556,91.86329167,Debris,Slide,31 May 2025,2025.0,1
4702,Meghalaya,East Khasi Hills,25.30127778,91.92198889,Debris,Slide,30 May 2025,2025.0,1
4700,Meghalaya,Ri-Bhoi,25.67546111,91.89726944,Rock,Topple/Fall,30 June 2024,2024.0,1
ME/EWK/2026/29,Meghalaya,Eastern-West Khasi Hill,25.49551944,91.49585278,Debris,Slide,02 July 2025,2025.0,1
ME/EWK/2026/30,Meghalaya,South West Khasi  Hills,25.28247222,91.36413333,Debris,Slide,30 May 2025,2025.0,1
ME/SWK/2026/31,Meghalaya,South West Khasi  Hills,25.28090556,91.36584722,Debris,Slide,30 May 2025,2025.0,1
ME/RIB/2026/32,Meghalaya,Ri-Bhoi,25.68255833,91.90111389,Debris,Slide,30 June 2024,2024.0,1
7236,Meghalaya,Ri-Bhoi,25.68591944,91.90256667,Debris,Slide,30 June 2024,2024.0,1
7237,Meghalaya,Ri-Bhoi,25.71165556,91.89512778,Debris,Slide,30 May 2025,2025.0,1
7239,Meghalaya,Ri-Bhoi,25.75297778,91.88535278,Debris,Fall/Topple,30 May 2025,2025.0,1
7240,Meghalaya,Ri-Bhoi,25.79744444,91.87408611,Debris,Slide,14 June 2024,2024.0,1
ME/RIB/2026/37,Meghalaya,Ri-Bhoi,25.80725833,91.87509444,Debris,Slide,14 July 2024,2024.0,1
7244,Meghalaya,Eastern-West Khasi Hill,25.69150833,91.64160833,Debris,Slide,29 May 2025,2025.0,1
ME/EWK/2026/42,Meghalaya,Eastern-West Khasi Hill,25.69517778,91.64123611,Debris,Slide,30 May 2025,2025.0,1
ME/EWK/2026/44,Meghalaya,Eastern-West Khasi Hill,25.70087778,91.642902,Debris,Slide,08 October 2024,2024.0,1
ME/EWK/2026/45,Meghalaya,Eastern-West Khasi Hill,25.69866667,91.64517222,Debris,Slide,06 August 2024,2024.0,1
7248,Meghalaya,Eastern-West Khasi Hill,25.69007,91.67085,Debris,Slide,11 June 2025,2025.0,1
7249,Meghalaya,Eastern-West Khasi Hill,25.733262,91.675754,Debris,Slide,11 June 2025,2025.0,1
7250,Meghalaya,Eastern-West Khasi Hill,25.762051,91.658959,Debris,Slide,29 May 2024,2024.0,1
ME/EWK/2026/58,Meghalaya,Eastern-West Khasi Hill,25.770935,91.656497,Debris,Slide,29 May 2024,2024.0,1
7251,Meghalaya,Eastern-West Khasi Hill,25.791616,91.658242,Debris,Slide,29 May 2024,2024.0,1
7252,Meghalaya,Eastern-West Khasi Hill,25.700668,91.596815,Debris,Slide,31 May 2025,2025.0,1
7598,Meghalaya,South West Garo Hills,25.567423,89.979711,Debris,,13 July 2026,2026.0,1
3442,Meghalaya,East Khasi Hills,25.566518,91.914509,rock,fall,19 August 2025,2025.0,1
MZ/LAW/84B12/2020/31,Mizoram,Lawngtlai,22.06,92.66,Debris,Slide,2019,2019.0,1
MZ/LAW/84B12/2020/32,Mizoram,Lawngtlai,22.08,92.65,Debris,Slide,2019,2019.0,1
MZ/LAW/84B16/2020/12,Mizoram,Saiha,22.1,92.85,Debris,Slide,2017,2017.0,1
MZ/LAW/84B16/2020/15,Mizoram,Saiha,22.1,92.86,Debris,Slide,2017,2017.0,1
MZ/LAW/84B16/2020/16,Mizoram,Saiha,22.1,92.86,Debris,Slide,2017,2017.0,1
MZ/LAW/84B16/2020/17,Mizoram,Saiha,22.1,92.86,Debris,Slide,2018,2018.0,1
MZ/LAW/84B16/2020/10,Mizoram,Saiha,22.11,92.85,Debris,Slide,2017,2017.0,1
MZ/LAW/84B16/2020/11,Mizoram,Saiha,22.11,92.85,Debris,Slide,2017,2017.0,1
MZ/LAW/84B16/2020/13,Mizoram,Saiha,22.11,92.85,Debris,Slide,2017,2017.0,1
MZ/LAW/84B16/2020/14,Mizoram,Saiha,22.11,92.86,Debris,Slide,2017,2017.0,1
MZ/LAW/84B16/2020/19,Mizoram,Saiha,22.11,92.88,Debris,Slide,2017,2017.0,1
MZ/LAW/84B12/2020/29,Mizoram,Lawngtlai,22.15,92.62,Debris,Slide,2019,2019.0,1
MZ/LAW/84B12/2020/33,Mizoram,Lawngtlai,22.15,92.63,Debris,Slide,2019,2019.0,1
MZ/LAW/84B16/2020/3,Mizoram,Lawngtlai,22.15,92.78,Debris,Slide,2017,2017.0,1
MZ/LAW/84B16/2020/24,Mizoram,Saiha,22.15,92.99,Debris,Slide,2017,2017.0,1
MZ/LAW/84B16/2020/25,Mizoram,Saiha,22.15,92.99,Debris,Slide,2017,2017.0,1
MZ/LAW/84B12/2020/24,Mizoram,Lawngtlai,22.16,92.62,Debris,Slide,2019,2019.0,1
MZ/LAW/84B16/2020/2,Mizoram,Lawngtlai,22.16,92.8,Debris,Slide,2017,2017.0,1
MZ/LAW/84B16/2020/22,Mizoram,Saiha,22.17,92.99,Debris,Slide,2017,2017.0,1
MZ/LAW/84B12/2020/18,Mizoram,Lawngtlai,22.18,92.61,Rock,Slide,2019,2019.0,1
MZ/LAW/84B12/2020/19,Mizoram,Lawngtlai,22.18,92.61,Rock,Slide,2019,2019.0,1
MZ/LAW/84B12/2020/21,Mizoram,Lawngtlai,22.18,92.61,Debris,Slide,2019,2019.0,1
MZ/SAI/84F04/2020/23,Mizoram,Saiha,22.18,93.01,Debris,Slide,2017,2017.0,1
MZ/LAW/84B12/2020/35,Mizoram,Lawngtlai,22.19,92.69,Debris,Slide,2019,2019.0,1
MZ/LAW/84B16/2020/23,Mizoram,Saiha,22.19,92.98,Debris,Slide,2017,2017.0,1
MZ/LAW/84B12/2020/10,Mizoram,Lawngtlai,22.2,92.61,Debris,Slide,2017,2017.0,1
MZ/SAI/84F04/2020/17,Mizoram,Saiha,22.2,93.13,Debris,Slide,2017,2017.0,1
MZ/LAW/84B12/2020/9,Mizoram,Lawngtlai,22.21,92.61,Debris,Slide,2017,2017.0,1
MZ/LAW/84B12/2020/11,Mizoram,Lawngtlai,22.21,92.61,Debris,Slide,2019,2019.0,1
MZ/LAW/84B16/2020/8,Mizoram,Saiha,22.21,92.96,Debris,Slide,2017,2017.0,1
MZ/LAW/84B16/2020/9,Mizoram,Saiha,22.21,92.96,Debris,Slide,2017,2017.0,1
MZ/SAI/84F04/2020/18,Mizoram,Saiha,22.21,93.12,Debris,Slide,2017,2017.0,1
MZ/SAI/84F04/2020/19,Mizoram,Saiha,22.21,93.12,Debris,Slide,2017,2017.0,1
MZ/LAW/84B12/2020/6,Mizoram,Lawngtlai,22.22,92.62,Debris,Slide,2018,2018.0,1
MZ/SAI/84F04/2020/20,Mizoram,Saiha,22.22,93.11,Debris,Slide,2017,2017.0,1
MZ/LAW/84B12/2020/3,Mizoram,Lawngtlai,22.24,92.62,Debris,Slide,2019,2019.0,1
MZ/LAW/84B12/2020/41,Mizoram,Lawngtlai,22.24,92.6,Debris,Slide,2019,2019.0,1
MZ/SAI/84F04/2020/21,Mizoram,Saiha,22.24,93.1,Debris,Slide,2017,2017.0,1
MZ/LAW/84B11/2020/37,Mizoram,Lawngtlai,22.25,92.63,Debris,Slide,2019,2019.0,1
MZ/LAW/84B12/2020/2,Mizoram,Lawngtlai,22.25,92.63,Debris,Slide,2019,2019.0,1
MZ/LAW/84B12/2020/36,Mizoram,Lawngtlai,22.25,92.62,Debris,Slide,2019,2019.0,1
MZ/LAW/84B12/2020/37,Mizoram,Lawngtlai,22.25,92.62,Debris,Slide,2019,2019.0,1
MZ/SAI/84F04/2020/22,Mizoram,Saiha,22.25,93.09,Debris,Slide,2017,2017.0,1
MZ/LAW/84B11/2020/35,Mizoram,Lawngtlai,22.26,92.63,Debris,Slide,2019,2019.0,1
MZ/LAW/84B11/2020/36,Mizoram,Lawngtlai,22.26,92.63,Debris,Slide,2019,2019.0,1
MZ/LAW/84B11/2020/34,Mizoram,Lawngtlai,22.27,92.63,Debris,Slide,2019,2019.0,1
MZ/SAI/84F03/2020/1,Mizoram,Saiha,22.27,93.09,Debris,Slide,2017,2017.0,1
MZ/LAW/84B11/2020/33,Mizoram,Lawngtlai,22.28,92.63,Debris,Slide,2019,2019.0,1
MZ/SAI/84F03/2020/7,Mizoram,Saiha,22.28,93.08,Debris,Slide,2017,2017.0,1
MZ/SAI/84F03/2020/29,Mizoram,Saiha,22.28,93.09,Debris,Slide,2017,2017.0,1
MZ/LAW/84B11/2020/31,Mizoram,Lawngtlai,22.29,92.63,Debris,Slide,2019,2019.0,1
MZ/LAW/84B11/2020/32,Mizoram,Lawngtlai,22.29,92.63,Earth,Slide,2019,2019.0,1
MZ/SAI/84F03/2020/30,Mizoram,Saiha,22.29,93.09,Debris,Slide,2017,2017.0,1
MZ/LAW/84B11/2020/29,Mizoram,Lawngtlai,22.31,92.63,Debris,Slide,2019,2019.0,1
MZ/LAW/84B11/2020/30,Mizoram,Lawngtlai,22.31,92.63,Debris,Slide,2019,2019.0,1
MZ/LAW/84B11/2020/12,Mizoram,Lawngtlai,22.32,92.73,Debris,Slide,2019,2019.0,1
MZ/LAW/84B11/2020/6,Mizoram,Lawngtlai,22.33,92.75,Debris,Slide,2019,2019.0,1
MZ/LAW/84B11/2020/10,Mizoram,Lawngtlai,22.33,92.74,Debris,Slide,2019,2019.0,1
MZ/LAW/84B11/2020/13,Mizoram,Lawngtlai,22.33,92.73,Debris,Slide,2019,2019.0,1
MZ/LAW/84B11/2020/15,Mizoram,Lawngtlai,22.33,92.72,Debris,Slide,2019,2019.0,1
MZ/LAW/84B11/2020/19,Mizoram,Lawngtlai,22.33,92.69,Debris,Slide,2019,2019.0,1
MZ/LAW/84B11/2020/20,Mizoram,Lawngtlai,22.33,92.69,Debris,Slide,2019,2019.0,1
MZ/LAW/84B11/2020/28,Mizoram,Lawngtlai,22.33,92.63,Debris,Slide,2019,2019.0,1
MZ/LAW/84B11/2020/42,Mizoram,Lawngtlai,22.33,92.65,Debris,Slide,2019,2019.0,1
MZ/LAW/84B11/2020/7,Mizoram,Lawngtlai,22.34,92.75,Debris,Slide,2019,2019.0,1
MZ/LAW/84B11/2020/8,Mizoram,Lawngtlai,22.34,92.74,Debris,Slide,2019,2019.0,1
MZ/LAW/84B11/2020/16,Mizoram,Lawngtlai,22.34,92.71,Debris,Slide,2019,2019.0,1
MZ/LAW/84B11/2020/17,Mizoram,Lawngtlai,22.34,92.68,Debris,Slide,2019,2019.0,1
MZ/LAW/84B11/2020/18,Mizoram,Lawngtlai,22.34,92.69,Debris,Slide,2019,2019.0,1
MZ/LAW/84B11/2020/22,Mizoram,Lawngtlai,22.34,92.74,Debris,Slide,2019,2019.0,1
MZ/LAW/84B11/2020/23,Mizoram,Lawngtlai,22.34,92.74,Debris,Slide,2019,2019.0,1
MZ/LAW/84B11/2020/41,Mizoram,Lawngtlai,22.34,92.65,Debris,Slide,2019,2019.0,1
MZ/SAI/84F03/2020/18,Mizoram,Saiha,22.34,93.04,Debris,Slide,2019,2019.0,1
MZ/LAW/84B11/2020/21,Mizoram,Lawngtlai,22.35,92.66,Debris,Fall,2019,2019.0,1
MZ/LAW/84B11/2020/24,Mizoram,Lawngtlai,22.35,92.74,Debris,Slide,2019,2019.0,1
MZ/LAW/84B11/2020/27,Mizoram,Lawngtlai,22.35,92.74,Debris,Slide,2019,2019.0,1
MZ/LAW/84B11/2020/40,Mizoram,Lawngtlai,22.35,92.65,Debris,Slide,2019,2019.0,1
MZ/LAW/84B11/2020/49,Mizoram,Lawngtlai,22.36,92.61,Debris,Slide,2019,2019.0,1
MZ/LAW/84B11/2020/43,Mizoram,Lawngtlai,22.37,92.63,Debris,Slide,2019,2019.0,1
MZ/LAW/84B11/2020/46,Mizoram,Lawngtlai,22.38,92.59,Debris,Slide,2019,2019.0,1
MZ/LAW/84B11/2020/47,Mizoram,Lawngtlai,22.38,92.59,Debris,Slide,2019,2019.0,1
MZ/SAI/84F03/2020/25,Mizoram,Saiha,22.38,93.12,Rock,Fall,2017,2017.0,1
MZ/LAW/84B11/2020/44,Mizoram,Lawngtlai,22.39,92.61,Debris,Slide,2019,2019.0,1
MZ/LAW/84B11/2020/45,Mizoram,Lawngtlai,22.39,92.59,Debris,Slide,2019,2019.0,1
MZ/SAI/84F03/2020/31,Mizoram,Saiha,22.4,93.12,Rock,Slide,2017,2017.0,1
MZ/SAI/84F03/2020/32,Mizoram,Saiha,22.4,93.13,Rock,Slide,2017,2017.0,1
MZ/LAW/84B11/2020/48,Mizoram,Lawngtlai,22.41,92.6,Debris,Slide,2019,2019.0,1
MZ/LAW/84B11/2020/3,Mizoram,Lawngtlai,22.43,92.75,Debris,Fall,2019,2019.0,1
MZ/SAI/84F03/2020/23,Mizoram,Saiha,22.44,93.1,Rock,Slide,2017,2017.0,1
MZ/SAI/84F03/2020/33,Mizoram,Saiha,22.49,93.01,Debris,Slide,2017,2017.0,1
MZ/LAW/84B10/2020/2,Mizoram,Lawngtlai,22.5,92.74,Rock,Slide,2019,2019.0,1
MZ/LAW/84B10/2020/22,Mizoram,Lawngtlai,22.5,92.73,Debris,Slide,2019,2019.0,1
MZ/LAW/84B11/2020/50,Mizoram,Lawngtlai,22.5,92.73,Debris,Slide,2017,2017.0,1
MZ/SAI/84F03/2020/34,Mizoram,Saiha,22.5,93.02,Debris,Slide,2017,2017.0,1
MZ/LAW/84B10/2020/13,Mizoram,Lawngtlai,22.52,92.71,Rock,Slide,2019,2019.0,1
MZ/LAW/84B10/2020/14,Mizoram,Lawngtlai,22.52,92.71,Debris,Slide,2016,2016.0,1
MZ/LAW/84B10/2020/15,Mizoram,Lawngtlai,22.52,92.72,Debris,Fall,2019,2019.0,1
MZ/LAW/84B10/2020/16,Mizoram,Lawngtlai,22.52,92.72,Debris,Slide,2019,2019.0,1
MZ/LAW/84B10/2020/12,Mizoram,Lawngtlai,22.53,92.7,Debris,Slide,2019,2019.0,1
MZ/LAW/84B10/2020/11,Mizoram,Lawngtlai,22.54,92.69,Debris,Slide,2019,2019.0,1
MZ/LAW/84B10/2020/20,Mizoram,Lawngtlai,22.54,92.68,Debris,Slide,2019,2019.0,1
MZ/LAW/84B10/2020/26,Mizoram,Lawngtlai,22.56,92.67,Rock,Slide,2019,2019.0,1
MZ/LAW/84B10/2020/27,Mizoram,Lawngtlai,22.56,92.67,Rock,Slide,2017,2017.0,1
MZ/LAW/84B10/2020/10,Mizoram,Lawngtlai,22.6,92.67,Rock,Slide,2017,2017.0,1
MZ/LAW/84B10/2020/4,Mizoram,Lawngtlai,22.61,92.66,Debris,Slide,2019,2019.0,1
MZ/LAW/84B10/2020/5,Mizoram,Lawngtlai,22.61,92.66,Debris,Slide,2018,2018.0,1
MZ/LAW/84B10/2020/6,Mizoram,Lawngtlai,22.61,92.66,Debris,Slide,2018,2018.0,1
MZ/LAW/84B10/2020/7,Mizoram,Lawngtlai,22.61,92.67,Debris,Slide,2018,2018.0,1
MZ/LAW/84B10/2020/8,Mizoram,Lawngtlai,22.61,92.67,Debris,Slide,2019,2019.0,1
MZ/LAW/84B10/2020/9,Mizoram,Lawngtlai,22.61,92.67,Debris,Slide,2017,2017.0,1
MZ/LAW/84B10/2020/18,Mizoram,Lawngtlai,22.61,92.64,Debris,Slide,2019,2019.0,1
MZ/LUN/84B10/2020/46,Mizoram,Lunglei,22.63,92.66,Debris,Slide,2019,2019.0,1
MZ/LUN/84B10/2020/47,Mizoram,Lunglei,22.63,92.66,Debris,Slide,2019,2019.0,1
MZ/LAW/84B10/2020/28,Mizoram,Lawngtlai,22.64,92.61,Debris,Slide,2019,2019.0,1
MZ/LAW/84B10/2020/29,Mizoram,Lawngtlai,22.65,92.61,Debris,Slide,2019,2019.0,1
MZ/LUN/84B10/2020/79,Mizoram,Lunglei,22.65,92.71,Debris,Slide,2019,2019.0,1
MZ/LUN/84B10/2020/80,Mizoram,Lunglei,22.65,92.71,Debris,Slide,2019,2019.0,1
MZ/LUN/84B10/2020/81,Mizoram,Lunglei,22.65,92.71,Debris,Slide,2019,2019.0,1
MZ/LUN/84B10/2020/78,Mizoram,Lunglei,22.66,92.71,Debris,Flow,2019,2019.0,1
MZ/LUN/84B10/2020/75,Mizoram,Lunglei,22.67,92.68,Rock,Slide,2019,2019.0,1
MZ/LUN/84B10/2020/76,Mizoram,Lunglei,22.67,92.68,Rock,Slide,2019,2019.0,1
MZ/LUN/84B10/2020/77,Mizoram,Lunglei,22.67,92.69,Debris,Slide,2019,2019.0,1
MZ/LAW/84B10/2020/30,Mizoram,Lawngtlai,22.68,92.59,Debris,Slide,2019,2019.0,1
MZ/LAW/84B10/2020/33,Mizoram,Lawngtlai,22.68,92.58,Debris,Slide,2019,2019.0,1
MZ/LAW/84B10/2020/34,Mizoram,Lawngtlai,22.68,92.58,Debris,Slide,2019,2019.0,1
MZ/LAW/84B10/2020/35,Mizoram,Lawngtlai,22.68,92.57,Debris,Slide,2019,2019.0,1
MZ/LAW/84B10/2020/36,Mizoram,Lawngtlai,22.68,92.57,Rock,Slide,2019,2019.0,1
MZ/LUN/84B10/2020/61,Mizoram,Lunglei,22.68,92.66,Debris,Fall,2016,2016.0,1
MZ/LAW/84B10/2020/37,Mizoram,Lawngtlai,22.7,92.56,Rock,Slide,2019,2019.0,1
MZ/LUN/84B10/2020/64,Mizoram,Lunglei,22.7,92.66,Debris,Fall,2019,2019.0,1
MZ/LUN/84B10/2020/65,Mizoram,Lunglei,22.7,92.66,Debris,Fall,2019,2019.0,1
MZ/LUN/84B10/2020/66,Mizoram,Lunglei,22.7,92.66,Debris,Slide,2019,2019.0,1
MZ/LUN/84B10/2020/67,Mizoram,Lunglei,22.71,92.66,Debris,Slide,2019,2019.0,1
MZ/LUN/84B10/2020/69,Mizoram,Lunglei,22.73,92.65,Debris,Slide,2019,2019.0,1
MZ/LUN/84B10/2020/70,Mizoram,Lunglei,22.73,92.65,Debris,Slide,2019,2019.0,1
MZ/LUN/84B10/2020/71,Mizoram,Lunglei,22.73,92.65,Debris,Slide,2019,2019.0,1
MZ/LUN/84B10/2020/72,Mizoram,Lunglei,22.74,92.63,Debris,Flow,2018,2018.0,1
MZ/LUN/84B13/2018/19,Mizoram,Lunglei,22.812588,92.807343,Rock,Slide,2018,2018.0,1
MZ/LUN/84B13/2018/27,Mizoram,Lunglei,22.827084,92.80175,Soil,Slide,2018,2018.0,1
MZ/LUN/84B13/2018/39,Mizoram,Lunglei,22.838732,92.791954,Debris,Slide,2018,2018.0,1
MZ/LUN/84B13/2018/41,Mizoram,Lunglei,22.838875,92.792801,Debris,Slide,2018,2018.0,1
MZ/LUN/84B13/2018/69,Mizoram,Lunglei,22.87056,92.822105,Rock,Slide,2018,2018.0,1
MZ/LUN/84B05/2020/35,Mizoram,Lunglei,22.88,92.46,Rock,Fall,2017,2017.0,1
MZ/LUN/84B05/2020/28,Mizoram,Lunglei,22.89,92.46,Debris,Slide,2019,2019.0,1
MZ/LUN/84B05/2020/33,Mizoram,Lunglei,22.9,92.47,Rock,Slide,2017,2017.0,1
MZ/LUN/84B13/2018/99,Mizoram,Lunglei,22.906252,92.93174,Debris,Slide,2018,2018.0,1
MZ/LUN/84B05/2020/17,Mizoram,Lunglei,22.91,92.47,Debris,Slide,2018,2018.0,1
MZ/LUN/84B13/2018/102,Mizoram,Lunglei,22.91165,92.929871,Debris,Slide,2018,2018.0,1
MZ/LUN/84B13/2018/107,Mizoram,Lunglei,22.915947,92.928337,Rock,Slide,2018,2018.0,1
MZ/LUN/84B13/2018/120,Mizoram,Lunglei,22.979994,92.726112,Debris,Slide,2018,2018.0,1
MZ/LUN/84A16/2018/58,Mizoram,Lunglei,23.004421,92.988426,Rock,Slide,2018,2018.0,1
MZ/LUN/84A12/2018/12,Mizoram,Lunglei,23.053747,92.704163,Rock,Slide,2018,2018.0,1
MZ/LUN/84A12/2018/13,Mizoram,Lunglei,23.053806,92.704918,Rock,Slide,2018,2018.0,1
MZ/LUN/84A12/2018/37,Mizoram,Lunglei,23.097,92.696358,Rock,Slide,2018,2018.0,1
MZ/LUN/84A16/2018/13,Mizoram,Lunglei,23.142357,92.750961,Debris,Slide,2018,2018.0,1
MZ/LUN/84A12/2018/4,Mizoram,Lunglei,23.150719,92.74826,Debris,Slide,2018,2018.0,1
MZ/LUN/84A12/2018/5,Mizoram,Lunglei,23.150719,92.74826,Debris,Slide,2018,2018.0,1
MZ/LUN/84A12/2018/64,Mizoram,Lunglei,23.204981,92.57457,Rock,Slide,2018,2018.0,1
MZ/SER/84A15/2016/19,Mizoram,Serchhip,23.255426,92.890915,Rock,Slide,2016,2016.0,1
MZ/CHA/84E07/2017/24,Mizoram,Champhai,23.303412,93.31066,Rock,Slide,2017,2017.0,1
MZ/CHA/84E07/2017/18,Mizoram,Champhai,23.303639,93.311361,Rock,Slide,2017,2017.0,1
MZ/CHA/84E07/2017/84,Mizoram,Champhai,23.310167,93.311889,Rock,Slide,2017,2017.0,1
MZ/SER/84A15/2016/43,Mizoram,Serchhip,23.315806,92.859192,Debris,Slide,2014,2014.0,1
MZ/CHA/84E07/2017/65,Mizoram,Champhai,23.354778,93.300556,Debris,Slide,2017,2017.0,1
MZ/CHA/84E07/2017/83,Mizoram,Champhai,23.375634,93.384499,Debris,Slide,2017,2017.0,1
MIZO/AIZ/84A10/2007/E-1,Mizoram,Aizawl,23.406389,92.75325,Debris,Slide,08.09.2007 at night,2007.0,1
MZ/CHA/84E03/2017/15,Mizoram,Champhai,23.425583,93.168278,Debris,Slide,2017,2017.0,1
MZ/CHA/84E03/2017/16,Mizoram,Champhai,23.429181,93.171166,Debris,Slide,2017,2017.0,1
MZ/SER/84A15/2016/62,Mizoram,Serchhip,23.447015,92.866917,Rock,Slide,2016,2016.0,1
MZ/CHA/84E07/2017/15,Mizoram,Champhai,23.453389,93.2615,Rock,Slide,2016,2016.0,1
MZ/CHA/84E07/2017/49,Mizoram,Champhai,23.475522,93.313978,Debris,Slide,2017,2017.0,1
MZ/CHA/84E06/2017/34,Mizoram,Champhai,23.510275,93.360333,Debris,Slide,2015,2015.0,1
MZ/CHA/84E06/2017/23,Mizoram,Champhai,23.512147,93.359164,Debris,Slide,2017,2017.0,1
MZ/CHA/84E06/2017/11,Mizoram,Champhai,23.518162,93.366956,Debris,Slide,2016,2016.0,1
MZ/CHA/84E06/2017/31,Mizoram,Champhai,23.540457,93.379051,Debris,Slide,2017,2017.0,1
MZ/CHA/84E06/2017/32,Mizoram,Champhai,23.54294,93.384772,Rock,Slide,2017,2017.0,1
MZ/CHA/84E02/2017/0014,Mizoram,Champhai,23.548173,93.131588,Rock,Slide,2017,2017.0,1
MZ/CHA/84E02/2017/0124,Mizoram,Champhai,23.602395,93.084222,Rock,Slide,2017,2017.0,1
MZ/AZL/84A10/2016/01,Mizoram,Aizawl,23.608306,92.850583,Earth,Slide,2016,2016.0,1
MZ/AIZ/84E02/2017/31,Mizoram,Aizawl,23.663354,93.023297,Rock,Slide,2017,2017.0,1
MIZ/AZL/84A/10/2021/01,Mizoram,Aizawl,23.70166667,92.71944444,Rock,Slide,13 June.2021  at 20:30 hrs,2021.0,1
MZ/AIZ/84A10/2014/03,Mizoram,Aizawl,23.70272,92.71631,Rock,Slide,2007,2007.0,1
MZ/AIZ/84A10/2014/05,Mizoram,Aizawl,23.73436,92.75194,Rock,Slide,2012,2012.0,1
MIZO/AIZ/84A10/2007/E-4,Mizoram,Aizawl,23.744167,92.730472,Rock,Slide,2 September and 8 September 2007,2007.0,1
MIZ/AIZ/84A09/2016/76,Mizoram,Aizawl,23.750454,92.69524,Rock,Slide,2014,2014.0,1
MIZ/AIZ/84A09/2016/80,Mizoram,Aizawl,23.750676,92.679635,Debris,Slide,2016,2016.0,1
MIZO/AIZ/84A10/2007/E-2,Mizoram,Aizawl,23.750722,92.744,Debris,Slide,08 Septemebr 2007,2007.0,1
MIZ/MAM/84A09/2016/127,Mizoram,Mamit,23.751155,92.571589,Debris,Slide,2016,2016.0,1
MIZO/AIZ/84A10/2007/E-3,Mizoram,Aizawl,23.751694,92.731528,Debris,Slide,8 September 2007,2007.0,1
MIZ/AIZ/84A09/2016/79,Mizoram,Aizawl,23.753417,92.687556,Rock,Slide,2016,2016.0,1
MIZ/AIZ/84A09/2016/61,Mizoram,Aizawl,23.754475,92.722754,Debris,Slide,2016,2016.0,1
MIZ/MAM/84A09/2016/128,Mizoram,Mamit,23.757805,92.561473,Debris,Slide,2016,2016.0,1
MIZ/MAM/84A09/2016/124,Mizoram,Mamit,23.761734,92.573908,Debris,Slide,2016,2016.0,1
MIZ/AIZ/84A13/2016/45,Mizoram,Aizawl,23.78,92.84,Debris,Slide,2016,2016.0,1
MIZ/MAM/84A09/2016/126,Mizoram,Mamit,23.780864,92.577909,Debris,Slide,2016,2016.0,1
MIZ/AIZ/84A09/2016/93,Mizoram,Mamit,23.784278,92.597111,Debris,Slide,2016,2016.0,1
MIZ/AIZ/84A13/2016/43,Mizoram,Aizawl,23.788722,92.837833,Debris,Slide,2016,2016.0,1
MIZ/AIZ/84A09/2016/81,Mizoram,Aizawl,23.790132,92.672097,Rock,Slide,2016,2016.0,1
MIZ/MAM/84A09/2016/130,Mizoram,Mamit,23.796268,92.54654,Debris,Slide,2016,2016.0,1
MIZ/AIZ/84A09/2016/90,Mizoram,Aizawl,23.798861,92.642417,Earth,Slide,2016,2016.0,1
MZ/CHA/84E01/2017/37,Mizoram,Champhai,23.799166,93.132919,Debris,Slide,2017,2017.0,1
MIZ/AIZ/84A13/2016/135,Mizoram,Aizawl,23.801624,92.960437,Rock,Slide,2016,2016.0,1
MIZ/MAM/84A09/2016/129,Mizoram,Mamit,23.802567,92.564045,Debris,Slide,2016,2016.0,1
MZ/AIZ/84E01/2017/64,Mizoram,Aizawl,23.808111,93.041779,Rock,Slide,2016,2016.0,1
MZ/CHA/84E05/2017/1,Mizoram,Champhai,23.810806,93.379028,Debris,Slide,2017,2017.0,1
MIZ/AIZ/84A13/2016/134,Mizoram,Aizawl,23.811722,92.959917,Debris,Slide,2016,2016.0,1
MIZ/MAM/84A09/2016/123,Mizoram,Mamit,23.811938,92.570804,Debris,Slide,2016,2016.0,1
MIZ/AIZ/84A13/2016/133,Mizoram,Aizawl,23.812139,92.954167,Rock,Slide,2016,2016.0,1
MIZ/AIZ/84A13/2016/27,Mizoram,Aizawl,23.816,92.84,Debris,Slide,2016,2016.0,1
MIZ/AIZ/84A09/2016/84,Mizoram,Aizawl,23.816611,92.662306,Debris,Slide,2016,2016.0,1
MIZ/AIZ/84A09/2016/83,Mizoram,Aizawl,23.817333,92.661222,Earth,Slide,2016,2016.0,1
MIZ/AIZ/84A13/2016/36,Mizoram,Aizawl,23.819269,92.826983,Debris,Slide,2016,2016.0,1
MIZ/MAM/84A09/2016/125,Mizoram,Mamit,23.821894,92.569325,Debris,Slide,2016,2016.0,1
MIZ/AIZ/84A09/2016/124,Mizoram,Aizawl,23.823222,92.674861,Debris,Slide,2015,2015.0,1
MIZ/AIZ/84A13/2016/131,Mizoram,Aizawl,23.82325,92.925222,Rock,Slide,2016,2016.0,1
MIZ/AIZ/84A13/2016/39,Mizoram,Aizawl,23.824586,92.825019,Rock,Fall,2016,2016.0,1
MZ/CHA/84E05/2017/20,Mizoram,Champhai,23.832916,93.301888,Debris,Slide,2017,2017.0,1
MZ/CHA/84E05/2017/6,Mizoram,Champhai,23.836056,93.37664,Debris,Slide,2017,2017.0,1
MIZ/AIZ/84A13/2016/130,Mizoram,Aizawl,23.83675,92.916556,Debris,Slide,2016,2016.0,1
MIZ/AIZ/84A13/2016/129,Mizoram,Aizawl,23.839417,92.910972,Debris,Slide,2016,2016.0,1
MZ/CHA/84E05/2017/8,Mizoram,Champhai,23.842167,93.373917,Debris,Slide,2017,2017.0,1
MIZ/AIZ/84A13/2016/4,Mizoram,Aizawl,23.844109,92.928779,Debris,Slide,2016,2016.0,1
MZ/CHA/84E05/2017/7,Mizoram,Champhai,23.846056,93.371971,Debris,Slide,2017,2017.0,1
MIZ/AIZ/84A09/2016/85,Mizoram,Mamit,23.846786,92.655892,Rock,Fall,2015,2015.0,1
MIZ/AIZ/84A13/2016/2,Mizoram,Aizawl,23.847224,92.927508,Debris,Slide,2015,2015.0,1
MIZ/AIZ/84A13/2016/1,Mizoram,Aizawl,23.849497,92.928202,Debris,Flow,2016,2016.0,1
MIZ/AIZ/84A09/2016/51,Mizoram,Aizawl,23.850861,92.743083,Rock,Slide,2016,2016.0,1
MIZ/AIZ/84A09/2016/49,Mizoram,Aizawl,23.851361,92.742222,Earth,Slide,2016,2016.0,1
MIZ/AIZ/84A09/2016/125,Mizoram,Aizawl,23.855092,92.666553,Debris,Slide,2015,2015.0,1
MIZ/AIZ/84A09/2016/86,Mizoram,Mamit,23.855535,92.648953,Earth,Slide,2016,2016.0,1
MIZ/AIZ/84A09/2016/50,Mizoram,Aizawl,23.856861,92.743028,Debris,Slide,2016,2016.0,1
MZ/AIZ/84E01/2017/70,Mizoram,Aizawl,23.856972,93.046112,Debris,Subsidence,2015,2015.0,1
MZ/CHA/84E01/2017/3,Mizoram,Champhai,23.860361,93.203804,Rock,Slide,2017,2017.0,1
MZ/CHA/84E05/2017/14,Mizoram,Champhai,23.861805,93.364944,Debris,Slide,2017,2017.0,1
MZ/CHA/84E01/2017/29,Mizoram,Champhai,23.862638,93.204025,Debris,Slide,2017,2017.0,1
MZ/CHA/84E01/2017/13,Mizoram,Champhai,23.867277,93.205643,Debris,Slide,2017,2017.0,1
MIZ/AIZ/84A13/2016/15,Mizoram,Aizawl,23.869861,92.877444,Debris,Slide,2016,2016.0,1
MZ/MAM/84A05/2020/6,Mizoram,Mamit,23.87,92.5,Rock,Slide,2019,2019.0,1
MZ/CHA/84E01/2017/17,Mizoram,Champhai,23.870445,93.208611,Debris,Slide,2017,2017.0,1
MZ/AIZ/84E01/2017/65,Mizoram,Aizawl,23.87075,93.078529,Debris,Slide,2017,2017.0,1
MIZ/AIZ/84A13/2016/7,Mizoram,Aizawl,23.871694,92.919955,Debris,Slide,2016,2016.0,1
MZ/CHA/84E05/2017/11,Mizoram,Champhai,23.877806,93.267609,Rock,Fall,2017,2017.0,1
MIZ/AIZ/84A09/2016/92,Mizoram,Aizawl,23.88,92.69,Rock,Fall,2016,2016.0,1
MZ/CHA/84E01/2017/40,Mizoram,Champhai,23.88139,93.243027,Debris,Slide,2017,2017.0,1
MZ/CHA/84E01/2017/23,Mizoram,Champhai,23.882389,93.248947,Debris,Slide,2017,2017.0,1
MZ/CHA/84E01/2017/33,Mizoram,Champhai,23.886723,93.200279,Debris,Slide,2017,2017.0,1
MZ/CHA/84E05/2017/13,Mizoram,Champhai,23.890694,93.275024,Rock,Slide,2017,2017.0,1
MIZ/AIZ/84A13/2016/29,Mizoram,Aizawl,23.891722,92.84925,Debris,Slide,2016,2016.0,1
MZ/MAM/84A05/2020/3,Mizoram,Mamit,23.9,92.39,Rock,Slide,2019,2019.0,1
MIZ/AIZ/84A13/2016/8,Mizoram,Aizawl,23.902111,92.922556,Debris,Slide,2016,2016.0,1
MIZ/AIZ/84A13/2016/14,Mizoram,Aizawl,23.918389,92.923472,Debris,Slide,2016,2016.0,1
MIZ/AIZ/84A09/2016/105,Mizoram,Mamit,23.918917,92.650833,Rock,Slide,2016,2016.0,1
MIZ/AIZ/84A09/2016/56,Mizoram,Aizawl,23.922639,92.736528,Debris,Slide,2016,2016.0,1
MZ/AIZ/84A09/2014/07,Mizoram,Aizawl,23.92294,92.65703,Debris,Slide,2013,2013.0,1
MIZ/AIZ/84A09/2016/87,Mizoram,Aizawl,23.923047,92.656696,Debris,Slide,2014,2014.0,1
MIZ/AIZ/84A13/2016/10,Mizoram,Aizawl,23.929083,92.922778,Rock,Slide,2016,2016.0,1
MIZ/AIZ/84A09/2016/88,Mizoram,Aizawl,23.933904,92.673871,Rock,Slide,2016,2016.0,1
MZ/CHA/84E05/2017/21,Mizoram,Champhai,23.935917,93.345642,Debris,Slide,2017,2017.0,1
MZ/CHA/84E05/2017/22,Mizoram,Champhai,23.935917,93.345642,Debris,Slide,2017,2017.0,1
MZ/CHA/84E05/2017/10,Mizoram,Champhai,23.936806,93.340668,Debris,Slide,2017,2017.0,1
MIZ/AIZ/84A13/2016/11,Mizoram,Aizawl,23.9395,92.927889,Debris,Slide,2016,2016.0,1
MIZ/AIZ/84A09/2016/89,Mizoram,Aizawl,23.940106,92.680592,Debris,Slide,2016,2016.0,1
MZ/CHA/84E01/2017/10,Mizoram,Champhai,23.942722,93.213531,Debris,Slide,2017,2017.0,1
MIZ/AIZ/84A13/2016/12,Mizoram,Aizawl,23.943241,92.933604,Debris,Slide,2016,2016.0,1
MZ/AZL/84A13/2016/03,Mizoram,Aizawl,23.94325,92.933611,Debris,Slide,2016,2016.0,1
MZ/CHA/84E05/2017/28,Mizoram,Champhai,23.945055,93.313698,Debris,Slide,2017,2017.0,1
MZ/AIZ/84E01/2017/86,Mizoram,Aizawl,23.950417,93.037109,Debris,Slide,2017,2017.0,1
MIZ/AIZ/84A13/2016/132,Mizoram,Aizawl,23.95942,92.943345,Debris,Slide,2016,2016.0,1
MZ/AIZ/84E01/2017/110,Mizoram,Aizawl,23.962278,93.035309,Debris,Slide,2017,2017.0,1
MIZ/AIZ/84A09/2016/109,Mizoram,Kolasib,23.971078,92.682781,Rock,Slide,2016,2016.0,1
MIZ/AIZ/84A09/2016/59,Mizoram,Kolasib,23.982,92.718028,Debris,Slide,2016,2016.0,1
MIZ/AIZ/84A09/2016/123,Mizoram,Aizawl,23.984972,92.772028,Debris,Slide,2016,2016.0,1
MIZ/AIZ/84A09/2016/116,Mizoram,Kolasib,23.986109,92.681581,Rock,Slide,2016,2016.0,1
MIZ/AIZ/84A09/2016/117,Mizoram,Kolasib,23.99016,92.68075,Rock,Slide,2016,2016.0,1
MZ/CHA/83H08/2017/1,Mizoram,Champhai,24.000334,93.300278,Debris,Slide,2016,2016.0,1
MZ/AIZ/83D16/2016/102,Mizoram,Aizawl,24.004186,92.904111,Earth,Slide,2016,2016.0,1
MZ/AIZ/83D16/2016/101,Mizoram,Aizawl,24.004313,92.904068,Earth,Slide,2016,2016.0,1
MZ/KOL/83D12/2016/8,Mizoram,Kolasib,24.004867,92.677265,Rock,Slide,2016,2016.0,1
MZ/AIZ/83D16/2016/36,Mizoram,Aizawl,24.00977,92.767346,Earth,Slide,2016,2016.0,1
MZ/AIZ/83D16/2016/35,Mizoram,Aizawl,24.010279,92.767056,Rock,Slide,2016,2016.0,1
MZ/AIZ/83D16/2016/72,Mizoram,Aizawl,24.015858,92.797666,Earth,Slide,2016,2016.0,1
MZ/AIZ/83D16/2016/37,Mizoram,Aizawl,24.022079,92.771729,Earth,Slide,2016,2016.0,1
MZ/AIZ/83D16/2016/38,Mizoram,Aizawl,24.022188,92.771891,Earth,Slide,2016,2016.0,1
MZ/AIZ/83D16/2016/39,Mizoram,Aizawl,24.022347,92.772075,Earth,Slide,2016,2016.0,1
MZ/AIZ/83D16/2016/40,Mizoram,Aizawl,24.022376,92.77308,Earth,Slide,2016,2016.0,1
MZ/CHA/83H04/2017/1,Mizoram,Champhai,24.023916,93.194336,Debris,Slide,2017,2017.0,1
MZ/AIZ/83D16/2016/41,Mizoram,Aizawl,24.024289,92.771361,Debris,Slide,2016,2016.0,1
MZ/AIZ/83D16/2016/69,Mizoram,Aizawl,24.025094,92.769158,Rock,Slide,2016,2016.0,1
MZ/AIZ/83D16/2016/76,Mizoram,Aizawl,24.025506,92.915628,Rock,Fall,2016,2016.0,1
MZ/AIZ/83D16/2016/75,Mizoram,Aizawl,24.025676,92.914807,Rock,Slide,2016,2016.0,1
MZ/AIZ/83D16/2016/74,Mizoram,Aizawl,24.026556,92.911915,Rock,Fall,2016,2016.0,1
MZ/AIZ/83D16/2016/73,Mizoram,Aizawl,24.028721,92.909301,Earth,Slide,2016,2016.0,1
MZ/AIZ/83D16/2016/71,Mizoram,Aizawl,24.030793,92.793313,Earth,Slide,2016,2016.0,1
MZ/AIZ/83D16/2016/77,Mizoram,Aizawl,24.037336,92.922455,Debris,Slide,2016,2016.0,1
MZ/AIZ/83D16/2016/78,Mizoram,Aizawl,24.037574,92.922489,Earth,Slide,2016,2016.0,1
MZ/AIZ/83D16/2016/70,Mizoram,Aizawl,24.039744,92.780045,Rock,Fall,2016,2016.0,1
MZ/AIZ/83D16/2016/67,Mizoram,Aizawl,24.043187,92.77542,Rock,Slide,2016,2016.0,1
MZ/AIZ/83D16/2016/68,Mizoram,Aizawl,24.043492,92.775423,Rock,Slide,2016,2016.0,1
MZ/AIZ/83D16/2016/66,Mizoram,Aizawl,24.045278,92.775169,Rock,Slide,2016,2016.0,1
MZ/AIZ/83D16/2016/65,Mizoram,Aizawl,24.050391,92.775525,Rock,Slide,2016,2016.0,1
MZ/AIZ/83D16/2016/64,Mizoram,Aizawl,24.053275,92.77647,Rock,Slide,2016,2016.0,1
MZ/MAM/83D08/2020/4,Mizoram,Mamit,24.06,92.39,Rock,Slide,2019,2019.0,1
MZ/AIZ/83D16/2016/80,Mizoram,Aizawl,24.061004,92.925342,Earth,Slide,2016,2016.0,1
MZ/AIZ/83D16/2016/81,Mizoram,Aizawl,24.062429,92.922576,Rock,Slide,2016,2016.0,1
MZ/AIZ/83D16/2016/95,Mizoram,Aizawl,24.067478,92.893471,Rock,Slide,2012,2012.0,1
MZ/AIZ/83D16/2016/94,Mizoram,Aizawl,24.067576,92.893076,Rock,Slide,2012,2012.0,1
MZ/AIZ/83D16/2016/83,Mizoram,Aizawl,24.069401,92.91857,Earth,Slide,2016,2016.0,1
MZ/AIZ/83D16/2016/84,Mizoram,Aizawl,24.069728,92.918457,Earth,Slide,2016,2016.0,1
MZ/AIZ/83D16/2016/63,Mizoram,Aizawl,24.070285,92.787738,Rock,Slide,2016,2016.0,1
MZ/AIZ/83D16/2016/86,Mizoram,Aizawl,24.07462,92.91518,Rock,Slide,2016,2016.0,1
MZ/AIZ/83D16/2016/62,Mizoram,Aizawl,24.076035,92.790672,Rock,Slide,2016,2016.0,1
MZ/AIZ/83D16/2016/61,Mizoram,Aizawl,24.077014,92.790809,Rock,Slide,2016,2016.0,1
MZ/AIZ/83D16/2016/60,Mizoram,Aizawl,24.07814,92.790905,Rock,Slide,2016,2016.0,1
MZ/AIZ/83D16/2016/59,Mizoram,Aizawl,24.078422,92.792189,Rock,Slide,2016,2016.0,1
MZ/AIZ/83D16/2016/88,Mizoram,Aizawl,24.080938,92.914167,Earth,Slide,2016,2016.0,1
MZ/AIZ/83D16/2016/47,Mizoram,Aizawl,24.09109,92.795724,Debris,Slide,2016,2016.0,1
MZ/AIZ/83D16/2016/48,Mizoram,Aizawl,24.09123,92.795928,Rock,Slide,2016,2016.0,1
MZ/AIZ/83D16/2016/49,Mizoram,Aizawl,24.091359,92.796008,Debris,Slide,2016,2016.0,1
MZ/AIZ/83D16/2016/50,Mizoram,Aizawl,24.091664,92.796134,Rock,Slide,2016,2016.0,1
MZ/AIZ/83D16/2016/89,Mizoram,Aizawl,24.094248,92.917745,Rock,Slide,2016,2016.0,1
MZ/AIZ/83D16/2016/92,Mizoram,Aizawl,24.097858,92.918738,Earth,Slide,2016,2016.0,1
MZ/AIZ/83D16/2016/90,Mizoram,Aizawl,24.099117,92.916676,Earth,Slide,2016,2016.0,1
MZ/AIZ/83D16/2016/51,Mizoram,Aizawl,24.102008,92.791628,Rock,Slide,2016,2016.0,1
MZ/AIZ/83D16/2016/29,Mizoram,Aizawl,24.10246,92.811355,Earth,Slide,2016,2016.0,1
MZ/MAM/83D08/2020/19,Mizoram,Mamit,24.12,92.46,Rock,Slide,2019,2019.0,1
MZ/AIZ/83D16/2016/53,Mizoram,Aizawl,24.125294,92.805847,Debris,Slide,2016,2016.0,1
MZ/MAM/83D08/2020/15,Mizoram,Mamit,24.17,92.33,Rock,Slide,2019,2019.0,1
MZ/KOL/83D12/2020/4,Mizoram,Mamit,24.17,92.52,Debris,Slide,2019,2019.0,1
MZ/AIZ/83D16/2016/34,Mizoram,Aizawl,24.183717,92.798909,Rock,Slide,2016,2016.0,1
MZ/KOL/83D12/2016/11,Mizoram,Kolasib,24.188117,92.595278,Rock,Fall,2016,2016.0,1
MZ/AIZ/83D16/2016/104,Mizoram,Aizawl,24.190369,92.94432,Debris,Slide,2016,2016.0,1
MZ/AIZ/83D16/2016/107,Mizoram,Aizawl,24.192522,92.944635,Rock,Slide,2016,2016.0,1
MZ/AIZ/83D16/2016/108,Mizoram,Aizawl,24.19265,92.944583,Rock,Slide,2016,2016.0,1
MZ/AIZ/83D16/2016/110,Mizoram,Aizawl,24.193682,92.946417,Debris,Slide,2016,2016.0,1
MZ/AIZ/83D16/2016/111,Mizoram,Aizawl,24.197474,92.947295,Earth,Slide,2016,2016.0,1
MZ/AIZ/83D16/2016/112,Mizoram,Aizawl,24.198831,92.946348,Rock,Slide,2016,2016.0,1
MZ/AIZ/83D16/2016/122,Mizoram,Aizawl,24.199114,92.992916,Rock,Fall,2016,2016.0,1
MZ/MAM/83D08/2020/16,Mizoram,Mamit,24.2,92.42,Earth,Slide,2019,2019.0,1
MZ/KOL/83D12/2016/3,Mizoram,Kolasib,24.211504,92.679258,Debris,Slide,2016,2016.0,1
MZ/KOL/83D12/2016/4,Mizoram,Kolasib,24.214366,92.680404,Debris,Slide,2016,2016.0,1
MZ/AIZ/83D16/2016/25,Mizoram,Aizawl,24.215868,92.802452,Rock,Slide,2016,2016.0,1
MZ/AIZ/83D16/2016/26,Mizoram,Aizawl,24.216509,92.802591,Rock,Slide,2016,2016.0,1
MZ/KOL/83D12/2016/20,Mizoram,Kolasib,24.217097,92.632545,Rock,Fall,2016,2016.0,1
MZ/AIZ/83D16/2016/113,Mizoram,Aizawl,24.218066,92.951214,Earth,Slide,2016,2016.0,1
MZ/AIZ/83D16/2016/27,Mizoram,Aizawl,24.220596,92.802961,Earth,Slide,2016,2016.0,1
MZ/AIZ/83D16/2016/24,Mizoram,Aizawl,24.225579,92.805884,Debris,Slide,2016,2016.0,1
MZ/AIZ/83D16/2016/28,Mizoram,Aizawl,24.225691,92.805445,Debris,Slide,2016,2016.0,1
MZ/AIZ/83D16/2016/23,Mizoram,Aizawl,24.225969,92.805611,Debris,Slide,2016,2016.0,1
MZ/AIZ/83D16/2016/30,Mizoram,Aizawl,24.229303,92.819002,Earth,Slide,2015,2015.0,1
MZ/AIZ/83D16/2016/31,Mizoram,Aizawl,24.232551,92.81525,Earth,Slide,2015,2015.0,1
MZ/KOL/83D12/2016/16,Mizoram,Kolasib,24.23782,92.612062,Rock,Slide,2016,2016.0,1
MZ/KOL/83D12/2016/5,Mizoram,Kolasib,24.238745,92.681538,Earth,Slide,2016,2016.0,1
MZ/KOL/83D12/2016/1,Mizoram,Kolasib,24.240244,92.694292,Debris,Slide,2016,2016.0,1
MZ/KOL/83D12/2016/6,Mizoram,Kolasib,24.24496,92.683014,Debris,Slide,2016,2016.0,1
MZ/KOL/83D12/2016/7,Mizoram,Kolasib,24.245649,92.681551,Earth,Slide,2016,2016.0,1
MZ/KOL/83D15/2020/16,Mizoram,Kolasib,24.26,92.81,Debris,Slide,2019,2019.0,1
MZ/KOL/83D15/2020/17,Mizoram,Kolasib,24.26,92.81,Debris,Flow,2019,2019.0,1
MZ/KOL/83D15/2020/18,Mizoram,Kolasib,24.27,92.81,Debris,Slide,2019,2019.0,1
MZ/KOL/83D15/2020/19,Mizoram,Kolasib,24.28,92.81,Debris,Slide,2019,2019.0,1
MZ/KOL/83D15/2020/21,Mizoram,Kolasib,24.32,92.84,Debris,Slide,2019,2019.0,1
MZ/KOL/83D15/2020/13,Mizoram,Kolasib,24.34,92.77,Rock,Fall,2019,2019.0,1
MZ/KOL/83D15/2020/24,Mizoram,Kolasib,24.34,92.84,Rock,Slide,2019,2019.0,1
MZ/KOL/83D15/2020/25,Mizoram,Kolasib,24.34,92.84,Rock,Slide,2019,2019.0,1
MZ/KOL/83D15/2020/28,Mizoram,Kolasib,24.34,92.84,Debris,Slide,2019,2019.0,1
MZ/KOL/83D15/2020/44,Mizoram,Kolasib,24.4,92.8,Debris,Slide,2019,2019.0,1
MZ/KOL/83D15/2020/11,Mizoram,Kolasib,24.47,92.76,Rock,Slide,2019,2019.0,1
MZ/AZL/84A10/2024/005,Mizoram,Aizawl,23.7385748,92.6941941,Debris,Slide,28 May 2024,2024.0,1
MZ/AZL/84A10/2024/006,Mizoram,Aizawl,23.74472222,92.69277778,Debris,Slide,28 May 2024,2024.0,1
MZ/AZL/84A10/2024/008,Mizoram,Aizawl,23.7375,92.69444444,Debris,Slide,28 May 2024,2024.0,1
MZ/AZL/84A10/2024/034,Mizoram,Aizawl,23.74,92.715,Debris,Complex,28 May 2024,2024.0,1
MZ/AZL/84A10/2024/035,Mizoram,Aizawl,23.73944444,92.71472222,Rock,Fall,28 May 2024,2024.0,1
MZ/AZL/84A10/2024/044,Mizoram,Aizawl,23.7175,92.71972222,Debris,Complex,19 September 2023,2023.0,1
MZ/AZL/84A10/2024/052,Mizoram,Aizawl,23.68027778,92.72472222,Debris,Slide,28 May 2024,2024.0,1
MZ/AZL/84A10/2024/053,Mizoram,Aizawl,23.67805556,92.72,Debris,Slide,28 May 2024,2024.0,1
MZ/AZL/84A10/2024/077,Mizoram,Aizawl,23.70638889,92.72055556,Debris,Slide,28 May 2024,2024.0,1
MZ/AZL/84A10/2024/080,Mizoram,Aizawl,23.69333333,92.72055556,Debris,Complex,28 May 2024,2024.0,1
MZ/AZL/84A10/2024/081,Mizoram,Aizawl,23.69138889,92.72138889,Debris,Complex,July 2023,2023.0,1
MZ/AZL/84A10/2024/084,Mizoram,Aizawl,23.67611111,92.71972222,Debris,Complex,28 May 2024,2024.0,1
MZ/AZL/84A10/2024/085,Mizoram,Aizawl,23.67138889,92.72361111,Debris,Slide,28 May 2024,2024.0,1
MZ/AZL/84A10/2024/086,Mizoram,Aizawl,23.66694444,92.72194444,Debris,Complex,28 May 2024,2024.0,1
MZ/AZL/84A10/2024/087,Mizoram,Aizawl,23.66666667,92.72388889,Debris,Slide,28 May 2024,2024.0,1
MZ/AZL/84A15/2024/092,Mizoram,Aizawl,23.43277778,92.76111111,Debris,Slide,28 May 2024,2024.0,1
MIZ/AZL/2022/1,Mizoram,Aizawl,23.73044444,92.75108333,Regolith,Debris slide,July 2022,2022.0,1
MIZ/AZL/2022/2,Mizoram,Aizawl,23.73019444,92.75141667,Rock,Rock slide,2010,2010.0,1
MIZ/AZL/2022/3,Mizoram,Aizawl,23.74111111,92.71083333,Colluvium,Debris slide,July 2022,2022.0,1
MIZ/AZL/2022/4,Mizoram,Aizawl,23.74194444,92.71027778,Colluvium,Debris slide,July 2022,2022.0,1
MIZ/AZL/2022/5,Mizoram,Aizawl,23.73041667,92.75552778,Compacted Debris,Debris flow,April 2020,2020.0,1
MIZ/AZL/2022/6,Mizoram,Aizawl,23.73041667,92.75552778,Compacted Debris,Debris flow,2019,2019.0,1
MIZ/AZL/2022/7,Mizoram,Aizawl,23.70825,92.71769444,rock,Rock slide,2022,2022.0,1
MIZ/AZL/2022/9,Mizoram,Aizawl,23.4745,93.28916667,Regolith,Rock slide,July 2022,2022.0,1
MIZ/KOL/2022/10,Mizoram,Kolasib,24.34966667,92.75888889,Earth,Soil slide,August 2022,2022.0,1
MIZ/KOL/2022/11,Mizoram,Kolasib,24.33805556,92.73386111,Rock,Rock slide,August 2022,2022.0,1
MIZ/KOL/2022/12,Mizoram,Kolasib,24.33836111,92.73377778,Regolith,Debris slide,July 2022,2022.0,1
MIZ/KOL/2022/13,Mizoram,Kolasib,24.30905556,92.70394444,Insitu Earth,Soil slide,August 2022,2022.0,1
MIZ/KOL/2022/15,Mizoram,Kolasib,24.24461111,92.69075,Rock,Rock slide,July 2022,2022.0,1
MIZ/KOL/2022/16,Mizoram,Kolasib,24.26297222,92.69216667,Insitu Earth,Soil slide,2022,2022.0,1
MIZ/KOL/2022/17,Mizoram,Kolasib,24.2625,92.69166667,Rock,Rock slide,2022,2022.0,1
MIZ/KOL/2022/19,Mizoram,Kolasib,24.26558333,92.69169444,Regolith,Debris slide,"2020, June 2022",2020.0,1
MIZ/KOL/2022/20,Mizoram,Kolasib,24.36911111,92.72822222,Insitu Earth,Soil slide,October 2022,2022.0,1
MIZ/KOL/2022/21,Mizoram,Kolasib,24.37077778,92.71769444,Insitu Earth,Soil slide,August 2022,2022.0,1
MIZ/KOL/2022/22,Mizoram,Kolasib,24.37402778,92.71846944,Insitu Earth,Soil slide,June 2022,2022.0,1
MIZ/KOL/2022/23,Mizoram,Kolasib,24.51622222,92.77669444,Loose debris,Debris flow,June 2022,2022.0,1
MIZ/KOL/2022/24,Mizoram,Kolasib,24.50772222,92.76961111,Regolith,Debris slide,June 2022,2022.0,1
MIZ/KOL/2022/25,Mizoram,Kolasib,24.36611111,92.71872222,Regolith,debris slide,Juky 2022,2022.0,1
MIZ/KOL/2022/27,Mizoram,Kolasib,24.16647222,92.69555556,Regolith,Debris slide,October 2022,2022.0,1
MIZ/KOL/2022/28,Mizoram,Kolasib,24.00419444,92.67780556,Rock,Rock slide,October 2022,2022.0,1
MIZ/KOL/2022/30,Mizoram,Kolasib,23.98997222,92.68061111,Insitu Earth,Soil slide,July 2022,2022.0,1
MIZ/AZL/2022/32,Mizoram,Aizawl,23.74,92.71416667,Colluvium,Debris slide,"2018, October 2019, August 2020",2018.0,1
MIZ/AZL/2022/33,Mizoram,Aizawl,23.72322222,92.70183333,Regolith,debris slide,May 2022,2022.0,1
MIZ/AZL/2022/34,Mizoram,Aizawl,23.72327778,92.70222222,Regolith,Debris slide,May 2022 (between 14.05.2022 to,2022.0,1
MIZ/AZL/2022/37,Mizoram,Aizawl,23.75861111,92.73261111,Colluvium,Debris slide,2009,2009.0,1
MIZ/AZL/2022/38,Mizoram,Aizawl,23.76494444,92.73427778,Rock,Rock slide,August 2022,2022.0,1
MIZ/AZL/2022/39,Mizoram,Hnahthial,22.91452778,92.89333333,Rock,Rock slide,14 November 2022,2022.0,1
MIZ/AZL/2022/40,Mizoram,Aizawl,23.40041667,92.75269444,Regolith,debris slide,October 2022,2022.0,1
MIZ/AZL/2022/41,Mizoram,Aizawl,23.40169444,92.75025,Regolith,Debris slide,2020,2020.0,1
MIZ/AZL/2022/42,Mizoram,Aizawl,23.43936111,92.76144444,Rock,Rock slide,"July 2022, October 2022",2022.0,1
MIZ/AZL/2022/43,Mizoram,Aizawl,23.65669444,92.72694444,Insitu Earth,Subsidence,September 2007,2007.0,1
MIZ/AZL/2022/44,Mizoram,Aizawl,23.72786111,92.73955556,Regolith,Debris slide,October 2022,2022.0,1
MIZ/AZL/2022/45,Mizoram,Aizawl,23.72713889,92.7405,Regolith,Debris slide,"2017, July 2022",2017.0,1
MIZ/AZL/2022/46,Mizoram,Aizawl,23.77022222,92.76,Insitu Earth,Soil slide,September 2022,2022.0,1
MIZ/AZL/2022/47,Mizoram,Aizawl,23.77166667,92.7605,Colluvium,Debris slide,September 2022,2022.0,1
MIZ/AZL/2022/48,Mizoram,Aizawl,23.77161111,92.75913889,Colluvium,Debris slide,July 2022,2022.0,1
MIZ/AZL/2022/51,Mizoram,Aizawl,23.70827778,92.71711111,Insitu Earth,Soil slide,"23 July 2022, October 2022",2022.0,1
MIZ/AZL/2022/52,Mizoram,Aizawl,23.73241667,92.71480556,Compacted Debris,Subsidence,"July 2004, 2005,  2006, 2008, April",2004.0,1
MIZ/AZL/2022/53,Mizoram,Aizawl,23.73053889,92.716019,Compacted Debris,Debris flow,22 June 2018,2018.0,1
MIZ/AZL/2022/55,Mizoram,Aizawl,23.75286,92.73307,rock,Rock slide,26.07.2019 (1:02 am),2019.0,1
MIZ/AZL/2022/56,Mizoram,Aizawl,23.75005,92.7355,Compacted Debris,Debris slide,August 2022,2022.0,1
MIZ/AZL/2022/57,Mizoram,Aizawl,23.93395,92.65928,Insitu Earth,Debris slide,December 2022,2022.0,1
MIZ/AZL/2022/58,Mizoram,Aizawl,23.829501,92.736459,Insitu Earth,Debris flow,"2020 July, 2021 July, 2022 August",2020.0,1
MIZ/AZL/2022/59,Mizoram,Aizawl,23.828321,92.73701,Insitu Earth,Debris flow,"2020 July, 2021 July, 2022 August",2020.0,1
MIZ/AZL/2022/60,Mizoram,Aizawl,23.8665,92.74215,Regolith,Debris flow,October 2022,2022.0,1
MIZ/AZL/2022/61,Mizoram,Aizawl,23.84421,92.74158,Insitu Earth,Soil slide,December 2022,2022.0,1
MIZ/AZL/2022/64,Mizoram,Aizawl,23.71824,92.72272,Compacted Debris,Debris slide,August 2022,2022.0,1
MIZ/AZL/2022/65,Mizoram,Aizawl,23.74256944,92.73774444,Compacted Debris,Subsidence,2021 July,2021.0,1
MIZ/AZL/2022/66,Mizoram,Aizawl,23.88147222,92.84263889,Insitu Earth,Soil slide,December 2022,2022.0,1
MIZ/AZL/2022/67,Mizoram,Aizawl,23.88355556,92.84952778,Regolith,debris slide,December 2022,2022.0,1
MIZ/AZL/2022/68,Mizoram,Aizawl,23.93202778,92.87436111,Compacted Debris,Debris slide,December 2022,2022.0,1
MIZ/AZL/2022/69,Mizoram,Aizawl,23.89247222,92.85047222,Regolith,debris slide,December 2022,2022.0,1
MIZ/AZL/2022/70,Mizoram,Aizawl,23.88386111,92.87505556,Insitu Earth,Soil slide,December 2022,2022.0,1
MIZ/AZL/2022/71,Mizoram,Aizawl,23.87925,92.87127778,Insitu Earth,Soil slide,"August 2022, October 2022",2022.0,1
MIZ/AZL/2022/72,Mizoram,Aizawl,23.88113889,92.87755556,Insitu Earth,Soil slide,2019,2019.0,1
MIZ/AZL/2022/73,Mizoram,Aizawl,23.73541667,92.81222222,Insitu Earth,Debris slide,July 2022,2022.0,1
MIZ/AZL/2022/74,Mizoram,Aizawl,23.732,92.75963889,Compacted Debris,Debris slide,July 2022,2022.0,1
MIZ/AZL/2022/76,Mizoram,Aizawl,23.73611111,92.75130556,regolith,Debris slide,2019,2019.0,1
MIZ/AZL/2023/77,Mizoram,Aizawl,23.67058333,92.72530556,Debris,Slide,July2023,2023.0,1
MIZ/AZL/2023/80,Mizoram,Aizawl,23.59944444,92.72019444,Debris,Slide,"9 June 2023, 2020, 2021, 2022",2023.0,1
MIZ/AZL/2023/81,Mizoram,Aizawl,23.51980556,92.70066667,Debris,Slide,13 August 2023,2023.0,1
MIZ/AZL/2023/82,Mizoram,Aizawl,24.02027778,92.92861111,Debris,Slide,"June 2018, July 2019",2018.0,1
MIZ/AZL/2023/83,Mizoram,Aizawl,24.02833333,92.89138889,Debris,Slide,July 2022,2022.0,1
MIZ/AZL/2023/84,Mizoram,Aizawl,24.26311111,92.96041667,Debris,Slide,Last week of september 2023,2023.0,1
MIZ/AZL/2023/85,Mizoram,Aizawl,24.27138889,92.96,Debris,Slide,24 July 2023,2023.0,1
MIZ/AZL/2023/87,Mizoram,Aizawl,24.36527778,92.93,Debris,Slide,September 2023,2023.0,1
MIZ/AZL/2023/88,Mizoram,Aizawl,24.36555556,92.93,Debris,Slide,October 2023,2023.0,1
MIZ/AZL/2023/89,Mizoram,Aizawl,24.28361111,92.9125,Debris,Slide,July 2023,2023.0,1
MIZ/AZL/2023/90,Mizoram,Aizawl,24.22416667,92.97638889,Debris,Subsidence,"2014, 2016, 2019, June and July 2022,",2014.0,1
MIZ/AZL/2023/91,Mizoram,Aizawl,24.22472222,92.9775,Debris,Slide,August 2014,2014.0,1
MIZ/AZL/2023/92,Mizoram,Aizawl,24.22527778,92.97777778,Debris,Slide,August 2021,2021.0,1
MIZ/AZL/2023/93,Mizoram,Aizawl,24.22972222,92.99333333,Earth,Slide,July 2023,2023.0,1
MIZ/AZL/2023/94,Mizoram,Aizawl,24.31925,92.99080556,Debris,Slide,August 2020,2020.0,1
MIZ/AZL/2023/95,Mizoram,Aizawl,24.31991667,92.99033333,Debris,Slide,July 2022,2022.0,1
MIZ/AZL/2023/96,Mizoram,Aizawl,24.2005,92.94105556,Debris,Slide,1st week of september 2023,2023.0,1
MIZ/AZL/2023/97,Mizoram,Aizawl,24.19963889,92.94088889,Rock,Slide,1st week of september 2023,2023.0,1
MIZ/AZL/2023/98,Mizoram,Aizawl,24.19388889,92.94455556,Rock,Slide,September 2023,2023.0,1
MIZ/AZL/2023/99,Mizoram,Aizawl,24.19116667,92.94330556,Debris,Slide,September 2023,2023.0,1
MIZ/AZL/2023/100,Mizoram,Aizawl,24.18252778,92.94991667,Debris,Slide,"2016, 2022 August, 2023 July",2016.0,1
MIZ/AZL/2023/101,Mizoram,Aizawl,24.18372222,92.94961111,Debris,Slide,"June 1987, 2022 August",2022.0,1
MIZ/AZL/2023/102,Mizoram,Aizawl,24.18561111,92.94536111,Debris,Slide,15 August 2013,2013.0,1
MIZ/AZL/2023/103,Mizoram,Aizawl,24.15402778,92.94444444,Debris,Slide,1st week of September2023,2023.0,1
MIZ/AZL/2023/104,Mizoram,Aizawl,24.23847222,92.95591667,Debris,Slide,"October 2021,  August 2022,",2021.0,1
MIZ/AZL/2023/105,Mizoram,Aizawl,24.23777778,92.95583333,Debris,Slide,Second week of August 2023,2023.0,1
MIZ/AZL/2023/106,Mizoram,Aizawl,24.23738889,92.95508333,Debris,Slide,August 2023,2023.0,1
MIZ/AZL/2023/107,Mizoram,Aizawl,24.23775,92.95447222,Debris,Slide,August 2023,2023.0,1
MIZ/AZL/2023/108,Mizoram,Aizawl,24.22166667,93.00305556,Debris,Fall,July 2023,2023.0,1
MIZ/AZL/2023/109,Mizoram,Aizawl,24.20083333,92.985,Debris,Slide,July 2023,2023.0,1
MIZ/AZL/2023/110,Mizoram,Aizawl,24.14083333,92.92527778,Rock,Slide,2nd week of September 2023,2023.0,1
MIZ/AZL/2023/111,Mizoram,Aizawl,24.19533333,92.99544444,Debris,Slide,August 2023,2023.0,1
MIZ/AZL/2023/112,Mizoram,Aizawl,24.07805556,92.91155556,Rock,Fall,September 2023,2023.0,1
MIZ/AZL/2023/113,Mizoram,Aizawl,24.02555556,92.91944444,Debris,Flow,September 2023,2023.0,1
MIZ/AZL/2023/114,Mizoram,Aizawl,23.90527778,92.92083333,Debris,Slide,October 2022,2022.0,1
MIZ/AZL/2023/115,Mizoram,Aizawl,23.90222222,92.91888889,Debris,Slide,October 2022,2022.0,1
MIZ/AZL/2023/116,Mizoram,Aizawl,23.8975,92.92,Debris,Slide,October 2022,2022.0,1
MIZ/AZL/2023/117,Mizoram,Aizawl,23.89027778,92.91944444,Debris,Slide,October 2022,2022.0,1
MIZ/AZL/2023/118,Mizoram,Aizawl,23.89083333,92.92055556,Debris,Slide,September 2022,2022.0,1
MIZ/AZL/2023/119,Mizoram,Aizawl,23.88833333,93.08638889,Debris,Slide,"September 2022, October 2023",2022.0,1
MIZ/AZL/2023/120,Mizoram,Aizawl,23.88666667,92.91861111,Rock,Slide,September 2023,2023.0,1
MIZ/AZL/2023/121,Mizoram,Aizawl,23.86694444,92.91444444,Debris,Slide,August 2022,2022.0,1
MIZ/AZL/2023/122,Mizoram,Aizawl,23.85527778,92.90472222,Debris,Slide,October 2022,2022.0,1
MIZ/AZL/2023/123,Mizoram,Aizawl,23.85972222,92.89694444,Debris,Slide,"2019, October 2022, September 2023",2019.0,1
MIZ/AZL/2023/124,Mizoram,Aizawl,23.86277778,92.8825,Debris,Slide,October 2022,2022.0,1
MIZ/AZL/2023/125,Mizoram,Aizawl,23.86472222,92.88194444,Rock,Slide,October 2022,2022.0,1
MIZ/AZL/2023/126,Mizoram,Aizawl,23.86638889,92.88138889,Debris,Slide,"2 October 2022, September 2023",2022.0,1
MIZ/AZL/2023/127,Mizoram,Aizawl,23.87694444,92.87694444,Debris,Slide,Septemebr 2023,2023.0,1
MIZ/AZL/2023/128,Mizoram,Aizawl,23.88194444,92.88166667,Debris,Slide,2nd week of September 2023,2023.0,1
MIZ/AZL/2023/129,Mizoram,Aizawl,23.36852778,92.76575,Rock,Slide,2nd week of September 2023,2023.0,1
MIZ/AZL/2023/130,Mizoram,Aizawl,23.36852778,92.76538889,Rock,Slide,2nd week of September 2023,2023.0,1
MIZ/AZL/2023/131,Mizoram,Aizawl,23.37533333,92.75472222,Debris,Slide,2nd week of August 2023,2023.0,1
MIZ/AZL/2023/132,Mizoram,Aizawl,23.35655556,92.76958333,Debris,Slide,August 2023,2023.0,1
MIZ/AZL/2023/133,Mizoram,Aizawl,23.35516667,92.76991667,Debris,Slide,August 2023,2023.0,1
MIZ/AZL/2023/134,Mizoram,Aizawl,23.33022222,92.78886111,Debris,Flow,2nd week August 2023,2023.0,1
MIZ/AZL/2023/135,Mizoram,Aizawl,23.39813889,92.7485,Debris,Slide,"August 2022, July 2023",2022.0,1
MIZ/AZL/2023/136,Mizoram,Aizawl,23.41277778,92.73077778,Debris,Slide,8August 2023,2023.0,1
MIZ/AZL/2023/137,Mizoram,Aizawl,23.38519444,92.752,Debris,Slide,September 2023,2023.0,1
MIZ/AZL/2023/138,Mizoram,Aizawl,23.65675,92.70352778,Debris,Slide,1st week of August 2023,2023.0,1
MIZ/AZL/2023/139,Mizoram,Aizawl,23.65416667,92.70222222,Debris,Slide,1st week of August 2023,2023.0,1
MIZ/AZL/2023/140,Mizoram,Aizawl,23.65955556,92.67111111,Debris,Slide,"August 2022, August 2023",2022.0,1
MIZ/AZL/2023/141,Mizoram,Aizawl,23.66030556,92.67244444,Earth,Slide,"July 2018, July 2023",2018.0,1
MIZ/AZL/2023/142,Mizoram,Aizawl,23.57166667,92.71083333,Debris,Slide,9 June 2023,2023.0,1
MIZ/AZL/2023/143,Mizoram,Aizawl,23.58388889,92.71722222,Rock,Slide,8 August 2023,2023.0,1
MIZ/AZL/2023/144,Mizoram,Aizawl,23.58591667,92.71777778,Earth,Slide,25 July 2023,2023.0,1
MIZ/AZL/2023/145,Mizoram,Aizawl,23.55944444,92.70833333,Earth,Slide,06 July 2023,2023.0,1
MIZ/AZL/2023/146,Mizoram,Aizawl,23.54380556,92.70136111,Debris,Slide,06 August 2023,2023.0,1
MIZ/AZL/2023/147,Mizoram,Aizawl,23.54027778,92.70138889,Rock,Slide,06 August 2023,2023.0,1
MIZ/AZL/2023/148,Mizoram,Aizawl,23.53986111,92.70063889,Debris,Slide,06 August 2023,2023.0,1
MIZ/AZL/2023/149,Mizoram,Aizawl,23.535,92.69694444,Rock,Slide,28 July 2023,2023.0,1
MIZ/AZL/2023/150,Mizoram,Aizawl,23.53333333,92.69722222,Earth,Slide,2 August 2023,2023.0,1
MIZ/AZL/2023/151,Mizoram,Aizawl,23.52972222,92.69611111,Debris,Slide,3 August 2023,2023.0,1
MIZ/AZL/2023/152,Mizoram,Aizawl,23.49991667,92.70136111,Debris,Slide,2 June 2023,2023.0,1
MIZ/AZL/2023/153,Mizoram,Aizawl,23.5,92.70111111,Debris,Slide,09 August 2023,2023.0,1
MIZ/AZL/2023/154,Mizoram,Aizawl,23.47405556,92.71008333,Debris,Slide,September 2023,2023.0,1
MIZ/AZL/2023/155,Mizoram,Aizawl,23.78138889,92.67638889,Rock,Slide,25 October 2023,2023.0,1
MIZ/KOL/2023/156,Mizoram,Kolasib,23.93194444,92.65222222,Debris,Slide,"17 September 2023, 2019, 2018",2023.0,1
MIZ/KOL/2023/157,Mizoram,Kolasib,23.93027778,92.6525,Rock,Slide,17 September 2023,2023.0,1
MIZ/KOL/2023/158,Mizoram,Kolasib,23.05805556,92.67583333,Debris,Slide,12 August 2023,2023.0,1
MIZ/KOL/2023/159,Mizoram,Kolasib,23.0475,92.67166667,Earth,Slide,"12 September 2023, 2016. 2019",2023.0,1
MIZ/KOL/2023/160,Mizoram,Kolasib,23.05222222,92.67027778,Debris,Slide,12 September 2023,2023.0,1
MIZ/KOL/2023/161,Mizoram,Kolasib,23.03833333,92.67055556,Earth,Slide,12 August .2023,2023.0,1
MIZ/KOL/2023/162,Mizoram,Kolasib,23.03016667,92.67336111,Debris,Slide,12 September 2023,2023.0,1
MIZ/KOL/2023/163,Mizoram,Kolasib,23.02280556,92.67255556,Debris,Slide,17 September 2023,2023.0,1
MIZ/KOL/2023/164,Mizoram,Kolasib,23.00638889,92.67691667,Rock,Slide,23 July 2023,2023.0,1
MIZ/KOL/2023/165,Mizoram,Kolasib,23.32522222,92.70047222,Debris,Slide,September 2023,2023.0,1
MIZ/KOL/2023/166,Mizoram,Kolasib,23.97411111,92.71730556,Earth,Slide,August 2023,2023.0,1
MIZ/KOL/2023/167,Mizoram,Kolasib,23.97361111,92.7225,Earth,Slide,August 2023,2023.0,1
MIZ/KOL/2023/168,Mizoram,Kolasib,23.91916667,92.7375,Debris,Slide,Last week of August 2023,2023.0,1
MIZ/KOL/2023/169,Mizoram,Kolasib,23.91777778,92.73805556,Rock,Slide,27 September 2023,2023.0,1
MIZ/KOL/2023/170,Mizoram,Kolasib,23.89638889,92.73638889,Rock,Slide,27 September 2023,2023.0,1
MIZ/KOL/2023/171,Mizoram,Kolasib,23.00461111,92.67744444,Rock,Slide,2023,2023.0,1
MIZ/KOL/2023/172,Mizoram,Kolasib,23.00011111,92.67905556,Debris,Slide,2023,2023.0,1
MIZ/KOL/2023/173,Mizoram,Kolasib,23.99777778,92.68166667,Rock,Slide,August 2023,2023.0,1
MIZ/KOL/2023/174,Mizoram,Kolasib,23.99333333,92.68055556,Debris,Slide,October 2023,2023.0,1
MIZ/KOL/2023/175,Mizoram,Kolasib,23.98472222,92.68138889,Debris,Slide,October 2023,2023.0,1
MIZ/KOL/2023/176,Mizoram,Kolasib,23.98388889,92.68305556,Rock,Slide,October 2023,2023.0,1
MIZ/KOL/2023/177,Mizoram,Kolasib,23.97222222,92.68333333,Debris,Slide,1st week of October 2023,2023.0,1
MIZ/KOL/2023/178,Mizoram,Kolasib,23.97083333,92.6825,Rock,Slide,1st week of October  2023,2023.0,1
MIZ/KOL/2023/179,Mizoram,Kolasib,23.94722222,92.68527778,Debris,Slide,1st week of October 2023,2023.0,1
MIZ/KOL/2023/180,Mizoram,Kolasib,23.94138889,92.68305556,Debris,Slide,September 2023,2023.0,1
MIZ/KOL/2023/181,Mizoram,Kolasib,23.94722222,92.68277778,Debris,Slide,September 2023,2023.0,1
MIZ/KOL/2023/182,Mizoram,Kolasib,23.94,92.68277778,Debris,Slide,September 2023,2023.0,1
MIZ/KOL/2023/183,Mizoram,Kolasib,23.93916667,92.68,Rock,Slide,September 2023,2023.0,1
MIZ/KOL/2023/184,Mizoram,Kolasib,23.93583333,92.67805556,Debris,Flow,"2022, September and October 2023",2022.0,1
MIZ/KOL/2023/185,Mizoram,Kolasib,23.935,92.67777778,Earth,Slide,October 1st week 2023,2023.0,1
MIZ/KOL/2023/186,Mizoram,Kolasib,23.93388889,92.67555556,Earth,Slide,10.12.2023,2023.0,1
MIZ/KOL/2023/187,Mizoram,Kolasib,23.93361111,92.67388889,Earth,Slide,09.12.2023,2023.0,1
MIZ/KOL/2023/188,Mizoram,Kolasib,23.93333333,92.67305556,Rock,Slide,09.12.2023,2023.0,1
MIZ/KOL/2023/189,Mizoram,Kolasib,23.93444444,92.66416667,Earth,Slide,November 2023,2023.0,1
MIZ/KOL/2023/190,Mizoram,Kolasib,23.93055556,92.65638889,Earth,Slide,June 2023,2023.0,1
MIZ/KOL/2023/191,Mizoram,Kolasib,23.95055556,92.785,Debris,Slide,"August 2023, October 2023",2023.0,1
MIZ/KOL/2023/192,Mizoram,Kolasib,24.00972222,92.76555556,Rock,Slide,September 2023,2023.0,1
MIZ/KOL/2023/193,Mizoram,Kolasib,24.06638889,92.78194444,Debris,Slide,September 2023,2023.0,1
MIZ/KOL/2023/194,Mizoram,Kolasib,24.06916667,92.78638889,Earth,Slide,December 2023,2023.0,1
MIZ/KOL/2023/195,Mizoram,Kolasib,24.0775,92.79055556,Rock,Slide,"August 2023, September 2023",2023.0,1
MIZ/KOL/2023/196,Mizoram,Kolasib,24.08222222,92.79305556,Earth,Slide,September 2023,2023.0,1
MIZ/KOL/2023/197,Mizoram,Kolasib,24.10027778,92.79583333,Earth,Slide,December 2023,2023.0,1
MIZ/KOL/2023/198,Mizoram,Kolasib,24.0525,92.66833333,Debris,Slide,September 2023,2023.0,1
MIZ/KOL/2023/199,Mizoram,Kolasib,24.05138889,92.66833333,Debris,Slide,September 2023,2023.0,1
MIZ/KOL/2023/200,Mizoram,Kolasib,24.04777778,92.66777778,Debris,Flow,September 2023,2023.0,1
MIZ/KOL/2023/201,Mizoram,Kolasib,24.05361111,92.66555556,Earth,Slide,September 2023,2023.0,1
MIZ/KOL/2023/202,Mizoram,Kolasib,24.05722222,92.66583333,Debris,Slide,September 2023,2023.0,1
MIZ/KOL/2023/203,Mizoram,Kolasib,24.06111111,92.59972222,Earth,Slide,2nd week of July 2022,2022.0,1
MIZ/KOL/2023/204,Mizoram,Kolasib,24.06194444,92.59444444,Earth,Slide,"2021, June 2022",2021.0,1
MIZ/KOL/2023/205,Mizoram,Kolasib,24.06333333,92.59277778,Debris,Slide,"2023 June, 2023 November",2023.0,1
MIZ/AZL/2023/206,Mizoram,Aizawl,23.63472222,92.855,Debris,Slide,9th to 11th July 2023,2023.0,1
MIZ/AZL/2023/207,Mizoram,Aizawl,23.69472222,92.85916667,Rock,Slide,June 2023,2023.0,1
MIZ/KOL/2023/208,Mizoram,Kolasib,24.18055556,92.69555556,Rock,Slide,"September 2023, November 2023",2023.0,1
MIZ/KOL/2023/209,Mizoram,Kolasib,24.24472222,92.69111111,Rock,Slide,"August 2023, October 2023",2023.0,1
MIZ/KOL/2023/210,Mizoram,Kolasib,24.24722222,92.69333333,Debris,Slide,Jully 2023,2023.0,1
MIZ/KOL/2023/211,Mizoram,Kolasib,24.26944444,92.69222222,Debris,Flow,August 2023,2023.0,1
MIZ/KOL/2023/212,Mizoram,Kolasib,24.19111111,92.60222222,Rock,Fall,December 2023,2023.0,1
MIZ/KOL/2023/213,Mizoram,Kolasib,24.17555556,92.57222222,Debris,Slide,1st week of August 2023,2023.0,1
MIZ/KOL/2023/214,Mizoram,Kolasib,24.17638889,92.57333333,Earth,Slide,1st week August 2023,2023.0,1
MIZ/AZL/2023/215,Mizoram,Aizawl,23.72055556,92.80055556,Earth,Slide,"July 2016, 2020, 2022",2016.0,1
MIZ/AZL/2024/216,Mizoram,Aizawl,23.57472222,92.85277778,Rock-cum-debris,Slide,2nd week of July  2024,2024.0,1
MIZ/AZL/2024/217,Mizoram,Aizawl,23.59194444,92.84972222,Rock-cum-debris,Slide,June 2024,2024.0,1
MIZ/AZL/2024/218,Mizoram,Aizawl,23.59833333,92.85194444,Rock,Slide,2nd week June 2024,2024.0,1
MIZ/AZL/2024/219,Mizoram,Aizawl,23.60416667,92.85472222,Rock-cum-debris,Slide,3rd week July 2024,2024.0,1
MIZ/AZL/2024/220,Mizoram,Aizawl,23.60861111,92.85055556,Debris,Slide,28 May 2024,2024.0,1
MIZ/AZL/2024/221,Mizoram,Aizawl,23.62,92.85055556,Debris,Slide,July 2024,2024.0,1
MIZ/AZL/2024/222,Mizoram,Aizawl,23.62055556,92.85083333,Debris,Slide,July 2024,2024.0,1
MIZ/AZL/2024/224,Mizoram,Aizawl,23.64222222,92.855,Debris,Slide,June 2024,2024.0,1
MIZ/AZL/2024/225,Mizoram,Aizawl,23.65583333,92.86111111,Debris,Slide,May 2024,2024.0,1
MIZ/AZL/2024/227,Mizoram,Aizawl,23.73305556,92.75,Debris,Slide,22 July 2024,2024.0,1
MIZ/AZL/2024/228,Mizoram,Aizawl,23.73222222,92.75,Debris,Slide,28 May 2024,2024.0,1
MIZ/AZL/2024/229,Mizoram,Aizawl,23.73194444,92.75,Debris,Slide,28 May 2024,2024.0,1
MIZ/AZL/2024/230,Mizoram,Aizawl,23.74083333,92.74111111,Debris,Slide,28 May 2024,2024.0,1
MIZ/AZL/2024/231,Mizoram,Aizawl,23.74916667,92.7375,Debris,Slide,30 June 2024,2024.0,1
MIZ/AZL/2024/232,Mizoram,Aizawl,23.74972222,92.73888889,Debris,Slide,28 Aug ust 2024,2024.0,1
MIZ/AZL/2024/234,Mizoram,Aizawl,23.75972222,92.74083333,Debris,Slide,2 July2024,2024.0,1
MIZ/AZL/2024/235,Mizoram,Aizawl,23.76972222,92.74472222,Earth,Slide,28 May 2024,2024.0,1
MIZ/AZL/2024/236,Mizoram,Aizawl,23.76944444,92.73583333,Rock,Slide,"July 2023 , July 2024",2023.0,1
MIZ/AZL/2024/237,Mizoram,Aizawl,23.76388889,92.73388889,Rock,Slide,26 September 2024,2024.0,1
MIZ/AZL/2024/238,Mizoram,Aizawl,23.76055556,92.73194444,Debris,Slide,2 July 2024,2024.0,1
MIZ/AZL/2024/239,Mizoram,Aizawl,23.71583333,92.72,Debris,Fall,"28th May, 2024",2024.0,1
MIZ/AZL/2024/240,Mizoram,Aizawl,23.7413587,92.7075844,Debris,Subsidence,2022,2022.0,1
MIZ/AZL/2024/241,Mizoram,Aizawl,23.73888889,92.71472222,Debris,Slide,21 August 2024,2024.0,1
MIZ/AZL/2024/242,Mizoram,Aizawl,23.73694444,92.715,Rock,Slide,"28th May, 2024,",2024.0,1
MIZ/AZL/2024/243,Mizoram,Aizawl,23.73722222,92.71972222,Rock,Slide,July - August 2024,2024.0,1
MIZ/AZL/2024/244,Mizoram,Aizawl,22.74694444,92.69583333,Rock,Slide,July 2024,2024.0,1
MIZ/AZL/2024/247,Mizoram,Aizawl,23.74916667,92.69416667,Debris,Slide,28 May 2024,2024.0,1
MIZ/AZL/2024/249,Mizoram,Aizawl,23.74194444,92.71305556,Debris,Slide,21 August 2024,2024.0,1
MIZ/AZL/2024/250,Mizoram,Aizawl,23.74388889,92.71222222,Debris,Slide,20 July 2024,2024.0,1
MIZ/AZL/2024/252,Mizoram,Aizawl,23.74722222,92.71805556,Debris,Slide,2 July 2024,2024.0,1
MIZ/AZL/2024/253,Mizoram,Aizawl,23.76583333,92.71527778,Debris,Slide,July 2024,2024.0,1
MIZ/AZL/2024/254,Mizoram,Aizawl,23.69277778,92.72055556,Debris,Slide,28 May 2024,2024.0,1
MIZ/AZL/2024/262,Mizoram,Aizawl,23.69777778,92.71944444,Debris,Slide,20 September 2024,2024.0,1
MIZ/AZL/2024/263,Mizoram,Aizawl,23.69972222,92.7175,Debris,Slide,20 June 2024,2024.0,1
MIZ/AZL/2024/265,Mizoram,Aizawl,23.70972222,92.72222222,Debris,Slide,28 May 2024,2024.0,1
MIZ/AZL/2024/266,Mizoram,Aizawl,23.69944444,92.71972222,Debris,Complex,28 May 2024,2024.0,1
MIZ/AZL/2024/268,Mizoram,Aizawl,23.68916667,92.72055556,Debris,Slide,"28 May 2024, 2 July 2024",2024.0,1
MIZ/AZL/2024/270,Mizoram,Aizawl,23.70277778,92.72083333,Rock,Slide,2 July 2024,2024.0,1
MIZ/AZL/2024/271,Mizoram,Aizawl,23.7025,92.72138889,Debris,Slide,2 July 2024,2024.0,1
MIZ/AZL/2024/272,Mizoram,Aizawl,23.69805556,92.72277778,Debris,Slide,2 July 2024,2024.0,1
MIZ/AZL/2024/273,Mizoram,Aizawl,23.69361111,92.7225,Debris,Slide,28 June 2024,2024.0,1
MIZ/AZL/2024/274,Mizoram,Aizawl,23.67972222,92.72333333,Earth,Slide,September 2024,2024.0,1
MIZ/AZL/2024/275,Mizoram,Aizawl,23.67305556,92.72333333,Rock,Complex,19t June 2024,2024.0,1
MIZ/AZL/2024/278,Mizoram,Aizawl,23.66416667,92.72055556,Debris,Complex,28 May 2024,2024.0,1
MIZ/AZL/2024/279,Mizoram,Aizawl,23.66055556,92.72527778,Debris,Slide,28 May 2024,2024.0,1
MIZ/AZL/2024/280,Mizoram,Aizawl,23.66,92.72638889,Debris,Slide,28 May 2024,2024.0,1
MIZ/AZL/2024/281,Mizoram,Aizawl,23.65527778,92.72694444,Debris,Slide,28 May 2024,2024.0,1
MIZ/AZL/2024/282,Mizoram,Aizawl,23.65138889,92.72694444,Debris,Slide,28 May 2024,2024.0,1
MIZ/AZL/2024/283,Mizoram,Aizawl,23.64555556,92.72444444,Debris,Slide,28 May 2024,2024.0,1
MIZ/AZL/2024/285,Mizoram,Aizawl,23.64444444,92.72527778,Debris,Complex,28 May 2024,2024.0,1
MIZ/AZL/2024/286,Mizoram,Aizawl,23.64166667,92.72416667,Debris,Slide,28 May 2024,2024.0,1
MIZ/AZL/2024/287,Mizoram,Aizawl,23.64083333,92.72472222,Debris,Slide,28 May 2024,2024.0,1
MIZ/AZL/2024/288,Mizoram,Aizawl,23.6375,92.72277778,Debris,Slide,28 May 2024,2024.0,1
MIZ/AZL/2024/294,Mizoram,Aizawl,23.62611111,92.72638889,Debris,Slide,28 May 2024,2024.0,1
MIZ/AZL/2024/295,Mizoram,Aizawl,23.6325,92.72388889,Debris,Slide,28 May 2024,2024.0,1
MIZ/AZL/2024/297,Mizoram,Aizawl,23.62972222,92.72555556,Debris,Slide,28 May 2024,2024.0,1
MIZ/AZL/2024/299,Mizoram,Aizawl,23.67416667,92.72055556,Debris,Slide,25t August 2024,2024.0,1
MIZ/AZL/2024/300,Mizoram,Aizawl,23.66166667,92.72416667,Debris,Slide,19 Jul 2024,2024.0,1
MIZ/AZL/2024/302,Mizoram,Aizawl,23.61611111,92.71722222,Debris,Slide,28 May 2024,2024.0,1
MIZ/AZL/2024/305,Mizoram,Aizawl,23.61861111,92.72611111,Debris,Slide,28 May 2024,2024.0,1
MIZ/AZL/2024/306,Mizoram,Aizawl,23.60555556,92.725,Debris,Slide,28 May 2024,2024.0,1
MIZ/AZL/2024/307,Mizoram,Aizawl,23.58694444,92.8175,Debris,Slide,25 August 2024,2024.0,1
MIZ/AZL/2024/312,Mizoram,Aizawl,23.59194444,92.75055556,Debris,Slide,28 May 2024,2024.0,1
MIZ/AZL/2024/313,Mizoram,Aizawl,23.595,92.81611111,Earth,Slide,28 May 2024,2024.0,1
MIZ/AZL/2024/319,Mizoram,Aizawl,23.60861111,92.80972222,Debris,Slide,28 May 2024,2024.0,1
MIZ/AZL/2024/323,Mizoram,Aizawl,23.60972222,92.80916667,Debris,Slide,28 May 2024,2024.0,1
MIZ/AZL/2024/324,Mizoram,Aizawl,23.61361111,92.80777778,Earth,Slide,28 May 2024,2024.0,1
MIZ/AZL/2024/327,Mizoram,Aizawl,23.61222222,92.80527778,Debris,Slide,28 May 2024,2024.0,1
MIZ/AZL/2024/328,Mizoram,Aizawl,23.61138889,92.80333333,Debris,Slide,28 May 2024,2024.0,1
MIZ/AZL/2024/331,Mizoram,Aizawl,23.60972222,92.79972222,Earth,Slide,2 July 2024,2024.0,1
MIZ/AZL/2024/332,Mizoram,Aizawl,23.61222222,92.79944444,Debris,Slide,July 2024,2024.0,1
MIZ/AZL/2024/333,Mizoram,Aizawl,23.61222222,92.79944444,Debris,Slide,July 2024,2024.0,1
MIZ/AZL/2024/335,Mizoram,Aizawl,23.61277778,92.80083333,Debris,Slide,July 2024,2024.0,1
MIZ/AZL/2024/337,Mizoram,Aizawl,23.61388889,92.80083333,Debris,Slide,2023 monsoon,2023.0,1
MIZ/AZL/2024/341,Mizoram,Aizawl,23.61611111,92.79944444,Debris,Slide,last week of September 2023,2023.0,1
MIZ/AZL/2024/342,Mizoram,Aizawl,23.61611111,92.79777778,Debris,Complex,28 May 2024,2024.0,1
MIZ/AZL/2024/343,Mizoram,Aizawl,23.61472222,92.79583333,Debris,Complex,28 May 2024,2024.0,1
MIZ/AZL/2024/344,Mizoram,Aizawl,23.615,92.79222222,Debris,Slide,28 May 2024,2024.0,1
MIZ/AZL/2024/345,Mizoram,Aizawl,23.61583333,92.79111111,Debris,Slide,23 September 2023,2023.0,1
MIZ/AZL/2024/346,Mizoram,Aizawl,23.61861111,92.79,Debris,Slide,28 May 2024,2024.0,1
MIZ/AZL/2024/348,Mizoram,Aizawl,23.61972222,92.78916667,Earth,Slide,August 2024,2024.0,1
MIZ/AZL/2024/350,Mizoram,Aizawl,23.62333333,92.78888889,Debris,Slide,28 May 2024,2024.0,1
MIZ/AZL/2024/351,Mizoram,Aizawl,23.62361111,92.78888889,Debris,Slide,28 August 2024,2024.0,1
MIZ/AZL/2024/352,Mizoram,Aizawl,23.62527778,92.78638889,Debris,Slide,28 May 2024,2024.0,1
MIZ/AZL/2024/353,Mizoram,Aizawl,23.60638889,92.7775,Debris,Slide,July 2024,2024.0,1
MIZ/AZL/2024/354,Mizoram,Aizawl,23.60666667,92.76861111,Earth,Slide,July 2024,2024.0,1
MIZ/AZL/2024/357,Mizoram,Aizawl,23.60027778,92.75888889,Debris,Slide,September 2023,2023.0,1
MIZ/AZL/2024/358,Mizoram,Aizawl,23.60111111,92.75888889,Debris,Slide,26 May 2024,2024.0,1
MIZ/AZL/2024/361,Mizoram,Aizawl,23.60805556,92.74083333,Earth,Slide,September 2023,2023.0,1
MIZ/AZL/2024/365,Mizoram,Aizawl,23.59527778,92.71722222,Debris,Complex,28 May 2024,2024.0,1
MIZ/AZL/2024/366,Mizoram,Aizawl,23.59055556,92.71611111,Debris,Slide,28 May 2024,2024.0,1
MIZ/AZL/2024/367,Mizoram,Aizawl,23.59027778,92.71583333,Earth,Slide,28 May 2024,2024.0,1
MIZ/AZL/2024/369,Mizoram,Aizawl,23.58638889,92.71388889,Debris,Complex,"28th May, 2024",2024.0,1
MIZ/AZL/2024/370,Mizoram,Aizawl,23.58388889,92.71166667,Debris,Slide,"28th May, 2024",2024.0,1
MIZ/AZL/2024/382,Mizoram,Aizawl,23.57138889,92.70972222,Debris,Slide,28 May 2024,2024.0,1
MIZ/AZL/2024/383,Mizoram,Aizawl,23.57055556,92.70888889,Debris,Complex,28 May 2024,2024.0,1
MIZ/AZL/2024/384,Mizoram,Aizawl,23.57027778,92.70722222,Debris,Complex,28 May 2024,2024.0,1
MIZ/AZL/2024/385,Mizoram,Aizawl,23.55388889,92.70472222,Debris,Slide,28 May 2024,2024.0,1
MIZ/AZL/2024/386,Mizoram,Aizawl,23.55444444,92.70527778,Debris,Slide,28 May 2024,2024.0,1
MIZ/AZL/2024/387,Mizoram,Aizawl,23.5625,92.70777778,Debris,Slide,25 August 2024,2024.0,1
MIZ/AZL/2024/388,Mizoram,Aizawl,23.56555556,92.7075,Debris,Slide,19  July 2024,2024.0,1
MIZ/AZL/2024/389,Mizoram,Aizawl,23.55,92.70444444,Debris,Slide,28 May 2024,2024.0,1
MIZ/AZL/2024/390,Mizoram,Aizawl,23.53222222,92.735,Rock,Slide,28 May 2024,2024.0,1
MIZ/AZL/2024/401,Mizoram,Aizawl,23.53555556,92.72333333,Debris,Slide,28 May 2024,2024.0,1
MIZ/AZL/2024/402,Mizoram,Aizawl,23.53805556,92.71861111,Debris,Slide,29 May 2024,2024.0,1
MIZ/AZL/2024/409,Mizoram,Aizawl,23.54833333,92.71083333,Debris,Slide,28 May 2024,2024.0,1
MIZ/AZL/2024/414,Mizoram,Aizawl,23.54888889,92.70555556,Debris,Complex,28 May 2024,2024.0,1
MIZ/AZL/2024/415,Mizoram,Aizawl,23.545,92.70333333,Debris,Slide,28 May 2024,2024.0,1
MIZ/AZL/2024/416,Mizoram,Aizawl,23.54027778,92.70138889,Debris,Complex,28 May 2024,2024.0,1
MIZ/AZL/2024/420,Mizoram,Aizawl,23.53694444,92.6975,Debris,Slide,28 May 2024,2024.0,1
MIZ/AZL/2024/421,Mizoram,Aizawl,23.53611111,92.69777778,Debris,Complex,28 May 2024,2024.0,1
MIZ/AZL/2024/422,Mizoram,Aizawl,23.53555556,92.69694444,Rock,Slide,28 May 2024,2024.0,1
MIZ/AZL/2024/426,Mizoram,Aizawl,23.53027778,92.69666667,Debris,Slide,28 May 2024,2024.0,1
MIZ/AZL/2024/427,Mizoram,Aizawl,23.52861111,92.6975,Debris,Slide,28 May 2024,2024.0,1
MIZ/AZL/2024/428,Mizoram,Aizawl,23.52777778,92.69861111,Debris,Slide,28 May 2024,2024.0,1
MIZ/AZL/2024/431,Mizoram,Aizawl,23.52277778,92.70277778,Debris,Slide,28 May 2024,2024.0,1
MIZ/AZL/2024/432,Mizoram,Aizawl,23.51944444,92.70055556,Debris,Slide,25 September 2024,2024.0,1
MIZ/AZL/2024/435,Mizoram,Aizawl,23.51444444,92.69805556,Debris,Slide,28 May 2024,2024.0,1
MIZ/AZL/2024/437,Mizoram,Aizawl,23.51055556,92.69972222,Debris,Slide,28 May 2024,2024.0,1
MIZ/AZL/2024/438,Mizoram,Aizawl,23.50861111,92.69805556,Rock,Slide,28 May 2024,2024.0,1
MIZ/AZL/2024/439,Mizoram,Aizawl,23.50694444,92.69638889,Debris,Slide,28 May 2024,2024.0,1
MIZ/AZL/2024/441,Mizoram,Aizawl,23.50527778,92.6975,Debris,Slide,28 May 2024,2024.0,1
MIZ/AZL/2024/444,Mizoram,Aizawl,23.55027778,92.70444444,Debris,Slide,28 May 2024,2024.0,1
MIZ/AZL/2024/454,Mizoram,Aizawl,23.54305556,92.70055556,Debris,Complex,28 May 2024,2024.0,1
MIZ/AZL/2024/459,Mizoram,Aizawl,23.53972222,92.69944444,Debris,Complex,28 May 2024,2024.0,1
MIZ/AZL/2024/460,Mizoram,Aizawl,23.53777778,92.69833333,Debris,Complex,28 May 2024,2024.0,1
MIZ/AZL/2024/461,Mizoram,Aizawl,23.53805556,92.69388889,Debris,Slide,23 Sepember 2024,2024.0,1
MIZ/AZL/2024/462,Mizoram,Aizawl,23.54361111,92.67722222,Debris,Slide,2nd week of September 2023,2023.0,1
MIZ/AZL/2024/465,Mizoram,Aizawl,23.54277778,92.67638889,Debris,Slide,28 May 2024,2024.0,1
MIZ/AZL/2024/469,Mizoram,Aizawl,23.54277778,92.67472222,Debris,Complex,28 May 2024,2024.0,1
MIZ/AZL/2024/471,Mizoram,Aizawl,23.54333333,92.66472222,Debris,Complex,28 May 2024,2024.0,1
MIZ/AZL/2024/472,Mizoram,Aizawl,23.54166667,92.66472222,Debris,Complex,12 August 2023,2023.0,1
MIZ/AZL/2024/473,Mizoram,Aizawl,23.54166667,92.66555556,Debris,Slide,July 2024,2024.0,1
MIZ/AZL/2024/474,Mizoram,Aizawl,23.53944444,92.66527778,Debris,Slide,28 May 2024,2024.0,1
MIZ/AZL/2024/476,Mizoram,Aizawl,23.53888889,92.6625,Debris,Slide,28 May 2024,2024.0,1
MIZ/AZL/2024/483,Mizoram,Aizawl,23.53944444,92.65888889,Debris,Slide,28 May 2024,2024.0,1
MIZ/AZL/2024/484,Mizoram,Aizawl,23.53611111,92.65527778,Debris,Slide,28 May 2024,2024.0,1
MIZ/AZL/2024/486,Mizoram,Aizawl,23.52694444,92.65444444,Debris,Slide,20 September 2024,2024.0,1
MIZ/AZL/2024/488,Mizoram,Aizawl,23.52583333,92.63861111,Debris,Slide,2 June 2024,2024.0,1
MIZ/AZL/2024/489,Mizoram,Aizawl,23.45083333,92.6825,Debris,Slide,28 May 2024,2024.0,1
MIZ/AZL/2024/498,Mizoram,Aizawl,23.44805556,92.68333333,Debris,Slide,28 May 2024,2024.0,1
MIZ/AZL/2024/500,Mizoram,Aizawl,23.44333333,92.68527778,Debris,Slide,28 May 2024,2024.0,1
MIZ/AZL/2024/503,Mizoram,Aizawl,23.42722222,92.71277778,Debris,Complex,28 May 2024,2024.0,1
MIZ/AZL/2024/505,Mizoram,Aizawl,23.41694444,92.71805556,Debris,Slide,28 May 2024,2024.0,1
MIZ/AZL/2024/511,Mizoram,Aizawl,23.41,92.74944444,Debris,Slide,28 May 2024,2024.0,1
MIZ/AZL/2024/526,Mizoram,Aizawl,23.37972222,92.75166667,Debris,Slide,28 May 2024,2024.0,1
MIZ/AZL/2024/534,Mizoram,Aizawl,23.35694444,92.77027778,Debris,Complex,28 May 2024,2024.0,1
MIZ/AZL/2024/535,Mizoram,Aizawl,23.35638889,92.77027778,Debris,Complex,28 May 2024,2024.0,1
MIZ/AZL/2024/539,Mizoram,Aizawl,23.39166667,92.75527778,Debris,Complex,28 May 2024,2024.0,1
MIZ/AZL/2024/548,Mizoram,Aizawl,23.43194444,92.76083333,Debris,Slide,28 May 2024,2024.0,1
MIZ/AZL/2024/552,Mizoram,Aizawl,23.44138889,92.77888889,Debris,Complex,28 May 2024,2024.0,1
MIZ/AZL/2024/559,Mizoram,Aizawl,23.48555556,92.70305556,Debris,Slide,28 May 2024,2024.0,1
MIZ/AZL/2024/561,Mizoram,Aizawl,23.49083333,92.70555556,Debris,Complex,28 May 2024,2024.0,1
MIZ/AZL/2024/567,Mizoram,Aizawl,23.49861111,92.70388889,Debris,Complex,28 May 2024,2024.0,1
MIZ/AZL/2024/570,Mizoram,Aizawl,23.66194444,92.85416667,Debris,Slide,12 November 2024,2024.0,1
MIZ/AZL/2024/571,Mizoram,Aizawl,23.68277778,92.8575,Debris,Slide,28 May 2024,2024.0,1
MIZ/AZL/2024/572,Mizoram,Aizawl,23.68305556,92.8575,Debris,Slide,28 May 2024,2024.0,1
MIZ/AZL/2024/575,Mizoram,Aizawl,23.71388889,92.85722222,Debris,Slide,2 July 2024,2024.0,1
MIZ/AZL/2024/576,Mizoram,Aizawl,23.68638889,92.85833333,Debris,Slide,28 May 2024,2024.0,1
MIZ/AZL/2024/577,Mizoram,Aizawl,23.69305556,92.86055556,Debris,Slide,June/ July 2023,2023.0,1
MIZ/AZL/2024/578,Mizoram,Aizawl,23.69472222,92.85972222,Debris,Slide,28 May 2024,2024.0,1
MIZ/AZL/2024/579,Mizoram,Aizawl,23.71416667,92.85805556,Debris,Slide,28 May 2024,2024.0,1
MIZ/AZL/2024/582,Mizoram,Aizawl,23.72722222,92.85472222,Debris,Slide,28 May 2024,2024.0,1
MIZ/AZL/2024/583,Mizoram,Aizawl,23.72972222,92.85305556,Debris,Slide,28 May 2024,2024.0,1
MIZ/AZL/2024/586,Mizoram,Aizawl,23.73111111,92.84638889,Debris,Slide,28 May 2024,2024.0,1
MIZ/AZL/2024/587,Mizoram,Aizawl,23.73361111,92.84305556,Debris,Slide,28 May 2024,2024.0,1
MIZ/AZL/2024/599,Mizoram,Aizawl,23.73833333,92.81333333,Debris,Slide,28 May 2024,2024.0,1
MIZ/AZL/2024/600,Mizoram,Aizawl,23.73694444,92.81361111,Debris,Slide,2 July 2024,2024.0,1
MIZ/AZL/2024/601,Mizoram,Aizawl,23.73472222,92.81333333,Debris,Slide,28 May 2024,2024.0,1
MIZ/AZL/2024/604,Mizoram,Aizawl,23.72916667,92.75888889,Debris,Slide,"3 July, 2024",2024.0,1
MIZ/AZL/2024/605,Mizoram,Aizawl,23.73,92.75833333,Debris,Complex,28 May 2024,2024.0,1
MIZ/AZL/2024/608,Mizoram,Aizawl,23.73055556,92.75861111,Debris,Slide,28 May 2024,2024.0,1
MIZ/AZL/2024/610,Mizoram,Aizawl,23.72916667,92.76583333,Debris,Slide,2 July 2024,2024.0,1
MIZ/AZL/2024/612,Mizoram,Aizawl,23.73027778,92.76861111,Debris,Slide,28 August 2024,2024.0,1
MIZ/AZL/2024/613,Mizoram,Aizawl,23.73222222,92.76555556,Debris,Slide,2 July 2024,2024.0,1
MIZ/AZL/2024/616,Mizoram,Aizawl,23.73794444,92.78613889,Rock,Slide,2 July 2024,2024.0,1
MIZ/AZL/2024/617,Mizoram,Aizawl,23.7375,92.78805556,Debris,Slide,2 July 2024,2024.0,1
MIZ/AZL/2024/620,Mizoram,Aizawl,23.73388889,92.79388889,Debris,Slide,2 July 2024,2024.0,1
MIZ/AZL/2024/621,Mizoram,Aizawl,23.72222222,92.79861111,Debris,Complex,28 May 2024,2024.0,1
MIZ/AZL/2024/622,Mizoram,Aizawl,23.72138889,92.79944444,Debris,Slide,2 July 2024,2024.0,1
MIZ/AZL/2024/623,Mizoram,Aizawl,23.72138889,92.85777778,Debris,Slide,2 July 2024,2024.0,1
MIZ/AZL/2024/624,Mizoram,Aizawl,23.72083333,92.86472222,Debris,Slide,2 July 2024,2024.0,1
MIZ/AZL/2024/627,Mizoram,Aizawl,23.71166667,92.87833333,Debris,Slide,2 July 2024,2024.0,1
MIZ/AZL/2024/628,Mizoram,Aizawl,23.71111111,92.87861111,Debris,Slide,28 June 2024,2024.0,1
MIZ/AZL/2024/629,Mizoram,Aizawl,23.70333333,92.87638889,Debris,Slide,18 July 2024,2024.0,1
MIZ/AZL/2024/634,Mizoram,Aizawl,23.73361111,92.84833333,Debris,Slide,7 June 2024,2024.0,1
MIZ/AZL/2024/635,Mizoram,Aizawl,23.73361111,92.85305556,Debris,Complex,28 August 2024,2024.0,1
MIZ/AZL/2024/636,Mizoram,Aizawl,23.735,92.85666667,Debris,Slide,2 July 2024,2024.0,1
MIZ/AZL/2024/637,Mizoram,Aizawl,23.73666667,92.85611111,Debris,Slide,2 July 2024,2024.0,1
MIZ/AZL/2024/638,Mizoram,Aizawl,23.73583333,92.85194444,Debris,Slide,28 May 2024,2024.0,1
MIZ/AZL/2024/639,Mizoram,Aizawl,23.74416667,92.85555556,Debris,Slide,25 September 2024,2024.0,1
MIZ/AZL/2024/640,Mizoram,Aizawl,23.74361111,92.85416667,Debris,Slide,25 September 2024,2024.0,1
MIZ/AZL/2024/641,Mizoram,Aizawl,23.76111111,92.84777778,Debris,Slide,2 July 2024,2024.0,1
MIZ/AZL/2024/642,Mizoram,Aizawl,23.76166667,92.85083333,Debris,Complex,2 July 2024,2024.0,1
MIZ/AZL/2024/643,Mizoram,Aizawl,23.76527778,92.85,Earth,Slide,2 July 2024,2024.0,1
MIZ/AZL/2024/644,Mizoram,Aizawl,23.76861111,92.85138889,Earth,Slide,2 July 2024,2024.0,1
MIZ/AZL/2024/645,Mizoram,Aizawl,23.77777778,92.8479,Earth,Slide,28 May 2024,2024.0,1
MIZ/AZL/2024/646,Mizoram,Aizawl,23.774,92.848,Debris,Slide,28 June 2024,2024.0,1
MIZ/AZL/2024/647,Mizoram,Aizawl,23.7775,92.84833333,Debris,Slide,28 May 2024,2024.0,1
MIZ/AZL/2024/648,Mizoram,Aizawl,23.77833333,92.84666667,Debris,Slide,28 May 2024,2024.0,1
MIZ/AZL/2024/649,Mizoram,Aizawl,23.77166667,92.84805556,Debris,Slide,23 July 2023,2023.0,1
MIZ/AZL/2024/652,Mizoram,Aizawl,23.77361111,92.84944444,Debris,Slide,28 May 2024,2024.0,1
MIZ/AZL/2024/657,Mizoram,Aizawl,23.82638889,92.8325,Debris,Slide,28 May 2024,2024.0,1
MIZ/AZL/2024/659,Mizoram,Aizawl,23.83277778,92.8325,Debris,Slide,2 July 2024,2024.0,1
MIZ/AZL/2024/660,Mizoram,Aizawl,23.83888889,92.83194444,Earth,Slide,2 July 2024,2024.0,1
MIZ/AZL/2024/661,Mizoram,Aizawl,23.84777778,92.83694444,Debris,Slide,28 May 2024,2024.0,1
MIZ/AZL/2024/662,Mizoram,Aizawl,23.85194444,92.83305556,Earth,Slide,25 September 2024,2024.0,1
MIZ/AZL/2024/663,Mizoram,Aizawl,23.86222222,92.83666667,Debris,Slide,2 July 2024,2024.0,1
MIZ/AZL/2024/664,Mizoram,Aizawl,23.87694444,92.84,Earth,Slide,2 July 2024/,2024.0,1
MIZ/AZL/2024/665,Mizoram,Aizawl,23.87777778,92.84083333,Debris,Slide,25 September 2024,2024.0,1
MIZ/AZL/2024/666,Mizoram,Aizawl,23.88583333,92.85055556,Rock,Slide,28 September 2024,2024.0,1
MIZ/AZL/2024/667,Mizoram,Aizawl,23.89277778,92.85083333,Debris,Slide,28 September 2024,2024.0,1
MIZ/AZL/2024/668,Mizoram,Aizawl,23.89138889,92.84888889,Debris,Slide,2 July 2024,2024.0,1
MIZ/AZL/2024/669,Mizoram,Aizawl,23.89305556,92.84722222,Earth,Slide,28 September 2024,2024.0,1
MIZ/AZL/2024/670,Mizoram,Aizawl,23.88361111,92.85305556,Earth,Slide,17 August 2024,2024.0,1
MIZ/AZL/2024/671,Mizoram,Aizawl,23.88527778,92.8575,Earth,Slide,25 September 2024,2024.0,1
MIZ/AZL/2024/672,Mizoram,Aizawl,23.76972222,92.76,Earth,Slide,2 July 2024,2024.0,1
MIZ/AZL/2024/705,Mizoram,Aizawl,24.03503889,93.54139444,Debris,Slide,28 September 2024,2024.0,1
MIZ/AZL/2024/706,Mizoram,Aizawl,24.05808333,93.49808333,Earth,Slide,7 October 2024,2024.0,1
MIZ/AZL/2024/707,Mizoram,Aizawl,24.04531667,93.49220278,Debris,Slide,7 October 2024,2024.0,1
MIZ/AZL/2024/708,Mizoram,Aizawl,24.090025,93.54191667,Debris,Slide,7 October 2024,2024.0,1
MIZ/AZL/2024/709,Mizoram,Aizawl,24.10864167,93.54198333,Debris,Slide,28 September 2024,2024.0,1
MIZ/AZL/2024/710,Mizoram,Aizawl,24.12682222,93.54013889,Debris,Slide,28 September 2024,2024.0,1
MIZ/AZL/2024/711,Mizoram,Aizawl,24.12715278,93.53351389,Earth,Slide,7 October 2024,2024.0,1
MIZ/AZL/2024/712,Mizoram,Aizawl,24.17180556,93.54406667,Debris,Slide,2 July 2024,2024.0,1
MIZ/AZL/2024/713,Mizoram,Aizawl,24.18291667,93.53441944,Debris,Slide,2 July 2024,2024.0,1
MIZ/AZL/2024/714,Mizoram,Aizawl,24.18566111,93.53935278,Debris,Slide,2 July 2024,2024.0,1
MIZ/AZL/2024/715,Mizoram,Aizawl,24.24449722,93.55275833,Debris,Slide,2 July 2024,2024.0,1
MIZ/AZL/2024/716,Mizoram,Aizawl,24.24755556,93.54809722,Debris,Slide,2 July 2024,2024.0,1
MIZ/AZL/2024/717,Mizoram,Aizawl,24.28840278,93.58591389,Debris,Slide,13 August 2024,2024.0,1
MIZ/AZL/2024/718,Mizoram,Aizawl,24.29982222,93.59040833,Debris,Slide,13 August 2024,2024.0,1
MIZ/AZL/2024/719,Mizoram,Aizawl,24.30768611,93.58120556,Debris,Slide,13 August 2024,2024.0,1
MIZ/AZL/2024/720,Mizoram,Aizawl,24.30711944,93.59375833,Earth,Slide,13 August 2024,2024.0,1
MIZ/AZL/2024/721,Mizoram,Aizawl,24.33915833,93.66233611,Debris,Slide,13 August 2024,2024.0,1
MIZ/AZL/2024/722,Mizoram,Aizawl,24.33331944,93.65702778,Debris,Slide,13 August 2024,2024.0,1
MIZ/AZL/2024/723,Mizoram,Aizawl,24.33300556,93.65357222,Debris,Slide,28 September 2024,2024.0,1
MIZ/AZL/2024/724,Mizoram,Aizawl,24.3309,93.66054444,Debris,Slide,13 August 2024,2024.0,1
MIZ/AZL/2024/725,Mizoram,Aizawl,24.32773611,93.57937222,Rock,Slide,2 July 2024,2024.0,1
MIZ/AZL/2024/726,Mizoram,Aizawl,24.39255556,93.65468611,Debris,Slide,13 August 2024,2024.0,1
MIZ/AZL/2024/728,Mizoram,Aizawl,24.49112222,93.62215556,Earth,Slide,13 August 2024,2024.0,1
MIZ/AZL/2024/729,Mizoram,Aizawl,24.48308611,93.58860833,Debris,Slide,"28th Sept, 2024",2024.0,1
MIZ/AZL/2024/730,Mizoram,Aizawl,24.48458889,93.58781944,Debris,Slide,13 August 2024,2024.0,1
MIZ/AZL/2024/731,Mizoram,Aizawl,24.492825,93.58643611,Earth,Slide,28 September 2024,2024.0,1
MIZ/AZL/2024/732,Mizoram,Aizawl,24.51785556,93.55086944,Debris,Slide,13 August 2024,2024.0,1
MIZ/AZL/2024/734,Mizoram,Aizawl,24.52308611,93.57206944,Debris,Slide,28 September 2024,2024.0,1
MIZ/AZL/2024/735,Mizoram,Aizawl,24.48338333,93.58848056,Debris,Complex,28 September 2024,2024.0,1
MIZ/KOL/2024/736,Mizoram,Kolasib,24.450125,93.35963889,Earth,Slide,8 August 2024,2024.0,1
MIZ/KOL/2024/737,Mizoram,Kolasib,24.48857222,93.36792222,Debris,Slide,28 September 2024,2024.0,1
MIZ/KOL/2024/738,Mizoram,Kolasib,24.54263333,93.39741944,Debris,Slide,18 August 2024,2024.0,1
MIZ/KOL/2024/739,Mizoram,Kolasib,24.60002222,93.37166389,Earth,Slide,21 October 2024,2024.0,1
MIZ/KOL/2024/740,Mizoram,Kolasib,24.60067222,93.37223056,Earth,Slide,21 October 2024,2024.0,1
MIZ/KOL/2024/741,Mizoram,Kolasib,24.60372222,93.37223056,Debris,Slide,2 July 2024,2024.0,1
MIZ/KOL/2024/742,Mizoram,Kolasib,24.66895556,93.33700556,Debris,Slide,2 July 2024,2024.0,1
MIZ/KOL/2024/744,Mizoram,Kolasib,24.76606111,93.30076667,Earth,Slide,13 August 2024,2024.0,1
MIZ/KOL/2024/745,Mizoram,Kolasib,24.73838889,93.30909722,Debris,Slide,18 August 2024,2024.0,1
MIZ/KOL/2024/746,Mizoram,Kolasib,24.72074444,93.30899167,Debris,Slide,2 July 2024,2024.0,1
MIZ/KOL/2024/747,Mizoram,Kolasib,24.716225,93.32551389,Debris,Slide,18 August 2024,2024.0,1
MIZ/KOL/2024/748,Mizoram,Kolasib,24.70553333,93.33064167,Debris,Slide,28 September 2024,2024.0,1
MIZ/KOL/2024/749,Mizoram,Kolasib,24.60719444,93.46784722,Earth,Slide,19 August 2024,2024.0,1
MIZ/KOL/2024/750,Mizoram,Kolasib,24.60853333,93.41668333,Debris,Slide,18 August 2024,2024.0,1
MIZ/KOL/2024/751,Mizoram,Kolasib,24.77472778,93.30506111,Earth,Slide,"28th May, 2024",2024.0,1
MIZ/AZL/2024/752,Mizoram,Aizawl,23.09758333,93.21623333,Debris,Slide,2 July 2024,2024.0,1
MIZ/AZL/2024/753,Mizoram,Aizawl,23.10851389,93.20975,Debris,Slide,28 June 2024,2024.0,1
MIZ/AZL/2024/754,Mizoram,Aizawl,23.10172778,93.20231944,Debris,Complex,28 May 2024,2024.0,1
MIZ/AZL/2024/755,Mizoram,Aizawl,23.101925,93.20426111,Debris,Slide,2 July 2024,2024.0,1
MIZ/AZL/2024/756,Mizoram,Aizawl,23.10184722,93.20138889,Debris,Slide,28 September 2024,2024.0,1
MIZ/AZL/2024/759,Mizoram,Aizawl,23.09759444,93.21089444,Debris,Slide,2 July 2024,2024.0,1
MIZ/AZL/2024/760,Mizoram,Aizawl,23.09561111,93.20786389,Debris,Slide,28 May 2024,2024.0,1
MIZ/AZL/2024/762,Mizoram,Aizawl,23.10100556,93.19393611,Debris,Slide,2 July 2024,2024.0,1
MIZ/AZL/2024/763,Mizoram,Aizawl,23.10074722,93.18785278,Debris,Complex,2 July 2024,2024.0,1
MIZ/AZL/2024/764,Mizoram,Aizawl,23.09954722,93.18600278,Debris,Complex,2 July 2024,2024.0,1
MIZ/AZL/2024/767,Mizoram,Aizawl,23.0983,93.17597222,Debris,Slide,2 July 2024,2024.0,1
MIZ/AZL/2024/768,Mizoram,Aizawl,23.110975,93.21260278,Debris,Slide,28 May 2024,2024.0,1
MIZ/AZL/2024/769,Mizoram,Aizawl,23.25986389,93.16155278,Debris,Slide,28 October 2024,2024.0,1
MIZ/AZL/2024/770,Mizoram,Aizawl,23.25828611,93.15288333,Debris,Slide,28 November 2024,2024.0,1
MIZ/AZL/2024/771,Mizoram,Aizawl,23.26126111,93.15070556,Debris,Slide,28 November 2024,2024.0,1
MIZ/AZL/2024/772,Mizoram,Aizawl,23.25951944,93.15917222,Debris,Complex,28 September 2024,2024.0,1
MIZ/AZL/2024/773,Mizoram,Aizawl,23.27598056,93.14351667,Debris,Slide,2 July 2024,2024.0,1
MIZ/AZL/2024/774,Mizoram,Aizawl,23.27663889,93.14375,Rock,Slide,2 July 2024,2024.0,1
MIZ/AZL/2024/775,Mizoram,Aizawl,23.281075,93.144075,Debris,Slide,2 July 2024,2024.0,1
MIZ/AZL/2024/776,Mizoram,Aizawl,23.32829167,93.12184167,Debris,Slide,28 September 2024,2024.0,1
MIZ/AZL/2024/777,Mizoram,Aizawl,23.33529167,93.11214167,Debris,Slide,2 July 2024,2024.0,1
MIZ/KOL/2024/778,Mizoram,Kolasib,23.41421944,93.10569167,Debris,Slide,13 August 2024,2024.0,1
MIZ/KOL/2024/780,Mizoram,Kolasib,23.50882222,93.09170278,Earth,Slide,2 July 2024,2024.0,1
MIZ/KOL/2024/781,Mizoram,Kolasib,23.54130278,93.10256944,Earth,Slide,12 September 2024,2024.0,1
MIZ/KOL/2024/782,Mizoram,Kolasib,23.54600556,93.09247222,Earth,Slide,12 September 2024,2024.0,1
MIZ/KOL/2024/783,Mizoram,Kolasib,23.54286944,93.08539722,Earth,Slide,12 September 2024,2024.0,1
MIZ/KOL/2024/784,Mizoram,Kolasib,23.56332778,93.10553333,Earth,Slide,22 October 2024,2024.0,1
MIZ/KOL/2024/785,Mizoram,Kolasib,23.56785,93.10472222,Debris,Slide,12 September 2024,2024.0,1
MIZ/KOL/2024/786,Mizoram,Kolasib,23.56413333,93.11378889,Earth,Slide,12 September 2024,2024.0,1
MIZ/KOL/2024/787,Mizoram,Kolasib,23.56233889,93.11890833,Debris,Slide,12 September 2024,2024.0,1
MIZ/KOL/2024/789,Mizoram,Kolasib,23.56238611,93.12376667,Earth,Slide,12 September 2024,2024.0,1
MIZ/KOL/2024/790,Mizoram,Kolasib,23.56404167,93.10752222,Earth,Slide,12 September 2024,2024.0,1
MIZ/KOL/2024/791,Mizoram,Kolasib,23.56145278,93.10908889,Debris,Slide,12 September 2024,2024.0,1
MIZ/KOL/2024/792,Mizoram,Kolasib,23.55881111,93.10900556,Earth,Slide,12 September 2024,2024.0,1
MIZ/KOL/2024/794,Mizoram,Kolasib,23.5356,93.10656944,Debris,Slide,13 September 2024,2024.0,1
MIZ/AZL/2024/795,Mizoram,Aizawl,23.34297778,93.057775,Debris,Slide,13 September 2024,2024.0,1
MIZ/AZL/2024/796,Mizoram,Aizawl,23.35406111,93.04156111,Debris,Slide,28 September 2024,2024.0,1
MIZ/AZL/2024/797,Mizoram,Aizawl,23.35958611,93.04477222,Debris,Slide,28 September 2024,2024.0,1
MIZ/KOL/2024/798,Mizoram,Kolasib,23.36556111,93.05125278,Rock,Fall,9 July 2024,2024.0,1
MIZ/KOL/2024/799,Mizoram,Kolasib,23.36966389,93.04609444,Debris,Slide,9 July 2024,2024.0,1
MIZ/KOL/2024/801,Mizoram,Kolasib,23.03821667,93.12529444,Rock,Slide,17 September 2024,2024.0,1
MIZ/KOL/2024/802,Mizoram,Kolasib,23.54294167,93.23821667,Debris,Slide,24 September 2024,2024.0,1
MIZ/KOL/2024/804,Mizoram,Kolasib,24.55205833,93.25569167,Rock,Fall,9 July 2024,2024.0,1
MIZ/KOL/2024/805,Mizoram,Kolasib,24.56016389,93.24426944,Debris,Slide,"Aug- Sept,2024",2024.0,1
MIZ/KOL/2024/809,Mizoram,Kolasib,24.599425,93.30004722,Debris,Slide,24 August 2024,2024.0,1
MIZ/KOL/2024/810,Mizoram,Kolasib,24.60921944,93.30050278,Debris,Slide,24 September 2024,2024.0,1
MIZ/KOL/2024/812,Mizoram,Kolasib,24.64528611,93.28593611,Debris,Slide,24 September 2024,2024.0,1
MIZ/KOL/2024/813,Mizoram,Kolasib,24.02205833,93.29369167,Debris,Slide,24 September 2024,2024.0,1
MIZ/KOL/2024/814,Mizoram,Kolasib,23.01689167,93.283175,Debris,Slide,24 September 2024,2024.0,1
MIZ/KOL/2024/815,Mizoram,Kolasib,24.02782222,93.28944444,Debris,Slide,2 July 2024,2024.0,1
MIZ/KOL/2024/816,Mizoram,Kolasib,24.04014167,93.2915,Debris,Slide,2 July 2024,2024.0,1
MIZ/KOL/2024/817,Mizoram,Kolasib,24.03980278,93.29373889,Debris,Slide,2 July 2024,2024.0,1
MIZ/KOL/2024/818,Mizoram,Kolasib,24.05823611,93.28901944,Debris,Slide,2 July 2024,2024.0,1
MIZ/KOL/2024/819,Mizoram,Kolasib,24.09210556,93.29866667,Rock,Slide,24 September 2024,2024.0,1
MIZ/KOL/2024/820,Mizoram,Kolasib,24.12428889,93.318525,Earth,Slide,2 July 2024,2024.0,1
MIZ/KOL/2024/825,Mizoram,Kolasib,24.297775,93.34159722,Debris,Slide,24 September 2024,2024.0,1
MIZ/KOL/2024/827,Mizoram,Kolasib,24.35137778,93.34095556,Debris,Slide,24 September 2024,2024.0,1
MIZ/KOL/2024/829,Mizoram,Kolasib,23.6385278,93.13694722,Debris,Slide,18 August2024,2024.0,1
MIZ/KOL/2024/830,Mizoram,Kolasib,23.631219,93.118033,Debris,Slide,15 August 2024,2024.0,1
MIZ/KOL/2024/834,Mizoram,Kolasib,23.62418333,93.14208611,Debris,Slide,15 August 2024,2024.0,1
MIZ/KOL/2024/835,Mizoram,Kolasib,23.60360833,93.14173056,Debris,Slide,18 August2024,2024.0,1
MIZ/KOL/2024/836,Mizoram,Kolasib,23.56672222,93.13764444,Debris,Slide,9 July 2024,2024.0,1
MIZ/KOL/2024/837,Mizoram,Kolasib,24.04014167,93.2915,Debris,Slide,2 July 2024,2024.0,1
MIZ/KOL/2024/838,Mizoram,Kolasib,24.56771111,93.14291667,Debris,Complex,9 July 2024,2024.0,1
MIZ/KOL/2024/839,Mizoram,Kolasib,24.57467222,93.14389722,Debris,Slide,9 July 2024,2024.0,1
MIZ/KOL/2024/840,Mizoram,Kolasib,24.57470833,93.13897222,Debris,Complex,9 July 2024,2024.0,1
MIZ/KOL/2024/841,Mizoram,Kolasib,24.57151389,93.141725,Debris,Complex,2 July 2024,2024.0,1
MIZ/KOL/2024/842,Mizoram,Kolasib,24.56917222,93.14073611,Debris,Slide,2 July 2024,2024.0,1
MIZ/KOL/2024/843,Mizoram,Kolasib,24.5606,93.13071389,Debris,Slide,7 July 2024,2024.0,1
MIZ/KOL/2024/844,Mizoram,Kolasib,24.55987778,93.12541667,Debris,Slide,7 July 2024,2024.0,1
MIZ/KOL/2024/845,Mizoram,Kolasib,24.08927222,93.12408611,Debris,Slide,28 September 2024,2024.0,1
MIZ/KOL/2024/846,Mizoram,Kolasib,24.10641389,93.12339944,Debris,Slide,28 September 2024,2024.0,1
MIZ/KOL/2024/847,Mizoram,Kolasib,24.10710778,93.11535444,Debris,Slide,7 July 2024,2024.0,1
MIZ/KOL/2024/848,Mizoram,Kolasib,24.10015917,93.10461389,Rock,Slide,24 September 2024,2024.0,1
MIZ/KOL/2024/849,Mizoram,Kolasib,24.11104722,93.10374167,Earth,Slide,24 September 2024,2024.0,1
MIZ/KOL/2024/850,Mizoram,Kolasib,24.10506389,93.09593611,Earth,Slide,24 September 2024,2024.0,1
MIZ/KOL/2024/851,Mizoram,Kolasib,24.10743611,93.09532222,Debris,Slide,24 September 2024,2024.0,1
MIZ/KOL/2024/852,Mizoram,Kolasib,24.10687222,93.08849722,Earth,Slide,24 September 2024,2024.0,1
MIZ/AZL/2024/853,Mizoram,Aizawl,23.24231111,93.17726667,Debris,Slide,17 July 2024,2024.0,1
MIZ/AZL/2024/854,Mizoram,Aizawl,23.24500833,93.17587222,Debris,Slide,24 September 2024,2024.0,1
MIZ/AZL/2024/855,Mizoram,Aizawl,23.24454722,93.17027222,Debris,Slide,19 July 2024,2024.0,1
MIZ/AZL/2024/856,Mizoram,Aizawl,23.20960722,93.13104722,Debris,Slide,2 July 2024,2024.0,1
MIZ/AZL/2024/857,Mizoram,Aizawl,23.21068583,93.1212325,Debris,Slide,2 July 2024,2024.0,1
MIZ/KOL/2024/858,Mizoram,Kolasib,23.49216111,93.23695,Rock,Slide,17 July 2024,2024.0,1
MIZ/KOL/2024/859,Mizoram,Kolasib,23.504575,93.23805,Debris,Complex,17 July 2024,2024.0,1
MIZ/KOL/2024/860,Mizoram,Kolasib,24.15364444,93.02183611,Debris,Slide,7 June 2024,2024.0,1
MIZ/KOL/2024/861,Mizoram,Kolasib,24.15817222,93.02488611,Earth,Slide,28 September 2024,2024.0,1
MIZ/KOL/2024/862,Mizoram,Kolasib,24.23419444,93.02469167,Earth,Slide,28 September 2024,2024.0,1
MIZ/KOL/2024/863,Mizoram,Kolasib,24.32836667,93.00923056,Earth,Slide,28 September 2024,2024.0,1
MIZ/KOL/2024/865,Mizoram,Kolasib,24.40520278,93.06672222,Debris,Slide,9 July 2024,2024.0,1
MIZ/KOL/2024/866,Mizoram,Kolasib,24.4259,93.13580556,Earth,Slide,28 May 2024,2024.0,1
MIZ/KOL/2024/867,Mizoram,Kolasib,24.44347778,93.15817778,Debris,Complex,7 July 2024,2024.0,1
MIZ/KOL/2024/869,Mizoram,Kolasib,24.44857778,93.15738611,Debris,Complex,7 July 2024,2024.0,1
MIZ/KOL/2024/873,Mizoram,Kolasib,24.65409167,93.204625,Debris,Slide,17 July 2024,2024.0,1
MIZ/KOL/2024/874,Mizoram,Kolasib,24.65018056,93.20256667,Debris,Slide,17 July 2024,2024.0,1
MIZ/KOL/2024/875,Mizoram,Kolasib,24.6273,93.20404444,Earth,Slide,17 July 2024,2024.0,1
MIZ/KOL/2024/876,Mizoram,Kolasib,24.62604722,93.22583889,Debris,Complex,12 June 2024,2024.0,1
MIZ/KOL/2024/877,Mizoram,Kolasib,24.58605,93.21056389,Debris,Slide,24 September 2024,2024.0,1
MIZ/KOL/2024/878,Mizoram,Kolasib,24.577475,93.19105,Debris,Slide,22 October 2024,2024.0,1
MIZ/KOL/2024/879,Mizoram,Kolasib,24.56062778,93.18938889,Earth,Slide,7 July 2024,2024.0,1
MIZ/KOL/2024/880,Mizoram,Kolasib,24.5716,93.17273056,Debris,Slide,12 June 2024,2024.0,1
MIZ/KOL/2024/881,Mizoram,Kolasib,24.56925833,93.177275,Debris,Slide,28 May 2024,2024.0,1
MIZ/KOL/2024/882,Mizoram,Kolasib,24.57296389,93.17700556,Debris,Slide,7 July 2024,2024.0,1
MIZ/KOL/2024/883,Mizoram,Kolasib,24.5768,93.106075,Debris,Slide,12 June 2024,2024.0,1
MIZ/KOL/2024/884,Mizoram,Kolasib,24.526075,93.05379167,Debris,Slide,28 May 2024,2024.0,1
MIZ/KOL/2024/885,Mizoram,Kolasib,24.458325,93.09439167,Debris,Slide,24 September 2024,2024.0,1
MZ/AZL/84A10/2024/120,Mizoram,Aizawl,23.57722222,92.71222222,Earth,Complex,28 May 2024,2024.0,1
MIZ/AZL/84A15/2025/017,Mizoram,Aizawl,23.367366,92.767304,Rock,Slide,01 June 2025,2025.0,1
MIZ/AZL/84A15/2025/018,Mizoram,Aizawl,23.353485,92.780193,Debris,Slide,31 May 2025,2025.0,1
MIZ/AZL/84A15/2025/019,Mizoram,Aizawl,23.350187,92.778852,Debris,Slide,30 May 2025,2025.0,1
MIZ/AZL/84A15/2025/020,Mizoram,Aizawl,23.341022,92.776761,Debris,Slide,30 May 2025,2025.0,1
MIZ/AZL/84A15/2025/021,Mizoram,Aizawl,23.339144,92.786128,Debris,Slide,30 May 2025,2025.0,1
MIZ/AZL/84A15/2025/023,Mizoram,Aizawl,23.313871,92.792739,Debris,Slide,01 June 2025,2025.0,1
MIZ/SER/84A15/2025/024,Mizoram,Serchhip,23.315355,92.790619,Debris,Slide,31 May 2025,2025.0,1
MIZ/SER/84A12/2025/026,Mizoram,Serchhip,23.239637,92.748175,Debris,Slide,30 May 2025,2025.0,1
MIZ/LUNG/84A12/2025/033,Mizoram,Lunglei,23.203253,92.735838,Earth,Slide,31 May 2025,2025.0,1
MIZ/LUNG/84A12/2025/034,Mizoram,Lunglei,23.200475,92.735007,Debris,Slide,01 June 2025,2025.0,1
MIZ/LUNG/84A12/2025/035,Mizoram,Lunglei,23.195661,92.73562,Rock,Slide,01 June 2025,2025.0,1
MIZ/LUNG/84A12/2025/036,Mizoram,Lunglei,23.194007,92.734654,Rock,Slide,30 May 2025,2025.0,1
MIZ/LUNG/84A12/2025/037,Mizoram,Lunglei,23.193468,92.734849,Debris,Slide,30 May 2025,2025.0,1
MIZ/LUNG/84A12/2025/043,Mizoram,Lunglei,23.150939,92.748258,Debris,Slide,31 May 2025,2025.0,1
MIZ/LUNG/84A12/2025/045,Mizoram,Lunglei,23.1351,92.748694,Debris,Slide,31 May 2025,2025.0,1
MIZ/LUNG/84A12/2025/046,Mizoram,Lunglei,23.134009,92.746247,Earth,Slide,31 May 2025,2025.0,1
MIZ/LUNG/84A12/2025/047,Mizoram,Lunglei,23.132082,92.746268,Debris,Slide,31 May 2025,2025.0,1
MIZ/LUNG/84A16/2025/051,Mizoram,Lunglei,23.015005,92.765065,Rock,Slide,30 May 2025,2025.0,1
MIZ/LUNG/84A16/2025/052,Mizoram,Lunglei,23.022804,92.755698,Debris,Slide,31 May 2025,2025.0,1
MIZ/LUNG/84B09/2025/053,Mizoram,Lunglei,22.973735,92.725975,Debris,Slide,30 May 2025,2025.0,1
MIZ/LAW/84B14/2025/054,Mizoram,Lawngtlai,22.529731,92.896699,Debris,Slide,"Sept 1992, 22 May 1995, 30.05.2025",2025.0,1
MIZ/LUNG/84A12/2025/171,Mizoram,Lunglei,23.2388,92.636923,Earth,Slide,01 June 2025,2025.0,1
MIZ/LUNG/84A12/2025/172,Mizoram,Lunglei,23.234538,92.637234,Debris,Slide,01 June 2025,2025.0,1
MIZ/LUNG/84A12/2025/173,Mizoram,Lunglei,23.206413,92.632701,Debris,Slide,01 June 2025,2025.0,1
MIZ/LUNG/84A12/2025/174,Mizoram,Lunglei,23.197283,92.632661,Earth,Slide,01 June 2025,2025.0,1
MIZ/LUNG/84A12/2025/185,Mizoram,Lunglei,23.200655,92.5813,Debris,Flow,01 June 2025,2025.0,1
MIZ/LUNG/84A12/2025/186,Mizoram,Lunglei,23.201843,92.579666,Debris,Flow,01 June 2025,2025.0,1
MIZ/LUNG/84A12/2025/187,Mizoram,Lunglei,23.202247,92.57903,Debris,Flow,01 June 2025,2025.0,1
MIZ/LUNG/84A12/2025/188,Mizoram,Lunglei,23.203107,92.577972,Debris,Flow,01 June 2025,2025.0,1
MIZ/LUNG/84A12/2025/189,Mizoram,Lunglei,23.203903,92.576807,Debris,Flow,01 June 2025,2025.0,1
MIZ/LUNG/84A12/2025/190,Mizoram,Lunglei,23.204282,92.576174,Debris,Flow,01 June 2025,2025.0,1
MIZ/LUNG/84A12/2025/191,Mizoram,Lunglei,23.204481,92.575792,Earth,Slide,01 June 2025,2025.0,1
MIZ/LUNG/84A12/2025/192,Mizoram,Lunglei,23.205193,92.574684,Debris,Flow,01 June 2025,2025.0,1
MIZ/LUNG/84A12/2025/193,Mizoram,Lunglei,23.214589,92.572672,Debris,Slide,01 June 2025,2025.0,1
MIZ/LUNG/84A12/2025/194,Mizoram,Lunglei,23.212919,92.558022,Debris,Flow,01 June 2025,2025.0,1
MIZ/LUNG/84A12/2025/195,Mizoram,Lunglei,23.207082,92.509726,Debris,Slide,01 June 2025,2025.0,1
MIZ/LUNG/84A12/2025/196,Mizoram,Lunglei,23.195616,92.546251,Debris,Slide,01 June 2025,2025.0,1
MIZ/LUNG/84A12/2025/197,Mizoram,Lunglei,23.19796,92.543304,Debris,Slide,01 June 2025,2025.0,1
MIZ/LUNG/84A12/2025/198,Mizoram,Lunglei,23.190022,92.554302,Debris,Flow,01 June 2025,2025.0,1
MIZ/LUNG/84A12/2025/199,Mizoram,Lunglei,23.21035,92.539589,Debris,Slide,01 June 2025,2025.0,1
MIZ/LUNG/84A12/2025/200,Mizoram,Lunglei,23.208921,92.541174,Earth,Slide,01 June 2025,2025.0,1
MIZ/LUNG/84A12/2025/201,Mizoram,Lunglei,23.208823,92.53749,Debris,Slide,01 June 2025,2025.0,1
MIZ/LUNG/84A12/2025/202,Mizoram,Lunglei,23.206239,92.491221,Debris,Slide,01 June 2025,2025.0,1
MIZ/LUNG/84A12/2025/203,Mizoram,Lunglei,23.20549,92.543278,Earth,Slide,01 June 2025,2025.0,1
MIZ/LUNG/84A12/2025/204,Mizoram,Lunglei,23.219631,92.563324,Debris,Slide,01 June 2025,2025.0,1
MZ/KOL/83D11/2019/0001,Mizoram,Kolasib,24.27899722,92.642375,Soil,Flow,2008,2008.0,1
MZ/AZL/84A/10/2023/01,Mizoram,Aizawl,23.74150833,92.70785833,Rock,Slide,04 June 2023,2023.0,1
MZ-32/2011,Mizoram,Aizawl,23.60722222,92.72505556,,,June 2011,2011.0,1
MZ-33/2011,Mizoram,Aizawl,23.60722222,92.72505556,,,June 2011,2011.0,1
MZ/AZL/84A10/2016/01,Mizoram,Aizawl,23.60830556,92.85058333,Earth,Slide,17 September 2016,2016.0,1
MIZ/LUN/84A12/2025/005,Mizoram,Lunglei,23.2034,92.7379,Rock,Falls,July 2025,2025.0,1
MIZ/LUN/84A12/2025/006,Mizoram,Lunglei,23.2029,92.7371,Earth,Slide,June 2025,2025.0,1
MIZ/LUN/84A12/2025/007,Mizoram,Lunglei,23.2029,92.7369,Rock,Slide,July 2025,2025.0,1
MIZ/LUN/84A12/2025/008,Mizoram,Lunglei,23.2028,92.7368,Debris,Slide,July 2025,2025.0,1
MIZ/AZL/84A11/2025/020,Mizoram,Aizawl,23.4807,92.7025,Debris,Slide,13 September 2025,2025.0,1
MIZ/AZL/84A11/2025/021,Mizoram,Aizawl,23.4855,92.7033,Debris,Slide,02 July 2024,2024.0,1
MIZ/LUN/84A12/2025/036,Mizoram,Lunglei,23.206029,92.740123,Debris,Silde,July 2025,2025.0,1
MIZ/LUN/84A12/2025/037,Mizoram,Lunglei,23.204595,92.73861,Debris,Slide,3 June 2025,2025.0,1
MIZ/LUN/84A12/2025/038,Mizoram,Lunglei,23.202738,92.736174,Debris,Slide,July 2025,2025.0,1
MIZ/LUN/84A12/2025/039,Mizoram,Lunglei,23.202224,92.736123,Debris,Slide,July 2025,2025.0,1
MIZ/LUN/84A12/2025/040,Mizoram,Lunglei,23.202096,92.73698,Debris,Slide,June 2025,2025.0,1
MIZ/LUN/84A12/2025/041,Mizoram,Lunglei,23.201584,92.736877,Debris,Slide,July 2024,2024.0,1
MIZ/LUN/84A12/2025/042,Mizoram,Lunglei,23.201447,92.736703,Debris,Slide,August 2025,2025.0,1
MIZ/LUN/84A12/2025/052,Mizoram,Lunglei,23.197825,92.73502,Debris,Slide,15 June 2025,2025.0,1
MIZ/LUN/84A12/2025/053,Mizoram,Lunglei,23.197177,92.735661,Debris,Slide,May 2024,2024.0,1
MIZ/LUN/84A12/2025/054,Mizoram,Lunglei,23.196642,92.735456,Debris,Slide,July 2025,2025.0,1
MIZ/LUN/84A12/2025/055,Mizoram,Lunglei,23.193237,92.734819,Debris,Slide,02 June 2025,2025.0,1
MIZ/LUN/84A12/2025/056,Mizoram,Lunglei,23.191775,92.734778,Debris,Slide,06 June 2025,2025.0,1
MIZ/LUN/84A12/2025/057,Mizoram,Lunglei,23.191747,92.73459,Debris,Slide,02 June 2025,2025.0,1
MIZ/LUN/84A12/2025/061,Mizoram,Lunglei,23.189242,92.734475,Debris,Slide and Flow,July 2025,2025.0,1
MIZ/LUN/84A12/2025/064,Mizoram,Lunglei,23.188245,92.734327,Rock,Slide,02 June 2025,2025.0,1
MIZ/LUN/84A12/2025/065,Mizoram,Lunglei,23.187661,92.735055,Rock,Slide,May 2025,2025.0,1
MIZ/LUN/84A12/2025/066,Mizoram,Lunglei,23.18675,92.735178,Debris,Slide,02 June 2025,2025.0,1
MIZ/LUN/84A12/2025/067,Mizoram,Lunglei,23.186501,92.735632,Rock,Slide,13 September 2025,2025.0,1
MIZ/LUN/84A12/2025/068,Mizoram,Lunglei,23.186296,92.7356,Debris,Slide,13 September 2025,2025.0,1
MIZ/LUN/84A12/2025/069,Mizoram,Lunglei,23.186133,92.735682,Debris,Slide,13 September 2025,2025.0,1
MIZ/LUN/84A12/2025/071,Mizoram,Lunglei,23.185555,92.736061,Debris,Slide,August 2025,2025.0,1
MIZ/LUN/84A12/2025/072,Mizoram,Lunglei,23.185396,92.736019,Debris,Slide,June 2025,2025.0,1
MIZ/LUN/84A12/2025/084,Mizoram,Lunglei,23.174341,92.740855,Debris,Slide,13 September 2025,2025.0,1
MIZ/LUN/84A12/2025/087,Mizoram,Lunglei,23.170376,92.739585,Debris,Slide,August 2025,2025.0,1
MIZ/LUN/84A12/2025/088,Mizoram,Lunglei,23.170205,92.73929,Debris,Slide,August 2025,2025.0,1
MIZ/LUN/84A12/2025/090,Mizoram,Lunglei,23.16864,92.740342,Debris,Slide,August 2025,2025.0,1
MIZ/LUN/84A12/2025/091,Mizoram,Lunglei,23.168362,92.74061,Debris,Slide,September 2025,2025.0,1
MIZ/LUN/84A12/2025/092,Mizoram,Lunglei,23.165872,92.741435,Debris,Slide,August 2025,2025.0,1
MIZ/LUN/84A12/2025/094,Mizoram,Lunglei,23.164443,92.742682,Debris,Slide,June 2025,2025.0,1
MIZ/LUN/84A12/2025/095,Mizoram,Lunglei,23.164169,92.74339,Earth,Slide,August 2025,2025.0,1
MIZ/LUN/84A12/2025/096,Mizoram,Lunglei,23.163136,92.7444,Debris,Slide,August 2025,2025.0,1
MIZ/LUN/84A12/2025/097,Mizoram,Lunglei,23.162899,92.744032,Earth,Slide,August 2025,2025.0,1
MIZ/LUN/84A12/2025/098,Mizoram,Lunglei,23.160443,92.743261,Earth,Slide,June 2025,2025.0,1
MIZ/LUN/84A12/2025/099,Mizoram,Lunglei,23.160357,92.743677,Earth,Slide,August 2025,2025.0,1
MIZ/LUN/84A12/2025/100,Mizoram,Lunglei,23.160261,92.74337,Debris,Slide,August 2025,2025.0,1
MIZ/LUN/84A12/2025/101,Mizoram,Lunglei,23.157803,92.743652,Earth,Slide,August 2025,2025.0,1
MIZ/LUN/84A12/2025/102,Mizoram,Lunglei,23.157418,92.744221,Earth,Slide,August 2025,2025.0,1
MIZ/LUN/84A12/2025/104,Mizoram,Lunglei,23.155456,92.744778,Debris,Slide,August 2025,2025.0,1
MIZ/LUN/84A12/2025/105,Mizoram,Lunglei,23.152289,92.746243,Debris,Slide,30 May 2025,2025.0,1
MIZ/LUN/84A12/2025/106,Mizoram,Lunglei,23.151833,92.746339,Earth,Slide,June 2025,2025.0,1
MIZ/LUN/84A12/2025/107,Mizoram,Lunglei,23.151191,92.747211,Rock,Slide,June 2024,2024.0,1
MIZ/LUN/84A12/2025/110,Mizoram,Lunglei,23.14968,92.749277,Debris,Slide,July 2024,2024.0,1
MIZ/LUN/84A12/2025/111,Mizoram,Lunglei,23.149588,92.749562,Debris,Slide,August 2025,2025.0,1
MIZ/LUN/84A16/2025/112,Mizoram,Lunglei,23.149163,92.750431,Debris,Slide,June 2025,2025.0,1
MIZ/LUN/84A16/2025/113,Mizoram,Lunglei,23.149094,92.750808,Debris,Slide,June 2025,2025.0,1
MIZ/LUN/84A12/2025/114,Mizoram,Lunglei,23.147798,92.749742,Debris,Slide,13 September 2025,2025.0,1
MIZ/LUN/84A16/2025/115,Mizoram,Lunglei,23.144687,92.750609,Debris,Slide,06 June 2025,2025.0,1
MIZ/LUN/84A12/2025/116,Mizoram,Lunglei,23.143591,92.749751,Rock,Slide,September 2025,2025.0,1
MIZ/LUN/84A16/2025/118,Mizoram,Lunglei,23.141589,92.751435,Debris,Slide,July 2024,2024.0,1
MIZ/LUN/84A12/2025/124,Mizoram,Lunglei,23.137565,92.747197,Debris,Slide and flow,June 2025,2025.0,1
MIZ/LUN/84A12/2025/125,Mizoram,Lunglei,23.136964,92.74724,Earth,Slide,13 Septemebr 2025,2025.0,1
MIZ/LUN/84A12/2025/126,Mizoram,Lunglei,23.135979,92.747589,Debris,Slide and Flow,June 2025,2025.0,1
MIZ/LUN/84A12/2025/127,Mizoram,Lunglei,23.135813,92.74814,Debris,Slide,July 2025,2025.0,1
MIZ/LUN/84A12/2025/128,Mizoram,Lunglei,23.134961,92.747843,Debris,Slide and Flow,30 May 2025,2025.0,1
MIZ/LUN/84A12/2025/131,Mizoram,Lunglei,23.132035,92.745362,Debris,Slide,June 2025,2025.0,1
MIZ/LUN/84A12/2025/132,Mizoram,Lunglei,23.131844,92.744715,Earth,Slide and flow,August 2025,2025.0,1
MIZ/LUN/84A12/2025/133,Mizoram,Lunglei,23.131999,92.744413,Earth,Slide,13 September 2025,2025.0,1
MIZ/LUN/84A12/2025/134,Mizoram,Lunglei,23.130578,92.743046,Earth,Slide,June 2025,2025.0,1
MIZ/LUN/84A12/2025/136,Mizoram,Lunglei,23.127505,92.740257,Debris,Slide,June 2025,2025.0,1
MIZ/LUN/84A12/2025/137,Mizoram,Lunglei,23.125686,92.740507,Rock,Slide,July 2025,2025.0,1
MIZ/LUN/84A12/2025/138,Mizoram,Lunglei,23.125271,92.740646,Earth,Slide,June 2025,2025.0,1
MIZ/LUN/84A12/2025/140,Mizoram,Lunglei,23.123517,92.739803,Debris,Slide and Flow,June 2025,2025.0,1
MIZ/LUN/84A12/2025/141,Mizoram,Lunglei,23.121323,92.741086,Debris,Slide,September 2025,2025.0,1
MIZ/LUN/84A12/2025/142,Mizoram,Lunglei,23.119722,92.742868,Debris,Slide,July 2025,2025.0,1
MIZ/LUN/84A12/2025/143,Mizoram,Lunglei,23.119344,92.742996,Debris,Slide,June 2025,2025.0,1
MIZ/LUN/84A12/2025/144,Mizoram,Lunglei,23.119163,92.743039,Debris,Slide and Flow,July 2025,2025.0,1
MIZ/LUN/84A12/2025/151,Mizoram,Lunglei,23.11349,92.745057,Earth,Slide,July 2024,2024.0,1
MIZ/LUN/84A12/2025/152,Mizoram,Lunglei,23.113126,92.74564,Earth,Slide,02 June 2025,2025.0,1
MIZ/LUN/84A12/2025/153,Mizoram,Lunglei,23.112284,92.746288,Debris,Slide,July 2023,2023.0,1
MIZ/LUN/84A12/2025/154,Mizoram,Lunglei,23.108018,92.746279,Earth,Slide,30 May 2025,2025.0,1
MIZ/LUN/84A16/2025/161,Mizoram,Lunglei,23.100785,92.751508,Earth,Slide,30 May 2025,2025.0,1
MIZ/LUN/84A16/2025/162,Mizoram,Lunglei,23.099615,92.752199,Earth,Slide,06 June 2025,2025.0,1
MIZ/LUN/84A16/2025/163,Mizoram,Lunglei,23.098261,92.751461,Earth,Slide,June 2025,2025.0,1
MIZ/LUN/84A16/2025/165,Mizoram,Lunglei,23.092076,92.752286,Earth,Slide,13 September 2025,2025.0,1
MIZ/LUN/84A16/2025/166,Mizoram,Lunglei,23.091619,92.752299,Earth,Slide,July 2025,2025.0,1
MIZ/LUN/84A16/2025/167,Mizoram,Lunglei,23.089822,92.751916,Debris,Slide,September 2025,2025.0,1
MIZ/LUN/84A16/2025/172,Mizoram,Lunglei,23.08373,92.757679,Earth,Slide,September 2025,2025.0,1
MIZ/LUN/84A16/2025/175,Mizoram,Lunglei,23.074255,92.76222,Debris,Slide,01 June 2025,2025.0,1
MIZ/LUN/84A16/2025/176,Mizoram,Lunglei,23.07006,92.764514,Debris,Slide,Septemebr 2025,2025.0,1
MIZ/LUN/84A16/2025/177,Mizoram,Lunglei,23.069585,92.765797,Debris,Slide,31 May 2025,2025.0,1
MIZ/LUN/84A16/2025/178,Mizoram,Lunglei,23.067473,92.767201,Earth,Slide,30 May 2025,2025.0,1
MIZ/LUN/84A16/2025/179,Mizoram,Lunglei,23.065772,92.767979,Debris,Slide,July 2024,2024.0,1
MIZ/LUN/84A16/2025/180,Mizoram,Lunglei,23.06533,92.768329,Debris,Slide,13 Septemebr 2025,2025.0,1
MIZ/LUN/84A16/2025/181,Mizoram,Lunglei,23.063838,92.769004,Debris,Slide,15 June 2025,2025.0,1
MIZ/LUN/84A16/2025/182,Mizoram,Lunglei,23.061745,92.770105,Debris,Slide,30 May 2025,2025.0,1
MIZ/LUN/84A16/2025/186,Mizoram,Lunglei,23.056424,92.772983,Rock,Slide,June 2025,2025.0,1
MIZ/LUN/84A16/2025/187,Mizoram,Lunglei,23.054573,92.772578,Debris,Slide,July 2024,2024.0,1
MIZ/LUN/84A16/2025/189,Mizoram,Lunglei,23.050965,92.772524,Debris,Slide,July 2025,2025.0,1
MIZ/LUN/84A16/2025/190,Mizoram,Lunglei,23.047367,92.772849,Debris,Slide,June 2025,2025.0,1
MIZ/LUN/84A16/2025/191,Mizoram,Lunglei,23.046442,92.772974,Debris,Slide,September 2025,2025.0,1
MIZ/LUN/84A16/2025/194,Mizoram,Lunglei,23.044434,92.772583,Debris,Slide,June 2025,2025.0,1
MIZ/LUN/84A16/2025/195,Mizoram,Lunglei,23.04345,92.772408,Debris,Slide,Septemebr 2025,2025.0,1
MIZ/LUN/84A16/2025/197,Mizoram,Lunglei,23.040669,92.772823,Debris,Slide,July 2024,2024.0,1
MIZ/LUN/84A16/2025/198,Mizoram,Lunglei,23.040051,92.773327,Debris,Slide,June 2025,2025.0,1
MIZ/LUN/84A16/2025/199,Mizoram,Lunglei,23.038879,92.773703,Debris,Slide,June 2025,2025.0,1
MIZ/AZL/84A11/2025/201,Mizoram,Aizawl,23.502513,92.697754,Debris,Slide,July 2025,2025.0,1
NG/TSG/83J16/2018/002,Nagaland,Tuensang,23.725778,91.645694,Rock,Slide,"2015, 11 May 2018",2015.0,1
NA/PER/83G10/2020/12,Nagaland,Peren,25.5,93.67,Earth,Slide,2017,2017.0,1
NA/PER/83G10/2020/1,Nagaland,Peren,25.51,93.7,Debris,Slide,2018,2018.0,1
NA/PER/83G10/2020/2,Nagaland,Peren,25.51,93.7,Debris,Slide,2019,2019.0,1
NA/PER/83G10/2020/3,Nagaland,Peren,25.51,93.71,Debris,Slide,2019,2019.0,1
NA/PER/83G10/2020/4,Nagaland,Peren,25.51,93.71,Rock,Slide,2019,2019.0,1
NA/PER/83G10/2020/5,Nagaland,Peren,25.51,93.72,Debris,Slide,2019,2019.0,1
NA/PER/83G10/2020/20,Nagaland,Peren,25.51,93.67,Debris,Slide,2019,2019.0,1
NA/PER/83G10/2020/21,Nagaland,Peren,25.51,93.67,Debris,Slide,2019,2019.0,1
NA/PER/83G10/2020/22,Nagaland,Peren,25.51,93.67,Rock,Slide,2019,2019.0,1
NA/PER/83G10/2020/23,Nagaland,Peren,25.51,93.67,Debris,Slide,2019,2019.0,1
NA/PER/83G10/2020/24,Nagaland,Peren,25.51,93.67,Earth,Slide,2019,2019.0,1
NA/PER/83G10/2020/25,Nagaland,Peren,25.51,93.68,Earth,Slide,2019,2019.0,1
NA/PER/83G10/2020/26,Nagaland,Peren,25.51,93.68,Rock,Slide,2019,2019.0,1
NA/PER/83G10/2020/6,Nagaland,Peren,25.52,93.73,Rock,Slide,2019,2019.0,1
NA/PER/83G10/2020/7,Nagaland,Peren,25.52,93.72,Rock,Slide,2019,2019.0,1
NA/PER/83G10/2020/15,Nagaland,Peren,25.53,93.74,Earth,Subsidence,2017,2017.0,1
NL/PHE/83K02/2014/35,Nagaland,Phek,25.53633,94.23894,Debris,Slide,"June to July, 2011",2011.0,1
NA/PER/83G10/2020/17,Nagaland,Peren,25.54,93.74,Earth,Subsidence,2018,2018.0,1
NG/PHE/83K6/2015/250,Nagaland,Phek,25.546,94.27,Debris,Slide,2014,2014.0,1
NL/KOH/83K02/2014/42,Nagaland,Kohima,25.54831,94.19192,Debris,Slide,2014,2014.0,1
NG/PHE/83K6/2015/268,Nagaland,Phek,25.549,94.286,Debris,Slide,2015,2015.0,1
NG/KOH/83K2/2015/114,Nagaland,Kohima,25.552,94.149,Debris,Slide,2009,2009.0,1
NG/PHE/83K6/2015/261,Nagaland,Phek,25.552,94.36,Rock,Slide,2010,2010.0,1
NG/PHE/83K6/2015/252,Nagaland,Phek,25.552,94.362,Rock,Slide,2010,2010.0,1
NG/PHE/83K6/2015/307,Nagaland,Phek,25.552,94.289,Rock cum Debris,Slide,2015,2015.0,1
NG/KOH/83K2/2015/116,Nagaland,Kohima,25.553,94.148,Debris,Slide,2009,2009.0,1
NG/KOH/83K2/2015/124,Nagaland,Kohima,25.554,94.148,Debris,Slide,2009,2009.0,1
NL/PHE/83K02/2014/32,Nagaland,Phek,25.55408,94.23669,Debris,Slide,2014,2014.0,1
NL/KOH/83K02/2014/48,Nagaland,Kohima,25.55697,94.15322,Debris,Flow,2014,2014.0,1
NG/PHE/83K6/2015/245,Nagaland,Phek,25.559,94.284,Debris,Fall,2015,2015.0,1
NL/KOH/83K02/2014/36,Nagaland,Kohima,25.56292,94.14544,Debris,Flow,2014,2014.0,1
NG/KOH/83K2/2015/74,Nagaland,Kohima,25.563,94.147,Debris,Slide,2009,2009.0,1
NG/KOH/83K2/2015/195,Nagaland,Kohima,25.563,94.14,Debris,Slide,2015,2015.0,1
NL/KOH/83K02/2014/39,Nagaland,Kohima,25.56544,94.17208,Debris,Slide,2014,2014.0,1
NG/PER/83G14/2015/15,Nagaland,Peren,25.569,93.872,Debris,Slide,2013,2013.0,1
NG/PER/83G14/2015/13,Nagaland,Peren,25.57,93.871,Debris,Slide,2013,2013.0,1
NL/KOH/83K02/2014/38,Nagaland,Kohima,25.57086,94.17047,Debris,Slide,2014,2014.0,1
NG/PER/83G14/2015/11,Nagaland,Peren,25.571,93.871,Debris,Slide,2013,2013.0,1
NL/KOH/83K02/2014/37,Nagaland,Kohima,25.57244,94.17178,Debris,Slide,2014,2014.0,1
NAG/PHEK/83K06/2009/F-6,Nagaland,Phek,25.58194,94.35,Debris,Slide,2nd week of June 2009,2009.0,1
NG/PHE/83K6/2015/286,Nagaland,Phek,25.586,94.288,Debris,Slide,2013,2013.0,1
NG/PHE/83K6/2015/322,Nagaland,Phek,25.594,94.314,Debris,Slide,2015,2015.0,1
NG/PHE/83K6/2015/316,Nagaland,Phek,25.598,94.31,Debris,Slide,2015,2015.0,1
NG/PHE/83K6/2015/327,Nagaland,Phek,25.607,94.321,Debris,Slide,2015,2015.0,1
NG/KOH/83K2/2015/208,Nagaland,Kohima,25.61,94.139,Debris,Slide,2013,2013.0,1
NL/PHE/83K02/2014/04,Nagaland,Phek,25.61275,94.21517,Rock,Slide,2014,2014.0,1
NG/KOH/83G14/2015/1,Nagaland,Kohima,25.615,93.944,Debris,Slide,2014,2014.0,1
NL/KOH/83K02/2014/12,Nagaland,Kohima,25.61597,94.09208,Debris,Slide,2014,2014.0,1
NG/PHE/83K6/2015/295,Nagaland,Phek,25.62,94.332,Debris,Slide,2015,2015.0,1
NL/PHE/83K02/2014/03,Nagaland,Phek,25.62067,94.21483,Rock,Topple,2014,2014.0,1
NL/KOH/83K02/2014/03,Nagaland,Kohima,25.621,94.11806,Rock cum Debris,Flow,12-07-2013,2013.0,1
NG/PHE/83K2/2015/64,Nagaland,Phek,25.621,94.212,Rock,Slide,2014,2014.0,1
NG/PHE/83K6/2015/304,Nagaland,Phek,25.621,94.335,Rock cum Debris,Slide,2015,2015.0,1
NG/PHE/83K6/2015/293,Nagaland,Phek,25.623,94.354,Debris,Slide,2013,2013.0,1
NG/PHE/83K6/2015/330,Nagaland,Phek,25.623,94.336,Rock cum Debris,Slide,2015,2015.0,1
NG/PHE/83K6/2015/280,Nagaland,Phek,25.624,94.361,Debris,Slide,2014,2014.0,1
NG/PHE/83K6/2015/279,Nagaland,Phek,25.624,94.348,Debris,Slide,2013,2013.0,1
NG/PHE/83K6/2015/315,Nagaland,Phek,25.625,94.335,Debris,Slide,2013,2013.0,1
NG/PHE/83K6/2015/333,Nagaland,Phek,25.625,94.345,Debris,Slide,2013,2013.0,1
NG/PHE/83K6/2015/253,Nagaland,Phek,25.629,94.273,Rock,Slide,2015,2015.0,1
NG/PHE/83K6/2015/259,Nagaland,Phek,25.629,94.274,Debris,Slide,2015,2015.0,1
NG/PHE/83K6/2015/269,Nagaland,Phek,25.63,94.259,Debris,Slide,2013,2013.0,1
NG/PHE/83K6/2015/303,Nagaland,Phek,25.631,94.257,Debris,Slide,2013,2013.0,1
NG/KOH/83G14/2015/5,Nagaland,Kohima,25.631,93.999,Rock,Slide,2015,2015.0,1
NG/PHE/83K6/2015/271,Nagaland,Phek,25.632,94.257,Debris,Slide,2013,2013.0,1
NG/PHE/83K6/2015/274,Nagaland,Phek,25.632,94.25,Debris,Slide,2013,2013.0,1
NG/PHE/83K6/2015/264,Nagaland,Phek,25.632,94.25,Debris,Slide,2013,2013.0,1
NG/PHE/83K6/2015/306,Nagaland,Phek,25.634,94.255,Debris,Slide,2013,2013.0,1
NG/PHE/83K6/2015/300,Nagaland,Phek,25.635,94.252,Debris,Slide,2013,2013.0,1
NAG/KOH/83K02/2007/F-1,Nagaland,Kohima,25.63861,94.115,Debris,Slide,11 August 2007 to12 August 2007,2007.0,1
NG/KOH/83K2/2015/91,Nagaland,Kohima,25.644,94.107,Debris,Slide,2014,2014.0,1
NG/KOH/83G14/2015/2,Nagaland,Kohima,25.645,93.992,Debris,Slide,2015,2015.0,1
NG/PHE/83K6/2015/288,Nagaland,Phek,25.647,94.378,Debris,Slide,2014,2014.0,1
NG/PHE/83K6/2015/298,Nagaland,Phek,25.647,94.361,Debris,Slide,2015,2015.0,1
NG/PHE/83K6/2015/336,Nagaland,Phek,25.649,94.441,Rock,Slide,2014,2014.0,1
NG/KOH/83K2/2015/50,Nagaland,Kohima,25.651,94.097,Debris,Slide,2009,2009.0,1
NG/PHE/83K6/2015/254,Nagaland,Phek,25.654,94.438,Debris,Slide,2010,2010.0,1
NG/PHE/83K6/2015/257,Nagaland,Phek,25.655,94.438,Debris,Slide,2010,2010.0,1
NG/PHE/83K6/2015/260,Nagaland,Phek,25.657,94.439,Debris,Slide,2012,2012.0,1
NL/KOH/83K02/2014/10,Nagaland,Kohima,25.65778,94.05683,Debris,Slide,"July-August, 2014",2014.0,1
NAG/KOH/83K02/2008/F-3A,Nagaland,Kohima,25.66083,94.10278,Debris,Fall,02 August 2008,2008.0,1
NG/PHE/83K6/2015/276,Nagaland,Phek,25.662,94.453,Debris,Slide,2012,2012.0,1
NL/KOH/83K02/2014/40,Nagaland,Kohima,25.66264,94.11353,Debris,Slide,August 2014,2014.0,1
NL/KOH/83K02/2014/01,Nagaland,Kohima,25.663,94.10439,Debris,Slide,August 2014,2014.0,1
NG/KOH/83K2/2015/81,Nagaland,Kohima,25.663,94.097,Debris,Slide,2006,2006.0,1
NG/KOH/83K2/2015/32,Nagaland,Kohima,25.664,94.101,Debris,Slide,2013,2013.0,1
NG/PHE/83K2/2015/210,Nagaland,Phek,25.666,94.244,Rock,Slide,2015,2015.0,1
NG/KOH/83K2/2015/94,Nagaland,Kohima,25.667,94.035,Rock,Fall,2015,2015.0,1
NG/KOH/83K2/2015/155,Nagaland,Kohima,25.667,94.051,Debris,Slide,2013,2013.0,1
NG/PHE/83K6/2015/265,Nagaland,Phek,25.668,94.464,Debris,Slide,2014,2014.0,1
NL/KOH/83K02/2014/09,Nagaland,Kohima,25.66806,94.05525,Debris,Slide,2014,2014.0,1
NG/KOH/83K2/2015/123,Nagaland,Kohima,25.669,94.192,Debris,Slide,2013,2013.0,1
NG/KOH/83K2/2015/149,Nagaland,Kohima,25.669,94.051,Debris,Slide,2013,2013.0,1
NAG/KOH/83K02/2008/F-4(A),Nagaland,Kohima,25.66917,94.10722,Debris,Slide,16 August 2008,2008.0,1
NL/KOH/83K02/2014/08,Nagaland,Kohima,25.66969,94.06267,Debris,Slide,August 2014,2014.0,1
NG/PHE/83K6/2015/246,Nagaland,Phek,25.67,94.397,Debris,Slide,2015,2015.0,1
NG/PHE/83K6/2015/319,Nagaland,Phek,25.67,94.382,Debris,Slide,2013,2013.0,1
NG/PHE/83K6/2015/310,Nagaland,Phek,25.6702,94.456,Rock cum Debris,Slide,2015,2015.0,1
NG/KOH/83K2/2015/111,Nagaland,Kohima,25.671,94.14,Debris,Composite,2011,2011.0,1
NL/KOH/83K02/2014/14,Nagaland,Kohima,25.6715,94.06942,Debris,Slide,2014,2014.0,1
NG/KOH/83K2/2015/88,Nagaland,Kohima,25.672,94.101,Debris,Slide,2014,2014.0,1
NAG/KOH/83K02/2008/F-4(B),Nagaland,Kohima,25.67222,94.11083,Debris,Slide,16-08-2008,2008.0,1
NL/KOH/83K02/2014/06,Nagaland,Kohima,25.67286,94.08883,Debris,Slide,"20-23 August, 2014.",2014.0,1
NG/KOH/83K2/2015/162,Nagaland,Kohima,25.673,94.101,Debris,Slide,2010,2010.0,1
NG/PHE/83K6/2015/337,Nagaland,Phek,25.675,94.397,Debris,Slide,2015,2015.0,1
NL/KOH/83K02/2014/47,Nagaland,Kohima,25.67661,94.02364,Debris,Slide,2014,2014.0,1
NG/KOH/83K2/2015/203,Nagaland,Kohima,25.677,94.241,Debris,Slide,2010,2010.0,1
NG/KOH/83K2/2015/180,Nagaland,Kohima,25.677,94.0202,Rock,Slide,2011,2011.0,1
NG/KOH/83K2/2015/95,Nagaland,Kohima,25.678,94.101,Rock,Slide,2014,2014.0,1
NG/PHE/83K6/2015/262,Nagaland,Phek,25.679,94.458,Debris,Slide,2009,2009.0,1
NG/KOH/83K2/2015/48,Nagaland,Kohima,25.679,94.096,Debris,Slide,2013,2013.0,1
NL/KOH/83K02/2014/14,Nagaland,Kohima,25.68044,94.07336,Rock cum Debris,Flow,2014,2014.0,1
NG/PHE/83K6/2015/338,Nagaland,Phek,25.681,94.387,Debris,Slide,2015,2015.0,1
NG/KOH/83K2/2015/136,Nagaland,Kohima,25.682,94.094,Debris,Slide,2013,2013.0,1
NG/KOH/83K2/2015/150,Nagaland,Kohima,25.682,94.096,Debris,Slide,2011,2011.0,1
NG/KOH/83K2/2015/209,Nagaland,Kohima,25.683,94.099,Debris,Slide,2006,2006.0,1
NG/KOH/83K2/2015/38,Nagaland,Kohima,25.683,94.038,Debris,Slide,2016,2016.0,1
NL/KOH/83K02/2014/29,Nagaland,Kohima,25.68375,94.12436,Debris,Slide,2014,2014.0,1
NG/KOH/83K2/2015/45,Nagaland,Kohima,25.684,94.119,Debris,Slide,2013,2013.0,1
NG/KOH/83K2/2015/84,Nagaland,Kohima,25.685,94.12,Debris,Slide,2013,2013.0,1
NL/KOH/83K02/2014/28,Nagaland,Kohima,25.68525,94.12347,Debris,Slide,2014,2014.0,1
NG/KOH/83K2/2015/87,Nagaland,Kohima,25.686,94.119,Debris,Slide,2015,2015.0,1
NAG/KOH/83K02/2008/F-2,Nagaland,Kohima,25.68667,94.06361,,Slide,02.08.2008,2008.0,1
NG/KOH/83K2/2015/170,Nagaland,Kohima,25.687,94.062,Debris,Slide,2006,2006.0,1
NL/KOH/83K02/2014/27,Nagaland,Kohima,25.68703,94.12442,Debris,Slide,2014,2014.0,1
NL/KOH/83K02/2014/30,Nagaland,Kohima,25.68772,94.14044,Debris,Slide,2014,2014.0,1
NG/KOH/83K2/2015/101,Nagaland,Kohima,25.688,94.137,Rock,Slide,2012,2012.0,1
NG/KOH/83K2/2015/82,Nagaland,Kohima,25.688,94.12,Debris,Slide,2014,2014.0,1
NG/KOH/83G14/2015/24,Nagaland,Kohima,25.688,93.907,Debris,Slide,2015,2015.0,1
NG/KOH/83K2/2015/163,Nagaland,Kohima,25.688,94.121,Debris,Slide,2011,2011.0,1
NG/KOH/83K2/2015/49,Nagaland,Kohima,25.691,94.121,Debris,Slide,2014,2014.0,1
NG/KOH/83K2/2015/60,Nagaland,Kohima,25.692,94.11,Debris,Slide,2011,2011.0,1
NG/KOH/83K2/2015/55,Nagaland,Kohima,25.693,94.043,Debris,Slide,2012,2012.0,1
NG/KOH/83K2/2015/96,Nagaland,Kohima,25.694,94.107,Debris,Slide,2013,2013.0,1
NG/KOH/83K2/2015/72,Nagaland,Kohima,25.695,94.108,Debris,Slide,2009,2009.0,1
NG/KOH/83K2/2015/218,Nagaland,Kohima,25.695,94.077,Debris,Slide,2006,2006.0,1
NG/PHE/83K6/2015/289,Nagaland,Phek,25.695,94.349,Debris,Slide,2015,2015.0,1
NL/KOH/83K02/2014/26,Nagaland,Kohima,25.69506,94.11203,Debris,Slide,2014,2014.0,1
NL/KOH/83K02/2014/25,Nagaland,Kohima,25.69583,94.10833,Debris,Slide,2014,2014.0,1
NG/PHE/83K6/2015/278,Nagaland,Phek,25.696,94.318,Debris,Slide,2014,2014.0,1
NG/PHE/83K6/2015/283,Nagaland,Phek,25.696,94.32,Debris,Composite,2014,2014.0,1
NG/KOH/83G14/2015/25,Nagaland,Kohima,25.696,93.924,Debris,Slide,2010,2010.0,1
NG/KOH/83K2/2015/143,Nagaland,Kohima,25.696,94.079,Debris,Slide,2012,2012.0,1
NG/KOH/83G14/2015/31,Nagaland,Kohima,25.697,93.916,Debris,Slide,2010,2010.0,1
NG/KOH/83K2/2015/196,Nagaland,Kohima,25.698,94.085,Debris,Slide,2011,2011.0,1
NG/PHE/83K6/2015/339,Nagaland,Phek,25.699,94.427,Rock cum Debris,Composite,2012,2012.0,1
NL/KOH/83K02/2014/31,Nagaland,Kohima,25.70106,94.14167,Debris,Slide,2014,2014.0,1
NG/PHE/83K6/2015/249,Nagaland,Phek,25.703,94.338,Debris,Slide,2015,2015.0,1
NG/KOH/83K2/2015/215,Nagaland,Kohima,25.703,94.137,Debris,Slide,2014,2014.0,1
NG/PHE/83K6/2015/272,Nagaland,Phek,25.706,94.466,Debris,Slide,2010,2010.0,1
NG/PHE/83K6/2015/317,Nagaland,Phek,25.706,94.468,Debris,Slide,2012,2012.0,1
NG/PHE/83K6/2015/275,Nagaland,Phek,25.707,94.466,Debris,Slide,2010,2010.0,1
NG/PHE/83K6/2015/296,Nagaland,Phek,25.708,94.386,Rock,Fall,2015,2015.0,1
NA/DIM/83G13/2020/20,Nagaland,Dimapur,25.71,93.74,Debris,Slide,2017,2017.0,1
NA/DIM/83G13/2020/21,Nagaland,Dimapur,25.71,93.74,Debris,Slide,2017,2017.0,1
NG/KOH/83K2/2015/36,Nagaland,Kohima,25.711,94.09,Debris,Slide,2014,2014.0,1
NL/KOH/83K02/2014/22,Nagaland,Kohima,25.71281,94.09194,Debris,Slide,2014,2014.0,1
NG/KOH/83K2/2015/109,Nagaland,Kohima,25.713,94.088,Debris,Slide,2011,2011.0,1
NG/KOH/83K2/2015/46,Nagaland,Kohima,25.713,94.088,Debris,Slide,2014,2014.0,1
NG/KOH/83K2/2015/41,Nagaland,Kohima,25.714,94.087,Debris,Slide,2014,2014.0,1
NG/KOH/83K2/2015/201,Nagaland,Kohima,25.716,94.085,Debris,Slide,2010,2010.0,1
NL/KOH/83K02/2014/04,Nagaland,Kohima,25.71611,94.08883,Debris,Flow,03 July 2013,2013.0,1
NG/KOH/83K2/2015/141,Nagaland,Kohima,25.717,94.086,Debris,Slide,2015,2015.0,1
NG/KOH/83K2/2015/59,Nagaland,Kohima,25.72,94.085,Debris,Slide,2014,2014.0,1
NG/KOH/83K2/2015/76,Nagaland,Kohima,25.721,94.084,Debris,Slide,2009,2009.0,1
NG/KOH/83K2/2015/42,Nagaland,Kohima,25.721,94.039,Debris,Composite,2014,2014.0,1
NL/KOH/83K02/2014/19,Nagaland,Kohima,25.72194,94.0855,Debris,Slide,2014,2014.0,1
NG/KOH/83K2/2015/39,Nagaland,Kohima,25.722,94.082,Rock,Slide,2009,2009.0,1
NG/DIM/83G14/2015/19,Nagaland,Dimapur,25.724,93.777,Rock,Slide,2010,2010.0,1
NG/DIM/83G14/2015/10,Nagaland,Dimapur,25.726,93.773,Debris,Slide,2010,2010.0,1
NL/KOH/83K02/2014/21,Nagaland,Kohima,25.72739,94.10103,Debris,Slide,2014,2014.0,1
NG/KOH/83K2/2015/104,Nagaland,Kohima,25.728,94.098,Debris,Slide,2014,2014.0,1
NL/KOH/83K02/2014/18,Nagaland,Kohima,25.72894,94.0855,Debris,Slide,2014,2014.0,1
NG/KOH/83K2/2015/75,Nagaland,Kohima,25.735,94.02,Debris,Slide,2008,2008.0,1
NL/KOH/83K02/2014/17,Nagaland,Kohima,25.73572,94.08703,Debris,Creep,2014,2014.0,1
NG/PHE/83K2/2015/66,Nagaland,Phek,25.736,94.012,Debris,Slide,2014,2014.0,1
NG/KOH/83K2/2015/54,Nagaland,Kohima,25.738,94.008,Debris,Slide,2009,2009.0,1
NG/DIM/83G14/2015/8,Nagaland,Dimapur,25.74,93.775,Debris,Slide,2013,2013.0,1
NG/DIM/83G14/2015/22,Nagaland,Dimapur,25.743,93.798,Debris,Slide,2010,2010.0,1
NL/KOH/83K02/2014/16,Nagaland,Kohima,25.74467,94.08672,Debris,Slide,2014,2014.0,1
NG/DIM/83G14/2015/20,Nagaland,Dimapur,25.745,93.782,Debris,Slide,2015,2015.0,1
NG/DIM/83G14/2015/23,Nagaland,Dimapur,25.745,93.784,Debris,Slide,2015,2015.0,1
NG/KOH/83K2/2015/200,Nagaland,Kohima,25.746,94.078,Debris,Slide,2011,2011.0,1
NL/KOH/83G14/2014/15,Nagaland,Kohima,25.74697,93.98167,Rock cum Debris,Slide,08 September 2013,2013.0,1
NG/KOH/83K2/2015/217,Nagaland,Kohima,25.748,94.077,Debris,Slide,2013,2013.0,1
NG/KOH/83K2/2015/222,Nagaland,Kohima,25.749,94.078,Debris,Slide,2013,2013.0,1
NA/DIM/83G13/2020/11,Nagaland,Dimapur,25.75,93.97,Debris,Slide,2018,2018.0,1
NAG/KIP/83K13/2016/074,Nagaland,Kiphire,25.751456,94.850217,Debris,Slide,2016,2016.0,1
NAG/KIP/83K13/2016/073,Nagaland,Kiphire,25.755936,94.846033,Debris,Slide,2016,2016.0,1
NAG/ZUN/83K09/2016/049,Nagaland,Kiphire,25.7578,94.7058,Debris,Slide,2016,2016.0,1
NA/DIM/83G13/2020/9,Nagaland,Dimapur,25.76,93.95,Debris,Slide,2018,2018.0,1
NA/DIM/83G13/2020/10,Nagaland,Dimapur,25.76,93.95,Debris,Slide,2019,2019.0,1
NA/DIM/83G13/2020/18,Nagaland,Dimapur,25.76,93.96,Debris,Slide,2017,2017.0,1
NA/DIM/83G13/2020/25,Nagaland,Dimapur,25.76,93.94,Debris,Slide,2018,2018.0,1
NAG/ZUN/83K09/2016/050,Nagaland,Kiphire,25.764292,94.714094,Debris,Slide,2015,2015.0,1
NAG/ZUN/83K09/2016/051,Nagaland,Kiphire,25.767683,94.709381,Debris,Slide,2016,2016.0,1
NL/DIM/83G13/2014/02,Nagaland,Dimapur,25.76939,93.80278,Earth,Slide,16 July 2013,2013.0,1
NA/DIM/83G13/2020/1,Nagaland,Dimapur,25.77,93.9,Rock,Slide,2018,2018.0,1
NA/DIM/83G13/2020/6,Nagaland,Dimapur,25.77,93.81,Debris,Slide,2018,2018.0,1
NA/DIM/83G13/2020/7,Nagaland,Dimapur,25.77,93.94,Debris,Slide,2018,2018.0,1
NA/DIM/83G13/2020/8,Nagaland,Dimapur,25.77,93.94,Debris,Slide,2018,2018.0,1
NA/DIM/83G13/2020/12,Nagaland,Dimapur,25.77,93.82,Earth,Slide,2018,2018.0,1
NA/DIM/83G13/2020/13,Nagaland,Dimapur,25.77,93.91,Debris,Slide,2018,2018.0,1
NA/DIM/83G13/2020/14,Nagaland,Dimapur,25.77,93.91,Debris,Slide,2018,2018.0,1
NA/DIM/83G13/2020/15,Nagaland,Dimapur,25.77,93.9,Rock,Slide,2019,2019.0,1
NA/DIM/83G13/2020/16,Nagaland,Dimapur,25.77,93.9,Debris,Slide,2018,2018.0,1
NA/DIM/83G13/2020/22,Nagaland,Dimapur,25.77,93.93,Debris,Slide,2018,2018.0,1
NA/DIM/83G13/2020/24,Nagaland,Dimapur,25.77,93.93,Debris,Slide,2018,2018.0,1
NA/DIM/83G13/2020/29,Nagaland,Dimapur,25.77,93.91,Debris,Slide,2018,2018.0,1
NA/DIM/83G13/2020/32,Nagaland,Dimapur,25.77,93.9,Debris,Slide,2018,2018.0,1
NA/DIM/83G13/2020/33,Nagaland,Dimapur,25.77,93.91,Debris,Slide,2018,2018.0,1
NA/DIM/83G13/2020/34,Nagaland,Dimapur,25.77,93.82,Earth,Slide,2019,2019.0,1
NA/DIM/83G13/2020/38,Nagaland,Dimapur,25.77,93.81,Rock,Slide,2018,2018.0,1
NA/DIM/83G13/2020/39,Nagaland,Dimapur,25.77,93.81,Debris,Slide,2018,2018.0,1
NA/DIM/83G13/2020/40,Nagaland,Dimapur,25.77,93.81,Debris,Slide,2017,2017.0,1
NA/DIM/83G13/2020/41,Nagaland,Dimapur,25.77,93.9,Debris,Slide,2018,2018.0,1
NA/DIM/83G13/2020/43,Nagaland,Dimapur,25.77,93.98,Debris,Slide,2019,2019.0,1
NA/DIM/83G13/2020/45,Nagaland,Dimapur,25.77,93.82,Debris,Slide,2019,2019.0,1
NA/DIM/83G13/2020/49,Nagaland,Dimapur,25.77,93.82,Earth,Slide,2019,2019.0,1
NA/DIM/83G13/2020/26,Nagaland,Dimapur,25.78,93.93,Debris,Slide,2019,2019.0,1
NA/DIM/83G13/2020/27,Nagaland,Dimapur,25.78,93.93,Debris,Slide,2019,2019.0,1
NA/DIM/83G13/2020/28,Nagaland,Dimapur,25.78,93.93,Debris,Slide,2018,2018.0,1
NA/DIM/83G13/2020/31,Nagaland,Dimapur,25.78,93.8,Rock,Slide,2018,2018.0,1
NA/DIM/83G13/2020/35,Nagaland,Dimapur,25.78,93.92,Debris,Slide,2018,2018.0,1
NA/DIM/83G13/2020/37,Nagaland,Dimapur,25.78,93.8,Rock,Slide,2018,2018.0,1
NL/MON/83G13/2014/13,Nagaland,Dimapur,25.78214,93.80528,Rock cum Debris,Slide,07 Septemebr 2013,2013.0,1
NAG/KIP/83K13/2016/072,Nagaland,Kiphire,25.783939,94.856411,Debris,Slide,2015,2015.0,1
NL/DIM/83G13/2014/01,Nagaland,Dimapur,25.78417,93.80028,Earth,Slide,16 July 2013,2013.0,1
NAG/KIP/83K13/2016/052,Nagaland,Kiphire,25.784961,94.789617,Debris,Slide,2016,2016.0,1
NAG/KIP/83K13/2016/061,Nagaland,Kiphire,25.786061,94.931447,Debris,Slide,2015,2015.0,1
NAG/KIP/83K13/2016/054,Nagaland,Kiphire,25.786311,94.796825,Rock,Fall,2015,2015.0,1
NAG/KIP/83K13/2016/053,Nagaland,Kiphire,25.786425,94.796303,Rock,Fall,2015,2015.0,1
NAG/ZUN/83K09/2016/133,Nagaland,Kiphire,25.786433,94.519583,Rock cum Debris,Slide,2016,2016.0,1
NAG/KIP/83K13/2016/060,Nagaland,Kiphire,25.786594,94.922778,Debris,Slide,2016,2016.0,1
NAG/KIP/83K13/2016/065,Nagaland,Kiphire,25.788378,94.96105,Debris,Slide,2016,2016.0,1
NAG/KIP/83K13/2016/071,Nagaland,Kiphire,25.788847,94.856314,Debris,Slide,2015,2015.0,1
NAG/KIP/83K13/2016/064,Nagaland,Kiphire,25.789856,94.95825,Debris,Slide,2015,2015.0,1
NAG/KIP/83K13/2016/069,Nagaland,Kiphire,25.789861,94.850694,Rock,Fall,2015,2015.0,1
NAG/KIP/83K13/2016/068,Nagaland,Kiphire,25.789933,94.849811,Debris,Slide,2016,2016.0,1
NA/DIM/83G13/2020/5,Nagaland,Dimapur,25.79,93.8,Rock,Slide,2018,2018.0,1
NA/DIM/83G13/2020/23,Nagaland,Dimapur,25.79,93.8,Rock,Slide,2018,2018.0,1
NA/DIM/83G13/2020/30,Nagaland,Dimapur,25.79,93.8,Rock,Slide,2018,2018.0,1
NA/DIM/83G13/2020/46,Nagaland,Dimapur,25.79,93.78,Debris,Slide,2018,2018.0,1
NAG/KIP/83K13/2016/063,Nagaland,Kiphire,25.793333,94.958014,Debris,Slide,2015,2015.0,1
NAG/KIP/83K13/2016/002,Nagaland,Kiphire,25.797781,94.770447,Debris,Slide,2016,2016.0,1
NA/DIM/83G13/2020/19,Nagaland,Dimapur,25.8,93.83,Debris,Slide,2017,2017.0,1
NA/DIM/83G13/2020/36,Nagaland,Dimapur,25.8,93.81,Rock,Slide,2018,2018.0,1
NA/DIM/83G13/2020/42,Nagaland,Dimapur,25.8,94.0,Debris,Slide,2017,2017.0,1
NA/DIM/83G13/2020/44,Nagaland,Dimapur,25.8,93.8,Rock,Slide,2018,2018.0,1
NAG/KIP/83K13/2016/075,Nagaland,Kiphire,25.801608,94.935386,Debris,Slide,2016,2016.0,1
NAG/KIP/83K13/2016/083,Nagaland,Kiphire,25.804908,94.932467,Debris,Slide,2015,2015.0,1
NAG/ZUN/83K09/2016/134,Nagaland,Kiphire,25.810964,94.527417,Debris,Slide,2016,2016.0,1
NAG/KIP/83K13/2016/078,Nagaland,Kiphire,25.813064,94.971453,Debris,Slide,2015,2015.0,1
NAG/KIP/83K13/2016/081,Nagaland,Kiphire,25.813294,94.968222,Debris,Slide,2014,2014.0,1
NAG/KIP/83K13/2016/082,Nagaland,Kiphire,25.814272,94.968933,Debris,Slide,2014,2014.0,1
NAG/KIP/83K13/2016/022,Nagaland,Kiphire,25.814525,94.806114,Debris,Slide,2016,2016.0,1
NAG/KIP/83K13/2016/079,Nagaland,Kiphire,25.814625,94.971819,Debris,Slide,2015,2015.0,1
NAG/KIP/83K13/2016/080,Nagaland,Kiphire,25.817164,94.975969,Debris,Slide,2015,2015.0,1
NAG/KIP/83K13/2016/023,Nagaland,Kiphire,25.818947,94.8075,Debris,Slide,2016,2016.0,1
NAG/KIP/83K13/2016/026,Nagaland,Kiphire,25.820367,94.820367,Debris,Slide,2016,2016.0,1
NAG/KIP/83J/4/2016/01,Nagaland,Kiphire,25.820689,94.767353,Debris,Slide,2016,2016.0,1
NAG/KIP/83K13/2016/024,Nagaland,Kiphire,25.821589,94.708056,Debris,Slide,2016,2016.0,1
NAG/ZUN/83K09/2016/094,Nagaland,Kiphire,25.827011,94.733178,Debris,Slide,2016,2016.0,1
NAG/KIP/83K13/2016/058,Nagaland,Kiphire,25.827106,94.907639,Debris,Slide,2016,2016.0,1
NAG/KIP/83K13/2016/057,Nagaland,Kiphire,25.827397,94.907311,Debris,Slide,2016,2016.0,1
NAG/KIP/83K13/2016/113,Nagaland,Kiphire,25.827608,94.783028,Debris,Slide,2016,2016.0,1
NAG/ZUN/83K09/2016/096,Nagaland,Kiphire,25.828703,94.726789,Debris,Fall,2016,2016.0,1
NAG/ZUN/83K09/2016/095,Nagaland,Kiphire,25.828736,94.728314,Rock,Fall,2015,2015.0,1
NAG/KIP/83K13/2016/056,Nagaland,Kiphire,25.828928,94.898075,Debris,Slide,2016,2016.0,1
NAG/KIP/83K13/2016/025,Nagaland,Kiphire,25.829728,94.792592,Debris,Slide,2016,2016.0,1
NAG/ZUN/83K09/2016/118,Nagaland,Kiphire,25.833644,94.518333,Debris,Slide,2016,2016.0,1
NAG/KIP/83K13/2016/003,Nagaland,Kiphire,25.834436,94.795519,Debris,Slide,2016,2016.0,1
NAG/ZUN/83K09/2016/117,Nagaland,Kiphire,25.836419,94.526964,Debris,Slide,2016,2016.0,1
NAG/KIP/83K13/2016/005,Nagaland,Kiphire,25.838592,94.788669,Debris,Slide,2016,2016.0,1
NAG/KIP/83K13/2016/004,Nagaland,Kiphire,25.838681,94.788925,Debris,Slide,2016,2016.0,1
NA/DIM/83G13/2020/2,Nagaland,Dimapur,25.84,93.98,Rock,Slide,2015,2015.0,1
NA/DIM/83G13/2020/3,Nagaland,Dimapur,25.84,93.98,Rock,Slide,2015,2015.0,1
NA/DIM/83G13/2020/4,Nagaland,Dimapur,25.84,93.98,Rock,Slide,2014,2014.0,1
NAG/ZUN/83K09/2016/097,Nagaland,Kiphire,25.842358,94.702953,Rock cum Debris,Slide,2016,2016.0,1
NAG/KIP/83K13/2016/007,Nagaland,Kiphire,25.842531,94.787211,Debris,Slide,2016,2016.0,1
NAG/ZUN/83K09/2016/135,Nagaland,Kiphire,25.842742,94.503003,Debris,Slide,2016,2016.0,1
NAG/KIP/83K13/2016/006,Nagaland,Kiphire,25.842897,94.786861,Debris,Slide,2016,2016.0,1
NAG/KIP/83K13/2016/041,Nagaland,Kiphire,25.848194,94.916169,Debris,Slide,2016,2016.0,1
NAG/KIP/83K13/2016/042,Nagaland,Kiphire,25.848958,94.755311,Debris,Slide,2016,2016.0,1
NAG/KIP/83K13/2016/040,Nagaland,Kiphire,25.849947,94.916697,Rock,Fall,2015,2015.0,1
NAG/ZUN/83K09/2016/120,Nagaland,Kiphire,25.850458,94.530347,Debris,Slide,2016,2016.0,1
NAG/ZUN/83K09/2016/119,Nagaland,Kiphire,25.851617,94.528211,Debris,Slide,2016,2016.0,1
NAG/ZUN/83K09/2016/121,Nagaland,Kiphire,25.857789,94.523589,Debris,Slide,2016,2016.0,1
NA/DIM/83G13/2020/50,Nagaland,Dimapur,25.86,93.99,Debris,Slide,2019,2019.0,1
NAG/KIP/83K13/2016/021,Nagaland,Kiphire,25.861553,94.820553,Debris,Slide,2016,2016.0,1
NAG/ZUN/83K09/2016/093,Nagaland,Kiphire,25.867083,94.614828,Debris,Slide,2012,2012.0,1
NAG/KIP/83K13/2016/084,Nagaland,Kiphire,25.878183,94.946942,Rock cum Debris,Slide,2015,2015.0,1
NAG/KIP/83K13/2016/085,Nagaland,Kiphire,25.878525,94.947372,Rock cum Debris,Slide,2015,2015.0,1
NAG/ZUN/83K09/2016/091,Nagaland,Kiphire,25.879925,94.632275,Debris,Slide,2016,2016.0,1
NAG/ZUN/83K09/2016/092,Nagaland,Kiphire,25.880069,94.628103,Rock cum Debris,Slide,2016,2016.0,1
NAG/ZUN/83K09/2016/043,Nagaland,Kiphire,25.880908,94.653542,Rock,Fall,2016,2016.0,1
NAG/ZUN/83K09/2016/044,Nagaland,Kiphire,25.881797,94.654425,Rock cum Debris,Slide,2016,2016.0,1
NAG/KIP/83K13/2016/039,Nagaland,Kiphire,25.883108,94.919106,Debris,Slide,2015,2015.0,1
NAG/KIP/83K13/2016/027,Nagaland,Kiphire,25.884003,94.792711,Rock,Fall,2016,2016.0,1
NAG/ZUN/83K09/2016/116,Nagaland,Kiphire,25.886089,94.542711,Debris,Slide,2016,2016.0,1
NAG/KIPH/83K13/2009/F-8,Nagaland,Tuensang,25.88667,94.78639,,Flow,21 June 2009,2009.0,1
NAG/KIP/83K13/2016/017,Nagaland,Kiphire,25.887525,94.797508,Rock cum Debris,Slide,2016,2016.0,1
NAG/KIP/83K13/2016/018,Nagaland,Kiphire,25.887917,94.795558,Rock cum Debris,Slide,2016,2016.0,1
NAG/KIP/83K13/2016/019,Nagaland,Kiphire,25.889897,94.811111,Debris,Slide,2016,2016.0,1
NAG/KIP/83K13/2016/020,Nagaland,Kiphire,25.893797,94.821944,Debris,Slide,2016,2016.0,1
NAG/ZUN/83K09/2016/045,Nagaland,Kiphire,25.895111,94.650258,Debris,Slide,2016,2016.0,1
NAG/ZUN/83K09/2016/098,Nagaland,Kiphire,25.896511,94.646325,Rock cum Debris,Slide,2016,2016.0,1
NAG/ZUN/83K09/2016/089,Nagaland,Kiphire,25.898825,94.629367,Debris,Slide,2015,2015.0,1
NAG/ZUN/83K09/2016/088,Nagaland,Kiphire,25.899894,94.624047,Debris,Slide,2011,2011.0,1
NAG/KIPH/83K13/2009/F-7,Nagaland,Tuensang,25.9,94.78917,,Slide,21 June 2009,2009.0,1
NAG/KIP/83K13/2016/055,Nagaland,Kiphire,25.901125,94.82785,Debris,Slide,2016,2016.0,1
NAG/KIP/83K13/2016/029,Nagaland,Kiphire,25.905494,94.769017,Debris,Slide,2016,2016.0,1
NAG/KIP/83K13/2016/028,Nagaland,Kiphire,25.905561,94.768481,Debris,Slide,2016,2016.0,1
NAG/KIP/83K13/2016/008,Nagaland,Kiphire,25.911931,94.793292,Debris,Slide,2016,2016.0,1
NAG/KIP/83K13/2016/037,Nagaland,Kiphire,25.914247,94.841489,Debris,Slide,2016,2016.0,1
NAG/KIP/83K13/2016/038,Nagaland,Kiphire,25.915092,94.844003,Debris,Slide,2016,2016.0,1
NAG/KIP/83K13/2016/034,Nagaland,Kiphire,25.915344,94.828308,Debris,Slide,2016,2016.0,1
NAG/KIP/83K13/2016/033,Nagaland,Kiphire,25.915925,94.824992,Debris,Slide,2016,2016.0,1
NAG/KIP/83K13/2016/036,Nagaland,Kiphire,25.919689,94.839167,Debris,Slide,2016,2016.0,1
NAG/ZUN/83K09/2016/046,Nagaland,Kiphire,25.920367,94.641739,Debris,Slide,2016,2016.0,1
NAG/ZUN/83K09/2016/115,Nagaland,Kiphire,25.922767,94.565056,Debris,Slide,2016,2016.0,1
NAG/KIP/83K13/2016/030,Nagaland,Kiphire,25.9255,94.760419,Debris,Slide,2016,2016.0,1
NAG/KIP/83K13/2016/009,Nagaland,Kiphire,25.934647,94.787967,Rock cum Debris,Slide,2016,2016.0,1
NAG/KIP/83K13/2016/016,Nagaland,Kiphire,25.938447,94.7843,Debris,Slide,2016,2016.0,1
NAG/ZUN/83K09/2016/099,Nagaland,Kiphire,25.939139,94.649311,Debris,Slide,2015,2015.0,1
NAG/KIP/83K13/2016/013,Nagaland,Kiphire,25.940053,94.797197,Rock cum Debris,Slide,2016,2016.0,1
NAG/ZUN/83K09/2016/100,Nagaland,Kiphire,25.940317,94.650583,Debris,Slide,2015,2015.0,1
NAG/KIP/83K13/2016/032,Nagaland,Kiphire,25.940703,94.750969,Debris,Slide,2015,2015.0,1
NAG/ZUN/83K09/2016/107,Nagaland,Kiphire,25.940872,94.586361,Debris,Slide,2015,2015.0,1
NAG/ZUN/83K09/2016/101,Nagaland,Kiphire,25.941056,94.651019,Debris,Slide,2015,2015.0,1
NAG/ZUN/83K09/2016/102,Nagaland,Kiphire,25.941525,94.652408,Debris,Slide,2015,2015.0,1
NAG/KIP/83K13/2016/012,Nagaland,Kiphire,25.944008,94.789414,Rock,Fall,2016,2016.0,1
NAG/KIP/83K13/2016/011,Nagaland,Kiphire,25.944475,94.7888,Rock,Fall,2016,2016.0,1
NAG/KIP/83K13/2016/010,Nagaland,Kiphire,25.948886,94.706133,Rock cum Debris,Slide,2016,2016.0,1
NAG/ZUN/83K09/2016/108,Nagaland,Kiphire,25.954636,94.607456,Debris,Slide,2015,2015.0,1
NAG/ZUN/83K09/2016/106,Nagaland,Kiphire,25.955769,94.605419,Debris,Slide,2015,2015.0,1
NAG/ZUN/83K09/2016/048,Nagaland,Kiphire,25.956083,94.719475,Debris,Slide,2016,2016.0,1
NAG/ZUN/83K09/2016/103,Nagaland,Kiphire,25.958047,94.597519,Debris,Slide,2015,2015.0,1
NAG/KIP/83K13/2016/015,Nagaland,Kiphire,25.962494,94.818667,Rock cum Debris,Slide,2016,2016.0,1
NAG/KIP/83K13/2016/014,Nagaland,Kiphire,25.962689,94.816972,Rock cum Debris,Slide,2016,2016.0,1
NAG/ZUN/83K09/2016/109,Nagaland,Kiphire,25.963,94.614097,Debris,Slide,2015,2015.0,1
NAG/ZUN/83K09/2016/105,Nagaland,Kiphire,25.964283,94.619592,Debris,Slide,2015,2015.0,1
NAG/ZUN/83K09/2016/104,Nagaland,Kiphire,25.9645,94.632583,Debris,Slide,2015,2015.0,1
NAG/ZUN/83K09/2016/130,Nagaland,Kiphire,25.964631,94.574406,Debris,Slide,2016,2016.0,1
NAG/ZUN/83K09/2016/131,Nagaland,Kiphire,25.965394,94.571428,Debris,Slide,2016,2016.0,1
NAG/ZUN/83K09/2016/132,Nagaland,Kiphire,25.966581,94.565806,Debris,Slide,2016,2016.0,1
NAG/ZUN/83K09/2016/136,Nagaland,Kiphire,25.966742,94.502006,Debris,Slide,2016,2016.0,1
NAG/ZUN/83K09/2016/122,Nagaland,Kiphire,25.968006,94.574256,Debris,Slide,2016,2016.0,1
NAG/ZUN/83K09/2016/047,Nagaland,Kiphire,25.968233,94.684364,Debris,Slide,2016,2016.0,1
NAG/ZUN/83K09/2016/110,Nagaland,Kiphire,25.969225,94.634053,Debris,Slide,2015,2015.0,1
NAG/ZUN/83K09/2016/111,Nagaland,Kiphire,25.969628,94.634169,Debris,Slide,2015,2015.0,1
NAG/ZUN/83K09/2016/137,Nagaland,Kiphire,25.970169,94.503803,Debris,Slide,2016,2016.0,1
NAG/ZUN/83K09/2016/123,Nagaland,Kiphire,25.970531,94.574903,Debris,Slide,2016,2016.0,1
NAG/KIP/83K13/2016/112,Nagaland,Kiphire,25.971456,94.818392,Debris,Slide,2016,2016.0,1
NAG/ZUN/83K09/2016/145,Nagaland,Kiphire,25.971569,94.511647,Debris,Slide,2016,2016.0,1
NAG/ZUN/83K09/2016/129,Nagaland,Kiphire,25.971736,94.576933,Rock,Slide,2016,2016.0,1
NAG/ZUN/83K09/2016/138,Nagaland,Kiphire,25.97175,94.504619,Debris,Slide,2016,2016.0,1
NAG/ZUN/83K09/2016/139,Nagaland,Kiphire,25.972325,94.509267,Debris,Slide,2016,2016.0,1
NAG/ZUN/83K09/2016/140,Nagaland,Kiphire,25.972636,94.511444,Debris,Slide,2016,2016.0,1
NAG/ZUN/83K09/2016/124,Nagaland,Kiphire,25.976625,94.579939,Debris,Slide,2016,2016.0,1
NAG/ZUN/83K09/2016/141,Nagaland,Kiphire,25.978975,94.512064,Debris,Slide,2016,2016.0,1
NAG/ZUN/83K09/2016/125,Nagaland,Kiphire,25.980008,94.580747,Rock cum Debris,Slide,2016,2016.0,1
NAG/ZUN/83K09/2016/126,Nagaland,Kiphire,25.981228,94.572292,Debris,Slide,2016,2016.0,1
NAG/ZUN/83K09/2016/127,Nagaland,Kiphire,25.9899,94.5679,Debris,Slide,2016,2016.0,1
NAG/ZUN/83K09/2016/143,Nagaland,Kiphire,25.990158,94.508392,Debris,Slide,2016,2016.0,1
NAG/ZUN/83K09/2016/144,Nagaland,Kiphire,25.990339,94.507711,Debris,Slide,2015,2015.0,1
NAG/ZUN/83K09/2016/128,Nagaland,Kiphire,25.998183,94.5975,Debris,Slide,2016,2016.0,1
NAG/ZUN/83K09/2016/142,Nagaland,Kiphire,25.998217,94.504756,Debris,Slide,2016,2016.0,1
NAG/ZUNB/83J12/2016/0007,Nagaland,Zunheboto,26.012139,94.523667,Rock,Slide,2014,2014.0,1
NAG/WOK/83J/4/2016/0104,Nagaland,Wokha,26.013722,94.009083,Rock,Slide,2015,2015.0,1
NAG/WOK/83J/4/2016/0029,Nagaland,Wokha,26.016528,94.171056,Debris,Slide,2016,2016.0,1
NAG/ZUN/83J12/2016/0008,Nagaland,Zunheboto,26.020603,94.50632,Rock,Slide,2011,2011.0,1
NAG/WOK/83J/4/2016/0103,Nagaland,Wokha,26.021083,94.040361,Debris,Slide,2015,2015.0,1
NAG/ZUNB/83J12/2016/0018,Nagaland,Zunheboto,26.033098,94.542753,Rock,Slide,2015,2015.0,1
NAG/WOK/83J/4/2016/0068,Nagaland,Wokha,26.067889,94.224889,Rock,Slide,2016,2016.0,1
NAG/ZUN/83J12/2016/0001,Nagaland,Zunheboto,26.077167,94.542306,Rock,Slide,2016,2016.0,1
NAG/WOK/83J/4/2016/0086,Nagaland,Wokha,26.087917,94.098056,Rock,Slide,2016,2016.0,1
NAG/WOK/83J/4/2016/0085,Nagaland,Wokha,26.091528,94.100806,Debris,Slide,2016,2016.0,1
NAG/WOK/83J/4/2016/0084,Nagaland,Wokha,26.091861,94.101333,Debris,Slide,2016,2016.0,1
NL/WKH/83J04/2021/01,Nagaland,Wokha,26.10694722,94.25328889,Insitu Soil,Slide,18 September 2021,2021.0,1
NAG/WOK/83J/4/2016/0062,Nagaland,Wokha,26.193056,94.2465,Debris,Slide,2016,2016.0,1
NAG/WOK/83J/4/2016/0035,Nagaland,Wokha,26.202972,94.213417,Rock,Slide,2016,2016.0,1
NAG/WOK/83J/4/2016/0034,Nagaland,Wokha,26.206528,94.223333,Debris,Slide,2016,2016.0,1
NAG/WOK/83J/4/2016/0036,Nagaland,Wokha,26.206778,94.215,Rock,Slide,2016,2016.0,1
NAG/WOK/83J/4/2016/0033,Nagaland,Wokha,26.2095,94.232083,Debris,Slide,2016,2016.0,1
NAG/WOK/83J/4/2016/0032,Nagaland,Wokha,26.212861,94.235889,Rock,Slide,2016,2016.0,1
NAG/WOK/83J/4/2016/0043,Nagaland,Wokha,26.213111,94.208917,Rock,Slide,2016,2016.0,1
NAG/WOK/83J/4/2016/0031,Nagaland,Wokha,26.213389,94.235778,Rock,Slide,2016,2016.0,1
NAG/WOK/83J/4/2016/0030,Nagaland,Wokha,26.216583,94.240556,Debris,Slide,2016,2016.0,1
NAG/WOK/83J/4/2016/0047,Nagaland,Wokha,26.226972,94.211806,Rock,Slide,2016,2016.0,1
NAG/WOK/83J/4/2016/0048,Nagaland,Wokha,26.231028,94.217083,Debris,Slide,2016,2016.0,1
NAG/WOK/83J/4/2016/0116,Nagaland,Wokha,26.232722,94.130806,Debris,Slide,2015,2015.0,1
NAG/WOK/83J/4/2016/0115,Nagaland,Wokha,26.232944,94.130639,Debris,Slide,2015,2015.0,1
NAG/WOK/83J/4/2016/0058,Nagaland,Wokha,26.23925,94.202222,Debris,Slide,2016,2016.0,1
NAG/TUE/83J16/2009/F-5,Nagaland,Tuensang,26.24139,94.82056,Debris,Slide,"10 July,2009",2009.0,1
NAG/TUE/83J11/2009/F-9,Nagaland,Tuensang,26.27028,94.75,,,"21 June,2009",2009.0,1
NAG/MOK/83J/7/2016/0003,Nagaland,Mokokchung,26.271389,94.453972,Debris,Slide,2016,2016.0,1
NA/WOK/83J03/2020/7,Nagaland,Wokha,26.28,94.13,Earth,Slide,2017,2017.0,1
NA/WOK/83J03/2020/2,Nagaland,Wokha,26.29,94.11,Rock,Slide,2018,2018.0,1
NAG/MOK/83J/7/2016/0002,Nagaland,Mokokchung,26.2905,94.393222,Debris,Slide,2016,2016.0,1
NAG/WOK/83J/7/2016/0095,Nagaland,Wokha,26.29325,94.251806,Rock,Slide,2001,2001.0,1
NAG/MOK/83J/7/2016/0005,Nagaland,Mokokchung,26.318806,94.453611,Rock,Slide,2015,2015.0,1
NAG/WOK/83J/7/2016/0094,Nagaland,Wokha,26.33,94.279833,Debris,Slide,2010,2010.0,1
NAG/WOK/83J/7/2016/0093,Nagaland,Wokha,26.331028,94.279167,Debris,Slide,2003,2003.0,1
NAG/WOK/83J/7/2016/0092,Nagaland,Wokha,26.331333,94.280389,Debris,Slide,2016,2016.0,1
NAG/TUE/83J15/2009/F-14,Nagaland,Tuensang,26.34417,94.83333,,Slide,20 June 2009,2009.0,1
NAG/TUE/83J15/2009/F-13,Nagaland,Tuensang,26.36083,94.84,Rock,Fall,04 June 2009,2009.0,1
NAG/TUE/83J15/2009/F-12,Nagaland,Tuensang,26.37639,94.84056,Debris,Slide,20 June 2009,2009.0,1
NAG/TUE/83J15/2009/F-10,Nagaland,Tuensang,26.38778,94.82583,Rock,Slide,27 July 2009,2009.0,1
NAG/TUE/83J15/2009/F-11,Nagaland,Tuensang,26.38778,94.82583,Debris,Slide,20 August 2009,2009.0,1
NA/MOK/83J07/2020/5,Nagaland,Mokokchung,26.42,94.38,Debris,Slide,2018,2018.0,1
NAG/MOK/83J/7/2016/0020,Nagaland,Mokokchung,26.471889,94.454667,Debris,Slide,2016,2016.0,1
NA/MOK/83J07/2020/1,Nagaland,Mokokchung,26.49,94.37,Debris,Slide,2018,2018.0,1
NA/MOK/83J07/2020/2,Nagaland,Mokokchung,26.49,94.36,Earth,Slide,2018,2018.0,1
NA/MOK/83J06/2020/21,Nagaland,Mokokchung,26.5,94.43,Earth,Slide,2018,2018.0,1
NA/MOK/83J06/2020/22,Nagaland,Mokokchung,26.54,94.44,Earth,Subsidence,2018,2018.0,1
NA/MOK/83J06/2020/23,Nagaland,Mokokchung,26.55,94.44,Earth,Slide,2019,2019.0,1
NA/MOK/83J06/2020/24,Nagaland,Mokokchung,26.55,94.44,Earth,Slide,2018,2018.0,1
NA/MOK/83J06/2020/25,Nagaland,Mokokchung,26.6,94.49,Debris,Slide,2019,2019.0,1
NA/MOK/83J06/2020/27,Nagaland,Mokokchung,26.61,94.5,Debris,Slide,2018,2018.0,1
NA/MOK/83J06/2020/26,Nagaland,Mokokchung,26.62,94.5,Debris,Slide,2018,2018.0,1
3211,Nagaland,Chumoukedima,25.7802266,93.936165,Debris,Flow,03 September 2024,2024.0,1
3212,Nagaland,Chumoukedima,25.7746019,93.9148756,Debris,Slide,03 September 2024,2024.0,1
3310,Nagaland,Tseminyu,25.8816564,94.1902346,Rock,Fall,19 January 2025,2025.0,1
3380,Nagaland,Mokokchung,26.4231373,94.3822611,Soil,Slide,07 July 2025,2025.0,1
3375,Nagaland,Kohima,25.623067,94.114196,Debris,Slide,07 July 2025,2025.0,1
3379,Nagaland,Mokokchung,26.4527822,94.375268,Soil,Slide,08 July 2025,2025.0,1
3381,Nagaland,Mokokchung,26.4219453,94.3854377,Rock,Fall,07 July 2025,2025.0,1
3382,Nagaland,Mokokchung,26.4242282,94.3924136,Rock,Fall,05 July 2025,2025.0,1
3383,Nagaland,Mokokchung,26.42608,94.398916,Rock,Slide,07 July 2025,2025.0,1
NA/ZUN/83J12/2024/01,Nagaland,Zunheboto,26.017317,94.531348,Earth,Slide,07.07.2024 (around 4.00pm),2024.0,1
NA/KOH/83K02/2024/01,Nagaland,Kohima,25.471526,94.151784,Debris,Slide,July 2018,2018.0,1
NA/KOH/83K02/2024/02,Nagaland,Kohima,25.6125,94.1272,Debris,Slide,06 July 2024,2024.0,1
NA/CHU/83G13/2024/01,Nagaland,Chumoukedima,25.7853,93.8014,Debris,Slide,03 September 2024,2024.0,1
NA/TUE/83J16/2024/01,Nagaland,Tuensang,26.247414,94.819895,Debris,Slide,"1997,  2010, April 2024",2010.0,1
NA/WOK/83J08/2024/01,Nagaland,Wokha,26.111335,94.257114,Debris,Slide,"2022, 15 July 2024",2022.0,1
NA/WKH/83J8/2024/02,Nagaland,Wokha,26.08945,94.264217,Earth,Slide,23 July 2024,2024.0,1
NL/KOH/83K02/2022/002,Nagaland,Kohima,25.712031,94.089791,Weathered rock,Slide,12 September 2022,2022.0,1
NL/KOH/83K02/2022/003,Nagaland,Kohima,25.7491204,94.0804548,Debris,Slide,25 September 2022,2022.0,1
NL/KOH/83K02/2022/004,Nagaland,Kohima,25.7179491,94.0917724,Weathered rock,Slide,28 September 2022,2022.0,1
NL/KOH/83G13/2022/005,Nagaland,Kohima,25.770055,93.937873,Debris,Slide,15 October 2022,2022.0,1
NL/KOH/83G13/2022/006,Nagaland,Kohima,25.771451,93.907041,Debris,Slide,30 September 2022,2022.0,1
NL/KOH/83K02/2022/007,Nagaland,Kohima,25.660913,94.053659,Debris,Slide,May 2022,2022.0,1
NL/KOH/83K02/2022/010,Nagaland,Kohima,25.770064,93.937891,Debris,Slide,12 November 2022,2022.0,1
NL/KOH/83K02/2022/011,Nagaland,Kohima,25.771977,93.905846,Debris,Slide,September 2022,2022.0,1
NL/KOH/83G10/2022/053,Nagaland,Peren,25.493218,93.657921,Insitu soil,Slide,July 2018,2018.0,1
NL/KOH/83G13/2023/01,Nagaland,Kohima,25.76085556,93.94696111,Debris,Slide,June 2023,2023.0,1
NL/KOH/83G14/2023/02,Nagaland,Kohima,25.76512222,93.94213889,Debris,Slide,July 2023,2023.0,1
NL/KOH/83G13/2023/03,Nagaland,Kohima,25.76618333,93.94043611,Debris,Slide,08 September 2023,2023.0,1
NL/KOH/83K02/2023/04,Nagaland,Kohima,25.79666111,93.80424722,Rock,Slide,July 2023,2023.0,1
NL/KOH/83K02/2023/05,Nagaland,Kohima,25.646219,94.0334861,Debris,Slide,June 2023,2023.0,1
NL/KOH/83K01/2023/06,Nagaland,Kohima,25.7439067,94.0824993,Debris,Slide,July 2023,2023.0,1
NL/KOH/83K01/2023/07,Nagaland,Kohima,25.76305,94.078305,Debris,Slide,July 2023,2023.0,1
NL/KOH/83K02/2023/08,Nagaland,Kohima,25.7641421,94.0777917,Debris,Slide,July 2023,2023.0,1
NL/KOH/83K02/2023/09,Nagaland,Kohima,25.7641457,94.0781772,Rock,Slide,August 2023,2023.0,1
NL/KOH/83K02/2023/10,Nagaland,Kohima,25.67776,94.1390317,Debris,Slide,July 2023,2023.0,1
NL/KOH/83G13/2023/11,Nagaland,Kohima,25.6712978,94.1388109,Rock,Slide,July 2023,2023.0,1
NL/KOH/83K02/2023/13,Nagaland,Kohima,25.65575291,94.1505873,Debris,Slide,July 2023,2023.0,1
NL/KOH/83K02/2023/14,Nagaland,Kohima,25.5407188,94.1334216,Soil,Slide,August 2023,2023.0,1
NL/KOH/83K01/2023/15,Nagaland,Kohima,25.8549806,94.1569166,Rock,Slide,September 2023,2023.0,1
NL/KOH/83K02/2023/17,Nagaland,Kohima,25.72508611,94.07130278,Debris,Slide,August 2023,2023.0,1
NL/KOH/83K02/2023/18,Nagaland,Kohima,25.71775556,94.07246667,Debris,Slide,September 2023,2023.0,1
NL/KOH/83K02/2023/19,Nagaland,Kohima,25.66754722,94.08075278,Debris,Slide,02 October 2023,2023.0,1
NL/KOH/83G14/2023/20,Nagaland,Kohima,25.60054167,93.92484444,Rock,Slide,September 2023,2023.0,1
NL/PER/83G14/2023/21,Nagaland,Peren,25.60711616,93.92787222,Rock,Slide,2022,2022.0,1
NL/PER/83G14/2023/27,Nagaland,Peren,25.77178333,93.90760556,Rock,Slide,October 2023,2023.0,1
NL/CMK/83G13/2023/28,Nagaland,Chumoukedima,25.77360556,93.80462222,Rock,Slide,October 2023,2023.0,1
NL/CMK/83G13/2023/29,Nagaland,Chumoukedima,25.77895278,93.80219722,Rock,Slide,October 2023,2023.0,1
NL/CMK/83G13/2023/30,Nagaland,Chumoukedima,25.77982778,93.800875,Rock,Slide,October 2023,2023.0,1
NL/CMK/83G13/2023/31,Nagaland,Chumoukedima,25.78017222,93.80064167,Rock,Slide,October 2023,2023.0,1
NL/CMK/83G13/2023/32,Nagaland,Chumoukedima,25.77561389,93.80086111,Rock,Slide,October 2023,2023.0,1
NL/CMK/83G13/2023/33,Nagaland,Chumoukedima,25.78117222,93.80404167,Rock,Slide,August 2023,2023.0,1
NL/KOH/83K02/2023/34,Nagaland,Kohima,25.6721,94.231075,Debris,Slide,September 2023,2023.0,1
NL/KOH/83K02/2023/35,Nagaland,Kohima,25.67186944,94.23065278,Debris,Slide,September 2023,2023.0,1
NL/KOH/83K02/2023/36,Nagaland,Kohima,25.67291111,94.23135278,Debris,Slide,September 2023,2023.0,1
NL/KOH/83K02/2023/41,Nagaland,Kohima,25.65587222,94.12442778,Debris,Slide,October 2023,2023.0,1
NL/KOH/83K02/2023/42,Nagaland,Kohima,25.65823056,94.12258333,Debris,Slide,August 2023,2023.0,1
NL/KOH/83K02/2023/43,Nagaland,Kohima,25.65852222,94.12213056,Debris,Slide,August 2023,2023.0,1
NL/KOH/83K01/2023/46,Nagaland,Kohima,25.77368056,94.03548611,Debris,Subsidence,August 2023,2023.0,1
NL/KOH/83K01/2023/47,Nagaland,Kohima,25.77601111,94.03071389,Debris,Subsidence,August 2023,2023.0,1
NL/KOH/83K02/2023/56,Nagaland,Kohima,25.87653333,94.13359167,Rock,Slide,September 2023,2023.0,1
NL/KOH/83K02/2023/58,Nagaland,Kohima,25.85442778,94.15844444,Debris,Slide,23 August 2018,2018.0,1
NL/KOH/83K02/2023/59,Nagaland,Kohima,25.857991,94.159346,Debris,Slide,23 August 2018,2018.0,1
NL/MOK/83J07/2025/01,Nagaland,Mokokchung,26.45278,94.37526,Earth,Slide,08 July 2025,2025.0,1
NL/MOK/83J07/2025/02,Nagaland,Mokokchung,26.423137,94.382261,Earth,Slide,07 July 2025,2025.0,1
NL/MOK/83J07/2025/03,Nagaland,Mokokchung,26.42186,94.3852,Rock,Slide,07 July 2025,2025.0,1
NL/MOK/83J07/2025/04,Nagaland,Mokokchung,26.425346,94.387013,Rock,Slide,07 July 2025,2025.0,1
NA/KOH/83K02/2025/01,Nagaland,Kohima,25.62083,94.11572,Rock,Slide,"June 2017, 31 May 2025 at 21:00hrs",2017.0,1
NL/TSE/83K01/2025/01,Nagaland,Tseminyu,25.88165,94.19023,Rock,Slide,19 January 2025,2025.0,1
NAG/ KOH/ 83 K2/ 2015/03,Nagaland,Kohima,25.72125,94.03983333,Soil,Subsidence,"June 2013,July 2015",2013.0,1
NAG/ KOH/ 83K2/ 2015/04,Nagaland,Kohima,25.68625,94.04297222,Soil,Subsidence,"2014, 25 July 2025",2014.0,1
NL/DMR/83F-16/2019/01,Nagaland,Dimapur,26.07256,93.928,Sandy Soil,Slide,09 May 2019,2019.0,1
NAG/KOM/83K/2/2017/01,Nagaland,Chumoukedima,25.68866667,94.09733333,Debris,Slide,"1986,2001, 09 July 2017",2001.0,1
SKM/ES/78A11/2015/15,Sikkim,East Sikkim,27.257083,88.65975,Debris,Slide,2014,2014.0,1
SKM/EAST/78A11/2015/004,Sikkim,East Sikkim,27.33208,88.50902,Debris,Debris slide,11 July 2015,2015.0,1
SI/ESI/ 78A11/ 2021/RP1,Sikkim,East Sikkim,27.25352778,88.60377778,Rock cum debris,Slide,"September 2020, 18-19 October 2021",2020.0,1
Sikkim/NK/78A11/2022/SP1,Sikkim,North Sikkim,27.5401,88.56929167,Rock cum debris,Slide,2019,2019.0,1
Sikkim/NK/78A10/2022/IV,Sikkim,North Sikkim,27.55236944,88.58208333,Debris,Slide,2019,2019.0,1
SK/ES/78 A11/CP,Sikkim,East Sikkim,27.23166667,88.5025,Debris,Slide,"July 2020, December 2020",2020.0,1
SK/ES/78 A11/CL,Sikkim,East Sikkim,27.27458333,88.55002778,Debris,Slide,18-19 October 2021,2021.0,1
SK/ES/78 A11/DD,Sikkim,East Sikkim,27.25858333,88.46166667,Debris,Slide,Between April 2018 and December,2018.0,1
SK/ES/78 A/07/2021/14,Sikkim,East Sikkim,27.3699335,88.4859279,Debris cum rock,Slide,23 August 2021,2021.0,1
SK/SS/78 A08/DS,Sikkim,South Sikkim,27.28955556,88.37748333,Debris,Slide,2020,2020.0,1
SK/ES/78 A11/SKIII,Sikkim,East Sikkim,27.25333333,88.53194444,Rock,Slide,July 2020,2020.0,1
SK/ES/78 A/11/2021/15,Sikkim,East Sikkim,27.2533846,88.5489504,Debris,Flows,22 August 2021,2021.0,1
SK/ES/78 A11/PB,Sikkim,East Sikkim,27.28666667,88.55347222,Rock cum debris,Slide,27 August 2021,2021.0,1
SK/ES/78 A11/PK,Sikkim,East Sikkim,27.24722222,88.60666667,Debris,Slide,September 2021,2021.0,1
SK/SS/78 A08/PS,Sikkim,South Sikkim,27.17054167,88.38358056,Debris,Slide,May 2021,2021.0,1
SK/ES/78 A11/SK-II,Sikkim,East Sikkim,27.26066667,88.53383333,Rock cum debris,Slide,"September 2021, October 2021",2021.0,1
SK/ES/78 A11/S,Sikkim,East Sikkim,27.31663889,88.45861111,Debris,Slide,18th & 19th  October 2021,2021.0,1
SK/ES/78 A11/SG-1,Sikkim,East Sikkim,27.32663889,88.61016667,Debris,Subsidence,1 June 2021 at 10:30 hrs.,2021.0,1
SK/ES/78 A11/TG-I,Sikkim,East Sikkim,27.33972222,88.62055556,Debris,Slide,8 June 2021 at night,2021.0,1
SK/ES/78 A11/TVP-I,Sikkim,East Sikkim,27.37055556,88.61611111,Debris,Slide,5 June 2021 in the midnight,2021.0,1
SK/ES/78 A11/,Sikkim,North Sikkim,27.39472222,88.62361111,Debris,Slide,"2018, July 2021",2018.0,1
SK/ES/78 A/07/2021/13,Sikkim,South Sikkim,27.3250091,88.4704442,Debris cum rock,Slide,"2020, 23 August 2021",2020.0,1
SK/ES/78 A11/TL,Sikkim,East Sikkim,27.25252778,88.52777778,Debris,Slide,July 2021,2021.0,1
SK/NS/78 A10/ Bop 1,Sikkim,North Sikkim,27.61936111,88.66131389,Rock,Slide,18 June 2021,2021.0,1
SK/ES/78 A11/KL,Sikkim,East Sikkim,27.25061389,88.46280278,Debris,Slide,2021,2021.0,1
SK/ES/78 A11/IBP-I,Sikkim,East Sikkim,27.32888889,88.60777778,Rock,Slide,18 May 2021,2021.0,1
SK/ES/78 A10/LS,Sikkim,North Sikkim,27.68445278,88.7379,Debris,Slide,2021,2021.0,1
SK/NS/78 A16/ Lingtam Slide-I,Sikkim,East Sikkim,27.22122778,88.735475,Debris,Slide,18th-19th October 2021,2021.0,1
SK/ES/78 A11/PGS-I,Sikkim,East Sikkim,27.32320833,88.60986944,Debris,Slide,19 October 2021 at 20:00 hrs.,2021.0,1
SK/SS/78 A08/SS01,Sikkim,South Sikkim,27.12344167,88.24483889,Debris,Slide,18th-19th October 2021.,2021.0,1
SK/ES/78 A16/TL01,Sikkim,East Sikkim,27.19558889,88.62802778,Debris,Slide,18th-19th  October 2021.,2021.0,1
SK/NSK/ 78A11/ 2021/RR-I,Sikkim,North Sikkim,27.47888889,88.52861111,Rock,Slide,September 2021,2021.0,1
SKM/Gangtok/78A11/2022,Sikkim,Gangtok District,27.2535,88.54141667,Debris,Slide,"August 2022, 7th-8th October 2022",2022.0,1
SKM/ Soreng/78 A08/2022/01,Sikkim,Soreng,27.14871944,88.28128889,Debris,Slide,20 November 2022,2022.0,1
SKM/Gangtok/78A11/2022,Sikkim,Gangtok District,27.32633333,88.59544444,Debris,Slide,June 2022,2022.0,1
SKM/ES/78 A12/2022/Kitgolai,Sikkim,Pakyong,27.21391667,88.60833333,Debris,Slide,25 August 2022,2022.0,1
SK/ES/78 A11/Sang,Sikkim,East Sikkim,27.25066667,88.53144444,Rock,Slide,"July 2019, 12 May 2022",2019.0,1
SK/ES/78 A07/Sherwani 02,Sikkim,East Sikkim,27.24297222,88.47055556,Debris,Slide,15 June 2022,2022.0,1
SKM/Geyzing/78A08/2022/01,Sikkim,Geyzing,27.19950556,88.32696111,Debris,Slide,"October 2020, 20 August 2022",2020.0,1
SK/ES/78 A07/Singtam,Sikkim,East Sikkim,27.238515,88.48812389,Debris,Slide,May 2022.,2022.0,1
SKM/ Soreng /78 A08/2022/01,Sikkim,Soreng,27.13689,88.276598,Rock,Slide,2nd week of August 2022,2022.0,1
SKM/Namchi/78A08/2022/01,Sikkim,Namchi,27.09725,88.3825,Debris,Slide,August 2022,2022.0,1
SKM/Pakyong/78A12/2023,Sikkim,Pakyong,27.17748333,88.52165833,Debris,Slide,"July 2020, 4 October 2023",2020.0,1
SKM/GD/78 A011/2023/ Luing,Sikkim,Gangtok District,27.36552778,88.61596667,Debris,Slide,2nd Week of March 2023,2023.0,1
SKM/MAN/78A11/11/2023,Sikkim,Mangan,27.40251944,88.51868056,Debris,Slide,4 October 2023,2023.0,1
SI/MAN/78A11/2025/1,Sikkim,Mangan,27.4432,88.6087,Debris,Slide,21 July 2024,2024.0,1
SKM-01/2012-13,Sikkim,East Sikkim,27.26063889,88.71438889,Debris,Slide,7 June 2012 at 4:50 hrs.,2012.0,1
SKM-02/2012-13,Sikkim,East Sikkim,27.26616667,88.72697222,Debris,Slide,7 June 2012 at 4:30 hrs.,2012.0,1
SKM-03/2012-13,Sikkim,East Sikkim,27.26544444,88.72252778,Debris,Slide,7 June 2012 at 4:50 hrs.,2012.0,1
SKM-06/2012-13,Sikkim,North Sikkim,27.59027778,88.65394444,Debris,Slide,26 June 2012,2012.0,1
SKM-07/2012-13,Sikkim,North Sikkim,27.57502778,88.65402778,Debris,Slide,22 June 2012,2012.0,1
SKM-08/2012-13,Sikkim,North Sikkim,27.56111111,88.65452778,Debris,Slide,22 June 2012,2012.0,1
SKM-10/2012-13,Sikkim,North Sikkim,27.56941667,88.65272222,Debris,Slide,22 June 2012,2012.0,1
TR/DHA/84A02/2015/19,Tripura,Dhalai,23.663361,92.015111,Debris,Slide,2015,2015.0,1
TR/DHA/84A02/2015/6,Tripura,Dhalai,23.679,92.039278,Debris,Slide,2015,2015.0,1
TR/DHA/84A02/2015/16,Tripura,Dhalai,23.691167,92.055444,Rock,Slide,2015,2015.0,1
TR/DHA/84A02/2015/18,Tripura,Dhalai,23.692222,92.015833,Earth,Slide,2015,2015.0,1
TR/DHA/84A02/2015/1,Tripura,Dhalai,23.693,92.054472,Debris,Slide,2015,2015.0,1
TR/DHA/84A02/2015/15,Tripura,Dhalai,23.694139,92.013278,Debris,Slide,2015,2015.0,1
TR/NTR/84A02/2015/4,Tripura,North Tripura,23.697694,92.071194,Debris,Slide,2015,2015.0,1
TR/DHA/84A01/2015/23,Tripura,Dhalai,23.793444,92.125833,Debris,Slide,2015,2015.0,1
TR/GMT/79M10/2018/007,Tripura,Gomati,23.794253,91.553533,Soil,Slide,20 May 2018,2018.0,1
TR/DHA/84A01/2015/39,Tripura,Dhalai,23.797306,92.120417,Debris,Slide,2015,2015.0,1
TR/DHA/84A01/2015/38,Tripura,Dhalai,23.805528,92.120417,Debris,Slide,2015,2015.0,1
TR/DHA/84A01/2015/22,Tripura,Dhalai,23.821,92.094417,Debris,Slide,2015,2015.0,1
TRI/TRI-W/79M05/2009/G-1,Tripura,West Tripura,23.85417,91.34361,Debris,Slide,10 July 2009,2009.0,1
TR/NTR/84A01/2015/37,Tripura,North Tripura,23.882833,92.241583,Debris,Slide,2015,2015.0,1
TR/NTR/84A05/2015/25,Tripura,North Tripura,23.890278,92.272528,Debris,Slide,2015,2015.0,1
TR/NTR/84A05/2015/26,Tripura,North Tripura,23.892694,92.272667,Debris,Slide,2015,2015.0,1
TR/NTR/84A01/2015/10,Tripura,North Tripura,23.953333,92.233139,Debris,Flow,2015,2015.0,1
TR/GMT/79 M09/2018/008,Tripura,Gomati,23.980333,91.475278,Soil,Slide,18 May 2018,2018.0,1
TR/NTR/84D08/2015/8,Tripura,North Tripura,24.139861,92.319167,Debris,Slide,2015,2015.0,1
TR/NTR/84D08/2015/9,Tripura,North Tripura,24.141694,92.322306,Debris,Slide,2015,2015.0,1
TR/NTR/84D08/2015/46,Tripura,North Tripura,24.165583,92.268389,Debris,Slide,2015,2015.0,1
TR/DHA/84D08/2015/24,Tripura,Dhalai,24.212361,92.258111,Debris,Slide,2015,2015.0,1
TR/NTR/84D08/2015/36,Tripura,North Tripura,24.228111,92.287417,Earth,Slide,2015,2015.0,1
TR/NTR/84D04/2015/53,Tripura,North Tripura,24.240194,92.247861,Rock,Slide,2015,2015.0,1
TR-3/09-10,Tripura,Dhalai,23.9,91.75622222,,,3 June 2010,2010.0,1
TR-4/09-10,Tripura,Dhalai,23.89569444,91.76525,,,June 2010,2010.0,1
TR-5/09-10,Tripura,Dhalai,23.88888889,91.78888889,,,June 2010,2010.0,1
TR-6/09-10,Tripura,Dhalai,23.912,91.83852778,,,April 2010,2010.0,1
TR/BEL/79M/08/2021/02,Tripura,South Tripura,23.22966667,91.49532222,Debris,Slide,"25 August 2021, around 05.30 to 6.00",2021.0,1
5706,Tripura,North Tripura,24.477126,92.205369,Soil,slide,July 2025,2025.0,1
5708,Tripura,North Tripura,24.489749,92.170312,Soil,slide,July 2024,2024.0,1
5711,Tripura,North Tripura,24.320111,92.216955,Soil,slide,July 2025,2025.0,1
5712,Tripura,North Tripura,24.314206,92.225824,Debris,slide,July 2025,2025.0,1
5713,Tripura,North Tripura,24.309993,92.22714,Soil,slide,July 2024,2024.0,1
5714,Tripura,North Tripura,24.352076,92.225188,Soil,slide,July 2025,2025.0,1
5715,Tripura,North Tripura,24.356023,92.225478,Debris,slide,"July 2024,  July 2025",2024.0,1
5716,Tripura,North Tripura,24.4012,92.237233,Debris,slide,July 2025,2025.0,1
5717,Tripura,North Tripura,24.413873,92.241309,Debris,slide,July 2025,2025.0,1
5718,Tripura,North Tripura,24.414992,92.241894,Soil,slide,July 2025,2025.0,1
5719,Tripura,North Tripura,24.419026,92.242991,Debris,slide,July 2025,2025.0,1
5720,Tripura,North Tripura,24.43797,92.250464,Soil,slide,"July 2024,  July 2025",2024.0,1
5721,Tripura,North Tripura,24.4349,92.249371,Soil,slide,July 2024,2024.0,1
5722,Tripura,North Tripura,24.437066,92.249961,Soil,slide,July 2025,2025.0,1
TN/VIR/58G07/2020/1,Tamil Nadu,Virudhunagar,9.45,77.37,Debris,Flow,2018,2018.0,1
TN/NIL/58A06/2020/20,Tamil Nadu,Nilgiri,11.51,76.28,Debris,Slide,2020,2020.0,1
TN/NIL/58A06/2020/7,Tamil Nadu,Nilgiri,11.53,76.47,Debris,Slide,2019,2019.0,1
TN/CBE/58B15/2024/02,Tamil Nadu,Coimbatore,10.451245,76.981973,Debris,Slide,19 May 2024,2024.0,1
TN/CBE/58B15/2024/03,Tamil Nadu,Coimbatore,10.451802,76.981495,Debris,Slide,19 May 2024,2024.0,1
TN/CBE/58B15/2024/04,Tamil Nadu,Coimbatore,10.450891,76.976945,Debris,Slide,19 May 2024,2024.0,1
TN/CBE/58B15/2024/05,Tamil Nadu,Coimbatore,10.449755,76.976183,Rock,Slide,19 May 2024,2024.0,1
TN/CBE/58B15/2024/06,Tamil Nadu,Coimbatore,10.450355,76.979802,Rock,Slide,19 May 2024,2024.0,1
TN/CBE/58B15/2024/07,Tamil Nadu,Coimbatore,10.450497,76.97869,Rock,Slide,19 May 2024,2024.0,1
TN/CBE/58B15/2024/08,Tamil Nadu,Coimbatore,10.450672,76.98034,Debris,Slide,19 May 2024,2024.0,1
TN/NIL/58A11/2024/11,Tamil Nadu,Nilgiri,11.49052,76.527422,Debris,slide,29 August 2024,2024.0,1
TN/NIL/58A11/2024/12,Tamil Nadu,Nilgiri,11.490697,76.532657,Debris,slide,29 August 2024,2024.0,1
TN/NIL/58A11/2024/13,Tamil Nadu,Nilgiri,11.3645,76.705615,Earth,Slide,16 July 2024,2024.0,1
TN/NIL/58A11/2024/14,Tamil Nadu,Nilgiri,11.359923,76.667,Debris,slide,16 July 2024,2024.0,1
TN/NIL/58A11/2024/15,Tamil Nadu,Nilgiri,11.327553,76.6317,Earth,Slide,19 July 2024,2024.0,1
TN/NIL/58A11/2024/16,Tamil Nadu,Nilgiri,11.34204,76.63419,Earth,Slide,19 July 2024,2024.0,1
7152,Tamil Nadu,Nilgiri,11.347369,76.789377,Debris,Slide,1 January 2026,2026.0,1
7150,Tamil Nadu,Nilgiri,11.344605,76.792407,Debris,Slide,1 January 2026 at 05.00hrs,2026.0,1
7154,Tamil Nadu,Nilgiri,11.349663,76.788382,Debris,Slide,1 January 2026,2026.0,1
7156,Tamil Nadu,Nilgiri,11.352623,76.786392,Debris,Slide,1 January 2026 at 01.30hrs,2026.0,1
7176,Tamil Nadu,Nilgiri,11.346408,76.798896,Debris,Slide,1 January 2026 at 2.30hrs,2026.0,1
TN/NIL/58A11/2025/2,Tamil Nadu,Nilgiri,11.38372222,76.69333333,earth,Slide,25 May 2025,2025.0,1
TN/NIL/58A11/2025/3,Tamil Nadu,Nilgiri,11.48652778,76.68563889,Rock,Fall,26 May 2025,2025.0,1
TN/NIL/58A11/2025/4,Tamil Nadu,Nilgiri,11.48583333,76.68605556,Rock,Fall,26 May 2025,2025.0,1
TN/NIL/58A11/2025/5,Tamil Nadu,Nilgiri,11.33669444,76.64225,Earth,Slide,26 May 2025,2025.0,1
TN/NIL/58A11/2025/6,Tamil Nadu,Nilgiri,11.34302778,76.63919444,Earth,Slide,30 July 2024,2024.0,1
TN/NIL/58A11/2025/7,Tamil Nadu,Nilgiri,11.32233333,76.62216667,Earth,Slide,25 May 2025,2025.0,1
TN/NIL/58A11/2025/10,Tamil Nadu,Nilgiri,11.28111111,76.64833333,soil,Slide,26 May 2025,2025.0,1
TN/NIL/58A11/2025/11,Tamil Nadu,Nilgiri,11.28091667,76.648,Debris,Slide,26 May 2025,2025.0,1
TN/NIL/58A11/2025/12,Tamil Nadu,Nilgiri,11.28088889,76.64761111,Debris,Slide,26 May 2025,2025.0,1
TN/NIL/58A2/2025/17,Tamil Nadu,Nilgiri,11.52344444,76.24775,Earth,Slide,25 May 2025,2025.0,1
TN/NIL/58A2/2025/18,Tamil Nadu,Nilgiri,11.52475,76.24763889,Debris,Slide,26 May 2025,2025.0,1
TN/NIL/58A7/2025/19,Tamil Nadu,Nilgiri,11.42786111,76.45422222,Earth,Slide,2017,2017.0,1
TN/NIL/58A7/2025/20,Tamil Nadu,Nilgiri,11.42336111,76.46347222,Rock,Fall,3 July 2024,2024.0,1
TN/NIL/58A15/2025/2,Tamil Nadu,Nilgiri,11.3494,76.7872,Debris,Slide,14 October 2025,2025.0,1
TN/NIL/58A15/2025/6,Tamil Nadu,Nilgiri,11.3445,76.7924,Debris,Slide,17 October 2025,2025.0,1
TN/NIL/58A15/2025/7,Tamil Nadu,Nilgiri,11.3509,76.7929,Debris,Slide,20 October 2025,2025.0,1
TN/NIL/58A15/2025/9,Tamil Nadu,Nilgiri,11.3571,76.8083,Earth,Slide,19 October 2025,2025.0,1
TN/NIL/58A15/2025/11,Tamil Nadu,Nilgiri,11.3752,76.8165,Loose debris,Slide,17 October 2025,2025.0,1
TN/NIL/58A15/2025/14,Tamil Nadu,Nilgiri,11.337,76.7982,Earth,Slide,21 October 2025,2025.0,1
TN/NIL/58A15/2025/19,Tamil Nadu,Nilgiri,11.4159,76.8172,Debris,Slide,19 October 2025,2025.0,1
TN/NIL/58A15/2025/23,Tamil Nadu,Nilgiri,11.4317,76.8667,Earth,Slide,18 October 2025,2025.0,1
TN/NIL/58A15/2025/24,Tamil Nadu,Nilgiri,11.4174,76.8781,Debris,Slide,22 October 2025,2025.0,1
TN/NIL/58A11/2025/25,Tamil Nadu,Nilgiri,11.3785,76.7444,Earth,Slide,19 October 2025,2025.0,1
TN/NIL/58A11/2025/26,Tamil Nadu,Nilgiri,11.3359,76.7345,Debris,Slide,22 October 2025,2025.0,1
TN/NIL/58A11/2025/27,Tamil Nadu,Nilgiri,11.3157,76.7068,Earth,Slide,18 October 2025,2025.0,1
TN/NIL/58A15/2025/31,Tamil Nadu,Nilgiri,11.3375,76.7769,Debris,Slide,22 October 2025,2025.0,1
TN/NIL/58A15/2025/33,Tamil Nadu,Nilgiri,11.3935,76.9317,Debris,Slide,20 October 2025,2025.0,1
TN/NIL/58A15/2025/34,Tamil Nadu,Nilgiri,11.3203,76.7985,Debris,Slide,16 October 2025,2025.0,1
TN/NIL/58A11/2025/35,Tamil Nadu,Nilgiri,11.2653,76.7448,Earth,Slide,16 October 2025,2025.0,1
TN/NIL/58A11/2025/36,Tamil Nadu,Nilgiri,11.2774,76.6898,Debris,Slide,22 October 2025,2025.0,1
TN/NIL/58A11/2025/37,Tamil Nadu,Nilgiri,11.2617,76.6327,Earth,Slide,18 October 2025,2025.0,1
TN/NIL/58A15/2025/38,Tamil Nadu,Nilgiri,11.2659,76.6572,Earth,Slide,18 October 2025,2025.0,1
TN/NIL/58A15/2025/42,Tamil Nadu,Nilgiri,11.4723,76.8408,Debris,Slide,19 October 2025,2025.0,1
TN/NIL/58A15/2025/43,Tamil Nadu,Nilgiri,11.3599,76.7814,Debris,Slide,22 October 2025,2025.0,1
TN/NIL/58A15/2025/44,Tamil Nadu,Nilgiri,11.3606,76.7813,Earth,Slide,22 October 2025,2025.0,1
TN/NILGIRIS/58A15/2026/01,Tamil Nadu,Nilgiri,11.344605,76.792407,Debris,Slide,01 January 2026,2026.0,1
TN/NILGIRIS/58A15/2026/02,Tamil Nadu,Nilgiri,11.346337,76.798923,Debris,Slide,01 January 2026,2026.0,1
TN/NILGIRIS/58A15/2026/03,Tamil Nadu,Nilgiri,11.347369,76.789377,Debris,Slide,01 January 2026,2026.0,1
TN/NILGIRIS/58A15/2026/04,Tamil Nadu,Nilgiri,11.349663,76.788382,Debris,Slide,01 January 2026,2026.0,1
TN/NILGIRIS/58A15/2026/05,Tamil Nadu,Nilgiri,11.352862,76.786387,Debris,Slide,01 January 2026,2026.0,1
TN/NIL/58A/11/2019/01,Tamil Nadu,Nilgiri,11.40039,76.71645,Debris,Slide,16 November 2019,2019.0,1
TN/NIL/58A/11/2019/02,Tamil Nadu,Nilgiri,11.39668,76.71731,Debris,Flow,16 November 2019,2019.0,1
TN/NIL/58A/11/2019/03,Tamil Nadu,Nilgiri,11.39112,76.7178,Debris,Slide,16 November 2019,2019.0,1
TN/NIL/58A/11/2019/04,Tamil Nadu,Nilgiri,11.39108,76.71756,Debris,Slide,16 November 2019,2019.0,1
TN/NIL/58A/11/2019/05,Tamil Nadu,Nilgiri,11.39002,76.71868,Debris,Slide,16 November 2019,2019.0,1
TN/NIL/58A/11/2019/06,Tamil Nadu,Nilgiri,11.38885,76.72575,Debris,Slide,16 November 2019,2019.0,1
TN/NIL/58A/11/2019/07,Tamil Nadu,Nilgiri,11.38797,76.73164,Rock,Fall,16 November 2019,2019.0,1
TN/NIL/58A/15/2019/08,Tamil Nadu,Nilgiri,11.38733,76.73406,Debris,Slide,16 November 2019,2019.0,1
TN/NIL/58A/15/2019/10,Tamil Nadu,Nilgiri,11.348423,76.792504,Soil,Flow,16 November 2019,2019.0,1
TN/NIL/58A/15/2019/11,Tamil Nadu,Nilgiri,11.34123,76.79759,Debris cum rock,Fall,16 November 2019,2019.0,1
TN/NIL/58A/15/2019/12,Tamil Nadu,Nilgiri,11.33963,76.79743,Debris,Slide,16 November 2019,2019.0,1
TN/NIL/58A/15/2019/13,Tamil Nadu,Nilgiri,11.33669,76.79845,Debris,Slide,16 November 2019,2019.0,1
TN/NIL/58A/15/2019/16,Tamil Nadu,Nilgiri,11.33591,76.79098,Debris,Subsidence,16 November 2019,2019.0,1
TN/NIL/58A/15/2019/17,Tamil Nadu,Nilgiri,11.33217,76.79413,Debris,Slide,16 November 2019,2019.0,1
TN/NIL/58A/15/2019/18,Tamil Nadu,Nilgiri,11.3307,76.79916,Debris,Slide,16 November 2019,2019.0,1
TN/NIL/58A/15/2019/19,Tamil Nadu,Nilgiri,11.32999,76.803,Debris,Slide,16 November 2019,2019.0,1
TN/NIL/58A/15/2019/20,Tamil Nadu,Nilgiri,11.3353,76.81397,Debris,Slide,16 November 2019,2019.0,1
TN/NIL/58A/15/2019/21,Tamil Nadu,Nilgiri,11.33449,76.81551,Debris,Slide,16 November 2019,2019.0,1
TN/NIL/58A/15/2019/22,Tamil Nadu,Nilgiri,11.33815,76.8267,Debris,Slide,16 November 2019,2019.0,1
TN/NIL/58A/15/2019/23,Tamil Nadu,Nilgiri,11.3392,76.8392,Debris,Slide,16 November 2019,2019.0,1
TN/NIL/58A/15/2019/24,Tamil Nadu,Nilgiri,11.35161,76.83177,Debris,Slide,16 November 2019,2019.0,1
TN/NIL/58A/15/2019/25,Tamil Nadu,Nilgiri,11.34167,76.80274,Debris,Slide,16 November 2019,2019.0,1
TN/NIL/58A/15/2019/27,Tamil Nadu,Nilgiri,11.34065,76.80033,Debris,Slide,16 November 2019,2019.0,1
TN/NIL/58A/15/2019/29,Tamil Nadu,Nilgiri,11.35857,76.79312,Debris,Slide,16 November 2019,2019.0,1
TN/NIL/58A11/2019/1,Tamil Nadu,Nilgiri,11.460242,76.597277,Debris,Slide,07 August 2019 (3-4 pm),2019.0,1
TN/NIL/58A11/2019/5,Tamil Nadu,Nilgiri,11.45808611,76.58490556,Debris,Slide,06 August 2019 (1:30 pm),2019.0,1
TN/NIL/58A11/2019/6,Tamil Nadu,Nilgiri,11.46798056,76.58358889,Debris,Slide,06 August 2019 (3:30 pm),2019.0,1
TN/NIL/58A11/2019/7,Tamil Nadu,Nilgiri,11.46818333,76.58011389,Debris,Slide,08 August 2019,2019.0,1
TN/NIL/58A11/2019/8,Tamil Nadu,Nilgiri,11.46819444,76.57836389,Debris,Slide,18 August 2019 (10:00 pm),2019.0,1
TN/NIL/58A11/2019/10,Tamil Nadu,Nilgiri,11.46975556,76.56556389,Debris,Slide,07 August 2019,2019.0,1
TN/NIL/58A11/2019/11,Tamil Nadu,Nilgiri,11.46933889,76.56520833,Debris,Slide,07 August 2019,2019.0,1
TN/NIL/58A11/2019/12,Tamil Nadu,Nilgiri,11.48909722,76.53898333,Rock-cum-debris,Slide,07 August 2019,2019.0,1
TN/NIL/58A11/2019/14,Tamil Nadu,Nilgiri,11.49181111,76.52634722,Debris,Slide,6th to 8th August 2019,2019.0,1
TN/NIL/58A11/2019/16,Tamil Nadu,Nilgiri,11.46606389,76.48689722,Debris.,Slide,6th to 8th August 2019,2019.0,1
TN/NIL/58A11/2019/17,Tamil Nadu,Nilgiri,11.46349444,76.48565,Debris,slide,6th to 8th August 2019,2019.0,1
TN/NIL/58A11/2019/18,Tamil Nadu,Nilgiri,11.458725,76.48157778,Debris.,Slide,6th to 8th August 2019,2019.0,1
TN/NIL/58A11/2019/19,Tamil Nadu,Nilgiri,11.45239167,76.47916667,Rock cum debris,slide,6th to 8th August 2019,2019.0,1
TN/NIL/58A11/2019/20,Tamil Nadu,Nilgiri,11.45363611,76.47908889,Debris,Slide,08 August 2019 (3:00 pm),2019.0,1
TN/NIL/58A07/2019/21,Tamil Nadu,Nilgiri,11.43723333,76.488775,Debris.,Slide,06 August 2019 (6:00 pm),2019.0,1
TN/NIL/58A07/2019/22,Tamil Nadu,Nilgiri,11.39624444,76.48404167,Debris,Slide,06 August 2019,2019.0,1
TN/NIL/58A07/2019/23,Tamil Nadu,Nilgiri,11.49186944,76.43094722,Debris.,Slide,08 August 2019,2019.0,1
TN/NIL/58A07/2019/24,Tamil Nadu,Nilgiri,11.43076111,76.49176944,Debris,Slide,08 August 2019,2019.0,1
TN/NIL/58A07/2019/25,Tamil Nadu,Nilgiri,11.35913611,76.65180833,Soil,Slide,08 August 2019,2019.0,1
TN/NIL/58A07/2019/26,Tamil Nadu,Nilgiri,11.34962222,76.64144167,Debris,Slide,08 August 2019,2019.0,1
TN/NIL/58A07/2019/27,Tamil Nadu,Nilgiri,11.31956389,76.62323333,Debris.,Slide,08 August 2019,2019.0,1
TN/NIL/58A07/2019/28,Tamil Nadu,Nilgiri,11.31895556,76.62474167,Debris.,Slide,08 August 2019 (Night),2019.0,1
TN/NIL/58A07/2019/29,Tamil Nadu,Nilgiri,11.31533611,76.62669444,Debris.,Slide,08 August 2019 (7-8 pm),2019.0,1
TN/NIL/58A11/2019/30,Tamil Nadu,Nilgiri,11.31546111,76.62583722,Rock cum debris,Slide,08 August 2019 (7-8 pm),2019.0,1
TN/NIL/58A07/2019/33,Tamil Nadu,Nilgiri,11.31278333,76.62521111,Debris,Slide,08 August 2019,2019.0,1
TN/NIL/58A07/2019/34,Tamil Nadu,Nilgiri,11.30375972,76.62717194,Debris,Slide,08 August 2019 (8-9 am),2019.0,1
TN/NIL/58A07/2019/35,Tamil Nadu,Nilgiri,11.31278333,76.62521111,Debris,Slide,08 August 2019 (8-9 am),2019.0,1
TN/NIL/58A07/2019/36,Tamil Nadu,Nilgiri,11.30446639,76.61826861,Debris,Slide,07 August 2019 (10:45 pm),2019.0,1
TN/NIL/58A07/2019/37,Tamil Nadu,Nilgiri,11.30400222,76.61938694,Debris,Slide,08 August 2019,2019.0,1
TN/NIL/58A07/2019/38,Tamil Nadu,Nilgiri,11.30533472,76.61881611,Debris,Slide,08 August 2019,2019.0,1
TN/NIL/58A07/2019/39,Tamil Nadu,Nilgiri,11.30718056,76.61859444,Debris,Slide,08 August 2019 (08:00 am),2019.0,1
TN/NIL/58A07/2019/40,Tamil Nadu,Nilgiri,11.30777778,76.61816667,Debris,Slide,8 August 2019,2019.0,1
TN/NIL/58A07/2019/41,Tamil Nadu,Nilgiri,11.3034,76.62228333,Debris,Slide,8 August 2019 (2:30 pm),2019.0,1
TN/NIL/58A07/2019/42,Tamil Nadu,Nilgiri,11.30527222,76.63084722,Debris,Slide,8 August 2019,2019.0,1
TN/NIL/58A07/2019/43,Tamil Nadu,Nilgiri,11.29669444,76.63436111,Debris,Slide,8 August 2019,2019.0,1
TN/NIL/58A07/2019/44,Tamil Nadu,Nilgiri,11.31093611,76.61947778,Debris,Slide,8 August 2019,2019.0,1
TN/NIL/58A07/2019/45,Tamil Nadu,Nilgiri,11.31245,76.632075,Debris,Slide,8 August 2019 (2:00 pm),2019.0,1
TN/NIL/58A07/2019/46,Tamil Nadu,Nilgiri,11.309525,76.63230278,Debris,Slide,8 August 2019,2019.0,1
TN/NIL/58A07/2019/47,Tamil Nadu,Nilgiri,11.31091389,76.61695,Debris,Slide,8 August 2019 (2:00 pm),2019.0,1
TN/NIL/58A07/2019/48,Tamil Nadu,Nilgiri,11.31774167,76.62316667,Debris,Slide,8 August 2019,2019.0,1
TN/NIL/58A11/2019/49,Tamil Nadu,Nilgiri,11.31813889,76.62159722,Rock cum debris,Slide,8 August 2019,2019.0,1
TN/NIL/58A11/2019/50,Tamil Nadu,Nilgiri,11.32480833,76.61985556,Debris,Slide,8 August 2019,2019.0,1
TN/NIL/58A07/2019/56,Tamil Nadu,Nilgiri,11.45208333,76.40720278,Debris,Slide,8 August 2019,2019.0,1
TN/NIL/58A07/2019/60,Tamil Nadu,Nilgiri,11.50833333,76.31916667,Debris flow,Flow,8 August 2019,2019.0,1
TN/NIL/58A/11/2019/66,Tamil Nadu,Nilgiri,11.32286,76.61794,Earth,Slide,8 August 2019,2019.0,1
TN/NIL/58A/11/2019/67,Tamil Nadu,Nilgiri,11.32247,76.6224,Earth,Slide,8 August 2019,2019.0,1
TN/NIL/58A/11/2019/68,Tamil Nadu,Nilgiri,11.32275,76.62117,Earth,Slide,8 August 2019,2019.0,1
TN/NIL/58A/11/2019/69,Tamil Nadu,Nilgiri,11.34464,76.59638,Earth,Flow,8 August 2019,2019.0,1
TN/NIL/58A/11/2019/70,Tamil Nadu,Nilgiri,11.34471,76.59548,Earth,Flow,8 August 2019,2019.0,1
TN/NIL/58A/11/2019/71,Tamil Nadu,Nilgiri,11.35807,76.59917,Debris,slide,8 August 2019,2019.0,1
TN/NIL/58A/11/2019/72,Tamil Nadu,Nilgiri,11.36013,76.60118,Debris,slide,8 August 2019,2019.0,1
TN/NIL/58A/11/2019/73,Tamil Nadu,Nilgiri,11.36078,76.60156,Debris,slide,8 August 2019,2019.0,1
TN/NIL/58A/11/2019/74,Tamil Nadu,Nilgiri,11.35854,76.59167,Debris,slide,8 August 2019,2019.0,1
TN/NIL/58A/11/2019/75,Tamil Nadu,Nilgiri,11.36079,76.59161,Debris,slide,8 August 2019,2019.0,1
TN/NIL/58A/11/2019/77,Tamil Nadu,Nilgiri,11.33736,76.60422,Debris,slide,8 August 2019,2019.0,1
TN/NIL/58A07/2022/1,Tamil Nadu,Nilgiri,11.497633,76.497433,Debris,Flow,18 August 2022,2022.0,1
TN/NIL/58A11/2022/2,Tamil Nadu,Nilgiri,11.495153,76.516963,Debris,Subsidence,18 August 2022,2022.0,1
TN/NIL/58A11/2022/3,Tamil Nadu,Nilgiri,11.492567,76.453354,Debris,Slide,18 August 2022,2022.0,1
TN/NIL/58A07/2022/4,Tamil Nadu,Nilgiri,11.48891,76.537294,Debris,Slide,5 August 2022,2022.0,1
TN/NIL/58A11/2022/5,Tamil Nadu,Nilgiri,11.341462,76.633856,Debris,Slide,3 August 2022,2022.0,1
TN/NIL/58A11/2022/6,Tamil Nadu,Nilgiri,11.312808,76.625429,Debris,Slide,3 August 2022,2022.0,1
TN/NIL/58A11/2022/7,Tamil Nadu,Nilgiri,11.30989722,76.62255833,Earth,Flow,3 August 2022,2022.0,1
TN/COIM/58A11/2022/3,Tamil Nadu,Coimbatore,10.36322167,76.98113,Debris,Slide,14 July 2022,2022.0,1
TN/DIN/58F12/2022/2,Tamil Nadu,Dindigul,10.22914722,77.55147528,Debris,Slide,4 August 2022,2022.0,1
TN/DIN/58F12/2022/3,Tamil Nadu,Dindigul,10.22721806,77.55028417,Debris,Slide,4 August 2022,2022.0,1
TN/DIN/58F12/2022/4,Tamil Nadu,Dindigul,10.233872,77.552927,Rock,Slide,4 August 2022,2022.0,1
TN/GUD/58A07/2022/01,Tamil Nadu,Nilgiri,11.4887,76.3391,Debris,Slide,July 2022,2022.0,1
TN/GUD/58A07/2022/02,Tamil Nadu,Nilgiri,11.4726,76.382,Debris,Slide,July 2022,2022.0,1
TN/GUD/58A07/2022/03,Tamil Nadu,Nilgiri,11.4713,76.4113,Debris,Slide,July 2022,2022.0,1
TN/GUD/58A07/2022/04,Tamil Nadu,Nilgiri,11.4861,76.4369,Debris,Slide,July 2022,2022.0,1
TN/GUD/58A07/2022/05,Tamil Nadu,Nilgiri,11.495,76.4552,Debris,Slide,July 2022,2022.0,1
TN/GUD/58A07/2022/06,Tamil Nadu,Nilgiri,11.4905,76.5275,Debris,Slide,27 July 2022,2022.0,1
TN/GUD/58A07/2022/07,Tamil Nadu,Nilgiri,11.4905,76.5325,Debris,Slide,27 July 2022,2022.0,1
TN/DD/2022/1,Tamil Nadu,Dindigul,10.27456,77.61869,Debris,Slide,5 September 2022,2022.0,1
TN/DD/2022/2,Tamil Nadu,Dindigul,10.30272,77.66003,Debris,Slide,29 July 2022,2022.0,1
TN/DD/2022/3,Tamil Nadu,Dindigul,10.2543,77.33308,Debris,LSD,11 November 2022,2022.0,1
TN/DD/2022/4,Tamil Nadu,Dindigul,10.22302,77.34488,Debris,Slide,11 November 2022,2022.0,1
TN/DD/2022/5,Tamil Nadu,Dindigul,10.22713,77.33827,Earth,Slide,11 November 2022,2022.0,1
TN/DD/2022/6,Tamil Nadu,Dindigul,10.22466,77.34555,Debris,Slide,11 November 2022,2022.0,1
TN/DD/2022/7,Tamil Nadu,Dindigul,10.24369,77.33454,Earth,Slide,11 November 2022,2022.0,1
TN/DD/2022/8,Tamil Nadu,Dindigul,10.23888,77.49593,Debris,Slide,14 November 2022,2022.0,1
TN/DD/2022/9,Tamil Nadu,Dindigul,10.23786,77.50736,Debris,Slide,11 November 2022,2022.0,1
TN/DD/2022/10,Tamil Nadu,Dindigul,10.23826,77.50792,Debris,Slide,11 November 2022,2022.0,1
TN/Nil/2023/CSF-1,Tamil Nadu,Nilgiri,11.33833,76.87086,Debris,Slide,23 November 2023,2023.0,1
TN/Nil/2023/CSF-2,Tamil Nadu,Nilgiri,11.34019,76.86667,Debris,Slide,23 November 2023,2023.0,1
TN/Nil/2023/CSF-3,Tamil Nadu,Nilgiri,11.34039,76.86431,Debris,Slide,23 November 2023,2023.0,1
TN/Nil/2023/CSF-4,Tamil Nadu,Nilgiri,11.34025,76.86203,Debris,Slide,23 November 2023,2023.0,1
TN/Nil/2023/CSF-5,Tamil Nadu,Nilgiri,11.33842,76.86083,Debris,Slide,23 November 2023,2023.0,1
TN/Nil/2023/CSF-6,Tamil Nadu,Nilgiri,11.33814,76.86067,Earth,Slide,23 November 2023,2023.0,1
TN/Nil/2023/CSF-7,Tamil Nadu,Nilgiri,11.33906,76.8575,Debris,Slide,23 November 2023,2023.0,1
TN/Nil/2023/CSF-8,Tamil Nadu,Nilgiri,11.33956,76.85731,Earth,Slide,23 November 2023,2023.0,1
TN/Nil/2023/CSF-9,Tamil Nadu,Nilgiri,11.34003,76.85708,Debris,Slide,23 November 2023,2023.0,1
TN/Nil/2023/CSF-10,Tamil Nadu,Nilgiri,11.34083,76.85725,Debris,Slide,23 November 2023,2023.0,1
TN/Nil/2023/CSF-11,Tamil Nadu,Nilgiri,11.34097,76.85692,Earth,Slide,23 November 2023,2023.0,1
TN/Nil/2023/CSF-12,Tamil Nadu,Nilgiri,11.33972,76.84953,Earth,Slide,23 November 2023,2023.0,1
TN/Nil/2023/CSF-13,Tamil Nadu,Nilgiri,11.34036,76.84983,Earth,Slide,23 November 2023,2023.0,1
TN/Nil/2023/CSF-14,Tamil Nadu,Nilgiri,11.34183,76.85008,Earth,Slide,23 November 2023,2023.0,1
TN/Nil/2023/CSF-15,Tamil Nadu,Nilgiri,11.34244,76.85006,Earth,Slide,23 November 2023,2023.0,1
TN/Nil/2023/CSF-16,Tamil Nadu,Nilgiri,11.34419,76.84842,Earth,Slide,23 November 2023,2023.0,1
TN/Nil/2023/CSF-17,Tamil Nadu,Nilgiri,11.34242,76.84642,Earth,Slide,23 November 2023,2023.0,1
TN/Nil/2023/CSF-18,Tamil Nadu,Nilgiri,11.3423,76.84593,Debris,Slide,23 November 2023,2023.0,1
TN/Nil/2023/CSF-19,Tamil Nadu,Nilgiri,11.33889,76.84272,Earth,Slide,23 November 2023,2023.0,1
TN/Nil/2023/CSF-20,Tamil Nadu,Nilgiri,11.33975,76.84194,Earth,Slide,23 November 2023,2023.0,1
TN/Nil/2023/CSF-21,Tamil Nadu,Nilgiri,11.33969,76.84094,Earth,Slide,23 November 2023,2023.0,1
TN/Nil/2023/CSF-22,Tamil Nadu,Nilgiri,11.33525,76.82756,Earth,Slide,23 November 2023,2023.0,1
TN/Nil/2023/CSF-23,Tamil Nadu,Nilgiri,11.33578,76.82769,Debris,Slide,23 November 2023,2023.0,1
TN/Nil/2023/CSF-24,Tamil Nadu,Nilgiri,11.33675,76.82814,Earth,Slide,23 November 2023,2023.0,1
TN/Nil/2023/CSF-25,Tamil Nadu,Nilgiri,11.33844,76.82786,Earth,Slide,23 November 2023,2023.0,1
TN/Nil/2023/CSF-26,Tamil Nadu,Nilgiri,11.33675,76.82742,Debris,Slide,23 November 2023,2023.0,1
TN/Nil/2023/CSF-27,Tamil Nadu,Nilgiri,11.33589,76.82678,Debris,Slide,23 November 2023,2023.0,1
TN/Nil/2023/CSF-28,Tamil Nadu,Nilgiri,11.33647,76.82564,Debris,Slide,23 November 2023,2023.0,1
TN/Nil/2023/CSF-29,Tamil Nadu,Nilgiri,11.33728,76.82531,Earth,Slide,23 November 2023,2023.0,1
TN/Nil/2023/CSF-30,Tamil Nadu,Nilgiri,11.33736,76.82425,Earth,Slide,23 November 2023,2023.0,1
TN/Nil/2023/CSF-31,Tamil Nadu,Nilgiri,11.33736,76.82419,Earth,Slide,23 November 2023,2023.0,1
TN/Nil/2023/CSF-32,Tamil Nadu,Nilgiri,11.33578,76.81989,Earth,Slide,23 November 2023,2023.0,1
TN/Nil/2023/CSF-33,Tamil Nadu,Nilgiri,11.33475,76.8195,Earth,Slide,23 November 2023,2023.0,1
TN/Nil/2023/CSF-34,Tamil Nadu,Nilgiri,11.33492,76.81864,Earth,Slide,23 November 2023,2023.0,1
TN/Nil/2023/CSF-35,Tamil Nadu,Nilgiri,11.33492,76.82417,Earth,Slide,23 November 2023,2023.0,1
TN/Nil/2023/CSF-36,Tamil Nadu,Nilgiri,11.33439,76.81717,Earth,Slide,23 November 2023,2023.0,1
TN/Nil/2023/CSF-37,Tamil Nadu,Nilgiri,11.33477,76.81732,Earth,Slide,23 November 2023,2023.0,1
TN/Nil/2023/CSF-38,Tamil Nadu,Nilgiri,11.33477,76.81728,Earth,Slide,23 November 2023,2023.0,1
TN/Nil/2023/CSF-39,Tamil Nadu,Nilgiri,11.33428,76.81322,Earth,Slide,23 November 2023,2023.0,1
TN/Nil/2023/CSF-40,Tamil Nadu,Nilgiri,11.33558,76.815,Earth,Slide,23 November 2023,2023.0,1
TN/Nil/2023/CSF-41,Tamil Nadu,Nilgiri,11.33547,76.81456,Debris,Slide,23 November 2023,2023.0,1
TN/Nil/2023/CSF-42,Tamil Nadu,Nilgiri,11.33547,76.8145,Debris,Slide,23 November 2023,2023.0,1
TN/Nil/2023/CSF-43,Tamil Nadu,Nilgiri,11.33528,76.81331,Debris,Slide,23 November 2023,2023.0,1
TN/Nil/2023/CSF-44,Tamil Nadu,Nilgiri,11.33536,76.81286,Earth,Slide,23 November 2023,2023.0,1
TN/Nil/2023/CSF-45,Tamil Nadu,Nilgiri,11.33536,76.81281,Earth,Slide,23 November 2023,2023.0,1
TN/Nil/2023/CSF-46,Tamil Nadu,Nilgiri,11.33433,76.81244,Earth,Slide,23 November 2023,2023.0,1
TN/Nil/2023/CSF-47,Tamil Nadu,Nilgiri,11.33231,76.80869,Earth,Slide,23 November 2023,2023.0,1
TN/Nil/2023/CSF-48,Tamil Nadu,Nilgiri,11.33042,76.80783,Earth,Slide,23 November 2023,2023.0,1
TN/Nil/2023/CSF-49,Tamil Nadu,Nilgiri,11.32925,76.80642,Earth,Slide,23 November 2023,2023.0,1
TN/Nil/2023/CSF-50,Tamil Nadu,Nilgiri,11.33147,76.80142,Debris,Slide,23 November 2023,2023.0,1
TN/Nil/2023/CSF-51,Tamil Nadu,Nilgiri,11.33128,76.79947,Earth,Slide,23 November 2023,2023.0,1
TN/Nil/2023/CSF-52,Tamil Nadu,Nilgiri,11.33128,76.79944,Earth,Slide,23 November 2023,2023.0,1
TN/Nil/2023/CSF-53,Tamil Nadu,Nilgiri,11.33244,76.79422,Earth,Slide,23 November 2023,2023.0,1
TN/Nil/2023/CSF-54,Tamil Nadu,Nilgiri,11.33461,76.79083,Earth,Slide,23 November 2023,2023.0,1
TN/Nil/2023/CSF-55,Tamil Nadu,Nilgiri,11.33372,76.79764,Debris,Slide,23 November 2023,2023.0,1
TN/Nil/2023/CSF-56,Tamil Nadu,Nilgiri,11.33406,76.79825,Debris,Slide,23 November 2023,2023.0,1
TN/Nil/2023/CSF-57,Tamil Nadu,Nilgiri,11.33406,76.79831,Debris,Slide,23 November 2023,2023.0,1
TN/Nil/2023/CSF-58,Tamil Nadu,Nilgiri,11.33597,76.79875,Debris,Slide,23 November 2023,2023.0,1
TN/Nil/2023/CSF-59,Tamil Nadu,Nilgiri,11.33646,76.79841,Rock,Fall,23 November 2023,2023.0,1
TN/Nil/2023/CSF-60,Tamil Nadu,Nilgiri,11.34025,76.79775,Debris,Slide,23 November 2023,2023.0,1
TN/Nil/2023/CSF-61,Tamil Nadu,Nilgiri,11.34058,76.79775,Earth,Slide,23 November 2023,2023.0,1
TN/Nil/2023/CSF-62,Tamil Nadu,Nilgiri,11.341,76.79756,Debris,Slide,23 November 2023,2023.0,1
TN/Nil/2023/CSF-63,Tamil Nadu,Nilgiri,11.34175,76.79606,Earth,Slide,23 November 2023,2023.0,1
TN/Nil/2023/CSF-64,Tamil Nadu,Nilgiri,11.34181,76.79556,Debris,Slide,23 November 2023,2023.0,1
TN/Nil/2023/CSF-65,Tamil Nadu,Nilgiri,11.34208,76.79533,Earth,Slide,23 November 2023,2023.0,1
TN/Nil/2023/CSF-66,Tamil Nadu,Nilgiri,11.34481,76.79025,Earth,Slide,23 November 2023,2023.0,1
TN/Nil/2023/CSF-67,Tamil Nadu,Nilgiri,11.345,76.79022,Earth,Slide,23 November 2023,2023.0,1
TN/Nil/2023/CSF-68,Tamil Nadu,Nilgiri,11.34569,76.78942,Earth,Slide,23 November 2023,2023.0,1
TN/Nil/2023/CSF-69,Tamil Nadu,Nilgiri,11.34597,76.78917,Debris,Slide,23 November 2023,2023.0,1
TN/Nil/2023/CSF-70,Tamil Nadu,Nilgiri,11.34758,76.78822,Debris,Slide,23 November 2023,2023.0,1
TN/Nil/2023/CSF-71,Tamil Nadu,Nilgiri,11.3495,76.78722,Earth,Slide,23 November 2023,2023.0,1
TN/Nil/2023/CSF-72,Tamil Nadu,Nilgiri,11.34973,76.7869,Earth,Slide,23 November 2023,2023.0,1
TN/Nil/2023/CSF-73,Tamil Nadu,Nilgiri,11.34958,76.78603,Earth,Slide,23 November 2023,2023.0,1
TN/Nil/2023/CSF-74,Tamil Nadu,Nilgiri,11.34961,76.78558,Earth,Slide,23 November 2023,2023.0,1
TN/Nil/2023/CSF-75,Tamil Nadu,Nilgiri,11.35036,76.78528,Debris,Slide,23 November 2023,2023.0,1
TN/Nil/2023/CSF-76,Tamil Nadu,Nilgiri,11.35256,76.78483,Earth,Slide,23 November 2023,2023.0,1
TN/Nil/2023/CSF-77,Tamil Nadu,Nilgiri,11.35333,76.785,Debris,Slide,23 November 2023,2023.0,1
TN/Nil/2023/CSF-78,Tamil Nadu,Nilgiri,11.35414,76.78528,Debris,Slide,23 November 2023,2023.0,1
TN/Nil/2023/CSF-79,Tamil Nadu,Nilgiri,11.35983,76.78161,Debris,Slide,23 November 2023,2023.0,1
TN/Nil/2023/CSF-80,Tamil Nadu,Nilgiri,11.36067,76.78136,Debris,Slide,23 November 2023,2023.0,1
TN/Nil/2023/CSF-81,Tamil Nadu,Nilgiri,11.36231,76.7795,Earth,Slide,23 November 2023,2023.0,1
TN/Nil/2023/CSF-82,Tamil Nadu,Nilgiri,11.36292,76.77873,Earth,Slide,23 November 2023,2023.0,1
TN/Nil/2023/CSF-83,Tamil Nadu,Nilgiri,11.36631,76.77342,Earth,Slide,23 November 2023,2023.0,1
TN/Nil/2023/CSF-84,Tamil Nadu,Nilgiri,11.36644,76.77225,Earth,Slide,23 November 2023,2023.0,1
TN/Nil/2023/CSF-85,Tamil Nadu,Nilgiri,11.3665,76.77164,Debris,Slide,23 November 2023,2023.0,1
TN/Nil/2023/CSF-86,Tamil Nadu,Nilgiri,11.3665,76.77125,Debris,Slide,23 November 2023,2023.0,1
TN/Nil/2023/CSF-87,Tamil Nadu,Nilgiri,11.36659,76.77039,Debris,Slide,23 November 2023,2023.0,1
TN/Nil/2023/CSF-88,Tamil Nadu,Nilgiri,11.36706,76.76914,Debris,Slide,23 November 2023,2023.0,1
TN/Nil/2023/CSF-89,Tamil Nadu,Nilgiri,11.36689,76.76739,Debris,Slide,23 November 2023,2023.0,1
TN/Nil/2023/CSF-90,Tamil Nadu,Nilgiri,11.34333,76.79572,Earth,Slide,23 November 2023,2023.0,1
TN/Nil/58A11/2023/122,Tamil Nadu,Nilgiri,11.35687261,76.93210853,Earth,Slide,23 November 2023,2023.0,1
TN/Nil/58A11/2023/125,Tamil Nadu,Nilgiri,11.35886681,76.93557575,Earth,Slide,23 November 2023,2023.0,1
TN/Nil/58A11/2023/126,Tamil Nadu,Nilgiri,11.3599745,76.93761436,Debris,Slide,23 November 2023,2023.0,1
TN/Nil/58A11/2023/127,Tamil Nadu,Nilgiri,11.36019869,76.93834319,Debris,Slide,23 November 2023,2023.0,1
TN/Nil/58A11/2023/128,Tamil Nadu,Nilgiri,11.35951049,76.93782025,Earth,Slide,23 November 2023,2023.0,1
TN/Nil/58A11/2023/129,Tamil Nadu,Nilgiri,11.35879872,76.93760927,Debris,Slide,23 November 2023,2023.0,1
TN/Nil/58A11/2023/130,Tamil Nadu,Nilgiri,11.3596238,76.93847834,Debris,Slide,23 November 2023,2023.0,1
TN/Nil/58A11/2023/131,Tamil Nadu,Nilgiri,11.36079743,76.93940047,Debris,Slide,23 November 2023,2023.0,1
TN/Nil/58A11/2023/132,Tamil Nadu,Nilgiri,11.36052844,76.94006873,Debris,Slide,23 November 2023,2023.0,1
TN/Nil/58A11/2023/133,Tamil Nadu,Nilgiri,11.36007456,76.94174795,Earth,Slide,23 November 2023,2023.0,1
TN/Nil/58A11/2023/134,Tamil Nadu,Nilgiri,11.35988891,76.94218111,Earth,Slide,23 November 2023,2023.0,1
TN/Nil/58A11/2023/135,Tamil Nadu,Nilgiri,11.35992556,76.94277581,Earth,Slide,23 November 2023,2023.0,1
TN/Nil/58A11/2023/136,Tamil Nadu,Nilgiri,11.3613242,76.94567928,Debris,Slide,23 November 2023,2023.0,1
TN/Nil/58A11/2023/137,Tamil Nadu,Nilgiri,11.35991999,76.9427611,Debris,Slide,23 November 2023,2023.0,1
TN/Nil/58A11/2023/138,Tamil Nadu,Nilgiri,11.36168682,76.94604898,Debris,Slide,23 November 2023,2023.0,1
TN/Nil/58A11/2023/139,Tamil Nadu,Nilgiri,11.36209752,76.94641095,Debris,Slide,23 November 2023,2023.0,1
TN/Nil/58A11/2023/140,Tamil Nadu,Nilgiri,11.36256559,76.94760942,Debris,Slide,23 November 2023,2023.0,1
TN/Nil/58A11/2023/141,Tamil Nadu,Nilgiri,11.36214007,76.94926543,Earth,Slide,23 November 2023,2023.0,1
TN/Nil/58A11/2023/142,Tamil Nadu,Nilgiri,11.36206926,76.9497801,Earth,Slide,23 November 2023,2023.0,1
TN/Nil/58A11/2023/143,Tamil Nadu,Nilgiri,11.36176027,76.95017151,Earth,Slide,23 November 2023,2023.0,1
TN/Nil/58A11/2023/144,Tamil Nadu,Nilgiri,11.36127232,76.95066827,Debris,Slide,23 November 2023,2023.0,1
TN/Nil/58A11/2023/145,Tamil Nadu,Nilgiri,11.36214007,76.94926543,Debris,Slide,23 November 2023,2023.0,1
TN/Nil/58A11/2023/146,Tamil Nadu,Nilgiri,11.36054865,76.94816795,Debris,Slide,23 November 2023,2023.0,1
TN/Nil/58A11/2023/147,Tamil Nadu,Nilgiri,11.35960568,76.94661845,Debris,Slide,23 November 2023,2023.0,1
TN/Nil/58A11/2023/148,Tamil Nadu,Nilgiri,11.35914057,76.94630165,Debris,Slide,23 November 2023,2023.0,1
TN/Nil/58A11/2023/149,Tamil Nadu,Nilgiri,11.35809154,76.94533891,Debris,Slide,23 November 2023,2023.0,1
TN/Nil/58A11/2023/150,Tamil Nadu,Nilgiri,11.35649634,76.94579092,Debris,Slide,23 November 2023,2023.0,1
TN/Nil/58A11/2023/151,Tamil Nadu,Nilgiri,11.35763256,76.94602336,Debris,Slide,23 November 2023,2023.0,1
TN/Nil/58A11/2023/152,Tamil Nadu,Nilgiri,11.35774289,76.94668593,Debris,Slide,23 November 2023,2023.0,1
TN/Nil/58A11/2023/153,Tamil Nadu,Nilgiri,11.35811507,76.94959631,Earth,Slide,23 November 2023,2023.0,1
TN/Nil/58A11/2023/154,Tamil Nadu,Nilgiri,11.35793098,76.94887613,Debris,Slide,23 November 2023,2023.0,1
TN/Nil/58A11/2023/155,Tamil Nadu,Nilgiri,11.35760003,76.94858135,Debris,Slide,23 November 2023,2023.0,1
TN/Nil/58A11/2023/156,Tamil Nadu,Nilgiri,11.35746737,76.9480396,Debris,Slide,23 November 2023,2023.0,1
TN/Nil/58A11/2023/157,Tamil Nadu,Nilgiri,11.35730415,76.94762268,Debris,Slide,23 November 2023,2023.0,1
TN/Nil/58A11/2023/158,Tamil Nadu,Nilgiri,11.35708672,76.9470253,Debris,Slide,23 November 2023,2023.0,1
TN/Nil/58A11/2023/159,Tamil Nadu,Nilgiri,11.35680547,76.94697583,Debris,Slide,23 November 2023,2023.0,1
TN/Nil/58A11/2023/160,Tamil Nadu,Nilgiri,11.35473266,76.94561356,Debris,Slide,23 November 2023,2023.0,1
TN/Nil/58A11/2023/161,Tamil Nadu,Nilgiri,11.35444989,76.94379168,Debris,Slide,23 November 2023,2023.0,1
TN/Nil/58A11/2023/162,Tamil Nadu,Nilgiri,11.35488905,76.9430774,Debris,Slide,23 November 2023,2023.0,1
TN/Nil/58A11/2023/163,Tamil Nadu,Nilgiri,11.35450826,76.94263034,Debris,Slide,23 November 2023,2023.0,1
TN/Nil/58A11/2023/164,Tamil Nadu,Nilgiri,11.35346901,76.94214577,Debris,Slide,23 November 2023,2023.0,1
TN/Nil/58A11/2023/165,Tamil Nadu,Nilgiri,11.34981179,76.9411861,Debris,Slide,23 November 2023,2023.0,1
TN/Nil/58A11/2023/166,Tamil Nadu,Nilgiri,11.34967677,76.94147878,Earth,Slide,23 November 2023,2023.0,1
TN/Nil/58A11/2023/167,Tamil Nadu,Nilgiri,11.34962812,76.94181618,Earth,Slide,23 November 2023,2023.0,1
TN/Nil/58A11/2023/168,Tamil Nadu,Nilgiri,11.34893439,76.94316226,Earth,Slide,23 November 2023,2023.0,1
TN/Nil/58A11/2023/169,Tamil Nadu,Nilgiri,11.34853389,76.94340348,Earth,Slide,23 November 2023,2023.0,1
TN/Nil/58A11/2023/170,Tamil Nadu,Nilgiri,11.34824292,76.94361365,Earth,Slide,23 November 2023,2023.0,1
TN/Nil/58A11/2023/171,Tamil Nadu,Nilgiri,11.34809917,76.94380445,Earth,Slide,23 November 2023,2023.0,1
TN/Nil/58A11/2023/172,Tamil Nadu,Nilgiri,11.34777823,76.94398539,Earth,Slide,23 November 2023,2023.0,1
TN/Nil/58A11/2023/173,Tamil Nadu,Nilgiri,11.34765289,76.94450377,Debris,Slide,23 November 2023,2023.0,1
TN/Nil/58A11/2023/174,Tamil Nadu,Nilgiri,11.34700889,76.94478131,Debris,Slide,23 November 2023,2023.0,1
TN/Nil/58A11/2023/175,Tamil Nadu,Nilgiri,11.34612638,76.94402605,Debris,Slide,23 November 2023,2023.0,1
TN/Nil/58A11/2023/176,Tamil Nadu,Nilgiri,11.34619369,76.94389937,Debris,Slide,23 November 2023,2023.0,1
TN/Nil/58A11/2023/177,Tamil Nadu,Nilgiri,11.34641057,76.9435889,Debris,Slide,23 November 2023,2023.0,1
TN/Nil/58A11/2023/178,Tamil Nadu,Nilgiri,11.34653207,76.94348491,Debris,Slide,23 November 2023,2023.0,1
TN/Nil/58A11/2023/179,Tamil Nadu,Nilgiri,11.34677326,76.94266173,Debris,Slide,23 November 2023,2023.0,1
TN/Nil/58A11/2023/180,Tamil Nadu,Nilgiri,11.34687267,76.94157503,Debris,Slide,23 November 2023,2023.0,1
TN/Nil/58A11/2023/181,Tamil Nadu,Nilgiri,11.34493399,76.93814992,Debris,Slide,23 November 2023,2023.0,1
TN/Nil/58A11/2023/182,Tamil Nadu,Nilgiri,11.34263136,76.93718243,Debris,Slide,23 November 2023,2023.0,1
7528,Tamil Nadu,Coimbatore,10.2868733,76.877005,,Slide,2024-07-30,2024.0,1
WB/JAL/78F10/2015/944,West Bengal,Jalpaiguri,26.697605,89.668823,Debris,Slide,2014,2014.0,1
WB/JAL/78F10/2015/947,West Bengal,Jalpaiguri,26.698105,89.667295,Debris,Slide,2014,2014.0,1
WB/JAL/78F10/2015/951,West Bengal,Jalpaiguri,26.6992,89.650526,Debris,Slide,2014,2014.0,1
WB/JAL/78F10/2015/953,West Bengal,Jalpaiguri,26.699356,89.654357,Debris,Slide,2013,2013.0,1
WB/JAL/78F10/2015/954,West Bengal,Jalpaiguri,26.699995,89.648509,Debris,Slide,2013,2013.0,1
WB/JAL/78F10/2015/959,West Bengal,Jalpaiguri,26.701441,89.650072,Debris,Slide,2014,2014.0,1
WB/JAL/78F10/2015/963,West Bengal,Jalpaiguri,26.702347,89.659185,Debris,Slide,2014,2014.0,1
WB/JAL/78F10/2015/968,West Bengal,Jalpaiguri,26.70289,89.677054,Debris,Slide,2014,2014.0,1
WB/JAL/78F10/2015/970,West Bengal,Jalpaiguri,26.70396,89.649095,Debris,Slide,2014,2014.0,1
WB/JAL/78F10/2015/972,West Bengal,Jalpaiguri,26.70484,89.659596,Debris,Slide,2013,2013.0,1
WB/JAL/78F10/2015/983,West Bengal,Jalpaiguri,26.712434,89.696872,Debris,Slide,2013,2013.0,1
WB/JAL/78F10/2015/985,West Bengal,Jalpaiguri,26.712827,89.673175,Debris,Slide,2010,2010.0,1
WB/JAL/78F10/2015/984,West Bengal,Jalpaiguri,26.71284,89.650234,Debris,Slide,2010,2010.0,1
WB/JAL/78F10/2015/986,West Bengal,Jalpaiguri,26.713313,89.631301,Debris,Slide,2013,2013.0,1
WB/JAL/78F10/2015/987,West Bengal,Jalpaiguri,26.713646,89.630723,Debris,Slide,2014,2014.0,1
WB/JAL/78F10/2015/989,West Bengal,Jalpaiguri,26.714744,89.629594,Rock cum Debris,Slide,2013,2013.0,1
WB/JAL/78F10/2015/990,West Bengal,Jalpaiguri,26.715021,89.695249,Debris,Slide,2014,2014.0,1
WB/JAL/78F10/2015/992,West Bengal,Jalpaiguri,26.716209,89.618033,Rock cum Debris,Slide,2010,2010.0,1
WB/JAL/78F10/2015/994,West Bengal,Jalpaiguri,26.716294,89.630905,Rock cum Debris,Slide,2010,2010.0,1
WB/JAL/78F10/2015/993,West Bengal,Jalpaiguri,26.716554,89.619513,Debris,Slide,2010,2010.0,1
WB/JAL/78F10/2015/995,West Bengal,Jalpaiguri,26.716633,89.646406,Rock cum Debris,Slide,2010,2010.0,1
WB/JAL/78F10/2015/996,West Bengal,Jalpaiguri,26.717071,89.730905,Debris,Slide,2010,2010.0,1
WB/JAL/78F10/2015/999,West Bengal,Jalpaiguri,26.718004,89.630081,Debris,Slide,2014,2014.0,1
WB/JAL/78F10/2015/1007,West Bengal,Jalpaiguri,26.718554,89.622938,Debris,Slide,2014,2014.0,1
WB/JAL/78F10/2015/1010,West Bengal,Jalpaiguri,26.71856,89.719515,Debris,Slide,2014,2014.0,1
WB/JAL/78F10/2015/1013,West Bengal,Jalpaiguri,26.719039,89.622358,Rock cum Debris,Slide,2013,2013.0,1
WB/JAL/78F10/2015/1018,West Bengal,Jalpaiguri,26.719928,89.645409,Debris,Slide,2010,2010.0,1
WB/JAL/78F10/2015/1024,West Bengal,Jalpaiguri,26.721004,89.706153,Debris,Slide,2014,2014.0,1
WB/JAL/78F10/2015/1032,West Bengal,Jalpaiguri,26.721796,89.695918,Rock,Slide,2010,2010.0,1
WB/JAL/78F10/2015/1030,West Bengal,Jalpaiguri,26.721859,89.603715,Rock cum Debris,Slide,2013,2013.0,1
WB/JAL/78F10/2015/1031,West Bengal,Jalpaiguri,26.722029,89.66895,Rock cum Debris,Slide,2010,2010.0,1
WB/JAL/78F10/2015/1033,West Bengal,Jalpaiguri,26.722312,89.703963,Debris,Slide,2010,2010.0,1
WB/JAL/78F10/2015/1034,West Bengal,Jalpaiguri,26.722834,89.669253,Rock cum Debris,Slide,2010,2010.0,1
WB/JAL/78F10/2015/1035,West Bengal,Jalpaiguri,26.722906,89.602859,Rock cum Debris,Slide,2006,2006.0,1
WB/JAL/78F10/2015/1039,West Bengal,Jalpaiguri,26.723073,89.603803,Debris,Slide,2010,2010.0,1
WB/JAL/78F10/2015/1036,West Bengal,Jalpaiguri,26.723096,89.602048,Rock cum Debris,Slide,2010,2010.0,1
WB/JAL/78F10/2015/1037,West Bengal,Jalpaiguri,26.72316,89.704932,Rock,Slide,2006,2006.0,1
WB/JAL/78F10/2015/1040,West Bengal,Jalpaiguri,26.723744,89.700944,Rock cum Debris,Slide,2010,2010.0,1
WB/JAL/78F10/2015/1041,West Bengal,Jalpaiguri,26.72496,89.605536,Debris,Slide,2010,2010.0,1
WB/JAL/78F10/2015/1045,West Bengal,Jalpaiguri,26.725139,89.700014,Rock cum Debris,Slide,2013,2013.0,1
WB/JAL/78F10/2015/1042,West Bengal,Jalpaiguri,26.725148,89.695689,Rock cum Debris,Slide,2014,2014.0,1
WB/JAL/78F10/2015/1043,West Bengal,Jalpaiguri,26.725333,89.696915,Rock cum Debris,Slide,2013,2013.0,1
WB/JAL/78F10/2015/1044,West Bengal,Jalpaiguri,26.725383,89.695611,Debris,Slide,2014,2014.0,1
WB/JAL/78F10/2015/1046,West Bengal,Jalpaiguri,26.725397,89.702895,Rock cum Debris,Slide,2010,2010.0,1
WB/JAL/78F10/2015/1048,West Bengal,Jalpaiguri,26.726126,89.690202,Rock,Slide,2013,2013.0,1
WB/JAL/78F10/2015/1047,West Bengal,Jalpaiguri,26.726136,89.697763,Rock cum Debris,Slide,2010,2010.0,1
WB/JAL/78F10/2015/1049,West Bengal,Jalpaiguri,26.726804,89.690299,Rock cum Debris,Slide,2013,2013.0,1
WB/JAL/78F10/2015/1050,West Bengal,Jalpaiguri,26.727431,89.707275,Debris,Slide,2013,2013.0,1
WB/JAL/78F10/2015/1051,West Bengal,Jalpaiguri,26.728314,89.678374,Rock,Slide,2013,2013.0,1
WB/JAL/78F10/2015/1054,West Bengal,Jalpaiguri,26.728725,89.703195,Debris,Slide,2013,2013.0,1
WB/JAL/78F10/2015/1052,West Bengal,Jalpaiguri,26.728732,89.696887,Debris,Slide,2010,2010.0,1
WB/JAL/78F10/2015/1055,West Bengal,Jalpaiguri,26.729015,89.702512,Rock cum Debris,Slide,2013,2013.0,1
WB/JAL/78F10/2015/1056,West Bengal,Jalpaiguri,26.729066,89.706882,Rock cum Debris,Slide,2013,2013.0,1
WB/JAL/78F10/2015/1057,West Bengal,Jalpaiguri,26.730104,89.596529,Debris,Slide,2013,2013.0,1
WB/JAL/78F10/2015/1059,West Bengal,Jalpaiguri,26.730652,89.701861,Rock cum Debris,Slide,2010,2010.0,1
WB/JAL/78F10/2015/1058,West Bengal,Jalpaiguri,26.730668,89.704771,Rock cum Debris,Slide,2010,2010.0,1
WB/JAL/78F10/2015/1061,West Bengal,Jalpaiguri,26.730994,89.591578,Debris,Slide,2014,2014.0,1
WB/JAL/78F10/2015/1063,West Bengal,Jalpaiguri,26.731227,89.594586,Debris,Slide,2013,2013.0,1
WB/JAL/78F10/2015/1062,West Bengal,Jalpaiguri,26.731381,89.706565,Debris,Slide,2010,2010.0,1
WB/JAL/78F10/2015/1064,West Bengal,Jalpaiguri,26.731708,89.705659,Rock cum Debris,Slide,2013,2013.0,1
WB/JAL/78F10/2015/1066,West Bengal,Jalpaiguri,26.732071,89.607514,Rock,Slide,2013,2013.0,1
WB/JAL/78F10/2015/1065,West Bengal,Jalpaiguri,26.73245,89.594123,Rock cum Debris,Slide,2010,2010.0,1
WB/JAL/78F10/2015/1067,West Bengal,Jalpaiguri,26.733418,89.702778,Rock,Slide,2010,2010.0,1
WB/JAL/78F10/2015/1069,West Bengal,Jalpaiguri,26.733551,89.70416,Rock cum Debris,Slide,2013,2013.0,1
WB/JAL/78F10/2015/1068,West Bengal,Jalpaiguri,26.733606,89.607492,Debris,Slide,2010,2010.0,1
WB/JAL/78F10/2015/1070,West Bengal,Jalpaiguri,26.734156,89.704926,Rock,Slide,2013,2013.0,1
WB/JAL/78F10/2015/1074,West Bengal,Jalpaiguri,26.735324,89.619356,Debris,Slide,2014,2014.0,1
WB/JAL/78F10/2015/1072,West Bengal,Jalpaiguri,26.736281,89.684397,Debris,Slide,2014,2014.0,1
WB/JAL/78F10/2015/1075,West Bengal,Jalpaiguri,26.736512,89.584384,Debris,Slide,2014,2014.0,1
WB/JAL/78F10/2015/1076,West Bengal,Jalpaiguri,26.736736,89.559603,Rock cum Debris,Slide,2013,2013.0,1
WB/JAL/78F10/2015/1077,West Bengal,Jalpaiguri,26.737514,89.621401,Debris,Slide,2013,2013.0,1
WB/JAL/78F10/2015/1078,West Bengal,Jalpaiguri,26.73753,89.548376,Debris,Slide,2013,2013.0,1
WB/JAL/78F10/2015/1079,West Bengal,Jalpaiguri,26.737821,89.582219,Rock cum Debris,Slide,2013,2013.0,1
WB/JAL/78F10/2015/1081,West Bengal,Jalpaiguri,26.738346,89.58033,Debris,Slide,2014,2014.0,1
WB/JAL/78F10/2015/1082,West Bengal,Jalpaiguri,26.738387,89.590009,Debris,Slide,2010,2010.0,1
WB/JAL/78F10/2015/1083,West Bengal,Jalpaiguri,26.738801,89.588303,Debris,Slide,2014,2014.0,1
WB/JAL/78F10/2015/1084,West Bengal,Jalpaiguri,26.739459,89.58927,Rock cum Debris,Slide,2010,2010.0,1
WB/JAL/78F10/2015/1085,West Bengal,Jalpaiguri,26.739567,89.580845,Debris,Slide,2010,2010.0,1
WB/JAL/78F10/2015/1086,West Bengal,Jalpaiguri,26.739942,89.581986,Rock cum Debris,Slide,2010,2010.0,1
WB/JAL/78F10/2015/1087,West Bengal,Jalpaiguri,26.740481,89.582804,Rock cum Debris,Slide,2010,2010.0,1
WB/JAL/78F10/2015/1088,West Bengal,Jalpaiguri,26.740521,89.581318,Rock cum Debris,Slide,2013,2013.0,1
WB/JAL/78F10/2015/1089,West Bengal,Jalpaiguri,26.741097,89.582122,Debris,Slide,2010,2010.0,1
WB/JAL/78F10/2015/1094,West Bengal,Jalpaiguri,26.741273,89.620138,Debris,Slide,2014,2014.0,1
WB/JAL/78F10/2015/1090,West Bengal,Jalpaiguri,26.741319,89.559483,Debris,Slide,2010,2010.0,1
WB/JAL/78F10/2015/1091,West Bengal,Jalpaiguri,26.741357,89.556668,Rock cum Debris,Slide,2010,2010.0,1
WB/JAL/78F10/2015/1092,West Bengal,Jalpaiguri,26.741712,89.551058,Debris,Slide,2010,2010.0,1
WB/JAL/78F10/2015/1095,West Bengal,Jalpaiguri,26.741796,89.582279,Debris,Slide,2013,2013.0,1
WB/JAL/78F10/2015/1093,West Bengal,Jalpaiguri,26.74198,89.559649,Debris,Slide,2010,2010.0,1
WB/JAL/78F10/2015/1096,West Bengal,Jalpaiguri,26.742264,89.583707,Debris,Slide,2014,2014.0,1
WB/JAL/78F10/2015/1097,West Bengal,Jalpaiguri,26.743063,89.557001,Debris,Slide,2014,2014.0,1
WB/JAL/78F10/2015/1100,West Bengal,Jalpaiguri,26.743731,89.591179,Debris,Slide,2014,2014.0,1
WB/JAL/78F10/2015/1098,West Bengal,Jalpaiguri,26.743755,89.592095,Rock cum Debris,Slide,2010,2010.0,1
WB/JAL/78F10/2015/1099,West Bengal,Jalpaiguri,26.743949,89.563543,Debris,Slide,2014,2014.0,1
WB/JAL/78F10/2015/1101,West Bengal,Jalpaiguri,26.744037,89.544807,Debris,Slide,2010,2010.0,1
WB/JAL/78F10/2015/1104,West Bengal,Jalpaiguri,26.744371,89.594161,Debris,Slide,2010,2010.0,1
WB/JAL/78F10/2015/1102,West Bengal,Jalpaiguri,26.744568,89.561399,Debris,Slide,2013,2013.0,1
WB/JAL/78F10/2015/1103,West Bengal,Jalpaiguri,26.744639,89.563651,Debris,Slide,2013,2013.0,1
WB/JAL/78F10/2015/1105,West Bengal,Jalpaiguri,26.744954,89.545691,Debris,Slide,2013,2013.0,1
WB/JAL/78F10/2015/1106,West Bengal,Jalpaiguri,26.744969,89.577209,Debris,Slide,2010,2010.0,1
WB/JAL/78F10/2015/1107,West Bengal,Jalpaiguri,26.744996,89.576444,Debris,Slide,2013,2013.0,1
WB/JAL/78F10/2015/1110,West Bengal,Jalpaiguri,26.745585,89.575162,Debris,Slide,2014,2014.0,1
WB/JAL/78F10/2015/1109,West Bengal,Jalpaiguri,26.745627,89.583733,Debris,Slide,2014,2014.0,1
WB/JAL/78F10/2015/1108,West Bengal,Jalpaiguri,26.745768,89.545782,Rock cum Debris,Slide,2010,2010.0,1
WB/JAL/78F10/2015/1111,West Bengal,Jalpaiguri,26.745786,89.575991,Rock cum Debris,Slide,2010,2010.0,1
WB/JAL/78F10/2015/1113,West Bengal,Jalpaiguri,26.746034,89.552114,Debris,Slide,2010,2010.0,1
WB/JAL/78F10/2015/1114,West Bengal,Jalpaiguri,26.746047,89.545292,Debris,Slide,2013,2013.0,1
WB/JAL/78F10/2015/1112,West Bengal,Jalpaiguri,26.746068,89.572945,Debris,Slide,2014,2014.0,1
WB/JAL/78F10/2015/1115,West Bengal,Jalpaiguri,26.746646,89.54639,Debris,Slide,2014,2014.0,1
WB/JAL/78F10/2015/1116,West Bengal,Jalpaiguri,26.746668,89.544673,Debris,Slide,2010,2010.0,1
WB/JAL/78F10/2015/1117,West Bengal,Jalpaiguri,26.746847,89.576522,Rock cum Debris,Slide,2010,2010.0,1
WB/JAL/78F10/2015/1118,West Bengal,Jalpaiguri,26.746878,89.578814,Debris,Slide,2010,2010.0,1
WB/JAL/78F10/2015/1119,West Bengal,Jalpaiguri,26.747297,89.574903,Rock cum Debris,Slide,2010,2010.0,1
WB/JAL/78F10/2015/1120,West Bengal,Jalpaiguri,26.74731,89.612784,Debris,Slide,2010,2010.0,1
WB/JAL/78F10/2015/1122,West Bengal,Jalpaiguri,26.74742,89.543286,Rock cum Debris,Slide,2013,2013.0,1
WB/JAL/78F10/2015/1121,West Bengal,Jalpaiguri,26.747598,89.628951,Rock cum Debris,Slide,2014,2014.0,1
WB/JAL/78F10/2015/1123,West Bengal,Jalpaiguri,26.747769,89.578706,Debris,Slide,2013,2013.0,1
WB/JAL/78F10/2015/1124,West Bengal,Jalpaiguri,26.748195,89.572542,Debris,Slide,2010,2010.0,1
WB/JAL/78F10/2015/1125,West Bengal,Jalpaiguri,26.748687,89.545447,Debris,Slide,2010,2010.0,1
WB/JAL/78F10/2015/1127,West Bengal,Jalpaiguri,26.749097,89.571653,Debris,Slide,2010,2010.0,1
WB/JAL/78F10/2015/1126,West Bengal,Jalpaiguri,26.749295,89.565838,Debris,Slide,2010,2010.0,1
WB/JAL/78F10/2015/1128,West Bengal,Jalpaiguri,26.749312,89.608213,Debris,Slide,2014,2014.0,1
WB/JAL/78F10/2015/1129,West Bengal,Jalpaiguri,26.749981,89.542876,Debris,Slide,2010,2010.0,1
WB/JAL/78F10/2015/1130,West Bengal,Jalpaiguri,26.750041,89.613767,Debris,Slide,2013,2013.0,1
WB/JAL/78F09/2015/838,West Bengal,Jalpaiguri,26.750535,89.609997,Debris,Slide,2014,2014.0,1
WB/JAL/78F09/2015/836,West Bengal,Jalpaiguri,26.750601,89.585343,Rock cum Debris,Slide,2013,2013.0,1
WB/JAL/78F09/2015/837,West Bengal,Jalpaiguri,26.750732,89.608857,Debris,Slide,2013,2013.0,1
WB/JAL/78F09/2015/841,West Bengal,Jalpaiguri,26.751301,89.541305,Debris,Slide,2010,2010.0,1
WB/JAL/78F09/2015/847,West Bengal,Jalpaiguri,26.751646,89.537149,Rock cum Debris,Slide,2010,2010.0,1
WB/JAL/78F09/2015/840,West Bengal,Jalpaiguri,26.751809,89.586809,Debris,Slide,2010,2010.0,1
WB/JAL/78F09/2015/839,West Bengal,Jalpaiguri,26.751854,89.573934,Debris,Slide,2010,2010.0,1
WB/JAL/78F09/2015/835,West Bengal,Jalpaiguri,26.751889,89.573194,Rock,Slide,2016,2016.0,1
WB/JAL/78F09/2015/843,West Bengal,Jalpaiguri,26.752126,89.540786,Debris,Slide,2010,2010.0,1
WB/JAL/78F09/2015/842,West Bengal,Jalpaiguri,26.752188,89.530507,Debris,Slide,2010,2010.0,1
WB/JAL/78F09/2015/844,West Bengal,Jalpaiguri,26.752334,89.582548,Debris,Slide,2010,2010.0,1
WB/JAL/78F09/2015/845,West Bengal,Jalpaiguri,26.752908,89.540543,Rock cum Debris,Slide,2010,2010.0,1
WB/JAL/78F09/2015/846,West Bengal,Jalpaiguri,26.752923,89.53155,Rock cum Debris,Slide,2010,2010.0,1
WB/JAL/78F09/2015/848,West Bengal,Jalpaiguri,26.753198,89.575547,Rock cum Debris,Slide,2010,2010.0,1
WB/JAL/78F09/2015/849,West Bengal,Jalpaiguri,26.753866,89.538943,Rock,Slide,2013,2013.0,1
WB/JAL/78F09/2015/851,West Bengal,Jalpaiguri,26.754369,89.600887,Rock,Slide,2013,2013.0,1
WB/JAL/78F09/2015/850,West Bengal,Jalpaiguri,26.754508,89.532505,Debris,Slide,2013,2013.0,1
WB/JAL/78F09/2015/852,West Bengal,Jalpaiguri,26.754747,89.595499,Rock cum Debris,Slide,2013,2013.0,1
WB/JAL/78F09/2015/854,West Bengal,Jalpaiguri,26.755764,89.537427,Debris,Slide,2006,2006.0,1
WB/JAL/78F09/2015/855,West Bengal,Jalpaiguri,26.755962,89.532404,Debris,Slide,2013,2013.0,1
WB/JAL/78F09/2015/853,West Bengal,Jalpaiguri,26.756004,89.63729,Rock,Slide,2010,2010.0,1
WB/JAL/78F09/2015/856,West Bengal,Jalpaiguri,26.756006,89.573697,Debris,Slide,2013,2013.0,1
WB/JAL/78F09/2015/857,West Bengal,Jalpaiguri,26.756507,89.532459,Debris,Slide,2013,2013.0,1
WB/JAL/78F09/2015/858,West Bengal,Jalpaiguri,26.757606,89.536409,Rock cum Debris,Slide,2013,2013.0,1
WB/JAL/78F09/2015/860,West Bengal,Jalpaiguri,26.758628,89.537414,Debris,Slide,2013,2013.0,1
WB/JAL/78F09/2015/859,West Bengal,Jalpaiguri,26.75886,89.538117,Debris,Slide,2014,2014.0,1
WB/JAL/78F09/2015/861,West Bengal,Jalpaiguri,26.759367,89.537476,Debris,Slide,2010,2010.0,1
WB/JAL/78F09/2015/862,West Bengal,Jalpaiguri,26.760226,89.57299,Rock cum Debris,Slide,2010,2010.0,1
WB/JAL/78F09/2015/863,West Bengal,Jalpaiguri,26.761159,89.555181,Debris,Slide,2013,2013.0,1
WB/JAL/78F09/2015/864,West Bengal,Jalpaiguri,26.762634,89.533138,Debris,Slide,2013,2013.0,1
WB/JAL/78F09/2015/865,West Bengal,Jalpaiguri,26.763655,89.57447,Debris,Slide,2010,2010.0,1
WB/JAL/78F09/2015/866,West Bengal,Jalpaiguri,26.763726,89.516098,Debris,Slide,2010,2010.0,1
WB/JAL/78F09/2015/867,West Bengal,Jalpaiguri,26.763773,89.548058,Debris,Slide,2010,2010.0,1
WB/JAL/78F09/2015/870,West Bengal,Jalpaiguri,26.76458,89.515011,Debris,Slide,2013,2013.0,1
WB/JAL/78F09/2015/868,West Bengal,Jalpaiguri,26.764622,89.575733,Debris,Slide,2010,2010.0,1
WB/JAL/78F09/2015/871,West Bengal,Jalpaiguri,26.764815,89.575115,Debris,Slide,2013,2013.0,1
WB/JAL/78F09/2015/872,West Bengal,Jalpaiguri,26.765101,89.659038,Debris,Slide,2013,2013.0,1
WB/JAL/78F09/2015/874,West Bengal,Jalpaiguri,26.76633,89.589899,Debris,Slide,2010,2010.0,1
WB/JAL/78F09/2015/873,West Bengal,Jalpaiguri,26.76652,89.518722,Rock cum Debris,Slide,2010,2010.0,1
WB/JAL/78F09/2015/875,West Bengal,Jalpaiguri,26.7669,89.51941,Debris,Slide,2014,2014.0,1
WB/JAL/78F09/2015/876,West Bengal,Jalpaiguri,26.766963,89.591324,Debris,Slide,2010,2010.0,1
WB/JAL/78F09/2015/877,West Bengal,Jalpaiguri,26.76751,89.540679,Debris,Slide,2010,2010.0,1
WB/JAL/78F09/2015/878,West Bengal,Jalpaiguri,26.767711,89.537545,Debris,Slide,2013,2013.0,1
WB/JAL/78F09/2015/882,West Bengal,Jalpaiguri,26.768972,89.659057,Debris,Slide,2006,2006.0,1
WB/JAL/78F09/2015/879,West Bengal,Jalpaiguri,26.769557,89.63951,Debris,Slide,2013,2013.0,1
WB/JAL/78F09/2015/880,West Bengal,Jalpaiguri,26.769896,89.639487,Debris,Slide,2013,2013.0,1
WB/JAL/78F09/2015/881,West Bengal,Jalpaiguri,26.770214,89.523706,Debris,Slide,2013,2013.0,1
WB/JAL/78F09/2015/888,West Bengal,Jalpaiguri,26.770288,89.605639,Debris,Slide,2015,2015.0,1
WB/JAL/78F09/2015/883,West Bengal,Jalpaiguri,26.770658,89.515175,Debris,Slide,2006,2006.0,1
WB/JAL/78F09/2015/886,West Bengal,Jalpaiguri,26.770707,89.610986,Debris,Slide,2006,2006.0,1
WB/JAL/78F09/2015/885,West Bengal,Jalpaiguri,26.770754,89.520948,Debris,Slide,2014,2014.0,1
WB/JAL/78F09/2015/884,West Bengal,Jalpaiguri,26.771132,89.522469,Debris,Slide,2012,2012.0,1
WB/JAL/78F09/2015/887,West Bengal,Jalpaiguri,26.771466,89.518474,Debris,Slide,2010,2010.0,1
WB/JAL/78F09/2015/890,West Bengal,Jalpaiguri,26.771816,89.527734,Debris,Slide,2009,2009.0,1
WB/JAL/78F09/2015/889,West Bengal,Jalpaiguri,26.771904,89.638372,Debris,Slide,2009,2009.0,1
WB/JAL/78F09/2015/891,West Bengal,Jalpaiguri,26.772288,89.639314,Debris,Slide,2014,2014.0,1
WB/JAL/78F09/2015/892,West Bengal,Jalpaiguri,26.773601,89.528719,Debris,Slide,2009,2009.0,1
WB/JAL/78F09/2015/895,West Bengal,Jalpaiguri,26.77388,89.588716,Debris,Slide,2012,2012.0,1
WB/JAL/78F09/2015/893,West Bengal,Jalpaiguri,26.774359,89.51926,Debris,Slide,2010,2010.0,1
WB/JAL/78F09/2015/896,West Bengal,Jalpaiguri,26.775122,89.626907,Debris,Slide,2010,2010.0,1
WB/JAL/78F09/2015/897,West Bengal,Jalpaiguri,26.775991,89.528204,Debris,Slide,2011,2011.0,1
WB/JAL/78F09/2015/900,West Bengal,Jalpaiguri,26.777745,89.598352,Debris,Slide,2013,2013.0,1
WB/JAL/78F09/2015/899,West Bengal,Jalpaiguri,26.778083,89.503746,Debris,Slide,2013,2013.0,1
WB/JAL/78F09/2015/898,West Bengal,Jalpaiguri,26.778326,89.518853,Debris,Slide,2010,2010.0,1
WB/JAL/78F09/2015/901,West Bengal,Jalpaiguri,26.78001,89.505339,Debris,Slide,2010,2010.0,1
WB/JAL/78F09/2015/903,West Bengal,Jalpaiguri,26.782916,89.507972,Debris,Slide,2013,2013.0,1
WB/JAL/78F09/2015/904,West Bengal,Jalpaiguri,26.783885,89.597472,Debris,Slide,2010,2010.0,1
WB/JAL/78F09/2015/905,West Bengal,Jalpaiguri,26.78483,89.511116,Debris,Slide,2013,2013.0,1
WB/JAL/78F09/2015/906,West Bengal,Jalpaiguri,26.787922,89.554412,Debris,Slide,2013,2013.0,1
WB/JAL/78F09/2015/907,West Bengal,Jalpaiguri,26.791179,89.552579,Debris,Slide,2014,2014.0,1
WB/JAL/78F09/2015/909,West Bengal,Jalpaiguri,26.79149,89.510085,Debris,Slide,2010,2010.0,1
WB/JAL/78F09/2015/908,West Bengal,Jalpaiguri,26.791688,89.508924,Debris,Slide,2014,2014.0,1
WB/JAL/78F09/2015/911,West Bengal,Jalpaiguri,26.791765,89.524014,Debris,Slide,2014,2014.0,1
WB/JAL/78F09/2015/910,West Bengal,Jalpaiguri,26.792041,89.509081,Debris,Slide,2014,2014.0,1
WB/JAL/78F09/2015/912,West Bengal,Jalpaiguri,26.793006,89.510346,Debris,Slide,2014,2014.0,1
WB/JAL/78F09/2015/913,West Bengal,Jalpaiguri,26.79458,89.507123,Debris,Slide,2010,2010.0,1
WB/JAL/78F09/2015/914,West Bengal,Jalpaiguri,26.802042,89.545737,Debris,Slide,2014,2014.0,1
WB/JAL/78F09/2015/915,West Bengal,Jalpaiguri,26.806924,89.555868,Debris,Slide,2010,2010.0,1
WB/DAR/78B01/2015/387,West Bengal,Darjeeling,26.807833,88.208528,Debris,Subsidence,2015,2015.0,1
WB/DAR/78B05/2015/533,West Bengal,Darjeeling,26.809843,88.251516,Debris,Slide,2011,2011.0,1
WB/JAL/78F05/2015/936,West Bengal,Jalpaiguri,26.81062,89.265369,Debris,Slide,2014,2014.0,1
WB/JAL/78F05/2015/934,West Bengal,Jalpaiguri,26.810627,89.29571,Debris,Slide,2013,2013.0,1
WB/JAL/78F01/2015/1150,West Bengal,Jalpaiguri,26.810848,89.242649,Debris,Slide,2015,2015.0,1
WB/JAL/78F01/2015/1131,West Bengal,Jalpaiguri,26.810923,89.243085,Rock cum Debris,Slide,2002,2002.0,1
WB/JAL/78F09/2015/916,West Bengal,Jalpaiguri,26.81101,89.520648,Debris,Slide,2006,2006.0,1
WB/JAL/78F01/2015/1143,West Bengal,Jalpaiguri,26.811349,89.242634,Debris,Slide,2010,2010.0,1
WB/JAL/78F01/2015/1151,West Bengal,Jalpaiguri,26.811375,89.242273,Debris,Slide,2013,2013.0,1
WB/DAR/78B01/2015/385,West Bengal,Darjeeling,26.811523,88.243138,Rock,Slide,2015,2015.0,1
WB/JAL/78F01/2015/1135,West Bengal,Jalpaiguri,26.811637,89.240931,Debris,Slide,2006,2006.0,1
WB/JAL/78F01/2015/1141,West Bengal,Jalpaiguri,26.811707,89.241801,Debris,Slide,2009,2009.0,1
WB/JAL/78F01/2015/1136,West Bengal,Jalpaiguri,26.811897,89.236264,Debris,Slide,2006,2006.0,1
WB/DAR/78B01/2015/317,West Bengal,Darjeeling,26.812003,88.22138,Rock,Slide,2003,2003.0,1
WB/JAL/78F01/2015/1132,West Bengal,Jalpaiguri,26.812041,89.245515,Debris,Slide,2002,2002.0,1
WB/JAL/78F01/2015/1144,West Bengal,Jalpaiguri,26.812299,89.242235,Debris,Slide,2010,2010.0,1
WB/JAL/78F01/2015/1133,West Bengal,Jalpaiguri,26.812609,89.235947,Debris,Slide,2002,2002.0,1
WB/JAL/78F01/2015/1142,West Bengal,Jalpaiguri,26.812658,89.23477,Rock cum Debris,Slide,2009,2009.0,1
WB/JAL/78F01/2015/1140,West Bengal,Jalpaiguri,26.812813,89.23756,Debris,Slide,2009,2009.0,1
WB/JAL/78F05/2015/923,West Bengal,Jalpaiguri,26.81289,89.256075,Rock cum Debris,Slide,2010,2010.0,1
WB/JAL/78F05/2015/920,West Bengal,Jalpaiguri,26.813084,89.287357,Debris,Slide,2009,2009.0,1
WB/JAL/78F01/2015/1137,West Bengal,Jalpaiguri,26.813456,89.243276,Debris,Slide,2006,2006.0,1
WB/JAL/78F01/2015/1145,West Bengal,Jalpaiguri,26.813509,89.245041,Debris,Slide,2010,2010.0,1
WB/JAL/78F01/2015/1146,West Bengal,Jalpaiguri,26.813692,89.242207,Debris,Slide,2010,2010.0,1
WB/JAL/78F05/2015/921,West Bengal,Jalpaiguri,26.814007,89.268991,Debris,Slide,2009,2009.0,1
WB/JAL/78F01/2015/1148,West Bengal,Jalpaiguri,26.815137,89.235633,Debris,Slide,2011,2011.0,1
WB/JAL/78F05/2015/922,West Bengal,Jalpaiguri,26.815245,89.255906,Debris,Slide,2009,2009.0,1
WB/JAL/78F01/2015/1134,West Bengal,Jalpaiguri,26.815498,89.240905,Debris,Slide,2002,2002.0,1
WB/JAL/78F05/2015/925,West Bengal,Jalpaiguri,26.816066,89.256062,Debris,Slide,2010,2010.0,1
WB/JAL/78F09/2015/917,West Bengal,Jalpaiguri,26.816543,89.529176,Rock cum Debris,Slide,2006,2006.0,1
WB/JAL/78F01/2015/1152,West Bengal,Jalpaiguri,26.816804,89.241927,Debris,Slide,2012,2012.0,1
WB/JAL/78F01/2015/1153,West Bengal,Jalpaiguri,26.817018,89.232824,Debris,Slide,2012,2012.0,1
WB/JAL/78F01/2015/1138,West Bengal,Jalpaiguri,26.817154,89.234601,Debris,Slide,2006,2006.0,1
WB/DAR/78B01/2015/324,West Bengal,Darjeeling,26.8177,88.247,Debris,Slide,2011,2011.0,1
WB/JAL/78F09/2015/918,West Bengal,Jalpaiguri,26.81804,89.532415,Debris,Slide,2006,2006.0,1
WB/JAL/78F01/2015/1139,West Bengal,Jalpaiguri,26.818167,89.235202,Debris,Slide,2006,2006.0,1
WB/DAR/78B05/2015/599,West Bengal,Darjeeling,26.818382,88.3466,Debris,Slide,2014,2014.0,1
WB/JAL/78F01/2015/1149,West Bengal,Jalpaiguri,26.819352,89.235089,Debris,Slide,2011,2011.0,1
WB/JAL/78F05/2015/926,West Bengal,Jalpaiguri,26.819548,89.285973,Debris,Slide,2010,2010.0,1
WB/JAL/78F05/2015/927,West Bengal,Jalpaiguri,26.81963,89.271791,Rock cum Debris,Slide,2010,2010.0,1
WB/JAL/78F05/2015/929,West Bengal,Jalpaiguri,26.819918,89.273771,Debris,Slide,2010,2010.0,1
WB/JAL/78F05/2015/928,West Bengal,Jalpaiguri,26.819945,89.272919,Debris,Slide,2010,2010.0,1
WB/DAR/78B01/2015/326,West Bengal,Darjeeling,26.819972,88.211056,Rock,Slide,2011,2011.0,1
WB/JAL/78F05/2015/930,West Bengal,Jalpaiguri,26.820341,89.286787,Debris,Slide,2010,2010.0,1
WB/JAL/78F05/2015/919,West Bengal,Jalpaiguri,26.823111,89.287558,Debris,Slide,2006,2006.0,1
WB/DAR/78B05/2015/610,West Bengal,Darjeeling,26.824612,88.341454,Debris,Slide,2014,2014.0,1
WB/DAR/78B01/2015/382,West Bengal,Darjeeling,26.824737,88.190051,Debris,Slide,2015,2015.0,1
WB/DAR/78B01/2015/389,West Bengal,Darjeeling,26.825917,88.2225,Debris,Slide,2015,2015.0,1
WB/DAR/78B01/2015/333,West Bengal,Darjeeling,26.826158,88.223175,Debris,Slide,2015,2015.0,1
WB/JAL/78F05/2015/935,West Bengal,Jalpaiguri,26.826378,89.2831,Debris,Slide,2013,2013.0,1
WB/DAR/78B05/2015/616,West Bengal,Darjeeling,26.82648,88.340636,Debris,Slide,2014,2014.0,1
WB/JAL/78F05/2015/933,West Bengal,Jalpaiguri,26.827403,89.28424,Debris,Slide,2011,2011.0,1
WB/DAR/78B01/2015/334,West Bengal,Darjeeling,26.829678,88.233261,Debris,Subsidence,2015,2015.0,1
WB/DAR/78B05/2015/617,West Bengal,Darjeeling,26.831465,88.284931,Debris,Slide,2014,2014.0,1
WB/DAR/78B05/2015/623,West Bengal,Darjeeling,26.832861,88.265194,Debris,Slide,2015,2015.0,1
WB/DAR/78B01/2021/PDLS/15,West Bengal,Darjeeling,26.83478761,88.22487672,Debris,Slide,October 2021,2021.0,1
WB/DAR/78B01/2015/318,West Bengal,Darjeeling,26.835218,88.177738,Rock,Slide,2003,2003.0,1
WB/DAR/78B05/2015/618,West Bengal,Darjeeling,26.837042,88.269527,Debris,Slide,2014,2014.0,1
WB/DAR/78B05/2015/622,West Bengal,Darjeeling,26.837833,88.269444,Rock,Slide,2015,2015.0,1
WB/DAR/78B05/2015/619,West Bengal,Darjeeling,26.839678,88.332237,Debris,Slide,2014,2014.0,1
WB/DAR/78B05/2015/567,West Bengal,Darjeeling,26.8405,88.354647,Debris,Slide,2014,2014.0,1
WB/DAR/78B05/2015/687,West Bengal,Darjeeling,26.84056,88.27071,Debris,Slide,2015,2015.0,1
WB/DAR/78B05/2015/536,West Bengal,Darjeeling,26.8406,88.2694,Rock,Slide,2011,2011.0,1
WB/DAR/78B05/2015/554,West Bengal,Darjeeling,26.84098,88.35264,Rock,Slide,2012,2012.0,1
WB/DAR/78B05/2021/PDLS/02,West Bengal,Darjeeling,26.84323907,88.34112263,Debris,Slide,October 2021,2021.0,1
WB/DAR/78B05/2021/PDLS/01,West Bengal,Darjeeling,26.84364508,88.33637741,Debris,Slide,October 2021,2021.0,1
WB/DAR/78B05/2015/566,West Bengal,Darjeeling,26.84373,88.279405,Debris,Slide,2014,2014.0,1
WB/DAR/78B01/2015/336,West Bengal,Darjeeling,26.845411,88.191884,Debris,Slide,2015,2015.0,1
WB/DAR/78B01/2015/345,West Bengal,Darjeeling,26.845982,88.224174,Debris,Slide,2015,2015.0,1
WB/DAR/78B05/2021/PDLS/03,West Bengal,Darjeeling,26.84637173,88.34205523,Debris,,October 2021,2021.0,1
WB/DAR/78B01/2015/362,West Bengal,Darjeeling,26.846394,88.206114,Debris,Slide,2015,2015.0,1
WB/DAR/78B05/2015/419,West Bengal,Darjeeling,26.84689,88.338191,Rock,Slide,2002,2002.0,1
WB/DAR/78B05/2015/568,West Bengal,Darjeeling,26.847189,88.264001,Rock,Slide,2014,2014.0,1
WB/DAR/78B05/2015/644,West Bengal,Darjeeling,26.847365,88.338607,Rock,Slide,2015,2015.0,1
WB/DAR/78B05/2015/696,West Bengal,Darjeeling,26.847861,88.261917,Debris,Subsidence,2015,2015.0,1
WB/DAR/78B05/2015/549,West Bengal,Darjeeling,26.848,88.357,Rock,Slide,2012,2012.0,1
WB/DAR/78B05/2015/489,West Bengal,Darjeeling,26.848509,88.273609,Debris,Slide,2008,2008.0,1
WB/DAR/78B05/2015/624,West Bengal,Darjeeling,26.84875,88.263278,Debris,Subsidence,2015,2015.0,1
WB/DAR/78B05/2015/621,West Bengal,Darjeeling,26.848889,88.262444,Debris,Slide,2015,2015.0,1
WB/DAR/78B05/2015/569,West Bengal,Darjeeling,26.848966,88.355296,Debris,Slide,2014,2014.0,1
WB/DAR/78B05/2015/429,West Bengal,Darjeeling,26.849459,88.335596,Debris,Subsidence,2003,2003.0,1
WB/DAR/78B05/2015/641,West Bengal,Darjeeling,26.849463,88.33315,Rock,Slide,2015,2015.0,1
WB/DAR/78B05/2021/PDLS/04,West Bengal,Darjeeling,26.85183899,88.33381667,Rock,Slide,October 2021,2021.0,1
WB/JAL/78F01/2015/1154,West Bengal,Jalpaiguri,26.852464,89.104824,Debris,Slide,2011,2011.0,1
WB/DAR/78B05/2021/PDLS/05,West Bengal,Darjeeling,26.85286562,88.33408032,Debris,Slide,October 2021,2021.0,1
WB/DAR/78B05/2015/643,West Bengal,Darjeeling,26.853548,88.335636,Rock,Slide,2015,2015.0,1
WB/DAR/78B05/2021/PDLS/14,West Bengal,Darjeeling,26.85364516,88.30275863,Rock,Slide,October 2021,2021.0,1
WB/DAR/78B05/2015/570,West Bengal,Darjeeling,26.854096,88.337308,Rock,Slide,2014,2014.0,1
WB/DAR/78B05/2015/490,West Bengal,Darjeeling,26.855,88.337,Rock,Slide,2008,2008.0,1
WB/DAR/78B01/2015/359,West Bengal,Darjeeling,26.855013,88.186654,Debris,Slide,2015,2015.0,1
WB/DAR/78B05/2021/PDLS/12,West Bengal,Darjeeling,26.85532667,88.29857084,Debris,Slide,October 2021,2021.0,1
WB/DAR/78B05/2015/559,West Bengal,Darjeeling,26.8554,88.2782,Debris,Slide,2013,2013.0,1
WB/JAL/78F01/2015/1155,West Bengal,Jalpaiguri,26.855543,89.105251,Debris,Slide,2013,2013.0,1
WB/DAR/78B05/2021/PDLS/13,West Bengal,Darjeeling,26.85564213,88.29862476,Debris,Slide,October 2021,2021.0,1
WB/DAR/78B01/2021/PDLS/16,West Bengal,Darjeeling,26.85623103,88.21196271,Rock,Slide,October 2021,2021.0,1
WB/DAR/78B05/2021/PDLS/06,West Bengal,Darjeeling,26.85658011,88.32787368,Rock,Slide,October 2021,2021.0,1
WB/DAR/78B05/2015/500,West Bengal,Darjeeling,26.856957,88.438311,Debris,Slide,2010,2010.0,1
WB/DAR/78B05/2015/639,West Bengal,Darjeeling,26.857,88.313611,Debris,Slide,2015,2015.0,1
WB/DAR/78B05/2021/PDLS/07,West Bengal,Darjeeling,26.85771133,88.31404769,Rock,Slide,October 2021,2021.0,1
WB/DAR/78B05/2015/640,West Bengal,Darjeeling,26.858056,88.333333,Rock,Slide,2015,2015.0,1
WB/DAR/78B05/2015/652,West Bengal,Darjeeling,26.859302,88.293514,Rock,Slide,2015,2015.0,1
WB/DAR/78B05/2015/535,West Bengal,Darjeeling,26.859408,88.250242,Debris,Slide,2011,2011.0,1
WB/DAR/78B05/2015/710,West Bengal,Darjeeling,26.859556,88.293444,Debris,Slide,2015,2015.0,1
WB/DAR/78B05/2015/572,West Bengal,Darjeeling,26.860424,88.274444,Debris,Slide,2014,2014.0,1
WB/DAR/78B01/2015/360,West Bengal,Darjeeling,26.860446,88.19659,Debris,Slide,2015,2015.0,1
WB/DAR/78B05/2015/416,West Bengal,Darjeeling,26.860617,88.278861,Rock,Slide,2001,2001.0,1
WB/DAR/78B05/2015/445,West Bengal,Darjeeling,26.860752,88.399417,Debris,Slide,2004,2004.0,1
WB/DAR/78B05/2015/571,West Bengal,Darjeeling,26.860864,88.257467,Debris,Slide,2014,2014.0,1
WB/DAR/78B01/2015/355,West Bengal,Darjeeling,26.861122,88.193357,Debris,Slide,2015,2015.0,1
WB/DAR/78B05/2015/411,West Bengal,Darjeeling,26.862,88.275,Debris,Slide,2001,2001.0,1
WB/DAR/78B01/2015/386,West Bengal,Darjeeling,26.862861,88.193083,Debris,Slide,2016,2016.0,1
WB/DAR/78B01/2015/354,West Bengal,Darjeeling,26.863012,88.193062,Debris,Slide,2015,2015.0,1
WB/DAR/78B05/2015/414,West Bengal,Darjeeling,26.863344,88.277154,Debris,Slide,2001,2001.0,1
WB/DAR/78B05/2015/513,West Bengal,Darjeeling,26.863519,88.396982,Debris,Slide,2010,2010.0,1
WB/DAR/78B01/2015/388,West Bengal,Darjeeling,26.86375,88.19375,Rock,Slide,2016,2016.0,1
WB/DAR/78B01/2015/353,West Bengal,Darjeeling,26.863806,88.193703,Debris,Slide,2015,2015.0,1
WB/DAR/78B01/2015/391,West Bengal,Darjeeling,26.864722,88.190583,Debris,Slide,2016,2016.0,1
WB/DAR/78B05/2015/512,West Bengal,Darjeeling,26.864731,88.395166,Debris,Slide,2010,2010.0,1
WB/DAR/78B05/2015/651,West Bengal,Darjeeling,26.864861,88.286167,Rock,Slide,2015,2015.0,1
WB/DAR/78B01/2015/390,West Bengal,Darjeeling,26.864917,88.193,Debris,Slide,2016,2016.0,1
WB/DAR/78B05/2015/709,West Bengal,Darjeeling,26.864972,88.286167,Debris,Slide,2015,2015.0,1
WB/DAR/78B05/2015/526,West Bengal,Darjeeling,26.86547,88.380694,Debris,Slide,2011,2011.0,1
WB/DAR/78B05/2015/548,West Bengal,Darjeeling,26.865893,88.361479,Rock,Slide,2012,2012.0,1
WB/DAR/78B05/2015/446,West Bengal,Darjeeling,26.866933,88.397708,Debris,Slide,2004,2004.0,1
WB/DAR/78B05/2015/706,West Bengal,Darjeeling,26.867306,88.305056,Debris,Slide,2015,2015.0,1
WB/DAR/78B05/2015/646,West Bengal,Darjeeling,26.86775,88.296667,Debris,Slide,2015,2015.0,1
WB/JAL/78F01/2015/1156,West Bengal,Jalpaiguri,26.868647,89.099149,Debris,Slide,2011,2011.0,1
WB/DAR/78B05/2015/575,West Bengal,Darjeeling,26.869222,88.415532,Debris,Slide,2014,2014.0,1
WB/DAR/78B05/2021/PDLS/11,West Bengal,Darjeeling,26.86952091,88.30116892,Debris,Slide,October 2021,2021.0,1
WB/DAR/78B05/2015/634,West Bengal,Darjeeling,26.869639,88.290833,Rock,Slide,2015,2015.0,1
WB/DAR/78B05/2015/573,West Bengal,Darjeeling,26.86997,88.272456,Rock,Slide,2014,2014.0,1
WB/DAR/78B05/2015/705,West Bengal,Darjeeling,26.8705,88.301528,Debris,Subsidence,2015,2015.0,1
WB/DAR/78B05/2015/604,West Bengal,Darjeeling,26.870528,88.400948,Debris,Slide,2014,2014.0,1
WB/DAR/78B05/2015/704,West Bengal,Darjeeling,26.870694,88.302333,Rock,Slide,2015,2015.0,1
WB/DAR/78B05/2015/555,West Bengal,Darjeeling,26.871011,88.30868,Rock,Slide,2012,2012.0,1
WB/DAR/78B05/2015/486,West Bengal,Darjeeling,26.871112,88.301447,Rock,Slide,2008,2008.0,1
WB/DAR/78B05/2015/702,West Bengal,Darjeeling,26.871167,88.301778,Debris,Subsidence,2015,2015.0,1
WB/DAR/78B05/2015/703,West Bengal,Darjeeling,26.871194,88.301917,Debris,Subsidence,2015,2015.0,1
WB/DAR/78B01/2015/380,West Bengal,Darjeeling,26.871667,88.214972,Rock,Slide,2015,2015.0,1
WB/DAR/78B05/2015/711,West Bengal,Darjeeling,26.871874,88.269212,Debris,Subsidence,2016,2016.0,1
WB/DAR/78B05/2015/541,West Bengal,Darjeeling,26.872197,88.391895,Debris,Slide,2011,2011.0,1
WB/DAR/78B05/2015/558,West Bengal,Darjeeling,26.8722,88.2715,Debris,Slide,2013,2013.0,1
WB/DAR/78B05/2015/645,West Bengal,Darjeeling,26.872454,88.284939,Debris,Slide,2015,2015.0,1
WB/DAR/78B05/2015/603,West Bengal,Darjeeling,26.872794,88.417543,Rock,Slide,2014,2014.0,1
WB/DAR/78B05/2015/466,West Bengal,Darjeeling,26.873291,88.37526,Debris,Slide,2004,2004.0,1
WB/DAR/78B05/2015/565,West Bengal,Darjeeling,26.873533,88.277209,Debris,Slide,2014,2014.0,1
WB/DAR/78B05/2015/480,West Bengal,Darjeeling,26.87374,88.27649,Debris,Subsidence,2007,2007.0,1
WB/DAR/78B01/2021/PDLS/17,West Bengal,Darjeeling,26.87409511,88.19196963,Debris,Slide,October 2021,2021.0,1
WB/DAR/78B05/2015/481,West Bengal,Darjeeling,26.87412,88.27978,Debris,Slide,2007,2007.0,1
WB/DAR/78B05/2015/602,West Bengal,Darjeeling,26.874514,88.403235,Debris,Slide,2014,2014.0,1
WB/DAR/78B05/2015/574,West Bengal,Darjeeling,26.874624,88.277883,Debris,Slide,2014,2014.0,1
WB/DAR/78B05/2015/601,West Bengal,Darjeeling,26.875357,88.417505,Rock,Slide,2014,2014.0,1
WB/DAR/78B05/2015/605,West Bengal,Darjeeling,26.875891,88.398517,Debris,Slide,2014,2014.0,1
WB/DAR/78B05/2015/557,West Bengal,Darjeeling,26.877,88.314,Rock,Slide,2012,2012.0,1
WB/DAR/78B05/2015/636,West Bengal,Darjeeling,26.877274,88.313681,Rock,Slide,2015,2015.0,1
WB/DAR/78B05/2015/607,West Bengal,Darjeeling,26.877496,88.383783,Debris,Slide,2014,2014.0,1
WB/DAR/78B05/2015/637,West Bengal,Darjeeling,26.877539,88.310605,Rock,Slide,2015,2015.0,1
WB/DAR/78B05/2021/PDLS/08,West Bengal,Darjeeling,26.8779184,88.31460343,Debris,Slide,October 2021,2021.0,1
WB/DAR/78B05/2021/PDLS/10,West Bengal,Darjeeling,26.87826993,88.3453511,Debris,,October 2021,2021.0,1
WB/DAR/78B05/2015/465,West Bengal,Darjeeling,26.878297,88.345986,Rock,Slide,2004,2004.0,1
WB/DAR/78B05/2015/600,West Bengal,Darjeeling,26.878875,88.410696,Debris,Slide,2014,2014.0,1
WB/DAR/78B05/2015/647,West Bengal,Darjeeling,26.879134,88.300863,Debris,Slide,2015,2015.0,1
WB/DAR/78B05/2015/638,West Bengal,Darjeeling,26.879416,88.30386,Debris,Subsidence,2015,2015.0,1
WB/DAR/78B05/2015/635,West Bengal,Darjeeling,26.879811,88.308138,Debris,Subsidence,2015,2015.0,1
WB/DAR/78B05/2015/443,West Bengal,Darjeeling,26.880829,88.440901,Debris,Slide,2004,2004.0,1
WB/DAR/78B01/2015/384,West Bengal,Darjeeling,26.881306,88.164917,Debris,Slide,2016,2016.0,1
WB/DAR/78B05/2015/508,West Bengal,Darjeeling,26.881389,88.40133,Debris,Slide,2010,2010.0,1
WB/DAR/78B05/2015/606,West Bengal,Darjeeling,26.881803,88.398417,Debris,Slide,2014,2014.0,1
WB/DAR/78B01/2015/383,West Bengal,Darjeeling,26.882417,88.165167,Rock,Slide,2015,2015.0,1
WB/DAR/78B05/2015/564,West Bengal,Darjeeling,26.88539,88.361673,Debris,Slide,2013,2013.0,1
WB/DAR/78B05/2015/675,West Bengal,Darjeeling,26.885833,88.349056,Rock,Slide,2015,2015.0,1
WB/DAR/78B05/2015/503,West Bengal,Darjeeling,26.885835,88.395558,Debris,Slide,2010,2010.0,1
WB/DAR/78B05/2021/PDLS/09,West Bengal,Darjeeling,26.88587523,88.34868283,Debris,,October 2021,2021.0,1
WB/DAR/78B05/2015/577,West Bengal,Darjeeling,26.88618,88.439126,Rock,Slide,2014,2014.0,1
WB/DAR/78B05/2015/442,West Bengal,Darjeeling,26.886248,88.438326,Debris,Slide,2004,2004.0,1
WB/DAR/78B05/2015/519,West Bengal,Darjeeling,26.886854,88.462314,Debris,Slide,2010,2010.0,1
WB/DAR/78B01/2015/343,West Bengal,Darjeeling,26.887029,88.200952,Debris,Slide,2015,2015.0,1
WB/DAR/78B05/2015/695,West Bengal,Darjeeling,26.887222,88.355694,Rock,Slide,2015,2015.0,1
WB/DAR/78B05/2015/467,West Bengal,Darjeeling,26.888141,88.381534,Rock,Slide,2004,2004.0,1
WB/DAR/78B01/2015/342,West Bengal,Darjeeling,26.888206,88.202175,Debris,Slide,2015,2015.0,1
WB/DAR/78B05/2015/498,West Bengal,Darjeeling,26.889155,88.476997,Rock,Slide,2009,2009.0,1
WB/DAR/78B05/2015/441,West Bengal,Darjeeling,26.891296,88.443695,Debris,Slide,2004,2004.0,1
WB/DAR/78B05/2015/520,West Bengal,Darjeeling,26.892203,88.47133,Debris,Slide,2010,2010.0,1
WB/DAR/78B05/2015/440,West Bengal,Darjeeling,26.892372,88.444426,Debris,Slide,2004,2004.0,1
WB/DAR/78B01/2015/394,West Bengal,Darjeeling,26.892861,88.159917,Rock,Slide,2016,2016.0,1
WB/DAR/78B01/2015/371,West Bengal,Darjeeling,26.893313,88.183983,Debris,Slide,2015,2015.0,1
WB/DAR/78B01/2021/PDLS/18,West Bengal,Darjeeling,26.89461704,88.17879393,Debris,Slide,October 2021,2021.0,1
WB/DAR/78B09/2015/828,West Bengal,Darjeeling,26.895577,88.502015,Debris,Slide,2015,2015.0,1
WB/DAR/78B05/2015/614,West Bengal,Darjeeling,26.895648,88.334612,Debris,Slide,2014,2014.0,1
WB/DAR/78B05/2015/579,West Bengal,Darjeeling,26.896043,88.465511,Rock,Slide,2014,2014.0,1
WB/DAR/78B05/2015/587,West Bengal,Darjeeling,26.89653,88.461562,Rock,Slide,2014,2014.0,1
WB/DAR/78B05/2015/434,West Bengal,Darjeeling,26.897156,88.439336,Debris,Slide,2004,2004.0,1
WB/DAR/78B05/2015/563,West Bengal,Darjeeling,26.897797,88.422378,Debris,Slide,2013,2013.0,1
WB/DAR/78B05/2015/444,West Bengal,Darjeeling,26.897877,88.47225,Rock,Slide,2004,2004.0,1
WB/DAR/78B01/2021/PDLS/19,West Bengal,Darjeeling,26.89797473,88.173442,Debris,Slide,October 2021,2021.0,1
WB/DAR/78B05/2015/708,West Bengal,Darjeeling,26.898056,88.286639,Rock,Slide,2015,2015.0,1
WB/DAR/78B05/2015/415,West Bengal,Darjeeling,26.89822,88.310981,Debris,Slide,2001,2001.0,1
WB/DAR/78B05/2015/439,West Bengal,Darjeeling,26.898262,88.447834,Debris,Slide,2004,2004.0,1
WB/DAR/78B05/2015/633,West Bengal,Darjeeling,26.898286,88.286762,Debris,Slide,2015,2015.0,1
WB/DAR/78B05/2015/578,West Bengal,Darjeeling,26.898939,88.425523,Debris,Slide,2014,2014.0,1
WB/DAR/78B09/2015/831,West Bengal,Darjeeling,26.899079,88.532117,Debris,Slide,2015,2015.0,1
WB/DAR/78B05/2015/438,West Bengal,Darjeeling,26.899613,88.448605,Debris,Slide,2004,2004.0,1
WB/DAR/78B05/2015/474,West Bengal,Darjeeling,26.900007,88.499911,Debris,Slide,2006,2006.0,1
WB/DAR/78B09/2015/743,West Bengal,Darjeeling,26.900332,88.50427,Debris,Slide,2015,2015.0,1
WB/DAR/78B05/2015/514,West Bengal,Darjeeling,26.90045,88.427362,Debris,Slide,2010,2010.0,1
WB/DAR/78B01/2021/PDLS/20,West Bengal,Darjeeling,26.9005964,88.16646107,Debris,Slide,October 2021,2021.0,1
WB/DAR/78B05/2015/561,West Bengal,Darjeeling,26.900657,88.307456,Debris,Slide,2013,2013.0,1
WB/DAR/78B05/2015/522,West Bengal,Darjeeling,26.900861,88.307667,Rock,Slide,2010,2010.0,1
WB/DAR/78B05/2015/424,West Bengal,Darjeeling,26.901222,88.471667,Rock,Slide,2003,2003.0,1
WB/DAR/78B05/2015/518,West Bengal,Darjeeling,26.901453,88.47085,Debris,Slide,2010,2010.0,1
WB/DAR/78B09/2015/742,West Bengal,Darjeeling,26.901466,88.536081,Debris,Slide,2015,2015.0,1
WB/DAR/78B05/2015/576,West Bengal,Darjeeling,26.901728,88.436869,Debris,Slide,2014,2014.0,1
WB/DAR/78B05/2015/483,West Bengal,Darjeeling,26.90201,88.27802,Debris,Slide,2007,2007.0,1
WB/DAR/78B05/2015/499,West Bengal,Darjeeling,26.902132,88.342783,Debris,Slide,2010,2010.0,1
WB/DAR/78B01/2021/PDLS/21,West Bengal,Darjeeling,26.90213233,88.16521821,Debris,Slide,October 2021,2021.0,1
WB/DAR/78B01/2021/PDLS/22,West Bengal,Darjeeling,26.90232173,88.16524029,Debris,Slide,October 2021,2021.0,1
WB/DAR/78B09/2015/746,West Bengal,Darjeeling,26.902379,88.511576,Debris,Slide,2015,2015.0,1
WB/DAR/78B01/2021/PDLS/23,West Bengal,Darjeeling,26.90252984,88.16518201,Debris,Slide,October 2021,2021.0,1
WB/DAR/78B09/2015/829,West Bengal,Darjeeling,26.902743,88.513733,Debris,Slide,2015,2015.0,1
WB/DAR/78B05/2015/511,West Bengal,Darjeeling,26.90301,88.327982,Debris,Slide,2010,2010.0,1
WB/DAR/78B01/2021/PDLS/24,West Bengal,Darjeeling,26.90306691,88.16464378,Debris,Slide,October 2021,2021.0,1
WB/DAR/78B09/2015/745,West Bengal,Darjeeling,26.903347,88.511425,Debris,Slide,2015,2015.0,1
WB/DAR/78B09/2015/744,West Bengal,Darjeeling,26.903425,88.510909,Debris,Slide,2015,2015.0,1
WB/DAR/78B05/2015/510,West Bengal,Darjeeling,26.903893,88.413924,Rock,Slide,2010,2010.0,1
WB/DAR/78B05/2015/631,West Bengal,Darjeeling,26.904167,88.287444,Debris,Slide,2015,2015.0,1
WB/DAR/78B09/2015/830,West Bengal,Darjeeling,26.904385,88.516423,Debris,Slide,2015,2015.0,1
WB/DAR/78B05/2015/425,West Bengal,Darjeeling,26.904444,88.471722,Rock,Slide,2003,2003.0,1
WB/DAR/78B01/2021/PDLS/25,West Bengal,Darjeeling,26.90446776,88.16226165,Debris,Slide,October 2021,2021.0,1
WB/DAR/78B05/2015/584,West Bengal,Darjeeling,26.904496,88.470519,Rock,Slide,2014,2014.0,1
WB/DAR/78B05/2015/501,West Bengal,Darjeeling,26.904577,88.475109,Rock,Slide,2010,2010.0,1
WB/DAR/78B05/2015/581,West Bengal,Darjeeling,26.904846,88.348152,Debris,Slide,2014,2014.0,1
WB/DAR/78B05/2015/582,West Bengal,Darjeeling,26.904987,88.351305,Debris,Slide,2014,2014.0,1
WB/DAR/78B05/2015/620,West Bengal,Darjeeling,26.905,88.278056,Debris,Slide,2015,2015.0,1
WB/DAR/78B01/2021/PDLS/26,West Bengal,Darjeeling,26.9050488,88.16186482,Debris,Slide,October 2021,2021.0,1
WB/DAR/78B05/2015/625,West Bengal,Darjeeling,26.905472,88.291944,Debris,Subsidence,2015,2015.0,1
WB/DAR/78B05/2015/585,West Bengal,Darjeeling,26.905912,88.471328,Rock,Slide,2014,2014.0,1
WB/DAR/78B05/2015/521,West Bengal,Darjeeling,26.906278,88.471667,Rock,Slide,2010,2010.0,1
WB/DAR/78B05/2015/487,West Bengal,Darjeeling,26.906746,88.373019,Debris,Slide,2008,2008.0,1
WB/DAR/78B05/2015/530,West Bengal,Darjeeling,26.906753,88.371717,Debris,Slide,2011,2011.0,1
WB/DAR/78B05/2015/642,West Bengal,Darjeeling,26.907056,88.291222,Debris,Slide,2015,2015.0,1
WB/DAR/78B05/2015/580,West Bengal,Darjeeling,26.907698,88.268884,Debris,Slide,2014,2014.0,1
WB/DAR/78B05/2015/517,West Bengal,Darjeeling,26.907756,88.468958,Debris,Slide,2010,2010.0,1
WB/DAR/78B05/2015/475,West Bengal,Darjeeling,26.908556,88.468556,Rock,Slide,2007,2007.0,1
WB/DAR/78B05/2015/653,West Bengal,Darjeeling,26.908833,88.289861,Debris,Slide,2015,2015.0,1
WB/DAR/78B05/2015/413,West Bengal,Darjeeling,26.909408,88.262346,Debris,Slide,2001,2001.0,1
WB/DAR/78B05/2015/485,West Bengal,Darjeeling,26.90975,88.28802,Debris,Slide,2007,2007.0,1
WB/DAR/78B01/2015/325,West Bengal,Darjeeling,26.9101,88.236316,Debris,Slide,2011,2011.0,1
WB/DAR/78B05/2015/516,West Bengal,Darjeeling,26.910293,88.467226,Rock,Slide,2010,2010.0,1
WB/DAR/78B05/2015/412,West Bengal,Darjeeling,26.910344,88.251566,Debris,Slide,2001,2001.0,1
WB/DAR/78B05/2015/615,West Bengal,Darjeeling,26.910535,88.443986,Rock,Slide,2014,2014.0,1
WB/DAR/78B01/2015/139,West Bengal,Darjeeling,26.9115,88.249889,Debris,Slide,2015,2015.0,1
WB/DAR/78B05/2015/138,West Bengal,Darjeeling,26.911722,88.250056,Debris,Subsidence,2015,2015.0,1
WB/DAR/78B09/2015/741,West Bengal,Darjeeling,26.91175,88.562167,Rock,Slide,2015,2015.0,1
WB/DAR/78B05/2015/524,West Bengal,Darjeeling,26.912,88.298,Debris,Slide,2011,2011.0,1
WB/DAR/78B05/2015/680,West Bengal,Darjeeling,26.91275,88.252361,Rock,Slide,2006,2006.0,1
WB/DAR/78B05/2015/542,West Bengal,Darjeeling,26.913,88.469,Debris,Subsidence,2012,2012.0,1
WB/DAR/78B05/2015/583,West Bengal,Darjeeling,26.913351,88.26876,Debris,Slide,2014,2014.0,1
WB/DAR/78B05/2015/688,West Bengal,Darjeeling,26.913667,88.347528,Rock,Slide,2015,2015.0,1
WB/DAR/78B01/2015/379,West Bengal,Darjeeling,26.913722,88.151972,Debris,Slide,2015,2015.0,1
WB/DAR/78B05/2015/478,West Bengal,Darjeeling,26.913917,88.466111,Rock,Subsidence,2007,2007.0,1
WB/DAR/78B05/2015/586,West Bengal,Darjeeling,26.914076,88.464499,Rock,Slide,2014,2014.0,1
WB/DAR/78B05/2015/515,West Bengal,Darjeeling,26.914579,88.428785,Debris,Slide,2010,2010.0,1
WB/DAR/78B05/2015/423,West Bengal,Darjeeling,26.915,88.2525,Rock,Slide,2003,2003.0,1
WB/DAR/78B05/2015/436,West Bengal,Darjeeling,26.915537,88.452214,Debris,Slide,2004,2004.0,1
WB/DAR/78B09/2015/747,West Bengal,Darjeeling,26.916444,88.562861,Rock,Slide,2015,2015.0,1
WB/DAR/78B05/2015/597,West Bengal,Darjeeling,26.916694,88.425576,Debris,Slide,2014,2014.0,1
WB/DAR/78B05/2015/430,West Bengal,Darjeeling,26.918365,88.441365,Debris,Slide,2004,2004.0,1
WB/DAR/78B05/2015/650,West Bengal,Darjeeling,26.918611,88.351944,Rock,Slide,2015,2015.0,1
WB/DAR/78B05/2015/502,West Bengal,Darjeeling,26.919463,88.465854,Debris,Slide,2010,2010.0,1
WB/DAR/78B05/2015/473,West Bengal,Darjeeling,26.920138,88.494524,Debris,Slide,2006,2006.0,1
WB/DAR/78B05/2015/532,West Bengal,Darjeeling,26.920216,88.315368,Debris,Slide,2011,2011.0,1
WB/DAR/78B05/2015/437,West Bengal,Darjeeling,26.920849,88.438351,Debris,Slide,2004,2004.0,1
WB/DAR/78B05/2015/664,West Bengal,Darjeeling,26.921361,88.344206,Rock,Slide,2015,2015.0,1
WB/DAR/78B05/2015/626,West Bengal,Darjeeling,26.921361,88.288028,Debris,Slide,2015,2015.0,1
WB/DAR/78B09/2015/748,West Bengal,Darjeeling,26.921694,88.558389,Rock,Slide,2015,2015.0,1
WB/DAR/78B05/2015/448,West Bengal,Darjeeling,26.92207,88.480107,Rock,Slide,2004,2004.0,1
WB/DAR/78B05/2015/659,West Bengal,Darjeeling,26.922111,88.378,Debris,Slide,2015,2015.0,1
WB/DAR/78B05/2015/504,West Bengal,Darjeeling,26.92278,88.463386,Debris,Slide,2010,2010.0,1
WB/DAR/78B05/2015/660,West Bengal,Darjeeling,26.923556,88.378,Debris,Slide,2015,2015.0,1
WB/DAR/78B05/2015/665,West Bengal,Darjeeling,26.92407,88.454625,Debris,Slide,2015,2015.0,1
WB/DAR/78B05/2015/588,West Bengal,Darjeeling,26.924774,88.409096,Debris,Slide,2014,2014.0,1
WB/DAR/78B05/2015/598,West Bengal,Darjeeling,26.924944,88.499194,Debris,Slide,2014,2014.0,1
WB/DAR/78B05/2015/552,West Bengal,Darjeeling,26.925494,88.401502,Rock,Slide,2012,2012.0,1
WB/DAR/78B05/2015/589,West Bengal,Darjeeling,26.925757,88.425029,Debris,Slide,2014,2014.0,1
WB/DAR/78B05/2015/686,West Bengal,Darjeeling,26.926367,88.420773,Debris,Slide,2015,2015.0,1
WB/DAR/78B05/2015/661,West Bengal,Darjeeling,26.927879,88.389984,Debris,Slide,2015,2015.0,1
WB/DAR/78B05/2015/685,West Bengal,Darjeeling,26.92871,88.430293,Debris,Slide,2015,2015.0,1
WB/DAR/78B05/2015/435,West Bengal,Darjeeling,26.928886,88.4423,Debris,Slide,2004,2004.0,1
WB/DAR/78B05/2015/447,West Bengal,Darjeeling,26.929113,88.481986,Rock,Slide,2004,2004.0,1
WB/DAR/78B09/2015/808,West Bengal,Darjeeling,26.929153,88.547728,Debris,Slide,2015,2015.0,1
WB/DAR/78B05/2015/684,West Bengal,Darjeeling,26.929389,88.447194,Debris,Slide,2015,2015.0,1
WB/DAR/78B05/2015/694,West Bengal,Darjeeling,26.930058,88.426893,Debris,Slide,2015,2015.0,1
WB/DAR/78B01/2021/PDLS/27,West Bengal,Darjeeling,26.93101642,88.13919743,Debris,Slide,October 2021,2021.0,1
WB/DAR/78B05/2015/662,West Bengal,Darjeeling,26.931556,88.398028,Rock,Slide,2015,2015.0,1
WB/DAR/78B09/2015/807,West Bengal,Darjeeling,26.931579,88.547434,Debris,Slide,2015,2015.0,1
WB/DAR/78B09/2015/770,West Bengal,Darjeeling,26.932022,88.51881,Rock,Slide,2015,2015.0,1
WB/DAR/78B01/2021/PDLS/28,West Bengal,Darjeeling,26.93203304,88.13851269,Debris,Slide,October 2021,2021.0,1
WB/DAR/78B05/2015/590,West Bengal,Darjeeling,26.932241,88.433603,Debris,Slide,2014,2014.0,1
WB/DAR/78B05/2015/449,West Bengal,Darjeeling,26.932471,88.478042,Rock,Slide,2004,2004.0,1
WB/DAR/78B09/2015/724,West Bengal,Darjeeling,26.933029,88.551319,Debris,Slide,2014,2014.0,1
WB/DAR/78B09/2015/806,West Bengal,Darjeeling,26.933052,88.55815,Debris,Slide,2015,2015.0,1
WB/DAR/78B09/2015/723,West Bengal,Darjeeling,26.93327,88.55498,Debris,Slide,2014,2014.0,1
WB/DAR/78B09/2015/769,West Bengal,Darjeeling,26.934056,88.527417,Rock,Slide,2015,2015.0,1
WB/DAR/78B05/2015/691,West Bengal,Darjeeling,26.934279,88.366738,Rock,Slide,2015,2015.0,1
WB/DAR/78B09/2015/720,West Bengal,Darjeeling,26.934486,88.540907,Debris,Slide,2013,2013.0,1
WB/DAR/78B05/2015/591,West Bengal,Darjeeling,26.934609,88.436977,Rock,Slide,2014,2014.0,1
WB/DAR/78B05/2015/534,West Bengal,Darjeeling,26.934943,88.372138,Debris,Slide,2011,2011.0,1
WB/DAR/78B05/2015/469,West Bengal,Darjeeling,26.934999,88.392444,Debris,Slide,2004,2004.0,1
WB/DAR/78B05/2015/668,West Bengal,Darjeeling,26.935944,88.363611,Debris,Slide,2015,2015.0,1
WB/DAR/78B09/2015/805,West Bengal,Darjeeling,26.93648,88.565025,Debris,Slide,2015,2015.0,1
WB/DAR/78B09/2015/735,West Bengal,Darjeeling,26.936614,88.5065,Rock,Slide,2014,2014.0,1
WB/DAR/78B05/2015/450,West Bengal,Darjeeling,26.93678,88.467168,Rock,Slide,2004,2004.0,1
WB/DAR/78B09/2015/804,West Bengal,Darjeeling,26.937003,88.56554,Debris,Slide,2015,2015.0,1
WB/DAR/78B05/2015/693,West Bengal,Darjeeling,26.937298,88.441611,Debris,Slide,2015,2015.0,1
WB/DAR/78B09/2015/722,West Bengal,Darjeeling,26.937776,88.507469,Rock,Slide,2014,2014.0,1
WB/DAR/78B05/2015/593,West Bengal,Darjeeling,26.938221,88.426029,Rock,Slide,2014,2014.0,1
WB/DAR/78B05/2015/592,West Bengal,Darjeeling,26.938343,88.421622,Rock,Slide,2014,2014.0,1
WB/DAR/78B05/2015/629,West Bengal,Darjeeling,26.938667,88.304611,Rock,Slide,2015,2015.0,1
WB/DAR/78B09/2015/726,West Bengal,Darjeeling,26.939423,88.56717,Debris,Slide,2014,2014.0,1
WB/DAR/78B01/2021/PDLS/29,West Bengal,Darjeeling,26.94020133,88.12861278,Debris,Slide,October 2021,2021.0,1
WB/DAR/78B09/2015/771,West Bengal,Darjeeling,26.940917,88.512972,Rock,Slide,2015,2015.0,1
WB/DAR/78B05/2015/506,West Bengal,Darjeeling,26.941112,88.460935,Rock,Slide,2010,2010.0,1
WB/DAR/78B09/2015/727,West Bengal,Darjeeling,26.941145,88.571441,Rock,Slide,2014,2014.0,1
WB/DAR/78B05/2015/505,West Bengal,Darjeeling,26.941589,88.465202,Rock,Slide,2010,2010.0,1
WB/DAR/78B05/2015/451,West Bengal,Darjeeling,26.941599,88.459768,Rock,Slide,2004,2004.0,1
WB/DAR/78B09/2015/772,West Bengal,Darjeeling,26.942583,88.512778,Rock,Slide,2015,2015.0,1
WB/DAR/78B09/2015/773,West Bengal,Darjeeling,26.943389,88.511,Rock,Slide,2015,2015.0,1
WB/DAR/78B09/2015/803,West Bengal,Darjeeling,26.943539,88.569415,Rock,Slide,2015,2015.0,1
WB/DAR/78B09/2015/725,West Bengal,Darjeeling,26.943543,88.564643,Debris,Slide,2014,2014.0,1
WB/DAR/78B05/2015/468,West Bengal,Darjeeling,26.943916,88.350615,Debris,Slide,2004,2004.0,1
WB/DAR/78B05/2015/676,West Bengal,Darjeeling,26.943944,88.413083,Debris,Slide,2015,2015.0,1
WB/DAR/78B05/2015/648,West Bengal,Darjeeling,26.944028,88.311611,Rock,Slide,2015,2015.0,1
WB/DAR/78B09/2015/811,West Bengal,Darjeeling,26.944806,88.542192,Rock,Slide,2015,2015.0,1
WB/DAR/78B09/2015/812,West Bengal,Darjeeling,26.945149,88.541259,Rock,Slide,2015,2015.0,1
WB/DAR/78B09/2015/750,West Bengal,Darjeeling,26.945306,88.552889,Rock,Slide,2015,2015.0,1
WB/DAR/78B09/2015/814,West Bengal,Darjeeling,26.945844,88.538675,Debris,Slide,2015,2015.0,1
WB/DAR/78B09/2015/813,West Bengal,Darjeeling,26.945977,88.540735,Rock,Slide,2015,2015.0,1
WB/DAR/78B01/2021/PDLS/34,West Bengal,Darjeeling,26.94598352,88.12578945,Debris,Slide,October 2021,2021.0,1
WB/DAR/78B01/2021/PDLS/33,West Bengal,Darjeeling,26.94622612,88.12593289,Debris,Slide,October 2021,2021.0,1
WB/DAR/78B05/2015/452,West Bengal,Darjeeling,26.946594,88.450797,Rock,Slide,2004,2004.0,1
WB/DAR/78B09/2015/809,West Bengal,Darjeeling,26.946813,88.543631,Rock,Slide,2015,2015.0,1
WB/DAR/78B05/2015/678,West Bengal,Darjeeling,26.947,88.498167,Rock,Slide,2015,2015.0,1
WB/DAR/78B09/2015/802,West Bengal,Darjeeling,26.947113,88.569009,Rock,Slide,2015,2015.0,1
WB/DAR/78B09/2015/751,West Bengal,Darjeeling,26.947228,88.547407,Rock,Slide,2015,2015.0,1
WB/DAR/78B01/2021/PDLS/32,West Bengal,Darjeeling,26.94723504,88.12620482,Debris,Slide,October 2021,2021.0,1
WB/DAR/78B05/2015/453,West Bengal,Darjeeling,26.947482,88.450774,Rock,Slide,2004,2004.0,1
WB/DAR/78B05/2015/649,West Bengal,Darjeeling,26.947683,88.311161,Rock,Slide,2015,2015.0,1
WB/DAR/78B01/2021/PDLS/31,West Bengal,Darjeeling,26.94777529,88.12638144,Debris,Slide,October 2021,2021.0,1
WB/DAR/78B01/2021/PDLS/30,West Bengal,Darjeeling,26.94807543,88.12610237,Debris,Slide,October 2021,2021.0,1
WB/DAR/78B05/2015/454,West Bengal,Darjeeling,26.948286,88.451846,Rock,Slide,2004,2004.0,1
WB/DAR/78B09/2015/780,West Bengal,Darjeeling,26.948323,88.604408,Debris,Slide,2015,2015.0,1
WB/DAR/78B05/2015/509,West Bengal,Darjeeling,26.948431,88.488741,Rock,Slide,2010,2010.0,1
WB/DAR/78B09/2015/801,West Bengal,Darjeeling,26.94846,88.568639,Debris,Slide,2015,2015.0,1
WB/DAR/78B05/2015/663,West Bengal,Darjeeling,26.948528,88.382083,Rock,Slide,2015,2015.0,1
WB/DAR/78B05/2015/594,West Bengal,Darjeeling,26.948662,88.441254,Rock,Slide,2014,2014.0,1
WB/DAR/78B09/2015/781,West Bengal,Darjeeling,26.949907,88.603477,Debris,Slide,2015,2015.0,1
WB/DAR/78B05/2015/679,West Bengal,Darjeeling,26.95,88.400111,Debris,Slide,2015,2015.0,1
WB/DAR/78B05/2015/677,West Bengal,Darjeeling,26.950361,88.495389,Rock,Slide,2015,2015.0,1
WB/DAR/78B09/2015/752,West Bengal,Darjeeling,26.950556,88.5515,Rock,Slide,2015,2015.0,1
WB/DAR/78B05/2015/683,West Bengal,Darjeeling,26.950861,88.439528,Rock,Slide,2015,2015.0,1
WB/DAR/78B05/2015/525,West Bengal,Darjeeling,26.951683,88.35613,Debris,Slide,2011,2011.0,1
WB/DAR/78B09/2015/753,West Bengal,Darjeeling,26.951722,88.557,Rock,Slide,2015,2015.0,1
WB/DAR/78B05/2015/470,West Bengal,Darjeeling,26.95237,88.401375,Debris,Slide,2004,2004.0,1
WB/DAR/78B05/2015/627,West Bengal,Darjeeling,26.953444,88.289806,Rock,Slide,2015,2015.0,1
WB/DAR/78B05/2015/674,West Bengal,Darjeeling,26.953818,88.420414,Rock,Slide,2015,2015.0,1
WB/DAR/78B09/2015/785,West Bengal,Darjeeling,26.953829,88.590906,Debris,Slide,2015,2015.0,1
WB/DAR/78B05/2015/550,West Bengal,Darjeeling,26.954675,88.365081,Rock,Slide,2012,2012.0,1
WB/DAR/78B09/2015/782,West Bengal,Darjeeling,26.954756,88.602805,Debris,Slide,2015,2015.0,1
WB/DAR/78B09/2015/817,West Bengal,Darjeeling,26.955073,88.542426,Debris,Slide,2015,2015.0,1
WB/DAR/78B05/2015/628,West Bengal,Darjeeling,26.955305,88.297262,Rock,Slide,2015,2015.0,1
WB/DAR/78B01/2021/PDLS/35,West Bengal,Darjeeling,26.95632612,88.121641,Debris,Slide,October 2021,2021.0,1
WB/DAR/78B09/2015/816,West Bengal,Darjeeling,26.956427,88.542571,Debris,Slide,2015,2015.0,1
WB/DAR/78B01/2021/PDLS/36,West Bengal,Darjeeling,26.95648893,88.12160231,Debris,Slide,October 2021,2021.0,1
WB/DAR/78B05/2015/673,West Bengal,Darjeeling,26.957083,88.424389,Rock,Slide,2015,2015.0,1
WB/DAR/78B09/2015/815,West Bengal,Darjeeling,26.957349,88.548779,Rock,Slide,2015,2015.0,1
WB/DAR/78B09/2015/728,West Bengal,Darjeeling,26.95759,88.546007,Rock,Slide,2014,2014.0,1
WB/DAR/78B05/2015/455,West Bengal,Darjeeling,26.957857,88.469805,Debris,Slide,2004,2004.0,1
WB/DAR/78B09/2015/721,West Bengal,Darjeeling,26.958488,88.547717,Rock,Slide,2014,2014.0,1
WB/DAR/78B09/2015/783,West Bengal,Darjeeling,26.959016,88.588219,Debris,Slide,2015,2015.0,1
WB/DAR/78B05/2015/527,West Bengal,Darjeeling,26.959378,88.325027,Debris,Slide,2011,2011.0,1
WB/DAR/78B05/2015/630,West Bengal,Darjeeling,26.960844,88.320422,Debris,Slide,2015,2015.0,1
WB/DAR/78B05/2015/632,West Bengal,Darjeeling,26.961172,88.313944,Debris,Slide,2015,2015.0,1
WB/DAR/78B09/2015/754,West Bengal,Darjeeling,26.962111,88.561611,Rock,Slide,2015,2015.0,1
WB/DAR/78B09/2015/784,West Bengal,Darjeeling,26.96277,88.578666,Rock,Slide,2015,2015.0,1
WB/DAR/78B05/2015/667,West Bengal,Darjeeling,26.962867,88.381001,Debris,Slide,2015,2015.0,1
WB/DAR/78B09/2015/787,West Bengal,Darjeeling,26.963058,88.599679,Debris,Slide,2015,2015.0,1
WB/DAR/78B05/2015/562,West Bengal,Darjeeling,26.963632,88.412116,Debris,Slide,2013,2013.0,1
WB/DAR/78B09/2015/755,West Bengal,Darjeeling,26.963639,88.56275,Rock,Slide,2015,2015.0,1
WB/DAR/78B05/2015/672,West Bengal,Darjeeling,26.963861,88.41354,Rock,Slide,2015,2015.0,1
WB/DAR/78B09/2015/729,West Bengal,Darjeeling,26.96438,88.515901,Debris,Slide,2014,2014.0,1
WB/DARJ/78B09/2007/0001,West Bengal,Darjeeling,26.9659,88.7028,Debris,Slide,2007,2007.0,1
WB/DAR/78B09/2015/757,West Bengal,Darjeeling,26.965944,88.562361,Debris,Slide,2015,2015.0,1
WB/DAR/78B05/2015/692,West Bengal,Darjeeling,26.96627,88.428951,Rock,Slide,2015,2015.0,1
WB/DAR/78B05/2015/523,West Bengal,Darjeeling,26.9682,88.4663,Rock,Slide,2011,2011.0,1
WB/DAR/78B09/2015/762,West Bengal,Darjeeling,26.968443,88.564726,Rock,Slide,2015,2015.0,1
WB/DAR/78B09/2015/734,West Bengal,Darjeeling,26.96959,88.734144,Debris,Slide,2014,2014.0,1
WB/DAR/78B05/2015/682,West Bengal,Darjeeling,26.969651,88.425521,Debris,Slide,2015,2015.0,1
WB/DAR/78B09/2015/733,West Bengal,Darjeeling,26.970062,88.74011,Debris,Slide,2014,2014.0,1
WB/DAR/78B05/2015/528,West Bengal,Darjeeling,26.97039,88.417195,Rock,Slide,2011,2011.0,1
WB/DAR/78B05/2015/656,West Bengal,Darjeeling,26.970587,88.364239,Debris,Slide,2015,2015.0,1
WB/DAR/78B09/2015/763,West Bengal,Darjeeling,26.971083,88.575222,Rock,Slide,2015,2015.0,1
WB/DAR/78B05/2015/681,West Bengal,Darjeeling,26.97137,88.424661,Debris,Slide,2015,2015.0,1
WB/DAR/78B05/2015/537,West Bengal,Darjeeling,26.971606,88.446638,Debris,Slide,2011,2011.0,1
WB/DAR/78B05/2015/657,West Bengal,Darjeeling,26.971806,88.348139,Debris,Slide,2015,2015.0,1
WB/DAR/78B09/2015/786,West Bengal,Darjeeling,26.973632,88.600352,Debris,Slide,2015,2015.0,1
WB/DAR/78B05/2015/529,West Bengal,Darjeeling,26.9753,88.4188,Debris,Slide,2011,2011.0,1
WB/DAR/78B05/2015/669,West Bengal,Darjeeling,26.975703,88.418984,Debris,Slide,2015,2015.0,1
WB/DAR/78B09/2015/731,West Bengal,Darjeeling,26.975963,88.59693,Debris,Slide,2014,2014.0,1
WB/DAR/78B09/2015/732,West Bengal,Darjeeling,26.976701,88.596011,Debris,Slide,2014,2014.0,1
WB/DAR/78B05/2015/457,West Bengal,Darjeeling,26.976988,88.472955,Debris,Slide,2004,2004.0,1
WB/DAR/78B09/2015/730,West Bengal,Darjeeling,26.977246,88.598538,Debris,Slide,2014,2014.0,1
WB/DAR/78B09/2015/794,West Bengal,Darjeeling,26.97733,88.588897,Debris,Slide,2015,2015.0,1
WB/DAR/78B05/2015/666,West Bengal,Darjeeling,26.977333,88.378417,Debris,Slide,2015,2015.0,1
WB/DAR/78B09/2015/793,West Bengal,Darjeeling,26.978475,88.58499,Debris,Slide,2015,2015.0,1
WB/DAR/78B05/2015/539,West Bengal,Darjeeling,26.979403,88.451651,Debris,Slide,2011,2011.0,1
WB/DAR/78B05/2015/497,West Bengal,Darjeeling,26.980303,88.317581,Debris,Slide,2009,2009.0,1
WB/DAR/78B09/2015/768,West Bengal,Darjeeling,26.980556,88.532472,Rock,Slide,2015,2015.0,1
WB/DAR/78B09/2015/800,West Bengal,Darjeeling,26.980791,88.553794,Debris,Slide,2015,2015.0,1
WB/DAR/78B05/2015/613,West Bengal,Darjeeling,26.980876,88.47488,Debris,Slide,2014,2014.0,1
WB/DAR/78B09/2015/797,West Bengal,Darjeeling,26.980925,88.550841,Rock,Slide,2015,2015.0,1
WB/DAR/78B01/2021/PDLS/37,West Bengal,Darjeeling,26.98107904,88.13190211,Debris,Slide,October 2021,2021.0,1
WB/DAR/78B09/2015/798,West Bengal,Darjeeling,26.981198,88.552579,Debris,Slide,2015,2015.0,1
WB/DAR/78B09/2015/792,West Bengal,Darjeeling,26.981309,88.576236,Debris,Slide,2015,2015.0,1
WB/DAR/78B05/2015/611,West Bengal,Darjeeling,26.98318,88.459694,Rock,Slide,2014,2014.0,1
WB/DAR/78B09/2015/796,West Bengal,Darjeeling,26.983514,88.550485,Rock,Slide,2015,2015.0,1
WB/DAR/78B05/2015/596,West Bengal,Darjeeling,26.983593,88.401204,Rock,Slide,2014,2014.0,1
WB/DAR/78B05/2015/612,West Bengal,Darjeeling,26.983927,88.461843,Rock,Slide,2014,2014.0,1
WB/DAR/78B05/2015/491,West Bengal,Darjeeling,26.984,88.277,Rock,Slide,2009,2009.0,1
WB/DAR/78B09/2015/738,West Bengal,Darjeeling,26.984222,88.644556,Rock,Slide,2015,2015.0,1
WB/DAR/78B09/2015/758,West Bengal,Darjeeling,26.984361,88.566194,Rock,Slide,2015,2015.0,1
WB/DAR/78B09/2015/759,West Bengal,Darjeeling,26.984556,88.564278,Rock,Slide,2015,2015.0,1
WB/DAR/78B05/2015/689,West Bengal,Darjeeling,26.984573,88.27775,Debris,Slide,2015,2015.0,1
WB/DAR/78B09/2015/791,West Bengal,Darjeeling,26.984716,88.584729,Rock,Slide,2015,2015.0,1
WB/DAR/78B05/2015/609,West Bengal,Darjeeling,26.984996,88.465284,Debris,Slide,2014,2014.0,1
WB/DAR/78B05/2015/458,West Bengal,Darjeeling,26.98612,88.455019,Debris,Slide,2004,2004.0,1
WB/DAR/78B09/2015/760,West Bengal,Darjeeling,26.986286,88.579528,Rock,Slide,2015,2015.0,1
WB/DAR/78B09/2015/776,West Bengal,Darjeeling,26.986361,88.568639,Rock,Slide,2015,2015.0,1
WB/DAR/78B09/2015/766,West Bengal,Darjeeling,26.986528,88.563139,Debris,Slide,2015,2015.0,1
WB/DAR/78B05/2015/433,West Bengal,Darjeeling,26.986622,88.465663,Debris,Slide,2004,2004.0,1
WB/DAR/78B09/2015/779,West Bengal,Darjeeling,26.986639,88.562861,Rock,Slide,2015,2015.0,1
WB/DAR/78B05/2015/460,West Bengal,Darjeeling,26.987192,88.455216,Debris,Slide,2004,2004.0,1
WB/DAR/78B09/2015/795,West Bengal,Darjeeling,26.987586,88.553254,Debris,Slide,2015,2015.0,1
WB/DAR/78B05/2015/459,West Bengal,Darjeeling,26.987943,88.455813,Debris,Slide,2004,2004.0,1
WB/DAR/78B09/2015/767,West Bengal,Darjeeling,26.988417,88.540056,Rock,Fall,2015,2015.0,1
WB/DAR/78B09/2015/788,West Bengal,Darjeeling,26.988528,88.557556,Debris,Slide,2015,2015.0,1
WB/DAR/78B05/2015/496,West Bengal,Darjeeling,26.988573,88.317384,Rock,Slide,2009,2009.0,1
WB/DAR/78B09/2015/761,West Bengal,Darjeeling,26.988597,88.573497,Debris,Slide,2015,2015.0,1
WB/DAR/78B09/2015/765,West Bengal,Darjeeling,26.989111,88.546028,Rock,Slide,2015,2015.0,1
WB/DAR/78B05/2015/461,West Bengal,Darjeeling,26.989503,88.45704,Debris,Slide,2004,2004.0,1
WB/DAR/78B01/2021/PDLS/87,West Bengal,Darjeeling,26.989655,88.11836379,Rock,Slide,October 2021,2021.0,1
WB/DAR/78B09/2015/717,West Bengal,Darjeeling,26.98966,88.69912,Debris,Slide,2007,2007.0,1
WB/DARJ/78B09/2007/0003,West Bengal,Darjeeling,26.9897,88.6991,Debris,Slide,2007,2007.0,1
WB/DAR/78B09/2015/790,West Bengal,Darjeeling,26.989783,88.58974,Rock,Slide,2015,2015.0,1
WB/DAR/78B05/2015/462,West Bengal,Darjeeling,26.989841,88.459662,Debris,Slide,2004,2004.0,1
WB/DAR/78B01/2021/PDLS/88,West Bengal,Darjeeling,26.98999242,88.11907253,Debris,Slide,October 2021,2021.0,1
WB/DAR/78B09/2015/719,West Bengal,Darjeeling,26.99018,88.702248,Debris,Slide,2010,2010.0,1
WB/DAR/78B05/2015/608,West Bengal,Darjeeling,26.990195,88.466355,Rock,Slide,2014,2014.0,1
WB/DAR/78B05/2015/655,West Bengal,Darjeeling,26.990278,88.340778,Debris,Slide,2015,2015.0,1
WB/DAR/78B09/2015/737,West Bengal,Darjeeling,26.990347,88.554372,Debris,Slide,2015,2015.0,1
WB/DAR/78B05/2015/670,West Bengal,Darjeeling,26.990694,88.420361,Rock,Slide,2015,2015.0,1
WB/DAR/78B05/2015/595,West Bengal,Darjeeling,26.990872,88.429777,Debris,Slide,2014,2014.0,1
WB/DAR/78B05/2015/654,West Bengal,Darjeeling,26.991091,88.346917,Debris,Subsidence,2015,2015.0,1
WB/DAR/78B09/2015/764,West Bengal,Darjeeling,26.991556,88.548833,Rock,Slide,2015,2015.0,1
WB/DAR/78B05/2015/456,West Bengal,Darjeeling,26.991879,88.459684,Debris,Slide,2004,2004.0,1
WB/DAR/78B05/2015/432,West Bengal,Darjeeling,26.992017,88.470421,Rock,Slide,2004,2004.0,1
WB/DAR/78B01/2021/PDLS/86,West Bengal,Darjeeling,26.9920389,88.1182866,Debris,Slide,October 2021,2021.0,1
WB/DAR/78B09/2015/810,West Bengal,Darjeeling,26.992722,88.5825,Rock,Slide,2015,2015.0,1
WB/DAR/78B01/2021/PDLS/38,West Bengal,Darjeeling,26.99290473,88.15200372,Debris,Slide,October 2021,2021.0,1
WB/DAR/78B09/2015/789,West Bengal,Darjeeling,26.993031,88.592266,Rock,Slide,2015,2015.0,1
WB/DAR/78B05/2015/495,West Bengal,Darjeeling,26.993074,88.31429,Debris,Subsidence,2009,2009.0,1
WB/DAR/78B05/2015/464,West Bengal,Darjeeling,26.993166,88.455159,Debris,Slide,2004,2004.0,1
WB/DAR/78B05/2015/463,West Bengal,Darjeeling,26.993294,88.457623,Debris,Slide,2004,2004.0,1
WB/DAR/78B05/2015/431,West Bengal,Darjeeling,26.993442,88.456802,Debris,Slide,2004,2004.0,1
WB/DARJ/78B05/,West Bengal,Darjeeling,26.993667,88.425944,Debris,Slide,2015,2015.0,1
WB/DAR/78B05/2015/698,West Bengal,Darjeeling,26.993667,88.425944,Debris,Slide,2015,2015.0,1
WB/DAR/78B05/2015/477,West Bengal,Darjeeling,26.993672,88.268873,Debris,Slide,2007,2007.0,1
WB/DAR/78B09/2015/821,West Bengal,Darjeeling,26.993944,88.582667,Rock,Slide,2015,2015.0,1
WB/DAR/78B05/2015/658,West Bengal,Darjeeling,26.994284,88.314039,Debris,Slide,2015,2015.0,1
WB/DAR/78B09/2015/718,West Bengal,Darjeeling,26.995966,88.703774,Debris,Slide,2009,2009.0,1
WB/DAR/78B05/2015/531,West Bengal,Darjeeling,26.9964,88.4269,Rock,Slide,2011,2011.0,1
WB/DAR/78B05/2015/671,West Bengal,Darjeeling,26.996444,88.426722,Rock,Slide,2015,2015.0,1
WB/DAR/78B09/2015/756,West Bengal,Darjeeling,26.996611,88.536972,Debris,Subsidence,2015,2015.0,1
WB/DAR/78B05/2015/492,West Bengal,Darjeeling,26.997,88.26,Debris,Slide,2009,2009.0,1
WB/DAR/78B05/2015/494,West Bengal,Darjeeling,26.997694,88.302139,Rock,Slide,2009,2009.0,1
WB/DAR/78B05/2015/493,West Bengal,Darjeeling,26.998,88.263,Debris,Slide,2009,2009.0,1
WB/DARJ/78B09/2007/0004,West Bengal,Darjeeling,26.9981,88.7007,Rock,Slide,2007,2007.0,1
WB/DAR/78B09/2015/774,West Bengal,Darjeeling,26.99825,88.527083,Rock,Fall,2015,2015.0,1
WB/DAR/78B05/2015/507,West Bengal,Darjeeling,26.999685,88.470923,Debris,Slide,2010,2010.0,1
WB/DAR/78A08/2015/1352,West Bengal,Darjeeling,27.000361,88.459972,Debris,Subsidence,2006,2006.0,1
WB/DARJ/78A12/2007/0005,West Bengal,Darjeeling,27.0015,88.7025,Debris,Subsidence,2007,2007.0,1
WB/DAR/78A08/2015/560,West Bengal,Darjeeling,27.002,88.4303,Debris,Slide,2013,2013.0,1
WB/DAR/78A12/2015/1411,West Bengal,Darjeeling,27.002371,88.619723,Debris,Slide,2010,2010.0,1
WB/DAR/78A08/2015/1409,West Bengal,Darjeeling,27.002613,88.470775,Debris,Slide,2010,2010.0,1
WB/DAR/78A08/2015/1410,West Bengal,Darjeeling,27.00293,88.478081,Debris,Slide,2011,2011.0,1
WB/DAR/78A04/2021/PDLS/76,West Bengal,Darjeeling,27.00328328,88.10851105,Rock,Slide,October 2021,2021.0,1
WB/DAR/78A04/2021/PDLS/78,West Bengal,Darjeeling,27.0035643,88.11522596,Debris,Slide,October 2021,2021.0,1
WB/DAR/78A04/2021/PDLS/75,West Bengal,Darjeeling,27.00381674,88.10840543,Rock,Slide,October 2021,2021.0,1
WB/DAR/78A04/2015/1181,West Bengal,Darjeeling,27.003944,88.24325,Rock,Slide,2015,2015.0,1
WB/DAR/78A04/2021/PDLS/77,West Bengal,Darjeeling,27.0039736,88.11369809,Debris,Slide,October 2021,2021.0,1
WB/DAR/78A08/2015/1182,West Bengal,Darjeeling,27.004111,88.252139,Debris,Slide,2015,2015.0,1
WB/DAR/78A04/2021/PDLS/79,West Bengal,Darjeeling,27.00418388,88.11564528,Rock,Slide,October 2021,2021.0,1
WB/DAR/78A04/2021/PDLS/80,West Bengal,Darjeeling,27.00430259,88.11775283,Debris,Slide,October 2021,2021.0,1
WB/DAR/78A16/2015/308,West Bengal,Darjeeling,27.004361,88.808139,Debris,Slide,2016,2016.0,1
WB/DAR/78A04/2021/PDLS/85,West Bengal,Darjeeling,27.0043659,88.12001101,Debris,Slide,October 2021,2021.0,1
WB/DAR/78A12/2015/1412,West Bengal,Darjeeling,27.004455,88.725803,Rock cum Debris,Slide,2010,2010.0,1
WB/DAR/78A04/2015/1180,West Bengal,Darjeeling,27.004528,88.241,Rock,Slide,2015,2015.0,1
WB/DAR/78A04/2021/PDLS/81,West Bengal,Darjeeling,27.00453799,88.11880331,Debris,Slide,October 2021,2021.0,1
WB/DAR/78A04/2021/PDLS/83,West Bengal,Darjeeling,27.00453901,88.11981116,Debris,Slide,October 2021,2021.0,1
WB/DAR/78A04/2021/PDLS/84,West Bengal,Darjeeling,27.00461793,88.12010421,Debris,Slide,October 2021,2021.0,1
WB/DAR/78A04/2021/PDLS/82,West Bengal,Darjeeling,27.00463273,88.11937871,Debris,Slide,October 2021,2021.0,1
WB/DAR/78A16/2015/309,West Bengal,Darjeeling,27.004753,88.808345,Debris,Slide,2016,2016.0,1
WB/DAR/78A08/2015/1173,West Bengal,Darjeeling,27.004833,88.349556,Debris,Subsidence,2015,2015.0,1
WB/DAR/78A08/2015/1416,West Bengal,Darjeeling,27.004843,88.278191,Debris,Slide,2010,2010.0,1
WB/DARJ/78A08/2009/0336,West Bengal,Darjeeling,27.005,88.255,Rock cum Debris,Slide,2009,2009.0,1
WB/DAR/78A12/2015/1414,West Bengal,Darjeeling,27.005346,88.5765,Debris,Slide,2011,2011.0,1
WB/DAR/78A12/2015/1413,West Bengal,Darjeeling,27.005486,88.640127,Debris,Slide,2010,2010.0,1
WB/DAR/78A12/2015/1415,West Bengal,Darjeeling,27.005662,88.688347,Debris,Slide,2010,2010.0,1
WB/DAR/78A08/2015/1344,West Bengal,Darjeeling,27.005667,88.442306,Debris,Slide,2015,2015.0,1
WB/DAR/78A12/2015/1417,West Bengal,Darjeeling,27.007217,88.690442,Debris,Slide,2009,2009.0,1
WB/DAR/78A08/2015/100,West Bengal,Darjeeling,27.007689,88.258317,Rock cum Debris,Slide,2009,2009.0,1
WB/DAR/78A12/2015/1540,West Bengal,Darjeeling,27.007714,88.589557,Rock,Slide,2016,2016.0,1
WB/DAR/78A12/2015/1418,West Bengal,Darjeeling,27.008259,88.582876,Debris,Slide,2009,2009.0,1
WB/DAR/78A04/2021/PDLS/74,West Bengal,Darjeeling,27.00829872,88.11015269,Debris,Slide,October 2021,2021.0,1
WB/DAR/78A08/2015/89,West Bengal,Darjeeling,27.008667,88.295389,Debris,Slide,2009,2009.0,1
WB/DARJ/78A08/2009/0335,West Bengal,Darjeeling,27.009,88.295,Debris,Slide,2009,2009.0,1
WB/DAR/78A12/2015/1370,West Bengal,Darjeeling,27.009972,88.520278,Debris,Creep,2016,2016.0,1
WB/DAR/78A12/2015/264,West Bengal,Darjeeling,27.010004,88.533437,Debris,Subsidence,2013,2013.0,1
WB/DAR/78A08/2015/140,West Bengal,Darjeeling,27.010139,88.258722,Rock,Slide,2015,2015.0,1
WB/DAR/78A12/2015/1422,West Bengal,Darjeeling,27.010513,88.656344,Debris,Slide,2015,2015.0,1
WB/DAR/78A12/2015/1419,West Bengal,Darjeeling,27.010543,88.587403,Debris,Slide,2013,2013.0,1
WB/DAR/78A04/2021/PDLS/41,West Bengal,Darjeeling,27.01056288,88.22263427,Rock,Slide,October 2021,2021.0,1
WB/DAR/78A04/2021/PDLS/73,West Bengal,Darjeeling,27.01088558,88.1118109,Debris,Slide,October 2021,2021.0,1
WB/DAR/78A04/2021/PDLS/72,West Bengal,Darjeeling,27.01107238,88.10413256,Debris,Slide,October 2021,2021.0,1
WB/DAR/78A04/2021/PDLS/71,West Bengal,Darjeeling,27.01112749,88.09939597,Debris,Slide,October 2021,2021.0,1
WB/DAR/78A04/2015/1241,West Bengal,Darjeeling,27.011222,88.177417,Rock,Slide,2014,2014.0,1
WB/DAR/78A12/2015/1420,West Bengal,Darjeeling,27.011566,88.675977,Debris,Slide,2013,2013.0,1
WB/DAR/78A04/2015/1200,West Bengal,Darjeeling,27.011611,88.227611,Rock,Slide,2017,2017.0,1
WB/DAR/78A12/2015/1421,West Bengal,Darjeeling,27.011621,88.659287,Debris,Slide,2013,2013.0,1
WB/DAR/78A08/2015/1160,West Bengal,Darjeeling,27.011667,88.425139,Debris,Slide,2015,2015.0,1
WB/DAR/78A04/2015/1266,West Bengal,Darjeeling,27.012333,88.138806,Debris,Slide,2016,2016.0,1
WB/DAR/78A12/2015/1267,West Bengal,Darjeeling,27.0131,88.6785,Rock,Slide,2014,2014.0,1
WB/DAR/78A04/2021/PDLS/40,West Bengal,Darjeeling,27.01332979,88.23040483,Debris,Slide,October 2021,2021.0,1
WB/DAR/78A12/2015/1423,West Bengal,Darjeeling,27.013515,88.678448,Debris,Slide,2015,2015.0,1
WB/DAR/78A04/2021/PDLS/39,West Bengal,Darjeeling,27.01356985,88.23185881,Debris,Slide,October 2021,2021.0,1
WB/DAR/78A04/2021/PDLS/70,West Bengal,Darjeeling,27.0136613,88.0997734,Debris,Slide,October 2021,2021.0,1
WB/DAR/78A08/2015/1345,West Bengal,Darjeeling,27.01375,88.435722,Debris,Slide,2014,2014.0,1
WB/DAR/78A12/2015/263,West Bengal,Darjeeling,27.013982,88.542648,Rock,Slide,2013,2013.0,1
WB/DAR/78A08/2015/699,West Bengal,Darjeeling,27.014,88.435972,Debris,Slide,2015,2015.0,1
WB/DAR/78A12/2015/1424,West Bengal,Darjeeling,27.014124,88.678693,Debris,Slide,2013,2013.0,1
WB/DAR/78A12/2015/1425,West Bengal,Darjeeling,27.01415,88.677933,Debris,Slide,2015,2015.0,1
WB/DAR/78A12/2015/1426,West Bengal,Darjeeling,27.014222,88.719986,Debris,Slide,2012,2012.0,1
WB/DAR/78A08/2015/1427,West Bengal,Darjeeling,27.014442,88.452511,Rock cum Debris,Slide,2006,2006.0,1
WB/DAR/78A12/2015/1311,West Bengal,Darjeeling,27.014444,88.54025,Debris,Slide,2016,2016.0,1
WB/DAR/78A04/2015/1501,West Bengal,Darjeeling,27.014912,88.145152,Rock,Slide,2010,2010.0,1
WB/DAR/78A08/2015/1346,West Bengal,Darjeeling,27.015278,88.435667,Debris,Slide,2015,2015.0,1
WB/DAR/78A12/2015/1428,West Bengal,Darjeeling,27.015502,88.743804,Debris,Slide,2012,2012.0,1
WB/DAR/78A04/2021/PDLS/42,West Bengal,Darjeeling,27.01722529,88.20901869,Rock,Slide,October 2021,2021.0,1
WB/DAR/78A12/2015/1429,West Bengal,Darjeeling,27.017622,88.728422,Debris,Slide,2010,2010.0,1
WB/DAR/78A12/2015/1430,West Bengal,Darjeeling,27.017729,88.723599,Debris,Slide,2010,2010.0,1
WB/DAR/78A04/2015/1199,West Bengal,Darjeeling,27.018222,88.208444,Rock,Slide,2016,2016.0,1
WB/DAR/78A08/2015/1516,West Bengal,Darjeeling,27.018428,88.435039,Debris,Subsidence,2014,2014.0,1
WB/DAR/78A08/2015/118,West Bengal,Darjeeling,27.019595,88.49381,Rock,Slide,2012,2012.0,1
WB/DAR/78A08/2015/119,West Bengal,Darjeeling,27.020058,88.497029,Rock,Slide,2012,2012.0,1
WB/DAR/78A04/2015/1240,West Bengal,Darjeeling,27.020389,88.177778,Rock,Slide,2014,2014.0,1
WB/DAR/78A12/2015/1431,West Bengal,Darjeeling,27.02078,88.616007,Debris,Slide,2012,2012.0,1
WB/DAR/78A04/2021/PDLS/69,West Bengal,Darjeeling,27.02109658,88.09442282,Debris,Slide,October 2021,2021.0,1
WB/DAR/78A04/2021/PDLS/68,West Bengal,Darjeeling,27.02113126,88.0934454,Debris,Slide,October 2021,2021.0,1
WB/DAR/78A12/2015/1310,West Bengal,Darjeeling,27.021194,88.536833,Rock cum Debris,Slide,2014,2014.0,1
WB/DAR/78A08/2015/1432,West Bengal,Darjeeling,27.021237,88.271615,Debris,Slide,2011,2011.0,1
WB/DAR/78A12/2015/1433,West Bengal,Darjeeling,27.021613,88.735073,Debris,Slide,2006,2006.0,1
WB/DAR/78A12/2015/1309,West Bengal,Darjeeling,27.022167,88.535528,Rock,Slide,2014,2014.0,1
WB/DAR/78A04/2021/PDLS/67,West Bengal,Darjeeling,27.022831,88.09427834,Debris,Slide,October 2021,2021.0,1
WB/DAR/78A04/2015/1209,West Bengal,Darjeeling,27.023,88.14825,Debris,Subsidence,2014,2014.0,1
WB/DAR/78A04/2015/1247,West Bengal,Darjeeling,27.023167,88.205583,Rock,Slide,2016,2016.0,1
WB/DAR/78A12/2015/1532,West Bengal,Darjeeling,27.023694,88.697284,Debris,Slide,2015,2015.0,1
WB/DAR/78A04/2021/PDLS/66,West Bengal,Darjeeling,27.02392986,88.09460148,Debris,Slide,October 2021,2021.0,1
WB/DAR/78A12/2015/231,West Bengal,Darjeeling,27.024,88.532,Rock,Slide,2012,2012.0,1
WB/DAR/78A12/2015/273,West Bengal,Darjeeling,27.024178,88.536793,Rock,Slide,2013,2013.0,1
WB/DAR/78A08/2015/103,West Bengal,Darjeeling,27.024472,88.259611,Debris,Slide,2009,2009.0,1
WB/DAR/78A12/2015/232,West Bengal,Darjeeling,27.024489,88.532501,Rock,Slide,2012,2012.0,1
WB/DAR/78A12/2015/1308,West Bengal,Darjeeling,27.02475,88.531417,Debris,Slide,2014,2014.0,1
WB/DAR/78A08/2015/1347,West Bengal,Darjeeling,27.024806,88.432139,Debris,Slide,2015,2015.0,1
WB/DAR/78A12/2015/1375,West Bengal,Darjeeling,27.024806,88.531472,Debris,Slide,2015,2015.0,1
WB/DAR/78A04/2015/1246,West Bengal,Darjeeling,27.024889,88.206806,Debris,Slide,2015,2015.0,1
WB/DAR/78A12/2015/1386,West Bengal,Darjeeling,27.025056,88.695472,Rock cum Debris,Slide,2012,2012.0,1
WB/DAR/78A08/2015/1434,West Bengal,Darjeeling,27.025358,88.451398,Debris,Slide,2006,2006.0,1
WB/DAR/78A08/2015/1436,West Bengal,Darjeeling,27.025394,88.4803,Debris,Slide,2011,2011.0,1
WB/DAR/78A08/2015/1435,West Bengal,Darjeeling,27.025525,88.450807,Debris,Slide,2015,2015.0,1
WB/DAR/78A04/2021/PDLS/43,West Bengal,Darjeeling,27.02558949,88.19470382,Debris,Slide,October 2021,2021.0,1
WB/DAR/78A04/2015/1208,West Bengal,Darjeeling,27.025833,88.150861,Rock cum Debris,Slide,2015,2015.0,1
WB/DAR/78A12/2015/1278,West Bengal,Darjeeling,27.026222,88.625417,Debris,Slide,2015,2015.0,1
WB/DAR/78A04/2015/1235,West Bengal,Darjeeling,27.027083,88.238444,Debris,Subsidence,2016,2016.0,1
WB/DAR/78A08/2015/1437,West Bengal,Darjeeling,27.027303,88.279626,Debris,Slide,2013,2013.0,1
WB/DAR/78A12/2015/1279,West Bengal,Darjeeling,27.027417,88.623167,Rock cum Debris,Slide,2016,2016.0,1
WB/DAR/78A08/2015/1439,West Bengal,Darjeeling,27.027607,88.484759,Debris,Slide,2011,2011.0,1
WB/DAR/78A16/2015/306,West Bengal,Darjeeling,27.027889,88.853806,Debris,Slide,2016,2016.0,1
WB/DAR/78A12/2015/1438,West Bengal,Darjeeling,27.027919,88.66004,Debris,Slide,2006,2006.0,1
WB/DAR/78A12/2015/185,West Bengal,Darjeeling,27.028249,88.702761,Debris,Subsidence,2007,2007.0,1
WB/DAR/78A04/2021/PDLS/65,West Bengal,Darjeeling,27.02855103,88.10051316,Debris,Slide,October 2021,2021.0,1
WB/DAR/78A12/2015/1280,West Bengal,Darjeeling,27.028556,88.616417,Rock cum Debris,Slide,2015,2015.0,1
WB/DAR/78A08/2015/59,West Bengal,Darjeeling,27.02863,88.27096,Debris,Subsidence,2007,2007.0,1
WB/DAR/78A04/2015/1245,West Bengal,Darjeeling,27.028722,88.202083,Rock,Slide,2016,2016.0,1
WB/DAR/78A04/2021/PDLS/64,West Bengal,Darjeeling,27.02889922,88.1010105,Debris,Slide,October 2021,2021.0,1
WB/DAR/78A12/2015/186,West Bengal,Darjeeling,27.030471,88.702313,Debris,Subsidence,2007,2007.0,1
WB/DAR/78A04/2015/1244,West Bengal,Darjeeling,27.031222,88.196694,Rock,Slide,2015,2015.0,1
WB/DAR/78A08/2015/1390,West Bengal,Darjeeling,27.031639,88.473528,Debris,Slide,2015,2015.0,1
WB/DAR/78A08/2015/104,West Bengal,Darjeeling,27.032301,88.26462,Debris,Slide,2009,2009.0,1
WB/DAR/78A12/2015/1281,West Bengal,Darjeeling,27.032639,88.612889,Debris,Slide,2014,2014.0,1
WB/DAR/78A08/2015/1389,West Bengal,Darjeeling,27.033194,88.481528,Debris,Slide,2015,2015.0,1
WB/DAR/78A12/2015/1533,West Bengal,Darjeeling,27.033881,88.533103,Rock cum Debris,Slide,2016,2016.0,1
WB/DAR/78A04/2021/PDLS/44,West Bengal,Darjeeling,27.03389715,88.19335018,Debris,Slide,October 2021,2021.0,1
WB/DAR/78A04/2015/1236,West Bengal,Darjeeling,27.034083,88.222417,Rock,Slide,2016,2016.0,1
WB/DAR/78A04/2015/1243,West Bengal,Darjeeling,27.03475,88.197444,Debris,Subsidence,2015,2015.0,1
WB/DAR/78A08/2015/1348,West Bengal,Darjeeling,27.034972,88.428611,Debris,Subsidence,2014,2014.0,1
WB/DAR/78A04/2015/1503,West Bengal,Darjeeling,27.035038,88.229949,Debris,Subsidence,2015,2015.0,1
WB/DAR/78A12/2015/1307,West Bengal,Darjeeling,27.035111,88.5205,Rock,Slide,2015,2015.0,1
WB/DAR/78A04/2021/PDLS/45,West Bengal,Darjeeling,27.0355249,88.19408314,Debris,Slide,October 2021,2021.0,1
WB/DAR/78A12/2015/1376,West Bengal,Darjeeling,27.035889,88.523694,Rock cum Debris,Slide,2015,2015.0,1
WB/DAR/78A12/2015/1306,West Bengal,Darjeeling,27.035889,88.523667,Rock,Slide,2015,2015.0,1
WB/DAR/78A12/2015/271,West Bengal,Darjeeling,27.035987,88.522248,Rock,Slide,2013,2013.0,1
WB/DAR/78A12/2015/272,West Bengal,Darjeeling,27.036,88.527,Debris,Subsidence,2013,2013.0,1
WB/DAR/78A12/2015/1534,West Bengal,Darjeeling,27.036009,88.522237,Debris,Subsidence,2015,2015.0,1
WB/DAR/78A04/2015/1242,West Bengal,Darjeeling,27.036083,88.197333,Debris,Subsidence,2015,2015.0,1
WB/DAR/78A12/2015/1304,West Bengal,Darjeeling,27.036278,88.530083,Debris,Subsidence,2014,2014.0,1
WB/DAR/78A12/2015/1303,West Bengal,Darjeeling,27.036444,88.538306,Debris,Subsidence,2014,2014.0,1
WB/DAR/78A12/2015/1305,West Bengal,Darjeeling,27.0365,88.528722,Debris,Subsidence,2014,2014.0,1
WB/DAR/78A16/2015/299,West Bengal,Darjeeling,27.036708,88.804306,Debris,Slide,2010,2010.0,1
WB/DAR/78A04/2015/1225,West Bengal,Darjeeling,27.036722,88.154917,Rock,Slide,2014,2014.0,1
WB/DAR/78A16/2015/304,West Bengal,Darjeeling,27.03687,88.802868,Debris,Slide,2014,2014.0,1
WB/DAR/78A08/2015/1174,West Bengal,Darjeeling,27.037,88.353694,Debris,Subsidence,2015,2015.0,1
WB/DAR/78A08/2015/76,West Bengal,Darjeeling,27.03709,88.47652,Debris,Slide,2007,2007.0,1
WB/DAR/78A04/2021/PDLS/46,West Bengal,Darjeeling,27.03736811,88.19601806,Debris,Slide,October 2021,2021.0,1
WB/DAR/78A08/2015/1388,West Bengal,Darjeeling,27.037556,88.4825,Debris,Subsidence,2016,2016.0,1
WB/DAR/78A04/2015/1224,West Bengal,Darjeeling,27.037917,88.155778,Debris,Slide,2016,2016.0,1
WB/DAR/78A08/2015/78,West Bengal,Darjeeling,27.03794,88.27581,Debris,Subsidence,2007,2007.0,1
WB/DAR/78A16/2015/300,West Bengal,Darjeeling,27.038663,88.80455,Debris,Slide,2010,2010.0,1
WB/DAR/78A08/2015/1349,West Bengal,Darjeeling,27.038833,88.426722,Debris,Slide,2014,2014.0,1
WB/DAR/78A12/2015/1300,West Bengal,Darjeeling,27.038833,88.510417,Rock,Slide,2016,2016.0,1
WB/DAR/78A04/2015/1204,West Bengal,Darjeeling,27.039389,88.153361,Rock,Slide,2015,2015.0,1
WB/DAR/78A12/2015/1299,West Bengal,Darjeeling,27.039528,88.524917,Debris,Subsidence,2014,2014.0,1
WB/DAR/78A12/2015/1302,West Bengal,Darjeeling,27.040194,88.537417,Debris,Subsidence,2014,2014.0,1
WB/DAR/78A08/2015/1350,West Bengal,Darjeeling,27.040361,88.427278,Debris,Slide,2014,2014.0,1
WB/DAR/78A04/2015/1223,West Bengal,Darjeeling,27.040389,88.156417,Rock,Slide,2016,2016.0,1
WB/DAR/78A12/2015/1449,West Bengal,Darjeeling,27.040977,88.687254,Rock cum Debris,Slide,2014,2014.0,1
WB/DAR/78A12/2015/1385,West Bengal,Darjeeling,27.041083,88.696528,Rock,Slide,2012,2012.0,1
WB/DARJ/78A12/2007/0011,West Bengal,Darjeeling,27.0412,88.6931,Debris,Slide,2007,2007.0,1
WB/DAR/78A12/2015/1450,West Bengal,Darjeeling,27.041213,88.682819,Rock cum Debris,Slide,2014,2014.0,1
WB/DAR/78A04/2015/1203,West Bengal,Darjeeling,27.041306,88.157083,Rock cum Debris,Slide,2014,2014.0,1
WB/DAR/78A08/2015/1515,West Bengal,Darjeeling,27.041532,88.42701,Debris,Slide,2010,2010.0,1
WB/DAR/78A08/2015/1512,West Bengal,Darjeeling,27.041644,88.278825,Debris,Slide,2015,2015.0,1
WB/DAR/78A08/2015/1351,West Bengal,Darjeeling,27.041944,88.428194,Debris,Subsidence,2015,2015.0,1
WB/DAR/78A12/2015/270,West Bengal,Darjeeling,27.042,88.527,Debris,Slide,2013,2013.0,1
WB/DAR/78A12/2015/1535,West Bengal,Darjeeling,27.042045,88.526935,Debris,Slide,2015,2015.0,1
WB/DAR/78A12/2015/1298,West Bengal,Darjeeling,27.042389,88.527306,Debris,Subsidence,2014,2014.0,1
WB/DAR/78A08/2015/1176,West Bengal,Darjeeling,27.042472,88.395417,Debris,Subsidence,2015,2015.0,1
WB/DAR/78A12/2015/1301,West Bengal,Darjeeling,27.0425,88.538667,Debris,Subsidence,2015,2015.0,1
WB/DAR/78A12/2015/1313,West Bengal,Darjeeling,27.042694,88.559361,Debris,Slide,2015,2015.0,1
WB/DARJ/78A12/2007/0012,West Bengal,Darjeeling,27.0427,88.6934,Debris,Slide,2007,2007.0,1
WB/DARJ/78A12/2007/0013,West Bengal,Darjeeling,27.0433,88.0687,Debris,Slide,2007,2007.0,1
WB/DAR/78A08/2015/1387,West Bengal,Darjeeling,27.043444,88.481444,Rock,Slide,2016,2016.0,1
WB/DAR/78A12/2015/281,West Bengal,Darjeeling,27.043444,88.695639,Debris,Slide,2015,2015.0,1
WB/DAR/78A12/2015/134,West Bengal,Darjeeling,27.043519,88.695969,Debris,Slide,2013,2013.0,1
WB/DAR/78A12/2015/1498,West Bengal,Darjeeling,27.043519,88.695969,Debris,Slide,2013,2013.0,1
WB/DAR/78A08/2015/1391,West Bengal,Darjeeling,27.043884,88.46017,Debris,Slide,2013,2013.0,1
WB/DAR/78A08/2015/1179,West Bengal,Darjeeling,27.044389,88.270222,Rock,Slide,2015,2015.0,1
WB/DAR/78A08/2015/1175,West Bengal,Darjeeling,27.044972,88.394917,Debris,Slide,2015,2015.0,1
WB/DAR/78A08/2015/1406,West Bengal,Darjeeling,27.04517,88.459803,Rock,Slide,2013,2013.0,1
WB/DAR/78A08/2015/1398,West Bengal,Darjeeling,27.045451,88.459656,Debris,Slide,2013,2013.0,1
WB/DARJ/78A12/2007/0014,West Bengal,Darjeeling,27.0455,88.6854,Debris,Slide,2007,2007.0,1
WB/DAR/78A04/2015/1249,West Bengal,Darjeeling,27.046972,88.212972,Rock cum Debris,Slide,2016,2016.0,1
WB/DAR/78A12/2015/1384,West Bengal,Darjeeling,27.047028,88.68,Rock,Slide,2012,2012.0,1
WB/DAR/78A12/2015/1377,West Bengal,Darjeeling,27.047194,88.530583,Debris,Slide,2016,2016.0,1
WB/DAR/78A08/2015/1393,West Bengal,Darjeeling,27.047458,88.455044,Debris,Slide,2013,2013.0,1
WB/DAR/78A08/2015/1392,West Bengal,Darjeeling,27.047505,88.451315,Rock cum Debris,Slide,2013,2013.0,1
WB/DAR/78A08/2015/1394,West Bengal,Darjeeling,27.047591,88.450923,Rock,Slide,2013,2013.0,1
WB/DAR/78A08/2015/1395,West Bengal,Darjeeling,27.047727,88.449906,Rock cum Debris,Slide,2013,2013.0,1
WB/DAR/78A08/2015/107,West Bengal,Darjeeling,27.04775,88.273611,Debris,Slide,2009,2009.0,1
WB/DAR/78A04/2015/1237,West Bengal,Darjeeling,27.047778,88.20625,Rock,Slide,2016,2016.0,1
WB/DAR/78A08/2015/1396,West Bengal,Darjeeling,27.047886,88.459909,Debris,Slide,2013,2013.0,1
WB/DAR/78A08/2015/1397,West Bengal,Darjeeling,27.048661,88.46002,Rock cum Debris,Slide,2013,2013.0,1
WB/DARJ/78A08/2013/0312,West Bengal,Darjeeling,27.049,88.44,Debris,Slide,2013,2013.0,1
WB/DAR/78A08/2015/133,West Bengal,Darjeeling,27.049,88.44,Debris,Slide,2013,2013.0,1
WB/DAR/78A08/2015/1407,West Bengal,Darjeeling,27.049484,88.458125,Debris,Slide,2013,2013.0,1
WB/DAR/78A04/2015/1250,West Bengal,Darjeeling,27.049528,88.218833,Rock,Slide,2014,2014.0,1
WB/DAR/78A04/2015/1202,West Bengal,Darjeeling,27.049778,88.169944,Debris,Slide,2016,2016.0,1
WB/DAR/78A08/2015/65,West Bengal,Darjeeling,27.049804,88.460653,Debris,Slide,2007,2007.0,1
WB/DAR/78A08/2015/1536,West Bengal,Darjeeling,27.049808,88.460576,Debris,Slide,2014,2014.0,1
WB/DAR/78A04/2015/17,West Bengal,Darjeeling,27.04999,88.20818,Debris,Subsidence,2007,2007.0,1
WB/DAR/78A04/2015/1198,West Bengal,Darjeeling,27.050056,88.199139,Debris,Subsidence,2015,2015.0,1
WB/DAR/78A12/2015/1275,West Bengal,Darjeeling,27.050417,88.600556,Debris,Slide,2014,2014.0,1
WB/DAR/78A08/2015/1402,West Bengal,Darjeeling,27.050874,88.454675,Debris,Slide,2013,2013.0,1
WB/DAR/78A08/2015/1353,West Bengal,Darjeeling,27.050889,88.454083,Debris,Slide,2010,2010.0,1
WB/DAR/78A12/2015/1276,West Bengal,Darjeeling,27.050944,88.602167,Debris,Subsidence,2012,2012.0,1
WB/DAR/78A08/2015/1401,West Bengal,Darjeeling,27.051057,88.446551,Debris,Slide,2013,2013.0,1
WB/DAR/78A08/2015/1400,West Bengal,Darjeeling,27.051148,88.453479,Rock cum Debris,Slide,2013,2013.0,1
WB/DAR/78A04/2015/1201,West Bengal,Darjeeling,27.05125,88.172056,Debris,Slide,2016,2016.0,1
WB/DAR/78A04/2015/1239,West Bengal,Darjeeling,27.051306,88.194528,Debris,Slide,2016,2016.0,1
WB/DAR/78A04/2015/1197,West Bengal,Darjeeling,27.051722,88.202694,Rock,Slide,2015,2015.0,1
WB/DAR/78A08/2015/1323,West Bengal,Darjeeling,27.051806,88.450722,Rock cum Debris,Slide,2010,2010.0,1
WB/DAR/78A12/2015/1312,West Bengal,Darjeeling,27.05225,88.531694,Debris,Slide,2010,2010.0,1
WB/DAR/78A08/2015/1321,West Bengal,Darjeeling,27.052583,88.45275,Debris,Subsidence,2015,2015.0,1
WB/DAR/78A08/2015/1405,West Bengal,Darjeeling,27.052591,88.455332,Debris,Slide,2013,2013.0,1
WB/DAR/78A08/2015/64,West Bengal,Darjeeling,27.05265,88.45859,Debris,Slide,2007,2007.0,1
WB/DAR/78A08/2015/1320,West Bengal,Darjeeling,27.05275,88.455667,Debris,Subsidence,2015,2015.0,1
WB/DAR/78A12/2015/262,West Bengal,Darjeeling,27.053,88.538,Rock,Slide,2013,2013.0,1
WB/DAR/78A08/2015/1509,West Bengal,Darjeeling,27.053119,88.26765,Debris,Subsidence,2014,2014.0,1
WB/DAR/78A08/2015/1404,West Bengal,Darjeeling,27.053173,88.433795,Rock cum Debris,Slide,2013,2013.0,1
WB/DAR/78A08/2015/90,West Bengal,Darjeeling,27.053222,88.267528,Debris,Slide,2009,2009.0,1
WB/DAR/78A08/2015/1355,West Bengal,Darjeeling,27.053944,88.436111,Rock,Slide,2010,2010.0,1
WB/DAR/78A08/2015/1510,West Bengal,Darjeeling,27.054175,88.279757,Rock,Slide,2016,2016.0,1
WB/DAR/78A08/2015/1403,West Bengal,Darjeeling,27.054289,88.434172,Rock cum Debris,Slide,2013,2013.0,1
WB/DAR/78A08/2015/1511,West Bengal,Darjeeling,27.054295,88.280504,Debris,Subsidence,2014,2014.0,1
WB/DAR/78A12/2015/1274,West Bengal,Darjeeling,27.054333,88.586278,Debris,Slide,2014,2014.0,1
WB/DAR/78A12/2015/1374,West Bengal,Darjeeling,27.054972,88.571167,Rock cum Debris,Slide,2015,2015.0,1
WB/DAR/78A08/2015/1341,West Bengal,Darjeeling,27.055,88.466917,Debris,Subsidence,2010,2010.0,1
WB/DAR/78A08/2015/1361,West Bengal,Darjeeling,27.055056,88.473972,Debris,Slide,2015,2015.0,1
WB/DAR/78A08/2015/1399,West Bengal,Darjeeling,27.055069,88.435513,Rock cum Debris,Slide,2013,2013.0,1
WB/DAR/78A08/2015/1362,West Bengal,Darjeeling,27.055167,88.474806,Debris,Slide,2015,2015.0,1
WB/DAR/78A04/2015/1238,West Bengal,Darjeeling,27.055722,88.206528,Rock cum Debris,Slide,2015,2015.0,1
WB/DAR/78A12/2015/1273,West Bengal,Darjeeling,27.056,88.583333,Rock cum Debris,Slide,2014,2014.0,1
WB/DAR/78A08/2015/1508,West Bengal,Darjeeling,27.05626,88.260462,Debris,Subsidence,2014,2014.0,1
WB/DAR/78A12/2015/256,West Bengal,Darjeeling,27.056377,88.584199,Rock,Slide,2013,2013.0,1
WB/DAR/78A08/2015/1178,West Bengal,Darjeeling,27.056565,88.409324,Rock,Slide,2015,2015.0,1
WB/DAR/78A08/2015/1177,West Bengal,Darjeeling,27.056639,88.40925,Rock,Slide,2016,2016.0,1
WB/DAR/78A08/2015/62,West Bengal,Darjeeling,27.05688,88.46131,Debris,Subsidence,2007,2007.0,1
WB/DAR/78A12/2015/227,West Bengal,Darjeeling,27.057,88.521,Rock,Slide,2012,2012.0,1
WB/DAR/78A12/2015/1528,West Bengal,Darjeeling,27.057136,88.521333,Rock,Slide,2016,2016.0,1
WB/DAR/78A08/2015/153,West Bengal,Darjeeling,27.058,88.498361,Debris,Slide,2015,2015.0,1
WB/DAR/78A08/2015/143,West Bengal,Darjeeling,27.058,88.498361,Debris,Slide,2015,2015.0,1
WB/DAR/78A12/2015/1372,West Bengal,Darjeeling,27.058472,88.571722,Debris,Slide,2015,2015.0,1
WB/DAR/78A08/2015/99,West Bengal,Darjeeling,27.058611,88.252457,Debris,Slide,2009,2009.0,1
WB/DAR/78A12/2015/1373,West Bengal,Darjeeling,27.058861,88.570583,Rock cum Debris,Slide,2015,2015.0,1
WB/DARJ/78A08/2007/0318,West Bengal,Darjeeling,27.059,88.459,Debris,Slide,2007,2007.0,1
WB/DAR/78A08/2015/63,West Bengal,Darjeeling,27.05913,88.45943,Debris,Slide,2007,2007.0,1
WB/DAR/78A12/2015/255,West Bengal,Darjeeling,27.059243,88.589275,Rock,Slide,2013,2013.0,1
WB/DAR/78A08/2015/1157,West Bengal,Darjeeling,27.059583,88.358111,Debris,Slide,2015,2015.0,1
WB/DAR/78A12/2015/224,West Bengal,Darjeeling,27.059972,88.568836,Rock,Slide,2012,2012.0,1
WB/DAR/78A04/2021/PDLS/63,West Bengal,Darjeeling,27.06034823,88.09329107,Debris,Slide,October 2021,2021.0,1
WB/DAR/78A08/2015/91,West Bengal,Darjeeling,27.061,88.258472,Debris,Slide,2009,2009.0,1
WB/DAR/78A04/2015/1222,West Bengal,Darjeeling,27.061278,88.149056,Debris,Slide,2016,2016.0,1
WB/DAR/78A12/2015/225,West Bengal,Darjeeling,27.061644,88.56757,Rock,Slide,2012,2012.0,1
WB/DAR/78A08/2015/1461,West Bengal,Darjeeling,27.061813,88.312828,Debris,Slide,2014,2014.0,1
WB/DAR/78A04/2015/1221,West Bengal,Darjeeling,27.061889,88.148,Rock cum Debris,Slide,2014,2014.0,1
WB/DARJ/78A12/2007/0016,West Bengal,Darjeeling,27.062,88.6754,Debris,Slide,2007,2007.0,1
WB/DAR/78A08/2015/1507,West Bengal,Darjeeling,27.062377,88.257696,Debris,Slide,2014,2014.0,1
WB/DAR/78A08/2015/1462,West Bengal,Darjeeling,27.062724,88.298918,Debris,Slide,2014,2014.0,1
WB/DAR/78A04/2015/1219,West Bengal,Darjeeling,27.06275,88.155417,Debris,Subsidence,2014,2014.0,1
WB/DAR/78A12/2015/260,West Bengal,Darjeeling,27.062786,88.565429,Rock,Slide,2013,2013.0,1
WB/DAR/78A12/2015/1371,West Bengal,Darjeeling,27.063,88.555278,Debris,Slide,2016,2016.0,1
WB/DAR/78A04/2021/PDLS/60,West Bengal,Darjeeling,27.06304124,88.09060469,Debris,Slide,October 2021,2021.0,1
WB/DAR/78A08/2015/1506,West Bengal,Darjeeling,27.063181,88.256254,Rock,Slide,2015,2015.0,1
WB/DAR/78A04/2021/PDLS/61,West Bengal,Darjeeling,27.06323889,88.09072761,Debris,Slide,October 2021,2021.0,1
WB/DAR/78A08/2015/1505,West Bengal,Darjeeling,27.063352,88.25532,Rock,Slide,2014,2014.0,1
WB/DAR/78A04/2015/1463,West Bengal,Darjeeling,27.0634,88.245093,Debris,Slide,2014,2014.0,1
WB/DAR/78A08/2015/94,West Bengal,Darjeeling,27.063944,88.255639,Debris,Slide,2009,2009.0,1
WB/DAR/78A12/2015/226,West Bengal,Darjeeling,27.064,88.564,Rock,Slide,2012,2012.0,1
WB/DAR/78A12/2015/261,West Bengal,Darjeeling,27.064,88.554,Rock,Slide,2013,2013.0,1
WB/DAR/78A08/2015/1504,West Bengal,Darjeeling,27.064007,88.254863,Rock cum Debris,Slide,2014,2014.0,1
WB/DAR/78A08/2015/96,West Bengal,Darjeeling,27.064034,88.25481,Debris,Slide,2009,2009.0,1
WB/DAR/78A12/2015/1277,West Bengal,Darjeeling,27.064056,88.618972,Debris,Subsidence,2014,2014.0,1
WB/DARJ/78A12/2007/0018,West Bengal,Darjeeling,27.06415,88.6615,Debris,Slide,2007,2007.0,1
WB/DAR/78A08/2015/1464,West Bengal,Darjeeling,27.064174,88.493381,Debris,Slide,2010,2010.0,1
WB/DAR/78A12/2015/1383,West Bengal,Darjeeling,27.064389,88.670583,Rock,Slide,2012,2012.0,1
WB/DAR/78A12/2015/1465,West Bengal,Darjeeling,27.064508,88.606233,Debris,Slide,2010,2010.0,1
WB/DAR/78A12/2015/1466,West Bengal,Darjeeling,27.064605,88.529822,Debris,Slide,2010,2010.0,1
WB/DAR/78A04/2021/PDLS/62,West Bengal,Darjeeling,27.06519661,88.09437673,Debris,Slide,October 2021,2021.0,1
WB/DAR/78A12/2015/1468,West Bengal,Darjeeling,27.06539,88.530093,Debris,Slide,2014,2014.0,1
WB/DAR/78A08/2015/1467,West Bengal,Darjeeling,27.065465,88.293073,Rock cum Debris,Slide,2010,2010.0,1
WB/DAR/78A12/2015/1382,West Bengal,Darjeeling,27.065556,88.667583,Rock,Slide,2012,2012.0,1
WB/DAR/78A04/2015/1469,West Bengal,Darjeeling,27.066264,88.239635,Debris,Slide,2014,2014.0,1
WB/DAR/78A08/2015/1514,West Bengal,Darjeeling,27.066407,88.429101,Debris,Slide,2014,2014.0,1
WB/DAR/78A08/2015/152,West Bengal,Darjeeling,27.0665,88.428333,Rock,Slide,2015,2015.0,1
WB/DAR/78A08/2015/148,West Bengal,Darjeeling,27.0665,88.428333,Rock,Slide,2015,2015.0,1
WB/DAR/78A04/2015/1220,West Bengal,Darjeeling,27.066667,88.161861,Debris,Subsidence,2014,2014.0,1
WB/DAR/78A08/2015/141,West Bengal,Darjeeling,27.066759,88.426606,Debris,Subsidence,2015,2015.0,1
WB/DARJ/78A08/2007/0314,West Bengal,Darjeeling,27.067,88.467,Debris,Subsidence,2007,2007.0,1
WB/DAR/78A04/2015/1218,West Bengal,Darjeeling,27.067002,88.189484,Rock,Slide,2014,2014.0,1
WB/DAR/78A04/2021/PDLS/58,West Bengal,Darjeeling,27.06724819,88.08942523,Debris,Slide,October 2021,2021.0,1
WB/DARJ/78A12/2007/0017,West Bengal,Darjeeling,27.0676,88.6644,Rock,Slide,2007,2007.0,1
WB/DAR/78A08/2015/1359,West Bengal,Darjeeling,27.067944,88.430028,Debris,Slide,2014,2014.0,1
WB/DAR/78A08/2015/1538,West Bengal,Darjeeling,27.068226,88.49672,Debris,Slide,2014,2014.0,1
WB/DAR/78A08/2015/1158,West Bengal,Darjeeling,27.068583,88.391056,Debris,Slide,2016,2016.0,1
WB/DAR/78A08/2015/73,West Bengal,Darjeeling,27.068711,88.352012,Debris,Flow,2007,2007.0,1
WB/DAR/78A12/2015/1269,West Bengal,Darjeeling,27.069639,88.617167,Debris,Subsidence,2012,2012.0,1
WB/DAR/78A08/2015/1358,West Bengal,Darjeeling,27.069694,88.429972,Rock,Fall,2014,2014.0,1
WB/DAR/78A08/2015/1159,West Bengal,Darjeeling,27.070333,88.426056,Debris,Subsidence,2015,2015.0,1
WB/DAR/78A12/2015/1470,West Bengal,Darjeeling,27.070341,88.610255,Debris,Slide,2010,2010.0,1
WB/DAR/78A04/2021/PDLS/59,West Bengal,Darjeeling,27.07052405,88.0907376,Debris,Slide,October 2021,2021.0,1
WB/DAR/78A12/2015/221,West Bengal,Darjeeling,27.07073,88.610674,Debris,Subsidence,2012,2012.0,1
WB/DAR/78A12/2015/1272,West Bengal,Darjeeling,27.07075,88.59825,Debris,Slide,2016,2016.0,1
WB/DAR/78A04/2015/1210,West Bengal,Darjeeling,27.070889,88.186333,Rock cum Debris,Slide,2016,2016.0,1
WB/DARJ/78A08/2012/0311,West Bengal,Darjeeling,27.071,88.452,Debris,Subsidence,2012,2012.0,1
WB/DAR/78A08/2015/1343,West Bengal,Darjeeling,27.071139,88.452722,Debris,Slide,2014,2014.0,1
WB/DAR/78A04/2021/PDLS/57,West Bengal,Darjeeling,27.07114104,88.08917041,Debris,Slide,October 2021,2021.0,1
WB/DAR/78A16/2015/298,West Bengal,Darjeeling,27.071184,88.869193,Debris,Subsidence,2005,2005.0,1
WB/DAR/78A04/2015/25,West Bengal,Darjeeling,27.0713,88.2008,Debris,Subsidence,2011,2011.0,1
WB/DAR/78A08/2015/1297,West Bengal,Darjeeling,27.071417,88.480667,Debris,Subsidence,2016,2016.0,1
WB/DAR/78A12/2015/220,West Bengal,Darjeeling,27.071719,88.612237,Debris,Subsidence,2012,2012.0,1
WB/DAR/78A08/2015/135,West Bengal,Darjeeling,27.072,88.456,Debris,Slide,2013,2013.0,1
WB/DAR/78A04/2021/PDLS/56,West Bengal,Darjeeling,27.0721483,88.0896642,Debris,Slide,October 2021,2021.0,1
WB/DAR/78A04/2021/PDLS/55,West Bengal,Darjeeling,27.07239404,88.0917339,Debris,Slide,October 2021,2021.0,1
WB/DAR/78A08/2015/1517,West Bengal,Darjeeling,27.072467,88.457214,Debris,Slide,2015,2015.0,1
WB/DAR/78A04/2015/1231,West Bengal,Darjeeling,27.072528,88.166139,Debris,Slide,2016,2016.0,1
WB/DAR/78A08/2015/154,West Bengal,Darjeeling,27.072583,88.45725,Debris,Slide,2015,2015.0,1
WB/DAR/78A08/2015/149,West Bengal,Darjeeling,27.072583,88.45725,Debris,Slide,2015,2015.0,1
WB/DAR/78A08/2015/125,West Bengal,Darjeeling,27.073266,88.452106,Debris,Subsidence,2012,2012.0,1
WB/DAR/78A08/2015/114,West Bengal,Darjeeling,27.073957,88.436247,Debris,Slide,2011,2011.0,1
WB/DAR/78A12/2015/253,West Bengal,Darjeeling,27.074,88.61,Debris,Subsidence,2013,2013.0,1
WB/DAR/78A12/2015/1270,West Bengal,Darjeeling,27.074222,88.609639,Debris,Subsidence,2012,2012.0,1
WB/DAR/78A12/2015/1271,West Bengal,Darjeeling,27.074583,88.606,Debris,Slide,2015,2015.0,1
WB/DAR/78A04/2021/PDLS/54,West Bengal,Darjeeling,27.07499928,88.09221295,Debris,Slide,October 2021,2021.0,1
WB/DAR/78A04/2015/1265,West Bengal,Darjeeling,27.076056,88.092056,Debris,Slide,2014,2014.0,1
WB/DAR/78A12/2015/1527,West Bengal,Darjeeling,27.076265,88.513268,Debris,Slide,2014,2014.0,1
WB/DAR/78A12/2015/202,West Bengal,Darjeeling,27.0763,88.51323,Rock,Slide,2007,2007.0,1
WB/DAR/78A16/2015/314,West Bengal,Darjeeling,27.076556,88.863556,Rock,Slide,2016,2016.0,1
WB/DAR/78A08/2015/68,West Bengal,Darjeeling,27.076644,88.475003,Debris,Slide,2007,2007.0,1
WB/DARJ/78A08/2007/0322,West Bengal,Darjeeling,27.077,88.475,Debris,Slide,2007,2007.0,1
WB/DARJ/78A08/2007/0323,West Bengal,Darjeeling,27.077,88.472,Debris,Flow,2007,2007.0,1
WB/DAR/78A08/2015/157,West Bengal,Darjeeling,27.077556,88.485417,Debris,Slide,2015,2015.0,1
WB/DAR/78A08/2015/147,West Bengal,Darjeeling,27.077556,88.485417,Debris,Slide,2015,2015.0,1
WB/DAR/78A08/2015/69,West Bengal,Darjeeling,27.07768,88.471037,Debris,Flow,2007,2007.0,1
WB/DAR/78A08/2015/1354,West Bengal,Darjeeling,27.077778,88.485167,Debris,Slide,2016,2016.0,1
WB/DAR/78A16/2015/312,West Bengal,Darjeeling,27.077972,88.870222,Debris,Slide,2016,2016.0,1
WB/DAR/78A04/2015/1234,West Bengal,Darjeeling,27.078167,88.23425,Debris,Slide,2011,2011.0,1
WB/DAR/78A04/2015/1226,West Bengal,Darjeeling,27.07925,88.180583,Debris,Subsidence,2014,2014.0,1
WB/DAR/78A04/2021/PDLS/52,West Bengal,Darjeeling,27.07993947,88.09193812,Debris,Slide,October 2021,2021.0,1
WB/DARJ/78A08/2007/0333,West Bengal,Darjeeling,27.08,88.335,Rock,Slide,2007,2007.0,1
WB/DAR/78A08/2015/74,West Bengal,Darjeeling,27.08,88.4887,Debris,Subsidence,2007,2007.0,1
WB/DAR/78A08/2015/1513,West Bengal,Darjeeling,27.080022,88.332964,Debris,Subsidence,2015,2015.0,1
WB/DAR/78A08/2015/1327,West Bengal,Darjeeling,27.080056,88.474667,Rock,Slide,2012,2012.0,1
WB/DAR/78A04/2015/1196,West Bengal,Darjeeling,27.080083,88.208833,Rock,Slide,2015,2015.0,1
WB/DAR/78A08/2015/75,West Bengal,Darjeeling,27.080127,88.333187,Rock,Slide,2007,2007.0,1
WB/DAR/78A12/2015/1471,West Bengal,Darjeeling,27.08024,88.537935,Debris,Slide,2010,2010.0,1
WB/DAR/78A04/2021/PDLS/50,West Bengal,Darjeeling,27.08040884,88.09078287,Debris,Slide,October 2021,2021.0,1
WB/DAR/78A08/2015/115,West Bengal,Darjeeling,27.080872,88.446457,Debris,Slide,2011,2011.0,1
WB/DAR/78A04/2021/PDLS/53,West Bengal,Darjeeling,27.08105244,88.09160601,Debris,Slide,October 2021,2021.0,1
WB/DAR/78A12/2015/1472,West Bengal,Darjeeling,27.081287,88.536762,Debris,Slide,2012,2012.0,1
WB/DAR/78A12/2015/1473,West Bengal,Darjeeling,27.081494,88.535867,Debris,Slide,2012,2012.0,1
WB/DAR/78A08/2015/150,West Bengal,Darjeeling,27.081607,88.48978,Rock,Slide,2015,2015.0,1
WB/DAR/78A08/2015/156,West Bengal,Darjeeling,27.081646,88.490146,Rock,Slide,2015,2015.0,1
WB/DAR/78A08/2015/1357,West Bengal,Darjeeling,27.08225,88.446028,Debris,Slide,2014,2014.0,1
WB/DAR/78A08/2015/1314,West Bengal,Darjeeling,27.082528,88.291278,Debris,Slide,2015,2015.0,1
WB/DAR/78A04/2015/1227,West Bengal,Darjeeling,27.082556,88.18475,Rock,Slide,2015,2015.0,1
WB/DAR/78A08/2015/1356,West Bengal,Darjeeling,27.082833,88.449639,Debris,Slide,2014,2014.0,1
WB/DAR/78A04/2021/PDLS/51,West Bengal,Darjeeling,27.08301578,88.08638061,Debris,Slide,October 2021,2021.0,1
WB/DAR/78A04/2021/PDLS/49,West Bengal,Darjeeling,27.08383594,88.09469898,Debris,Slide,October 2021,2021.0,1
WB/DAR/78A04/2015/1233,West Bengal,Darjeeling,27.084111,88.236861,Debris,Subsidence,2013,2013.0,1
WB/DAR/78A12/2015/1474,West Bengal,Darjeeling,27.084286,88.535723,Debris,Slide,2014,2014.0,1
WB/DAR/78A08/2015/155,West Bengal,Darjeeling,27.084611,88.493139,Rock,Slide,2015,2015.0,1
WB/DAR/78A08/2015/142,West Bengal,Darjeeling,27.084611,88.493139,Rock,Slide,2015,2015.0,1
WB/DAR/78A12/2015/1531,West Bengal,Darjeeling,27.085501,88.66037,Debris,Subsidence,2015,2015.0,1
WB/DAR/78A12/2015/1381,West Bengal,Darjeeling,27.085722,88.563167,Debris,Slide,2015,2015.0,1
WB/DAR/78A12/2015/191,West Bengal,Darjeeling,27.085837,88.660368,Debris,Slide,2007,2007.0,1
WB/DAR/78A12/2015/1475,West Bengal,Darjeeling,27.086356,88.53525,Debris,Slide,2010,2010.0,1
WB/DAR/78A08/2015/1537,West Bengal,Darjeeling,27.08672,88.473087,Rock,Slide,2016,2016.0,1
WB/DAR/78A08/2015/131,West Bengal,Darjeeling,27.086814,88.47421,Debris,Slide,2013,2013.0,1
WB/DAR/78A08/2015/130,West Bengal,Darjeeling,27.086855,88.473078,Debris,Slide,2013,2013.0,1
WB/DAR/78A12/2015/254,West Bengal,Darjeeling,27.087,88.647,Rock,Slide,2013,2013.0,1
WB/DAR/78A12/2015/1268,West Bengal,Darjeeling,27.087028,88.646528,Rock,Slide,2015,2015.0,1
WB/DARJ/78A08/2013/0305,West Bengal,Darjeeling,27.088,88.475,Debris,Slide,2013,2013.0,1
WB/DAR/78A12/2015/1526,West Bengal,Darjeeling,27.088743,88.537401,Debris,Subsidence,2014,2014.0,1
WB/DAR/78A04/2015/1184,West Bengal,Darjeeling,27.08875,88.24375,Debris,Slide,2015,2015.0,1
WB/DAR/78A04/2015/1211,West Bengal,Darjeeling,27.088806,88.164556,Debris,Slide,2014,2014.0,1
WB/DAR/78A08/2015/1476,West Bengal,Darjeeling,27.088894,88.388802,Debris,Slide,2010,2010.0,1
WB/DAR/78A12/2015/1340,West Bengal,Darjeeling,27.088917,88.53075,Debris,Subsidence,2014,2014.0,1
WB/DARJ/78A08/2012/0309,West Bengal,Darjeeling,27.089,88.486,Rock,Slide,2012,2012.0,1
WB/DAR/78A12/2015/242,West Bengal,Darjeeling,27.089,88.652,Rock,Slide,2013,2013.0,1
WB/DAR/78A04/2015/1228,West Bengal,Darjeeling,27.089194,88.1925,Debris,Slide,2015,2015.0,1
WB/DARJ/78A12/2007/0022,West Bengal,Darjeeling,27.0893,88.6556,Debris,Slide,2007,2007.0,1
WB/DAR/78A08/2015/123,West Bengal,Darjeeling,27.089384,88.483973,Rock,Slide,2012,2012.0,1
WB/DAR/78A12/2015/1477,West Bengal,Darjeeling,27.089399,88.533188,Debris,Slide,2010,2010.0,1
WB/DAR/78A08/2015/1328,West Bengal,Darjeeling,27.089694,88.480167,Debris,Slide,2013,2013.0,1
WB/DAR/78A04/2021/PDLS/48,West Bengal,Darjeeling,27.08994105,88.09900456,Rock,Slide,October 2021,2021.0,1
WB/DARJ/78A08/2013/0308,West Bengal,Darjeeling,27.09,88.486,Rock,Slide,2013,2013.0,1
WB/DAR/78A12/2015/1332,West Bengal,Darjeeling,27.090528,88.532,Debris,Subsidence,2014,2014.0,1
WB/DARJ/78A12/2007/0037,West Bengal,Darjeeling,27.0907,88.5393,Rock,Slide,2007,2007.0,1
WB/DAR/78A04/2015/1183,West Bengal,Darjeeling,27.090778,88.249972,Debris,Slide,2015,2015.0,1
WB/DAR/78A08/2015/1521,West Bengal,Darjeeling,27.091287,88.49675,Rock,Slide,2014,2014.0,1
WB/DAR/78A08/2015/122,West Bengal,Darjeeling,27.091379,88.496946,Debris,Slide,2012,2012.0,1
WB/DAR/78A12/2015/200,West Bengal,Darjeeling,27.09148,88.537656,Debris,Slide,2007,2007.0,1
WB/DAR/78A04/2015/1232,West Bengal,Darjeeling,27.091889,88.224861,Debris,Subsidence,2014,2014.0,1
WB/DAR/78A04/2015/1480,West Bengal,Darjeeling,27.092284,88.077176,Debris,Slide,2010,2010.0,1
WB/DAR/78A08/2015/132,West Bengal,Darjeeling,27.092289,88.490432,Rock,Slide,2013,2013.0,1
WB/DAR/78A08/2015/1315,West Bengal,Darjeeling,27.092389,88.308306,Debris,Subsidence,2014,2014.0,1
WB/DAR/78A12/2015/1478,West Bengal,Darjeeling,27.092605,88.65626,Debris,Slide,2010,2010.0,1
WB/DAR/78A12/2015/1479,West Bengal,Darjeeling,27.093516,88.65566,Rock cum Debris,Slide,2010,2010.0,1
WB/DAR/78A04/2015/1481,West Bengal,Darjeeling,27.093576,88.077703,Debris,Slide,2006,2006.0,1
WB/DARJ/78A12/2007/0035,West Bengal,Darjeeling,27.094,88.5435,Debris,Slide,2007,2007.0,1
WB/DARJ/78A12/2007/0033,West Bengal,Darjeeling,27.094,88.5434,Debris,Slide,2007,2007.0,1
WB/DAR/78A12/2015/1482,West Bengal,Darjeeling,27.094012,88.655654,Rock cum Debris,Slide,2010,2010.0,1
WB/DAR/78A12/2015/1483,West Bengal,Darjeeling,27.0944,88.655857,Debris,Slide,2014,2014.0,1
WB/DAR/78A12/2015/195,West Bengal,Darjeeling,27.094496,88.61065,Debris,Subsidence,2007,2007.0,1
WB/DAR/78A04/2015/1500,West Bengal,Darjeeling,27.094618,88.101956,Rock,Slide,2010,2010.0,1
WB/DAR/78A04/2015/1259,West Bengal,Darjeeling,27.095056,88.1035,Rock,Slide,2014,2014.0,1
WB/DAR/78A04/2021/PDLS/47,West Bengal,Darjeeling,27.09526828,88.10233468,Rock,Slide,October 2021,2021.0,1
WB/DARJ/78A12/2007/0034,West Bengal,Darjeeling,27.0955,88.5452,Debris,Subsidence,2007,2007.0,1
WB/DAR/78A04/2015/1212,West Bengal,Darjeeling,27.095556,88.166222,Debris,Subsidence,2014,2014.0,1
WB/DAR/78A04/2015/1195,West Bengal,Darjeeling,27.095778,88.226278,Rock,Slide,2016,2016.0,1
WB/DAR/78A12/2015/1282,West Bengal,Darjeeling,27.095917,88.685222,Debris,Slide,2015,2015.0,1
WB/DAR/78A12/2015/1484,West Bengal,Darjeeling,27.096416,88.655477,Rock cum Debris,Slide,2010,2010.0,1
WB/DARJ/78A12/2007/0027,West Bengal,Darjeeling,27.0966,88.6082,Debris,Slide,2007,2007.0,1
WB/DARJ/78A12/2007/0024,West Bengal,Darjeeling,27.0966,88.6436,Debris,Slide,2007,2007.0,1
WB/DAR/78A04/2015/1260,West Bengal,Darjeeling,27.096944,88.094083,Debris,Slide,2015,2015.0,1
WB/DAR/78A08/2015/1161,West Bengal,Darjeeling,27.097,88.253139,Debris,Slide,2015,2015.0,1
WB/DAR/78A12/2015/1330,West Bengal,Darjeeling,27.097222,88.605944,Rock,Slide,2014,2014.0,1
WB/DAR/78A04/2015/1230,West Bengal,Darjeeling,27.097306,88.17325,Rock cum Debris,Slide,2015,2015.0,1
WB/DAR/78A12/2015/1283,West Bengal,Darjeeling,27.097583,88.681139,Debris,Slide,2014,2014.0,1
WB/DAR/78A08/2015/1519,West Bengal,Darjeeling,27.097689,88.468172,Debris,Creep,2016,2016.0,1
WB/DAR/78A12/2015/274,West Bengal,Darjeeling,27.098279,88.604791,Rock,Slide,2013,2013.0,1
WB/DAR/78A04/2015/1185,West Bengal,Darjeeling,27.098583,88.231861,Rock,Slide,2014,2014.0,1
WB/DAR/78A04/2015/1163,West Bengal,Darjeeling,27.099139,88.246667,Debris,Slide,2015,2015.0,1
WB/DAR/78A04/2021/PDLS/89,West Bengal,Darjeeling,27.09955812,88.10555407,Debris,Slide,October 2021,2021.0,1
WB/DAR/78A12/2015/275,West Bengal,Darjeeling,27.099652,88.602099,Debris,Slide,2013,2013.0,1
WB/DAR/78A04/2015/1499,West Bengal,Darjeeling,27.099758,88.082597,Debris,Subsidence,2012,2012.0,1
WB/DARJ/78A12/2007/0025,West Bengal,Darjeeling,27.0998,88.6325,Debris,Subsidence,2007,2007.0,1
WB/DAR/78A08/2015/1520,West Bengal,Darjeeling,27.099813,88.471717,Debris,Slide,2016,2016.0,1
WB/DAR/78A12/2015/1284,West Bengal,Darjeeling,27.099861,88.679778,Rock,Slide,2014,2014.0,1
WB/DAR/78A12/2015/1285,West Bengal,Darjeeling,27.099882,88.680007,Rock,Slide,2014,2014.0,1
WB/DAR/78A04/2015/1194,West Bengal,Darjeeling,27.100463,88.229497,Rock cum Debris,Slide,2015,2015.0,1
WB/DAR/78A04/2015/1193,West Bengal,Darjeeling,27.100556,88.229389,Rock cum Debris,Slide,2016,2016.0,1
WB/DAR/78A08/2015/1316,West Bengal,Darjeeling,27.100667,88.319556,Rock,Slide,2015,2015.0,1
WB/DAR/78A12/2015/276,West Bengal,Darjeeling,27.1008,88.601595,Rock,Slide,2013,2013.0,1
WB/DAR/78A04/2015/1192,West Bengal,Darjeeling,27.101086,88.230392,Rock cum Debris,Slide,2015,2015.0,1
WB/DAR/78A04/2015/26,West Bengal,Darjeeling,27.1012,88.2305,Debris,Slide,2011,2011.0,1
WB/DAR/78A12/2015/244,West Bengal,Darjeeling,27.102,88.545,Debris,Slide,2013,2013.0,1
WB/DAR/78A08/2015/1162,West Bengal,Darjeeling,27.102333,88.250417,Rock,Slide,2015,2015.0,1
WB/DAR/78A16/2015/310,West Bengal,Darjeeling,27.102583,88.831361,Debris,Slide,2016,2016.0,1
WB/DAR/78A04/2015/1191,West Bengal,Darjeeling,27.103139,88.232194,Rock cum Debris,Slide,2016,2016.0,1
WB/DAR/78A04/2015/1170,West Bengal,Darjeeling,27.103139,88.232194,Debris,Slide,2015,2015.0,1
WB/DAR/78A04/2015/1172,West Bengal,Darjeeling,27.103158,88.230303,Debris,Subsidence,2015,2015.0,1
WB/DAR/78A04/2015/1171,West Bengal,Darjeeling,27.103389,88.231028,Debris,Slide,2015,2015.0,1
WB/DAR/78A12/2015/1485,West Bengal,Darjeeling,27.103807,88.654767,Debris,Slide,2010,2010.0,1
WB/DAR/78A04/2021/PDLS/90,West Bengal,Darjeeling,27.10392196,88.10968228,Rock,Slide,October 2021,2021.0,1
WB/DAR/78A04/2015/1258,West Bengal,Darjeeling,27.103944,88.129667,Rock,Slide,2016,2016.0,1
WB/DAR/78A04/2015/1186,West Bengal,Darjeeling,27.103944,88.234833,Rock,Slide,2016,2016.0,1
WB/DAR/78A12/2015/278,West Bengal,Darjeeling,27.104289,88.572029,Debris,Slide,2013,2013.0,1
WB/DAR/78A04/2015/1169,West Bengal,Darjeeling,27.104722,88.233111,Rock,Slide,2015,2015.0,1
WB/DAR/78A16/2015/313,West Bengal,Darjeeling,27.104722,88.83475,Rock,Slide,2016,2016.0,1
WB/DAR/78A04/2015/1168,West Bengal,Darjeeling,27.105861,88.232889,Rock,Slide,2015,2015.0,1
WB/DAR/78A04/2015/1257,West Bengal,Darjeeling,27.105889,88.132833,Rock,Slide,2016,2016.0,1
WB/DAR/78A04/2015/1190,West Bengal,Darjeeling,27.105917,88.232889,Debris,Slide,2016,2016.0,1
WB/DAR/78A04/2015/1187,West Bengal,Darjeeling,27.106139,88.235583,Debris,Subsidence,2015,2015.0,1
WB/DAR/78A04/2015/1167,West Bengal,Darjeeling,27.107222,88.233639,Rock,Slide,2015,2015.0,1
WB/DAR/78A04/2015/1166,West Bengal,Darjeeling,27.107333,88.234667,Rock,Slide,2015,2015.0,1
WB/DAR/78A04/2015/1189,West Bengal,Darjeeling,27.107417,88.234861,Rock,Slide,2015,2015.0,1
WB/DAR/78A04/2015/1217,West Bengal,Darjeeling,27.108167,88.214917,Rock,Slide,2015,2015.0,1
WB/DAR/78A08/2015/1486,West Bengal,Darjeeling,27.108441,88.298306,Debris,Slide,2013,2013.0,1
WB/DAR/78A04/2015/1188,West Bengal,Darjeeling,27.108694,88.237889,Rock,Slide,2015,2015.0,1
WB/DAR/78A08/2015/1487,West Bengal,Darjeeling,27.109334,88.282168,Debris,Slide,2013,2013.0,1
WB/DAR/78A12/2015/1488,West Bengal,Darjeeling,27.110498,88.662793,Debris,Slide,2013,2013.0,1
WB/DAR/78A12/2015/235,West Bengal,Darjeeling,27.110853,88.586053,Debris,Slide,2012,2012.0,1
WB/DAR/78A04/2021/PDLS/91,West Bengal,Darjeeling,27.11087726,88.11826507,Debris,Slide,October 2021,2021.0,1
WB/DAR/78A04/2021/PDLS/92,West Bengal,Darjeeling,27.11092773,88.11872961,Debris,Slide,October 2021,2021.0,1
WB/DAR/78A04/2015/1502,West Bengal,Darjeeling,27.111643,88.240284,Debris,Subsidence,2014,2014.0,1
WB/DAR/78A04/2015/1216,West Bengal,Darjeeling,27.111722,88.204333,Debris,Slide,2014,2014.0,1
WB/DAR/78A12/2015/1286,West Bengal,Darjeeling,27.111722,88.682611,Debris,Slide,2014,2014.0,1
WB/DAR/78A04/2015/27,West Bengal,Darjeeling,27.1119,88.2382,Debris,Slide,2011,2011.0,1
WB/DAR/78A08/2015/1489,West Bengal,Darjeeling,27.112404,88.309032,Debris,Slide,2013,2013.0,1
WB/DAR/78A04/2015/1253,West Bengal,Darjeeling,27.112472,88.214389,Debris,Subsidence,2015,2015.0,1
WB/DAR/78A08/2015/1317,West Bengal,Darjeeling,27.112833,88.313722,Debris,Slide,2014,2014.0,1
WB/DAR/78A08/2015/1522,West Bengal,Darjeeling,27.113033,88.473218,Rock cum Debris,Slide,2015,2015.0,1
WB/DAR/78A04/2021/PDLS/93,West Bengal,Darjeeling,27.11435984,88.12755056,Debris,Slide,October 2021,2021.0,1
WB/DAR/78A12/2015/1287,West Bengal,Darjeeling,27.114583,88.680833,Debris,Slide,2015,2015.0,1
WB/DAR/78A16/2015/305,West Bengal,Darjeeling,27.115,88.816972,Rock,Slide,2016,2016.0,1
WB/DAR/78A16/2015/311,West Bengal,Darjeeling,27.115222,88.818111,Debris,Slide,2016,2016.0,1
WB/DAR/78A04/2015/1215,West Bengal,Darjeeling,27.115528,88.206583,Debris,Slide,2016,2016.0,1
WB/DAR/78A04/2015/1254,West Bengal,Darjeeling,27.115556,88.218833,Rock cum Debris,Slide,2015,2015.0,1
WB/DAR/78A04/2015/1255,West Bengal,Darjeeling,27.115889,88.220111,Rock cum Debris,Slide,2016,2016.0,1
WB/DAR/78A04/2015/1229,West Bengal,Darjeeling,27.115917,88.186389,Debris,Slide,2016,2016.0,1
WB/DAR/78A08/2015/1523,West Bengal,Darjeeling,27.116033,88.47785,Rock,Slide,2016,2016.0,1
WB/DAR/78A08/2015/1490,West Bengal,Darjeeling,27.116699,88.264092,Debris,Slide,2013,2013.0,1
WB/DAR/78A12/2015/277,West Bengal,Darjeeling,27.116707,88.582133,Rock,Slide,2013,2013.0,1
WB/DAR/78A04/2015/1261,West Bengal,Darjeeling,27.116833,88.121222,Debris,Slide,2015,2015.0,1
WB/DAR/78A12/2015/248,West Bengal,Darjeeling,27.117,88.53,Rock,Slide,2013,2013.0,1
WB/DAR/78A04/2015/1262,West Bengal,Darjeeling,27.117028,88.126722,Rock,Slide,2015,2015.0,1
WB/DAR/78A12/2015/1296,West Bengal,Darjeeling,27.117139,88.58175,Debris,Slide,2014,2014.0,1
WB/DAR/78A12/2015/1368,West Bengal,Darjeeling,27.117472,88.529833,Debris,Slide,2016,2016.0,1
WB/DAR/78A04/2015/1256,West Bengal,Darjeeling,27.118,88.221278,Rock cum Debris,Slide,2016,2016.0,1
WB/DAR/78A16/2015/303,West Bengal,Darjeeling,27.118444,88.77631,Debris,Slide,2013,2013.0,1
WB/DAR/78A04/2015/1491,West Bengal,Darjeeling,27.11898,88.214652,Debris,Slide,2014,2014.0,1
WB/DAR/78A04/2015/1213,West Bengal,Darjeeling,27.119111,88.187333,Rock,Slide,2014,2014.0,1
WB/DAR/78A12/2015/1492,West Bengal,Darjeeling,27.119812,88.5074,Debris,Slide,2014,2014.0,1
WB/DARJ/78A08/2012/0296,West Bengal,Darjeeling,27.12,88.486,Rock,Slide,2012,2012.0,1
WB/DAR/78A04/2015/1252,West Bengal,Darjeeling,27.120481,88.210434,Debris,Slide,2015,2015.0,1
WB/DAR/78A04/2015/1251,West Bengal,Darjeeling,27.120806,88.209778,Debris,Slide,2015,2015.0,1
WB/DAR/78A08/2015/1525,West Bengal,Darjeeling,27.120961,88.499189,Debris,Slide,2015,2015.0,1
WB/DARJ/78A08/2011/0297,West Bengal,Darjeeling,27.121,88.487,Debris,Slide,2011,2011.0,1
WB/DAR/78A16/2015/302,West Bengal,Darjeeling,27.1211,88.776267,Debris,Slide,2011,2011.0,1
WB/DAR/78A04/2015/1263,West Bengal,Darjeeling,27.121694,88.104833,Debris,Subsidence,2014,2014.0,1
WB/DAR/78A04/2015/1214,West Bengal,Darjeeling,27.121722,88.189028,Rock,Slide,2014,2014.0,1
WB/DAR/78A16/2015/301,West Bengal,Darjeeling,27.121766,88.774996,Debris,Slide,2011,2011.0,1
WB/DAR/78A12/2015/1288,West Bengal,Darjeeling,27.121972,88.675806,Debris,Slide,2014,2014.0,1
WB/DAR/78A12/2015/217,West Bengal,Darjeeling,27.122285,88.501597,Rock,Slide,2010,2010.0,1
WB/DAR/78A12/2015/247,West Bengal,Darjeeling,27.122652,88.528893,Debris,Slide,2013,2013.0,1
WB/DAR/78A04/2021/PDLS/94,West Bengal,Darjeeling,27.12288593,88.10430026,Debris,Slide,October 2021,2021.0,1
WB/DAR/78A04/2021/PDLS/96,West Bengal,Darjeeling,27.12351621,88.10450824,Debris,Slide,October 2021,2021.0,1
WB/DAR/78A04/2021/PDLS/95,West Bengal,Darjeeling,27.12405172,88.1041402,Debris,Slide,October 2021,2021.0,1
WB/DAR/78A08/2015/1524,West Bengal,Darjeeling,27.124335,88.490691,Rock cum Debris,Slide,2016,2016.0,1
WB/DAR/78A08/2015/1164,West Bengal,Darjeeling,27.126417,88.27125,Debris,Subsidence,2015,2015.0,1
WB/DAR/78A04/2021/PDLS/97,West Bengal,Darjeeling,27.12703558,88.0943021,Debris,Slide,October 2021,2021.0,1
WB/DAR/78A04/2021/PDLS/98,West Bengal,Darjeeling,27.12920649,88.08793652,Debris,Slide,October 2021,2021.0,1
WB/DAR/78A04/2021/PDLS/99,West Bengal,Darjeeling,27.13051,88.0851442,Debris,Slide,October 2021,2021.0,1
WB/DAR/78A12/2015/1493,West Bengal,Darjeeling,27.133192,88.68913,Debris,Slide,2013,2013.0,1
WB/DAR/78A04/2015/1264,West Bengal,Darjeeling,27.134194,88.081778,Debris,Slide,2016,2016.0,1
WB/DAR/78A12/2015/1495,West Bengal,Darjeeling,27.134847,88.54347,Debris,Slide,2013,2013.0,1
WB/DAR/78A12/2015/1494,West Bengal,Darjeeling,27.134978,88.540356,Rock cum Debris,Slide,2013,2013.0,1
WB/DAR/78A12/2015/1295,West Bengal,Darjeeling,27.141917,88.66425,Debris,Slide,2016,2016.0,1
WB/DAR/78A12/2015/1289,West Bengal,Darjeeling,27.142194,88.66525,Debris,Subsidence,2015,2015.0,1
WB/DAR/78A12/2015/252,West Bengal,Darjeeling,27.142637,88.560902,Debris,Subsidence,2013,2013.0,1
WB/DAR/78A12/2015/1496,West Bengal,Darjeeling,27.143115,88.536036,Debris,Slide,2013,2013.0,1
WB/DAR/78A12/2015/1294,West Bengal,Darjeeling,27.15125,88.668222,Rock,Slide,2015,2015.0,1
WB/DAR/78A12/2015/1497,West Bengal,Darjeeling,27.151457,88.551109,Debris,Slide,2006,2006.0,1
WB/DAR/78A12/2015/1529,West Bengal,Darjeeling,27.153861,88.569803,Debris,Slide,2016,2016.0,1
WB/DAR/78A12/2015/250,West Bengal,Darjeeling,27.154,88.57,Rock,Slide,2013,2013.0,1
WB/DAR/78A12/2015/215,West Bengal,Darjeeling,27.155676,88.638629,Debris,Slide,2009,2009.0,1
WB/DAR/78A12/2015/1336,West Bengal,Darjeeling,27.157667,88.633528,Rock,Subsidence,2010,2010.0,1
WB/DAR/78A12/2015/1292,West Bengal,Darjeeling,27.158667,88.670389,Debris,Slide,2014,2014.0,1
WB/DAR/78A12/2015/1337,West Bengal,Darjeeling,27.158778,88.634056,Debris,Subsidence,2010,2010.0,1
WB/DAR/78A12/2015/251,West Bengal,Darjeeling,27.158851,88.581731,Debris,Subsidence,2013,2013.0,1
WB/DAR/78A12/2015/1338,West Bengal,Darjeeling,27.159778,88.633778,Rock,Slide,2010,2010.0,1
WB/DAR/78A12/2015/1334,West Bengal,Darjeeling,27.159806,88.634111,Debris,Subsidence,2010,2010.0,1
WB/DAR/78A12/2015/1335,West Bengal,Darjeeling,27.159889,88.636,Rock,Slide,2010,2010.0,1
WB/DAR/78A12/2015/1290,West Bengal,Darjeeling,27.162306,88.690917,Debris,Slide,2016,2016.0,1
WB/DAR/78A12/2015/1291,West Bengal,Darjeeling,27.162556,88.668111,Debris,Subsidence,2014,2014.0,1
WB/DAR/78A12/2015/1339,West Bengal,Darjeeling,27.167083,88.626111,Debris,Subsidence,2011,2011.0,1
WB/DAR/78A12/2015/1378,West Bengal,Darjeeling,27.170111,88.602528,Rock cum Debris,Slide,2016,2016.0,1
WB/DAR/78A12/2015/249,West Bengal,Darjeeling,27.174007,88.563688,Rock,Slide,2013,2013.0,1
WB/DAR/78A12/2015/239,West Bengal,Darjeeling,27.175,88.56,Rock,Slide,2012,2012.0,1
WB/DAR/78A12/2015/238,West Bengal,Darjeeling,27.176309,88.545405,Debris,Subsidence,2012,2012.0,1
WB/DAR/78A12/2015/1379,West Bengal,Darjeeling,27.184361,88.576,Rock,Slide,2016,2016.0,1
WB/DAR/78A12/2015/1380,West Bengal,Darjeeling,27.184639,88.570278,Rock,Slide,2015,2015.0,1
,West Bengal,Darjeeling,27.09095539,88.10041224,Debris,Slide,27 September 2024,2024.0,1
WB/DAR/2024/78A/4/Point/34,West Bengal,Darjeeling,27.10399405,88.12941681,Debris,Slide,2024,2024.0,1
WB/DAR/2025/78A/4/Point/61,West Bengal,Darjeeling,27.09204063,88.24652602,Debris,Slide,2024,2024.0,1
WB/DAR/2024/78A/4/Point/6,West Bengal,Darjeeling,27.09933009,88.10552132,Debris,Flow,2024,2024.0,1
WB/DAR/2024/78A/4/Point/37,West Bengal,Darjeeling,27.08985699,88.15146463,Debris,Slide,2024,2024.0,1
WB/DAR/2024/78A/4/Point/39,West Bengal,Darjeeling,27.07614313,88.15588986,Debris,Subsidence,2024,2024.0,1
,West Bengal,Darjeeling,27.08180557,88.09218644,Debris,Slide,24 September 2024,2024.0,1
WB/DAR/2024/78A/4/Point/15,West Bengal,Darjeeling,27.10130325,88.11429524,Debris,Fall,24 September 2024,2024.0,1
WB/DAR/2024/78A/4/Point/24,West Bengal,Darjeeling,27.09819827,88.12994772,Debris,Slide,18 July 2024,2024.0,1
WB/DAR/2025/78A/4/Point/58,West Bengal,Darjeeling,27.10034979,88.23915333,Debris,Slide,24 October 2024,2024.0,1
WB/DAR/2025/78A/4/Point/66,West Bengal,Darjeeling,27.0898283,88.1514477,Debris,Slide,28 October 2024,2024.0,1
WB/DAR/2025/78A/4/Point/78,West Bengal,Darjeeling,27.0708838,88.1661605,Soil,Creep,20 September 2024,2024.0,1
6896,West Bengal,Darjeeling,26.874957,88.191543,Debris,Slide,4 October 2025,2025.0,1
6895,West Bengal,Darjeeling,26.881874,88.184536,Debris,Slide,5 October 2025,2025.0,1
6894,West Bengal,Darjeeling,27.008623,88.201081,Soil,Slide,4 October 2025,2025.0,1
19,West Bengal,Darjeeling,26.88702778,88.20094444,Debris,slide,2015,2015.0,1
20,West Bengal,Darjeeling,26.88766667,88.20147222,Debris,slide,2015,2015.0,1
27,West Bengal,Darjeeling,26.86552778,88.19272222,Debris,slide,2015,2015.0,1
33,West Bengal,Darjeeling,26.855,88.18666667,Debris,slide,2015,2015.0,1
35,West Bengal,Darjeeling,26.8615,88.19652778,Debris,slide,2015,2015.0,1
63,West Bengal,Darjeeling,27.03702778,88.25908333,Debris,slide,6 July 2015,2015.0,1
58,West Bengal,Darjeeling,26.87255556,88.28508333,rock,slide,2015,2015.0,1
68,West Bengal,Darjeeling,27.07569444,88.09188889,Debris,slide,2015,2015.0,1
69,West Bengal,Darjeeling,27.02552778,88.09872222,Debris,slide,2015,2015.0,1
70,West Bengal,Darjeeling,26.99144444,88.14475,Debris,slide,2015,2015.0,1
83,West Bengal,Darjeeling,27.0665,88.42833333,Rock,Slide,2015,2015.0,1
77,West Bengal,Darjeeling,27.058,88.49836111,Debris,Slide,2015,2015.0,1
76,West Bengal,Darjeeling,27.08461111,88.49313889,Rock,Slide,2015,2015.0,1
85,West Bengal,Darjeeling,27.08222222,88.48983333,Rock cum Debris,Slide,2015,2015.0,1
81,West Bengal,Darjeeling,27.07755556,88.48541667,Debris,Slide,2015,2015.0,1
78,West Bengal,Darjeeling,27.05058333,88.45675,Debris,SUBSIDENCE,1 July 2015,2015.0,1
82,West Bengal,Darjeeling,27.06205556,88.64861111,Debris,Slide,1 July 2015,2015.0,1
74,West Bengal,Darjeeling,27.08672222,88.66413889,Rock,Slide,2015,2015.0,1
75,West Bengal,Darjeeling,27.09980556,88.08236111,Rock,Slide,2015,2015.0,1
87,West Bengal,Darjeeling,27.10458333,88.07066667,Rock,Slide,2015,2015.0,1
UK/CHA/62C04/2017/34,Uttarakhand,Champawat,29.135275,80.090843,Debris,Slide,2014,2014.0,1
UK/CHA/62C04/2017/24,Uttarakhand,Champawat,29.139732,80.073974,Rock,Slide,2012,2012.0,1
UK/CHA/53O16/2017/9,Uttarakhand,Champawat,29.142636,79.958384,Rock,Slide,2014,2014.0,1
UK/CHA/62C04/2017/11,Uttarakhand,Champawat,29.144012,80.174222,Debris,Slide,2011,2011.0,1
UK/CHA/62C04/2017/12,Uttarakhand,Champawat,29.145411,80.180642,Debris,Slide,2006,2006.0,1
UK/CHA/53O16/2017/7,Uttarakhand,Champawat,29.14557,79.986097,Rock,Slide,2015,2015.0,1
UK/CHA/53O16/2017/15,Uttarakhand,Champawat,29.147085,79.941277,Debris,Slide,2016,2016.0,1
UK/CHA/53O16/2017/6,Uttarakhand,Champawat,29.147481,79.997854,Rock,Slide,2015,2015.0,1
UK/CHA/53O16/2017/10,Uttarakhand,Champawat,29.147738,79.954939,Debris,Slide,2014,2014.0,1
UK/CHA/53O16/2017/16,Uttarakhand,Champawat,29.148941,79.935497,Debris,Slide,2016,2016.0,1
UK/CHA/53O16/2017/14,Uttarakhand,Champawat,29.14906,79.943888,Debris,Slide,2016,2016.0,1
UK/CHA/53O16/2017/11,Uttarakhand,Champawat,29.149158,79.946961,Debris,Slide,2016,2016.0,1
UK/CHA/53O16/2017/4,Uttarakhand,Champawat,29.150005,79.996229,Rock,Slide,2015,2015.0,1
UK/CHA/53O16/2017/12,Uttarakhand,Champawat,29.150029,79.942866,Rock,Slide,2016,2016.0,1
UK/CHA/53O16/2017/17,Uttarakhand,Champawat,29.150225,79.935322,Debris,Slide,2016,2016.0,1
UK/CHA/53O16/2017/5,Uttarakhand,Champawat,29.150924,79.996805,Rock,Slide,2015,2015.0,1
UK/CHA/53O16/2017/13,Uttarakhand,Champawat,29.15121,79.975785,Rock,Slide,2016,2016.0,1
UK/CHA/53O16/2017/8,Uttarakhand,Champawat,29.153884,79.974804,Rock,Slide,2014,2014.0,1
UK/CHA/62C04/2017/1,Uttarakhand,Champawat,29.154557,80.090751,Rock,Slide,2016,2016.0,1
UK/CHA/62C04/2017/3,Uttarakhand,Champawat,29.157626,80.009454,Rock,Slide,2016,2016.0,1
UK/CHA/53O16/2017/22,Uttarakhand,Champawat,29.157774,79.880607,Debris,Slide,2016,2016.0,1
UK/CHA/53O16/2017/20,Uttarakhand,Champawat,29.15916,79.884315,Debris,Slide,2016,2016.0,1
UK/CHA/53O16/2017/21,Uttarakhand,Champawat,29.160488,79.8837,Debris,Slide,2016,2016.0,1
UK/CHA/62C04/2017/35,Uttarakhand,Champawat,29.163593,80.092587,Rock,Slide,2017,2017.0,1
UK/CHA/62C04/2017/36,Uttarakhand,Champawat,29.170745,80.073226,Rock,Slide,2012,2012.0,1
UK/CHA/62C04/2017/22,Uttarakhand,Champawat,29.171161,80.078641,Rock,Slide,2012,2012.0,1
UK/CHA/62C04/2017/23,Uttarakhand,Champawat,29.172566,80.076101,Rock,Slide,2012,2012.0,1
UK/CHA/53O16/2017/19,Uttarakhand,Champawat,29.173097,79.823553,Rock,Slide,2016,2016.0,1
UK/CHA/62C04/2017/33,Uttarakhand,Champawat,29.175471,80.086015,Rock,Slide,2011,2011.0,1
UK/CHA/62C04/2017/18,Uttarakhand,Champawat,29.176065,80.132172,Rock,Slide,2014,2014.0,1
UK/CHA/62C04/2017/19,Uttarakhand,Champawat,29.176065,80.132172,Rock,Slide,2014,2014.0,1
UK/CHA/53O16/2017/18,Uttarakhand,Champawat,29.179958,79.910223,Rock,Slide,2016,2016.0,1
UK/CHA/62C04/2017/26,Uttarakhand,Champawat,29.181197,80.03289,Rock,Slide,2012,2012.0,1
UK/CHA/62C04/2017/28,Uttarakhand,Champawat,29.182044,80.021544,Rock,Slide,2012,2012.0,1
UK/CHA/62C04/2017/17,Uttarakhand,Champawat,29.188801,80.108286,Rock,Slide,2011,2011.0,1
UK/CHA/62C05/2017/1,Uttarakhand,Champawat,29.189279,80.107582,Rock,Slide,2011,2011.0,1
UK/CHA/62C04/2017/16,Uttarakhand,Champawat,29.189677,80.109494,Rock,Slide,2011,2011.0,1
UK/CHA/62C04/2017/15,Uttarakhand,Champawat,29.190611,80.11058,Rock,Slide,2011,2011.0,1
UK/CHA/62C04/2017/30,Uttarakhand,Champawat,29.191942,80.12315,Debris,Slide,2017,2017.0,1
UK/CHA/62C04/2017/7,Uttarakhand,Champawat,29.197505,80.092152,Rock,Slide,2011,2011.0,1
UK/CHA/62C04/2017/13,Uttarakhand,Champawat,29.197562,80.092079,Rock,Slide,2012,2012.0,1
UK/CHA/62C04/2017/2,Uttarakhand,Champawat,29.200404,80.080382,Rock,Slide,2017,2017.0,1
UK/NAI/53O16/2017/2,Uttarakhand,Nainital,29.204726,79.810527,Rock,Slide,2013,2013.0,1
UK/CHA/53O16/2017/23,Uttarakhand,Champawat,29.206762,79.804529,Rock,Slide,2014,2014.0,1
UK/CHA/53O16/2017/24,Uttarakhand,Champawat,29.207895,79.80212,Rock,Slide,2014,2014.0,1
UK/CHA/53O16/2017/25,Uttarakhand,Champawat,29.208238,79.800921,Rock,Slide,2014,2014.0,1
UK/CHA/62C04/2017/4,Uttarakhand,Champawat,29.208498,80.052922,Rock,Slide,2017,2017.0,1
UK/NAI/53O16/2017/1,Uttarakhand,Nainital,29.210552,79.798514,Rock,Slide,2016,2016.0,1
UK/CHA/53O16/2017/34,Uttarakhand,Champawat,29.217713,80.05959,Rock cum debris,Slide,2015,2015.0,1
UK/CHA/62C04/2017/32,Uttarakhand,Champawat,29.225598,80.18887,Rock,Slide,2012,2012.0,1
UK/NAI/53O12/2017/4,Uttarakhand,Nainital,29.228342,79.628017,Rock,Slide,2011,2011.0,1
UK/CHA/53O16/2017/26,Uttarakhand,Champawat,29.229502,79.826764,Rock,Slide,2013,2013.0,1
UK/CHA/53O16/2017/38,Uttarakhand,Champawat,29.234988,79.933264,Rock,Slide,2017,2017.0,1
UK/CHA/53O16/2017/39,Uttarakhand,Champawat,29.235478,79.929918,Rock,Slide,2017,2017.0,1
UK/NAI/53O12/2017/8,Uttarakhand,Nainital,29.235606,79.676596,Rock cum debris,Slide,2013,2013.0,1
UK/CHA/53O16/2017/31,Uttarakhand,Champawat,29.236158,79.888237,Rock,Slide,2013,2013.0,1
UK/CHA/53O16/2017/30,Uttarakhand,Champawat,29.236404,79.88644,Rock cum debris,Slide,2013,2013.0,1
UK/CHA/62C04/2017/5,Uttarakhand,Champawat,29.236755,80.037273,Rock,Slide,2014,2014.0,1
UK/CHA/62C04/2017/6,Uttarakhand,Champawat,29.237414,80.034834,Rock,Slide,2014,2014.0,1
UK/CHA/53O16/2017/40,Uttarakhand,Champawat,29.237766,79.92914,Rock,Slide,2017,2017.0,1
UK/CHA/53O16/2017/32,Uttarakhand,Champawat,29.239901,79.89569,Rock cum debris,Slide,2013,2013.0,1
UK/CHA/53O16/2017/37,Uttarakhand,Champawat,29.240672,79.931008,Rock,Slide,2013,2013.0,1
UK/CHA/53O16/2017/33,Uttarakhand,Champawat,29.240832,79.995016,Debris,Slide,2014,2014.0,1
UK/NAI/53O12/2017/7,Uttarakhand,Nainital,29.242521,79.628113,Rock,Slide,2011,2011.0,1
UK/NAI/53O12/2017/6,Uttarakhand,Nainital,29.243319,79.6314,Rock,Slide,2011,2011.0,1
UK/CHA/62C04/2017/8,Uttarakhand,Champawat,29.244021,80.015769,Rock,Slide,2014,2014.0,1
UK/NAI/53O12/2017/5,Uttarakhand,Nainital,29.244291,79.632298,Rock,Slide,2011,2011.0,1
UK/CHA/62C04/2017/9,Uttarakhand,Champawat,29.24543,80.010754,Rock,Slide,2014,2014.0,1
UK/CHA/53O16/2017/29,Uttarakhand,Champawat,29.245557,79.851988,Rock,Slide,2013,2013.0,1
UK/NAI/53O16/2017/3,Uttarakhand,Nainital,29.249521,79.844396,Rock,Slide,2017,2017.0,1
UK/CHA/62C03/2016/2,Uttarakhand,Champawat,29.252361,80.061833,Rock,Fall,2006,2006.0,1
UK/CHA/62C03/2016/25,Uttarakhand,Champawat,29.252444,80.087361,Rock,Slide,2006,2006.0,1
UK/CHA/62C03/2016/27,Uttarakhand,Champawat,29.25275,80.08825,Rock,Slide,2006,2006.0,1
UK/CHA/62C03/2016/79,Uttarakhand,Champawat,29.252889,80.067556,Rock,Fall,2005,2005.0,1
UK/CHA/62C03/2016/26,Uttarakhand,Champawat,29.25339,80.085697,Rock,Slide,2006,2006.0,1
UK/CHA/53O15/2016/42,Uttarakhand,Champawat,29.253827,79.934349,Rock,Slide,2010,2010.0,1
UK/CHA/62C03/2016/92,Uttarakhand,Champawat,29.255361,80.100788,Rock,Slide,2010,2010.0,1
UK/CHA/53O15/2016/41,Uttarakhand,Champawat,29.255832,79.92872,Rock,Slide,2011,2011.0,1
UK/CHA/62C03/2016/61,Uttarakhand,Champawat,29.256967,80.131041,Debris,Slide,2012,2012.0,1
UK/CHA/53O15/2016/40,Uttarakhand,Champawat,29.257511,79.935134,Rock,Slide,2011,2011.0,1
UK/PIT/62C03/2016/124,Uttarakhand,Champawat,29.258194,80.096333,Rock,Slide,2006,2006.0,1
UK/CHA/62C03/2016/1,Uttarakhand,Champawat,29.258639,80.091278,Rock,Slide,2010,2010.0,1
UK/CHA/62C03/2016/3,Uttarakhand,Champawat,29.259111,80.07125,Rock,Slide,2014,2014.0,1
UK/CHA/62C03/2016/5,Uttarakhand,Champawat,29.260056,80.078417,Rock,Slide,2016,2016.0,1
UK/CHA/62C03/2016/4,Uttarakhand,Champawat,29.261111,80.075056,Rock,Slide,2014,2014.0,1
UK/CHA/62C03/2016/93,Uttarakhand,Champawat,29.26172,80.098061,Rock,Slide,2006,2006.0,1
UK/CHA/62C03/2016/80,Uttarakhand,Champawat,29.262101,80.059173,Rock,Slide,2005,2005.0,1
UK/PIT/62C03/2016/125,Uttarakhand,Champawat,29.262581,80.101237,Rock,Slide,2010,2010.0,1
UK/CHA/62C03/2016/91,Uttarakhand,Champawat,29.26295,80.097383,Rock,Slide,2010,2010.0,1
UK/PIT/62C03/2016/126,Uttarakhand,Champawat,29.263132,80.105027,Rock,Slide,2010,2010.0,1
UK/PIT/62C03/2016/127,Uttarakhand,Champawat,29.26317,80.108749,Rock,Slide,2010,2010.0,1
UK/CHA/62C03/2016/75,Uttarakhand,Champawat,29.263583,80.206306,Rock,Slide,2016,2016.0,1
UK/CHA/62C03/2016/90,Uttarakhand,Champawat,29.26534,80.095331,Rock,Slide,2016,2016.0,1
UK/CHA/62C03/2016/51,Uttarakhand,Champawat,29.265444,80.136444,Rock,Slide,2012,2012.0,1
UK/CHA/62C03/2016/74,Uttarakhand,Champawat,29.266528,80.215917,Debris,Slide,2016,2016.0,1
UK/CHA/62C03/2016/50,Uttarakhand,Champawat,29.266611,80.135778,Rock,Slide,2014,2014.0,1
UK/CHA/62C03/2016/62,Uttarakhand,Champawat,29.266667,80.117333,Rock,Slide,2012,2012.0,1
UK/CHA/62C03/2016/63,Uttarakhand,Champawat,29.267028,80.11425,Rock,Slide,2012,2012.0,1
UK/CHA/62C03/2016/83,Uttarakhand,Champawat,29.267326,80.069587,Rock,Slide,2010,2010.0,1
UK/CHA/62C03/2016/85,Uttarakhand,Champawat,29.267753,80.075889,Rock,Slide,2010,2010.0,1
UK/CHA/62C03/2016/82,Uttarakhand,Champawat,29.268309,80.067564,Rock,Slide,2010,2010.0,1
UK/CHA/62C03/2016/84,Uttarakhand,Champawat,29.269307,80.070335,Rock,Slide,2014,2014.0,1
UK/CHA/62C03/2016/64,Uttarakhand,Champawat,29.269333,80.108639,Rock,Slide,2011,2011.0,1
UK/CHA/62C03/2016/52,Uttarakhand,Champawat,29.269717,80.114558,Rock,Slide,2016,2016.0,1
UK/CHA/62C03/2016/53,Uttarakhand,Champawat,29.269972,80.1315,Debris,Slide,2014,2014.0,1
UK/CHA/62C03/2016/49,Uttarakhand,Champawat,29.270432,80.154032,Rock,Slide,2016,2016.0,1
UK/CHA/62C03/2016/60,Uttarakhand,Champawat,29.271579,80.124965,Rock,Slide,2014,2014.0,1
UK/CHA/62C03/2016/6,Uttarakhand,Pithoragarh,29.273278,80.099389,Rock,Slide,2005,2005.0,1
UK/CHA/62C03/2016/54,Uttarakhand,Champawat,29.274167,80.126889,Rock,Fall,2014,2014.0,1
UK/CHA/62C03/2016/57,Uttarakhand,Champawat,29.276694,80.120194,Rock,Slide,2012,2012.0,1
UK/CHA/62C03/2016/59,Uttarakhand,Champawat,29.277049,80.123019,Rock,Slide,2012,2012.0,1
UK/CHA/62C03/2016/58,Uttarakhand,Champawat,29.277631,80.120772,Debris,Slide,2012,2012.0,1
UK/CHA/62C03/2016/65,Uttarakhand,Champawat,29.278167,80.033472,Debris,Slide,2016,2016.0,1
UK/CHA/62C03/2016/55,Uttarakhand,Champawat,29.278389,80.123306,Debris,Slide,2012,2012.0,1
UK/CHA/62C03/2016/56,Uttarakhand,Champawat,29.279241,80.123204,Rock,Slide,2012,2012.0,1
UK/CHA/62C03/2016/81,Uttarakhand,Champawat,29.279844,80.06398,Rock,Slide,2005,2005.0,1
UK/CHA/62C03/2016/86,Uttarakhand,Champawat,29.28195,80.083865,Rock,Slide,2012,2012.0,1
UK/CHA/62C03/2016/73,Uttarakhand,Champawat,29.283548,80.239665,Rock,Slide,2002,2002.0,1
UK/CHA/53O15/2016/11,Uttarakhand,Champawat,29.285194,79.893694,Debris,Slide,2011,2011.0,1
UK/CHA/53O15/2016/10,Uttarakhand,Champawat,29.285917,79.8915,Rock,Slide,2016,2016.0,1
UK/CHA/62C03/2016/76,Uttarakhand,Champawat,29.286722,80.186861,Debris,Slide,2014,2014.0,1
UK/CHA/53O15/2016/12,Uttarakhand,Champawat,29.287111,79.91075,Debris,Slide,2011,2011.0,1
UK/CHA/53O15/2016/13,Uttarakhand,Champawat,29.287556,79.910806,Rock,Slide,2011,2011.0,1
UK/CHA/53O15/2016/9,Uttarakhand,Champawat,29.288778,79.897028,Rock,Slide,2016,2016.0,1
UK/CHA/53O15/2016/92,Uttarakhand,Champawat,29.291528,80.183281,Debris,Slide,2014,2014.0,1
UK/CHA/53O15/2016/14,Uttarakhand,Champawat,29.292222,79.914417,Rock,Slide,2011,2011.0,1
UK/CHA/62C03/2016/66,Uttarakhand,Champawat,29.294278,80.030639,Rock,Slide,2012,2012.0,1
UK/CHA/62C03/2016/68,Uttarakhand,Champawat,29.294833,80.034556,Rock,Slide,2012,2012.0,1
UK/CHA/62C03/2016/67,Uttarakhand,Champawat,29.295167,80.03325,Rock,Slide,2012,2012.0,1
UK/CHA/53O15/2016/33,Uttarakhand,Champawat,29.295918,79.97016,Debris,Slide,2011,2011.0,1
UK/CHA/53O15/2016/16,Uttarakhand,Champawat,29.296778,79.9485,Rock,Fall,2014,2014.0,1
UK/CHA/53O15/2016/17,Uttarakhand,Champawat,29.297028,79.954139,Rock,Slide,2014,2014.0,1
UK/CHA/53O15/2016/15,Uttarakhand,Champawat,29.297167,79.947389,Rock,Slide,2013,2013.0,1
UK/CHA/53O15/2016/18,Uttarakhand,Champawat,29.298889,79.956972,Rock,Slide,2014,2014.0,1
UK/CHA/53O15/2016/44,Uttarakhand,Champawat,29.299322,79.91367,Rock,Slide,2016,2016.0,1
UK/CHA/53O15/2016/43,Uttarakhand,Champawat,29.299976,79.888292,Rock,Slide,2013,2013.0,1
UK/CHA/62C03/2016/87,Uttarakhand,Champawat,29.300528,80.081361,Rock,Fall,2010,2010.0,1
UK/CHA/62C03/2016/88,Uttarakhand,Champawat,29.301889,80.080028,Rock,Slide,2010,2010.0,1
UK/CHA/62C03/2016/89,Uttarakhand,Champawat,29.302194,80.076639,Rock,Slide,2010,2010.0,1
UK/CHA/62C03/2016/78,Uttarakhand,Champawat,29.305361,80.165389,Debris,Slide,2005,2005.0,1
UK/CHA/62C03/2016/77,Uttarakhand,Champawat,29.305389,80.167389,Rock,Fall,2005,2005.0,1
UK/NAI/53O15/2016/80,Uttarakhand,Nainital,29.307972,79.795056,Rock,Slide,2011,2011.0,1
UK/CHA/53O15/2016/32,Uttarakhand,Champawat,29.313359,79.969917,Rock,Slide,2013,2013.0,1
UK/CHA/53O15/2016/19,Uttarakhand,Champawat,29.314,79.962306,Rock,Slide,2013,2013.0,1
UK/NAI/53O15/2016/81,Uttarakhand,Nainital,29.315472,79.787917,Debris,Slide,2016,2016.0,1
UK/NAI/53O15/2016/82,Uttarakhand,Nainital,29.316222,79.789056,Rock,Slide,2016,2016.0,1
UK/CHA/62C03/2016/69,Uttarakhand,Champawat,29.318203,80.030876,Rock,Slide,2010,2010.0,1
UK/CHA/53O15/2016/20,Uttarakhand,Champawat,29.319111,79.962139,Rock,Slide,2013,2013.0,1
UK/CHA/53O15/2016/21,Uttarakhand,Champawat,29.320778,79.960278,Rock,Slide,2014,2014.0,1
UK/NAI/53O15/2016/83,Uttarakhand,Nainital,29.321278,79.778944,Debris,Slide,2013,2013.0,1
UK/CHA/62C03/2016/72,Uttarakhand,Champawat,29.323184,80.059396,Debris,Slide,2014,2014.0,1
UK/CHA/62C03/2016/71,Uttarakhand,Champawat,29.323333,80.058417,Debris,Slide,2014,2014.0,1
UK/CHA/62C03/2016/70,Uttarakhand,Champawat,29.325194,80.056417,Rock,Slide,2014,2014.0,1
UK/CHA/62C03/2016/11,Uttarakhand,Champawat,29.3295,80.159639,Rock,Slide,2016,2016.0,1
UK/CHA/62C03/2016/35,Uttarakhand,Champawat,29.342333,80.215917,Rock,Slide,2016,2016.0,1
UK/CHA/62C03/2016/34,Uttarakhand,Champawat,29.346639,80.246944,Rock,Fall,2009,2009.0,1
UK/NAI/53O15/2016/84,Uttarakhand,Nainital,29.347972,79.774306,Debris,Slide,2013,2013.0,1
UK/CHA/62C03/2016/32,Uttarakhand,Champawat,29.348889,80.248889,Rock,Fall,2009,2009.0,1
UK/CHA/62C03/2016/33,Uttarakhand,Champawat,29.348889,80.247639,Debris,Slide,2014,2014.0,1
UK/CHA/62C07/2017/2,Uttarakhand,Champawat,29.351133,80.266067,Debris,Slide,2009,2009.0,1
UK/CHA/53O15/2016/76,Uttarakhand,Champawat,29.352778,79.862528,Rock,Slide,2011,2011.0,1
UK/NAI/53O15/2016/85,Uttarakhand,Nainital,29.353139,79.76675,Rock,Slide,2011,2011.0,1
UK/PIT/62C03/2016/130,Uttarakhand,Champawat,29.353417,80.119417,Rock,Slide,2016,2016.0,1
UK/NAI/62C03/2016/129,Uttarakhand,Nainital,29.369833,79.750028,Rock,Slide,2011,2011.0,1
UK/CHA/53O15/2016/1,Uttarakhand,Champawat,29.379611,79.973361,Rock,Slide,2013,2013.0,1
UK/CHA/62C03/2016/12,Uttarakhand,Champawat,29.385278,80.023111,Rock,Topple,2014,2014.0,1
UK/CHA/62C03/2016/23,Uttarakhand,Champawat,29.387396,80.248537,Rock,Slide,2016,2016.0,1
UK/CHA/53O15/2016/2,Uttarakhand,Champawat,29.397222,79.954306,Rock,Fall,2014,2014.0,1
UK/CHA/53O15/2016/22,Uttarakhand,Champawat,29.400444,79.848917,Rock,Fall,2011,2011.0,1
UK/CHA/53O15/2016/23,Uttarakhand,Champawat,29.4015,79.849583,Rock,Slide,2011,2011.0,1
UK/CHA/53O15/2016/3,Uttarakhand,Champawat,29.402083,79.954333,Rock,Slide,2013,2013.0,1
UK/CHA/53O15/2016/4,Uttarakhand,Champawat,29.403278,79.955889,Rock,Slide,2013,2013.0,1
UK/CHA/53O15/2016/88,Uttarakhand,Champawat,29.403558,79.971503,Rock,Slide,2002,2002.0,1
UK/CHA/53O15/2016/24,Uttarakhand,Champawat,29.404083,79.850389,Rock,Slide,2011,2011.0,1
UK/PIT/62C03/2016/128,Uttarakhand,Champawat,29.404139,80.017472,Debris,Slide,2006,2006.0,1
UK/CHA/62C03/2016/31,Uttarakhand,Champawat,29.406278,80.107278,Rock,Slide,2012,2012.0,1
UK/CHA/62C03/2016/30,Uttarakhand,Champawat,29.407222,80.16725,Rock,Slide,2005,2005.0,1
UK/CHA/53O15/2016/6,Uttarakhand,Champawat,29.407944,79.918389,Rock,Fall,2011,2011.0,1
UK/CHA/53O15/2016/5,Uttarakhand,Champawat,29.408667,79.923472,Rock,Slide,2002,2002.0,1
UK/CHA/62C03/2016/22,Uttarakhand,Champawat,29.40875,80.203917,Rock,Slide,2014,2014.0,1
UK/CHA/53O15/2016/8,Uttarakhand,Champawat,29.409944,79.906806,Rock,Slide,2013,2013.0,1
UK/CHA/53O15/2016/7,Uttarakhand,Champawat,29.410528,79.908194,Rock,Topple,2013,2013.0,1
UK/CHA/62C03/2016/29,Uttarakhand,Champawat,29.4175,80.196694,Rock,Slide,2005,2005.0,1
UK/CHA/62C03/2016/41,Uttarakhand,Champawat,29.431083,80.075639,Debris,Subsidence,2011,2011.0,1
UK/CHA/53O15/2016/74,Uttarakhand,Champawat,29.431918,79.857583,Rock,Slide,2016,2016.0,1
UK/CHA/53O15/2016/89,Uttarakhand,Champawat,29.432874,79.973087,Rock,Slide,2013,2013.0,1
UK/CHA/53O15/2016/75,Uttarakhand,Champawat,29.433745,79.861747,Rock,Slide,2011,2011.0,1
UK/CHA/62C03/2016/40,Uttarakhand,Champawat,29.433889,80.06725,Debris,Subsidence,2014,2014.0,1
UK/CHA/62C03/2016/19,Uttarakhand,Champawat,29.435583,80.023861,Debris,Slide,2012,2012.0,1
UK/CHA/53O15/2016/79,Uttarakhand,Champawat,29.436333,79.880639,Debris,Slide,2011,2011.0,1
UK/CHA/62C03/2016/21,Uttarakhand,Champawat,29.436861,80.046417,Debris,Slide,2006,2006.0,1
UK/CHA/62C03/2016/20,Uttarakhand,Champawat,29.437167,80.043694,Rock,Slide,2006,2006.0,1
UK/CHA/62C03/2016/17,Uttarakhand,Champawat,29.4375,80.016528,Rock,Slide,2016,2016.0,1
UK/CHA/62C03/2016/24,Uttarakhand,Champawat,29.43825,80.141278,Debris,Slide,2014,2014.0,1
UK/CHA/62C03/2016/18,Uttarakhand,Champawat,29.438444,80.022806,Rock,Slide,2006,2006.0,1
UK/CHA/62C03/2016/28,Uttarakhand,Champawat,29.440417,80.228639,Rock,Slide,2014,2014.0,1
UK/CHA/62C03/2016/39,Uttarakhand,Champawat,29.440778,80.068111,Rock,Slide,2015,2015.0,1
UK/PIT/62C03/2016/117,Uttarakhand,Champawat,29.441944,80.064028,Rock,Slide,2016,2016.0,1
UK/CHA/53O15/2016/73,Uttarakhand,Champawat,29.441972,79.864222,Rock,Slide,2013,2013.0,1
UK/PIT/62C03/2016/118,Uttarakhand,Champawat,29.444306,80.051639,Rock,Slide,2012,2012.0,1
UK/CHA/53O15/2016/90,Uttarakhand,Champawat,29.444437,79.989443,Debris,Slide,2002,2002.0,1
UK/CHA/53O15/2016/57,Uttarakhand,Champawat,29.444722,79.942861,Rock,Slide,2011,2011.0,1
UK/CHA/62C03/2016/10,Uttarakhand,Champawat,29.44525,80.083111,Rock,Slide,2016,2016.0,1
UK/CHA/53O15/2016/55,Uttarakhand,Champawat,29.445458,79.970473,Debris,Slide,2016,2016.0,1
UK/CHA/53O15/2016/56,Uttarakhand,Champawat,29.445583,79.952972,Rock,Slide,2014,2014.0,1
UK/CHA/62C03/2016/15,Uttarakhand,Champawat,29.4475,80.02525,Rock,Slide,2015,2015.0,1
UK/CHA/53O15/2016/91,Uttarakhand,Champawat,29.449468,79.968647,Debris,Slide,2011,2011.0,1
UK/CHA/53O15/2016/54,Uttarakhand,Champawat,29.450917,79.962694,Debris,Slide,2016,2016.0,1
UK/CHA/62C03/2016/37,Uttarakhand,Champawat,29.451306,80.051056,Debris,Slide,2015,2015.0,1
UK/CHA/62C03/2016/14,Uttarakhand,Champawat,29.4524,80.003607,Rock,Slide,2011,2011.0,1
UK/CHA/53O15/2016/53,Uttarakhand,Champawat,29.452596,79.964519,Debris,Slide,2016,2016.0,1
UK/PIT/62C03/2016/116,Uttarakhand,Champawat,29.452611,80.059646,Rock,Slide,2011,2011.0,1
UK/PIT/62C03/2016/115,Uttarakhand,Champawat,29.453047,80.062032,Rock,Slide,2011,2011.0,1
UK/CHA/62C03/2016/95,Uttarakhand,Champawat,29.453649,80.0921,Rock,Slide,2002,2002.0,1
UK/CHA/53O15/2016/52,Uttarakhand,Champawat,29.453823,79.979557,Rock,Slide,2002,2002.0,1
UK/CHA/62C03/2016/13,Uttarakhand,Champawat,29.454463,80.009497,Rock,Slide,2016,2016.0,1
UK/CHA/53O15/2016/51,Uttarakhand,Champawat,29.455151,79.964503,Debris,Slide,2016,2016.0,1
UK/CHA/62C03/2016/36,Uttarakhand,Champawat,29.455314,80.046745,Debris,Slide,2011,2011.0,1
UK/CHA/53O15/2016/50,Uttarakhand,Champawat,29.455599,79.965148,Debris,Slide,2016,2016.0,1
UK/CHA/62C03/2016/38,Uttarakhand,Champawat,29.455639,80.048306,Rock,Slide,2011,2011.0,1
UK/PIT/62C03/2016/109,Uttarakhand,Pithoragarh,29.455654,80.225193,Rock,Slide,2005,2005.0,1
UK/CHA/62C03/2016/94,Uttarakhand,Champawat,29.455774,80.071751,Debris,Slide,2014,2014.0,1
UK/ALM/53O15/2016/87,Uttarakhand,Almora,29.456264,79.791906,Debris,Slide,2005,2005.0,1
UK/ALM/53O15/2016/71,Uttarakhand,Almora,29.457486,79.86446,Rock,Slide,2011,2011.0,1
UK/CHA/62C03/2016/16,Uttarakhand,Champawat,29.457658,80.017073,Rock,Slide,2002,2002.0,1
UK/CHA/62C03/2016/44,Uttarakhand,Champawat,29.457833,80.043194,Rock,Slide,2011,2011.0,1
UK/CHA/62C03/2016/96,Uttarakhand,Champawat,29.458114,80.096184,Rock,Slide,2014,2014.0,1
UK/PIT/62C03/2016/123,Uttarakhand,Champawat,29.459219,80.024606,Rock,Slide,2002,2002.0,1
UK/ALM/53O15/2016/72,Uttarakhand,Almora,29.459313,79.866635,Rock,Slide,2011,2011.0,1
UK/PIT/62C03/2016/121,Uttarakhand,Champawat,29.459568,80.029622,Rock,Slide,2002,2002.0,1
UK/PIT/62C03/2016/122,Uttarakhand,Champawat,29.459791,80.026952,Rock,Slide,2002,2002.0,1
UK/PIT/62C03/2016/119,Uttarakhand,Champawat,29.460453,80.031986,Rock,Slide,2002,2002.0,1
UK/PIT/62C03/2016/120,Uttarakhand,Champawat,29.460469,80.03078,Rock,Slide,2002,2002.0,1
UK/CHA/62C03/2016/97,Uttarakhand,Champawat,29.460944,80.092688,Rock,Slide,2012,2012.0,1
UK/CHA/53O15/2016/47,Uttarakhand,Champawat,29.461473,79.971673,Rock,Slide,2011,2011.0,1
UK/CHA/53O15/2016/70,Uttarakhand,Champawat,29.462478,79.879207,Rock,Slide,2016,2016.0,1
UK/CHA/62C03/2016/103,Uttarakhand,Champawat,29.462823,80.175116,Rock,Slide,2005,2005.0,1
UK/CHA/62C03/2016/43,Uttarakhand,Champawat,29.463333,80.017611,Rock,Slide,2006,2006.0,1
UK/CHA/53O15/2016/77,Uttarakhand,Champawat,29.465039,79.914154,Rock,Slide,2016,2016.0,1
UK/CHA/53O15/2016/46,Uttarakhand,Champawat,29.465687,79.970247,Rock,Slide,2011,2011.0,1
UK/CHA/53O15/2016/31,Uttarakhand,Champawat,29.466972,79.994861,Rock,Slide,2006,2006.0,1
UK/CHA/53O15/2016/45,Uttarakhand,Champawat,29.468026,79.973511,Rock,Slide,2002,2002.0,1
UK/CHA/62C03/2016/42,Uttarakhand,Champawat,29.468111,80.00775,Rock,Slide,2011,2011.0,1
UK/CHA/53O15/2016/58,Uttarakhand,Champawat,29.470467,79.898318,Debris,Slide,2016,2016.0,1
UK/CHA/53O15/2016/78,Uttarakhand,Champawat,29.472139,79.917863,Rock,Slide,2002,2002.0,1
UK/CHA/53O15/2016/69,Uttarakhand,Champawat,29.472222,79.882667,Rock,Slide,2011,2011.0,1
UK/CHA/53O15/2016/68,Uttarakhand,Champawat,29.473,79.883361,Rock,Slide,2011,2011.0,1
UK/NAI/53O03/2017/5,Uttarakhand,Nainital,29.475,79.1102,Rock,Slide,2011,2011.0,1
UK/CHA/62C03/2016/104,Uttarakhand,Champawat,29.475895,80.146605,Rock,Slide,2012,2012.0,1
UK/CHA/53O15/2016/67,Uttarakhand,Champawat,29.475896,79.899179,Debris,Slide,2016,2016.0,1
UK/PIT/62C03/2016/113,Uttarakhand,Champawat,29.476878,80.004872,Rock,Slide,2011,2011.0,1
UK/CHA/62C03/2016/47,Uttarakhand,Pithoragarh,29.477222,80.209528,Rock,Slide,2005,2005.0,1
UK/CHA/53O15/2016/30,Uttarakhand,Champawat,29.479028,79.983278,Rock,Slide,2011,2011.0,1
UK/CHA/53O15/2016/29,Uttarakhand,Champawat,29.480917,79.984417,Rock,Slide,2011,2011.0,1
UK/ALM/53O15/2016/48,Uttarakhand,Almora,29.481724,79.968877,Rock,Slide,2013,2013.0,1
UK/PIT/62C03/2016/112,Uttarakhand,Champawat,29.483224,80.002729,Rock,Slide,2002,2002.0,1
UK/CHA/62C03/2016/108,Uttarakhand,Champawat,29.484069,80.125076,Rock,Slide,2006,2006.0,1
UK/ALM/53O15/2016/37,Uttarakhand,Almora,29.484713,79.972357,Rock,Slide,2002,2002.0,1
UK/CHA/53O15/2016/36,Uttarakhand,Champawat,29.48481,79.991369,Rock,Slide,2002,2002.0,1
UK/CHA/53O15/2016/66,Uttarakhand,Champawat,29.484841,79.886383,Rock,Slide,2005,2005.0,1
UK/CHA/53O15/2016/27,Uttarakhand,Champawat,29.485528,79.985472,Rock,Slide,2011,2011.0,1
UK/CHA/53O15/2016/28,Uttarakhand,Champawat,29.485694,79.975583,Rock,Slide,2011,2011.0,1
UK/ALM/53O15/2016/86,Uttarakhand,Almora,29.486191,79.789682,Rock,Slide,2005,2005.0,1
UK/NAI/53O03/2017/4,Uttarakhand,Nainital,29.4865,79.0892,Rock,Slide,2011,2011.0,1
UK/CHA/53O15/2016/35,Uttarakhand,Champawat,29.486943,79.995147,Rock,Slide,2002,2002.0,1
UK/CHA/53O15/2016/60,Uttarakhand,Champawat,29.486944,79.923045,Rock,Slide,2016,2016.0,1
UK/NAI/53O03/2017/3,Uttarakhand,Nainital,29.4871,79.0883,Rock,Slide,2011,2011.0,1
UK/CHA/53O15/2016/61,Uttarakhand,Champawat,29.487104,79.916204,Rock,Slide,2002,2002.0,1
UK/CHA/53O15/2016/26,Uttarakhand,Champawat,29.487306,79.985861,Debris,Slide,2002,2002.0,1
UK/CHA/62C03/2016/102,Uttarakhand,Champawat,29.487457,80.120093,Rock,Slide,2011,2011.0,1
UK/ALM/53O15/2016/62,Uttarakhand,Almora,29.48947,79.914678,Rock,Slide,2011,2011.0,1
UK/ALM/53O15/2016/59,Uttarakhand,Almora,29.489627,79.923371,Rock,Slide,2011,2011.0,1
UK/CHA/53O15/2016/63,Uttarakhand,Champawat,29.489714,79.911899,Rock,Slide,2005,2005.0,1
UK/ALM/53O15/2016/39,Uttarakhand,Almora,29.490328,79.979559,Rock,Slide,2011,2011.0,1
UK/ALM/53O15/2016/49,Uttarakhand,Almora,29.490373,79.981771,Rock,Slide,2011,2011.0,1
UK/CHA/62C03/2016/7,Uttarakhand,Pithoragarh,29.490624,80.132585,Debris,Slide,2011,2011.0,1
UK/ALM/53O15/2016/38,Uttarakhand,Almora,29.491278,79.976678,Rock,Slide,2011,2011.0,1
UK/CHA/62C03/2016/8,Uttarakhand,Pithoragarh,29.491556,80.130528,Rock,Slide,2014,2014.0,1
UK/PIT/62C03/2016/106,Uttarakhand,Pithoragarh,29.493381,80.152911,Rock,Slide,2009,2009.0,1
UK/ALM/53O15/2016/64,Uttarakhand,Almora,29.493782,79.899406,Rock,Slide,2016,2016.0,1
UK/CHA/62C03/2016/48,Uttarakhand,Pithoragarh,29.495611,80.162889,Rock,Fall,2014,2014.0,1
UK/CHA/62C03/2016/101,Uttarakhand,Champawat,29.495737,80.112035,Rock,Slide,2012,2012.0,1
UK/ALM/62C03/2016/110,Uttarakhand,Almora,29.495945,80.000591,Rock,Slide,2006,2006.0,1
UK/PIT/62C03/2016/105,Uttarakhand,Pithoragarh,29.496397,80.145302,Debris,Slide,2009,2009.0,1
UK/ALM/62C03/2016/114,Uttarakhand,Almora,29.496931,80.012234,Rock,Slide,2012,2012.0,1
UK/ALM/62C03/2016/111,Uttarakhand,Almora,29.49699,80.00083,Rock,Slide,2014,2014.0,1
UK/ALM/53O15/2016/34,Uttarakhand,Almora,29.497892,79.998586,Rock,Slide,2012,2012.0,1
UK/CHA/62C03/2016/45,Uttarakhand,Champawat,29.498008,80.123594,Rock,Fall,2006,2006.0,1
UK/NAI/53O03/2017/1,Uttarakhand,Nainital,29.498295,79.142698,Rock,Slide,2013,2013.0,1
UK/CHA/62C03/2016/46,Uttarakhand,Champawat,29.498674,80.124267,Rock,Slide,2006,2006.0,1
UK/CHA/62C03/2016/100,Uttarakhand,Champawat,29.498759,80.104137,Rock,Slide,2014,2014.0,1
UK/ALM/53O15/2016/65,Uttarakhand,Almora,29.49879,79.887989,Rock,Slide,2011,2011.0,1
UK/CHA/53O15/2016/25,Uttarakhand,Almora,29.498861,79.991472,Rock,Slide,2005,2005.0,1
UK/CHA/62C03/2016/99,Uttarakhand,Champawat,29.49942,80.101188,Rock,Slide,2014,2014.0,1
UK/CHA/62C03/2016/98,Uttarakhand,Champawat,29.499696,80.099342,Rock,Slide,2014,2014.0,1
UK/CHA/62C03/2016/9,Uttarakhand,Champawat,29.499743,80.107481,Rock,Fall,2006,2006.0,1
UK/ALM/53O06/2017/72,Uttarakhand,Almora,29.500501,79.482274,Debris,Slide,2013,2013.0,1
UK/NAI/53O06/2017/9,Uttarakhand,Nainital,29.502053,79.420426,Rock,Slide,2014,2014.0,1
UK/NAI/53O06/2017/73,Uttarakhand,Almora,29.50211,79.481801,Debris,Slide,2013,2013.0,1
UK/NAI/53O02/2017/42,Uttarakhand,Nainital,29.504573,79.203445,Rock cum debris,Slide,2014,2014.0,1
UK/NAI/53O06/2017/7,Uttarakhand,Nainital,29.50538,79.444287,Rock,Slide,2017,2017.0,1
UK/PIT/62C06/2017/86,Uttarakhand,Pithoragarh,29.505747,80.292536,Rock,Slide,2014,2014.0,1
UK/PIT/62C06/2017/87,Uttarakhand,Pithoragarh,29.506008,80.292774,Rock,Slide,2014,2014.0,1
UK/PIT/62C06/2017/85,Uttarakhand,Pithoragarh,29.507372,80.294053,Rock,Slide,2014,2014.0,1
UK/PIT/62C06/2017/84,Uttarakhand,Pithoragarh,29.509016,80.303447,Debris,Slide,2011,2011.0,1
UK/NAI/53O06/2017/69,Uttarakhand,Nainital,29.509503,79.452938,Rock,Slide,2017,2017.0,1
UK/NAI/53O02/2017/91,Uttarakhand,Nainital,29.510069,79.039045,Rock,Slide,2011,2011.0,1
UK/NAI/53O02/2017/90,Uttarakhand,Nainital,29.512947,79.04282,Rock,Slide,2011,2011.0,1
UK/ALM/53O06/2017/91,Uttarakhand,Almora,29.51404,79.479387,Rock,Slide,2013,2013.0,1
UK/NAI/53O06/2017/8,Uttarakhand,Nainital,29.515572,79.435206,Debris,Slide,2014,2014.0,1
UK/ALM/53O06/2017/90,Uttarakhand,Almora,29.516336,79.480038,Rock,Slide,2013,2013.0,1
UK/ALM/53O06/2017/70,Uttarakhand,Almora,29.517852,79.456513,Rock,Slide,2014,2014.0,1
UK/ALM/53O06/2017/76,Uttarakhand,Almora,29.518165,79.480328,Rock,Slide,2014,2014.0,1
UK/NAI/53O06/2017/53,Uttarakhand,Nainital,29.51827,79.433167,Debris,Slide,2014,2014.0,1
UK/ALM/53O06/2017/89,Uttarakhand,Almora,29.518646,79.480334,Rock,Slide,2013,2013.0,1
UK/NAI/53O06/2017/84,Uttarakhand,Nainital,29.5191,79.4066,Rock,Slide,2011,2011.0,1
UK/PIT/62C06/2017/83,Uttarakhand,Pithoragarh,29.519314,80.311266,Rock,Slide,2017,2017.0,1
UK/NAI/53O06/2017/10,Uttarakhand,Nainital,29.519744,79.425581,Debris,Slide,2014,2014.0,1
UK/NAI/53O06/2017/72,Uttarakhand,Nainital,29.519993,79.254702,Rock,Slide,2014,2014.0,1
UK/NAI/53O06/2017/88,Uttarakhand,Nainital,29.5203,79.4257,Debris,Slide,2014,2014.0,1
UK/NAI/53O06/2017/68,Uttarakhand,Nainital,29.520718,79.411128,Rock,Slide,2011,2011.0,1
UK/NAI/53O02/2017/43,Uttarakhand,Nainital,29.520998,79.191923,Rock cum debris,Slide,2014,2014.0,1
UK/NAI/53O06/2017/56,Uttarakhand,Nainital,29.521163,79.406882,Rock,Slide,2014,2014.0,1
UK/NAI/53O02/2017/72,Uttarakhand,Nainital,29.521563,79.179942,Rock,Slide,2011,2011.0,1
UK/NAI/53O06/2017/55,Uttarakhand,Nainital,29.521748,79.431384,Debris,Slide,2013,2013.0,1
UK/NAI/53O06/2017/67,Uttarakhand,Nainital,29.52181,79.410112,Rock,Slide,2011,2011.0,1
UK/NAI/53O06/2017/11,Uttarakhand,Nainital,29.522051,79.430568,Rock,Slide,2011,2011.0,1
UK/NAI/53O06/2017/85,Uttarakhand,Nainital,29.5232,79.421,Debris,Slide,2011,2011.0,1
UK/NAI/53O06/2017/57,Uttarakhand,Nainital,29.523619,79.400202,Rock,Slide,2014,2014.0,1
UK/NAI/53O02/2017/75,Uttarakhand,Nainital,29.52376,79.245055,Rock,Slide,2014,2014.0,1
UK/NAI/53O06/2017/87,Uttarakhand,Nainital,29.5241,79.4221,Debris,Slide,2011,2011.0,1
UK/NAI/53O06/2017/86,Uttarakhand,Nainital,29.5243,79.4211,Debris,Slide,2011,2011.0,1
UK/NAI/53O06/2017/12,Uttarakhand,Nainital,29.52546,79.419857,Rock,Slide,2011,2011.0,1
UK/ALM/53O06/2017/75,Uttarakhand,Almora,29.527171,79.483819,Rock,Slide,2011,2011.0,1
UK/ALM/53O06/2017/6,Uttarakhand,Almora,29.528231,79.483996,Rock,Slide,2013,2013.0,1
UK/NAI/53O06/2017/58,Uttarakhand,Nainital,29.528449,79.405771,Rock,Slide,2014,2014.0,1
UK/NAI/53O02/2017/74,Uttarakhand,Nainital,29.528885,79.24196,Rock,Slide,2014,2014.0,1
UK/NAI/53O02/2017/94,Uttarakhand,Nainital,29.5291,79.0842,Rock,Slide,2011,2011.0,1
UK/NAI/53O06/2017/13,Uttarakhand,Nainital,29.530216,79.414949,Debris,Subsidence,2014,2014.0,1
UK/NAI/53O02/2017/92,Uttarakhand,Nainital,29.5316,79.0723,Rock,Slide,2011,2011.0,1
UK/PIT/62C06/2017/78,Uttarakhand,Pithoragarh,29.532394,80.254608,Debris,Slide,2017,2017.0,1
UK/NAI/53O02/2017/93,Uttarakhand,Nainital,29.532398,79.081261,Rock,Slide,2011,2011.0,1
UK/NAI/53O06/2017/59,Uttarakhand,Nainital,29.534144,79.404779,Rock,Slide,2017,2017.0,1
UK/NAI/53O06/2017/61,Uttarakhand,Nainital,29.535843,79.421161,Rock,Slide,2014,2014.0,1
UK/NAI/53O06/2017/83,Uttarakhand,Nainital,29.5366,79.4069,Rock,Slide,2011,2011.0,1
UK/ALM/53O02/2017/22,Uttarakhand,Almora,29.537484,79.163298,Debris,Flow,2011,2011.0,1
UK/ALM/53O02/2017/45,Uttarakhand,Almora,29.538235,79.238718,Rock cum debris,Slide,2014,2014.0,1
UK/NAI/53O06/2017/73,Uttarakhand,Nainital,29.540628,79.261451,Rock,Slide,2014,2014.0,1
UK/NAI/53O06/2017/60,Uttarakhand,Nainital,29.542579,79.413485,Rock,Slide,2014,2014.0,1
UK/ALM/53O02/2017/2,Uttarakhand,Almora,29.545642,79.197311,Rock,Slide,2011,2011.0,1
UK/PIT/62C06/2017/93,Uttarakhand,Pithoragarh,29.547152,80.284095,Debris,Slide,2017,2017.0,1
UK/NAI/53O06/2017/28,Uttarakhand,Nainital,29.547198,79.338611,Rock,Slide,2010,2010.0,1
UK/NAI/53O06/2017/26,Uttarakhand,Nainital,29.548203,79.341684,Rock,Slide,2010,2010.0,1
UK/NAI/53O06/2017/27,Uttarakhand,Nainital,29.548741,79.337898,Rock,Slide,2010,2010.0,1
UK/NAI/53O06/2017/45,Uttarakhand,Nainital,29.549047,79.255669,Rock cum debris,Slide,2017,2017.0,1
UK/NAI/53O06/2017/17,Uttarakhand,Nainital,29.549228,79.324747,Rock,Slide,2014,2014.0,1
UK/NAI/53O06/2017/30,Uttarakhand,Nainital,29.54969,79.311012,Rock,Slide,2011,2011.0,1
UK/NAI/53O06/2017/14,Uttarakhand,Nainital,29.550017,79.409123,Rock,Slide,2010,2010.0,1
UK/NAI/53O06/2017/81,Uttarakhand,Nainital,29.5502,79.4119,Rock,Slide,2011,2011.0,1
UK/ALM/53O02/2017/73,Uttarakhand,Almora,29.550526,79.2206,Rock,Slide,2014,2014.0,1
UK/NAI/53O06/2017/31,Uttarakhand,Nainital,29.550571,79.309235,Rock,Slide,2011,2011.0,1
UK/NAI/53O06/2017/25,Uttarakhand,Nainital,29.551054,79.343474,Rock,Slide,2010,2010.0,1
UK/PIT/62C06/2017/107,Uttarakhand,Pithoragarh,29.551481,80.341195,Debris,Slide,2014,2014.0,1
UK/NAI/53O06/2017/16,Uttarakhand,Nainital,29.551882,79.307892,Rock,Slide,2011,2011.0,1
UK/NAI/53O06/2017/64,Uttarakhand,Nainital,29.551926,79.410945,Rock,Slide,2011,2011.0,1
UK/NAI/53O06/2017/33,Uttarakhand,Nainital,29.552966,79.285619,Rock,Slide,2014,2014.0,1
UK/NAI/53O06/2017/34,Uttarakhand,Nainital,29.553321,79.281461,Rock,Slide,2014,2014.0,1
UK/ALM/53O02/2017/1,Uttarakhand,Almora,29.553724,79.193619,Rock,Slide,2017,2017.0,1
UK/ALM/53O06/2017/44,Uttarakhand,Almora,29.553982,79.249893,Rock cum debris,Slide,2014,2014.0,1
UK/NAI/53O06/2017/79,Uttarakhand,Nainital,29.5542,79.3492,Rock,Slide,2011,2011.0,1
UK/NAI/53O06/2017/32,Uttarakhand,Nainital,29.55471,79.306447,Rock,Slide,2011,2011.0,1
UK/PIT/62C06/2017/106,Uttarakhand,Pithoragarh,29.555313,80.346067,Debris,Slide,2014,2014.0,1
UK/PIT/62C06/2017/105,Uttarakhand,Pithoragarh,29.555841,80.347144,Debris,Slide,2014,2014.0,1
UK/NAI/53O06/2017/15,Uttarakhand,Nainital,29.556113,79.405966,Rock,Slide,2010,2010.0,1
UK/NAI/53O06/2017/80,Uttarakhand,Nainital,29.5566,79.4019,Rock,Slide,2011,2011.0,1
UK/ALM/53O02/2017/70,Uttarakhand,Almora,29.55698,79.196327,Rock,Slide,2011,2011.0,1
UK/NAI/53O06/2017/62,Uttarakhand,Nainital,29.558407,79.400222,Rock,Slide,2011,2011.0,1
UK/ALM/53O06/2017/47,Uttarakhand,Almora,29.558795,79.453735,Rock,Slide,2011,2011.0,1
UK/NAI/53O06/2017/63,Uttarakhand,Nainital,29.558934,79.39725,Rock,Slide,2011,2011.0,1
UK/ALM/53O02/2017/30,Uttarakhand,Almora,29.561249,79.141339,Rock,Slide,2014,2014.0,1
UK/ALM/53O02/2017/69,Uttarakhand,Almora,29.561459,79.213104,Rock,Slide,2011,2011.0,1
UK/NAI/53O06/2017/77,Uttarakhand,Nainital,29.5618,79.3344,Debris,Slide,2014,2014.0,1
UK/NAI/53O06/2017/78,Uttarakhand,Nainital,29.5622,79.3341,Debris,Slide,2014,2014.0,1
UK/ALM/53O02/2017/13,Uttarakhand,Almora,29.563205,79.228522,Rock,Slide,2015,2015.0,1
UK/ALM/53O06/2017/48,Uttarakhand,Almora,29.563324,79.463238,Rock,Slide,2010,2010.0,1
UK/NAI/53O06/2017/50,Uttarakhand,Nainital,29.56447,79.356111,Rock,Slide,2017,2017.0,1
UK/ALM/53O06/2017/18,Uttarakhand,Almora,29.565062,79.262501,Debris,Slide,2017,2017.0,1
UK/NAI/53O06/2017/51,Uttarakhand,Nainital,29.565344,79.352622,Rock,Slide,2017,2017.0,1
UK/NAI/53O06/2017/49,Uttarakhand,Nainital,29.565387,79.350924,Rock,Slide,2017,2017.0,1
UK/ALM/53O02/2017/15,Uttarakhand,Almora,29.565468,79.227907,Debris,Slide,2016,2016.0,1
UK/ALM/53O02/2017/31,Uttarakhand,Almora,29.565761,79.151775,Rock,Slide,2014,2014.0,1
UK/ALM/53O02/2017/14,Uttarakhand,Almora,29.56598,79.231635,Rock,Slide,2015,2015.0,1
UK/ALM/53O02/2017/24,Uttarakhand,Almora,29.566535,79.21527,Rock,Slide,2017,2017.0,1
UK/ALM/53O02/2017/11,Uttarakhand,Almora,29.568114,79.24392,Debris,Slide,2017,2017.0,1
UK/ALM/53O02/2017/32,Uttarakhand,Almora,29.568785,79.160047,Rock,Slide,2014,2014.0,1
UK/NAI/53O06/2017/24,Uttarakhand,Nainital,29.569622,79.340426,Debris,Slide,2011,2011.0,1
UK/ALM/53O02/2017/12,Uttarakhand,Almora,29.570169,79.246095,Rock,Slide,2015,2015.0,1
UK/ALM/53O06/2017/74,Uttarakhand,Almora,29.570559,79.461211,Rock,Slide,2010,2010.0,1
UK/ALM/53O06/2017/20,Uttarakhand,Almora,29.57106,79.252089,Rock,Slide,2015,2015.0,1
UK/ALM/53O02/2017/33,Uttarakhand,Almora,29.571608,79.166608,Rock,Slide,2015,2015.0,1
UK/ALM/53O02/2017/35,Uttarakhand,Almora,29.571724,79.165075,Rock,Slide,2015,2015.0,1
UK/ALM/53O02/2017/34,Uttarakhand,Almora,29.572519,79.16607,Rock,Slide,2015,2015.0,1
UK/NAI/53O06/2017/23,Uttarakhand,Nainital,29.573819,79.33811,Debris,Slide,2011,2011.0,1
UK/PIT/62C06/2017/8,Uttarakhand,Pithoragarh,29.573836,80.353159,Debris,Slide,2017,2017.0,1
UK/ALM/53O02/2017/25,Uttarakhand,Almora,29.575332,79.242916,Rock,Slide,2017,2017.0,1
UK/ALM/53O02/2017/36,Uttarakhand,Almora,29.575936,79.170947,Rock,Slide,2017,2017.0,1
UK/NAI/53O06/2017/22,Uttarakhand,Nainital,29.576506,79.340543,Rock,Slide,2013,2013.0,1
UK/ALM/53O02/2017/37,Uttarakhand,Almora,29.581946,79.175371,Rock,Slide,2014,2014.0,1
UK/ALM/53O02/2017/38,Uttarakhand,Almora,29.584287,79.176148,Rock,Slide,2014,2014.0,1
UK/PIT/62C06/2017/66,Uttarakhand,Pithoragarh,29.585772,80.348176,Debris,Slide,2014,2014.0,1
UK/PIT/62C06/2017/67,Uttarakhand,Pithoragarh,29.587935,80.354206,Rock,Slide,2014,2014.0,1
UK/ALM/53O06/2017/43,Uttarakhand,Almora,29.588564,79.43198,Rock,Slide,2011,2011.0,1
UK/BAG/53O09/2018/40,Uttarakhand,Bageshwar,29.589722,79.584056,Debris,Slide,2018,2018.0,1
UK/ALM/53O02/2017/101,Uttarakhand,Almora,29.59,79.0638,Rock,Slide,2010,2010.0,1
UK/PIT/62C06/2017/108,Uttarakhand,Pithoragarh,29.590044,80.296667,Rock,Slide,2012,2012.0,1
UK/NAI/53O06/2017/21,Uttarakhand,Nainital,29.590891,79.327146,Rock,Slide,2014,2014.0,1
UK/ALM/53O02/2017/3,Uttarakhand,Almora,29.59247,79.230078,Debris,Slide,2017,2017.0,1
UK/PIT/62C06/2017/68,Uttarakhand,Pithoragarh,29.592647,80.379755,Rock,Slide,2017,2017.0,1
UK/ALM/53O02/2017/39,Uttarakhand,Almora,29.594428,79.167676,Rock,Slide,2014,2014.0,1
UK/ALM/53O02/2017/27,Uttarakhand,Almora,29.595263,79.097637,Debris,Slide,2011,2011.0,1
UK/ALM/53O02/2017/7,Uttarakhand,Almora,29.595297,79.0988,Rock,Slide,2014,2014.0,1
UK/ALM/53O02/2017/102,Uttarakhand,Almora,29.5954,79.0636,Rock,Slide,2010,2010.0,1
UK/PIT/62C06/2017/69,Uttarakhand,Pithoragarh,29.59842,80.374603,Rock,Slide,2017,2017.0,1
UK/ALM/53O02/2017/79,Uttarakhand,Almora,29.598527,79.088171,Rock,Slide,2011,2011.0,1
UK/ALM/53O06/2017/39,Uttarakhand,Almora,29.598601,79.274904,Rock,Slide,2014,2014.0,1
UK/ALM/53O02/2017/8,Uttarakhand,Almora,29.599263,79.088069,Rock,Slide,2011,2011.0,1
UK/ALM/53O02/2017/80,Uttarakhand,Almora,29.599873,79.088206,Rock,Slide,2011,2011.0,1
UK/ALM/53O02/2017/81,Uttarakhand,Almora,29.600399,79.0882,Rock,Slide,2011,2011.0,1
UK/ALM/53O02/2017/103,Uttarakhand,Almora,29.603269,79.064462,Rock,Slide,2010,2010.0,1
UK/PIT/62C06/2017/110,Uttarakhand,Pithoragarh,29.604733,80.337558,Rock,Slide,2016,2016.0,1
UK/ALM/53O02/2017/77,Uttarakhand,Almora,29.605502,79.07586,Rock,Slide,2011,2011.0,1
UK/ALM/53O02/2017/78,Uttarakhand,Almora,29.606667,79.09074,Rock,Slide,2011,2011.0,1
UK/ALM/53O06/2017/5,Uttarakhand,Almora,29.608828,79.306039,Rock,Slide,2015,2015.0,1
UK/ALM/53O02/2017/67,Uttarakhand,Almora,29.609432,79.112425,Rock,Slide,2014,2014.0,1
UK/ALM/53O02/2017/10,Uttarakhand,Almora,29.611128,79.239187,Rock,Slide,2017,2017.0,1
UK/ALM/53O02/2017/46,Uttarakhand,Almora,29.612701,79.178812,Rock,Slide,2014,2014.0,1
UK/ALM/53O02/2017/48,Uttarakhand,Almora,29.615722,79.161139,Debris,Slide,2014,2014.0,1
UK/ALM/53O02/2017/49,Uttarakhand,Almora,29.616143,79.125247,Debris,Slide,2015,2015.0,1
UK/ALM/53O02/2017/47,Uttarakhand,Almora,29.617667,79.16125,Rock,Slide,2014,2014.0,1
UK/ALM/53O02/2017/19,Uttarakhand,Almora,29.617835,79.215985,Rock,Slide,2017,2017.0,1
UK/PIT/62C06/2017/1,Uttarakhand,Pithoragarh,29.618156,80.259177,Rock,Slide,2016,2016.0,1
UK/ALM/53O02/2017/40,Uttarakhand,Almora,29.618688,79.129281,Rock,Slide,2016,2016.0,1
UK/PAU/53O02/2017/64,Uttarakhand,Pauri Garhwal,29.621418,79.083969,Rock,Slide,2017,2017.0,1
UK/ALM/53O02/2017/18,Uttarakhand,Almora,29.622446,79.219786,Rock,Slide,2017,2017.0,1
UK/ALM/53O02/2017/29,Uttarakhand,Almora,29.624167,79.103222,Debris,Slide,2015,2015.0,1
UK/PAU/53O02/2017/52,Uttarakhand,Pauri Garhwal,29.625215,79.040688,Rock,Slide,2012,2012.0,1
UK/ALM/53O02/2017/51,Uttarakhand,Almora,29.628444,79.149493,Debris,Slide,2015,2015.0,1
UK/PAU/53O02/2017/100,Uttarakhand,Pauri Garhwal,29.629843,79.03881,Rock,Slide,2011,2011.0,1
UK/PAU/53O02/2017/89,Uttarakhand,Pauri Garhwal,29.630989,79.073334,Rock,Slide,2014,2014.0,1
UK/PAU/53O02/2017/65,Uttarakhand,Pauri Garhwal,29.631694,79.062201,Rock,Slide,2016,2016.0,1
UK/PAU/53O02/2017/88,Uttarakhand,Pauri Garhwal,29.632631,79.080085,Rock,Slide,2011,2011.0,1
UK/ALM/53O06/2017/46,Uttarakhand,Almora,29.634433,79.254016,Rock cum debris,Slide,2017,2017.0,1
UK/PIT/62C06/2017/55,Uttarakhand,Pithoragarh,29.641536,80.353654,Rock,Slide,2017,2017.0,1
UK/PAU/53O02/2017/61,Uttarakhand,Pauri Garhwal,29.6426,79.06758,Rock,Slide,2011,2011.0,1
UK/PIT/62C06/2017/56,Uttarakhand,Pithoragarh,29.642806,80.354707,Debris,Slide,2017,2017.0,1
UK/PIT/62C06/2017/48,Uttarakhand,Pithoragarh,29.643012,80.32502,Rock,Slide,2016,2016.0,1
UK/PAU/53O02/2017/99,Uttarakhand,Pauri Garhwal,29.648876,79.047397,Rock,Slide,2011,2011.0,1
UK/ALM/53O02/2017/17,Uttarakhand,Almora,29.649359,79.209309,Rock,Slide,2016,2016.0,1
UK/PAU/53O02/2017/98,Uttarakhand,Pauri Garhwal,29.6499,79.0468,Rock,Slide,2011,2011.0,1
UK/PAU/53O02/2017/97,Uttarakhand,Pauri Garhwal,29.650776,79.046208,Rock,Slide,2011,2011.0,1
UK/PAU/53O02/2017/96,Uttarakhand,Pauri Garhwal,29.651,79.0453,Rock,Slide,2011,2011.0,1
UK/PAU/53O02/2017/87,Uttarakhand,Pauri Garhwal,29.651472,79.077919,Debris,Slide,2014,2014.0,1
UK/PAU/53O02/2017/59,Uttarakhand,Pauri Garhwal,29.653902,79.047244,Rock,Slide,2011,2011.0,1
UK/ALM/53O02/2017/16,Uttarakhand,Almora,29.654359,79.210911,Rock,Slide,2011,2011.0,1
UK/PAU/53O02/2017/95,Uttarakhand,Pauri Garhwal,29.6549,79.0407,Rock,Slide,2011,2011.0,1
UK/PAU/53O02/2017/60,Uttarakhand,Pauri Garhwal,29.656813,79.067325,Rock,Slide,2011,2011.0,1
UK/PIT/62C06/2017/4,Uttarakhand,Pithoragarh,29.66531,80.269799,Rock cum debris,Slide,2017,2017.0,1
UK/PIT/62C06/2017/5,Uttarakhand,Pithoragarh,29.667054,80.268681,Rock,Slide,2017,2017.0,1
UK/PIT/62C06/2017/6,Uttarakhand,Pithoragarh,29.667582,80.267611,Rock,Slide,2017,2017.0,1
UK/PAU/53O02/2017/86,Uttarakhand,Pauri Garhwal,29.668287,79.07634,Rock,Slide,2013,2013.0,1
UK/PAU/53O02/2017/85,Uttarakhand,Pauri Garhwal,29.669243,79.076167,Rock,Slide,2013,2013.0,1
UK/PIT/62C06/2017/9,Uttarakhand,Pithoragarh,29.672028,80.26343,Rock,Slide,2017,2017.0,1
UK/PIT/62C06/2017/7,Uttarakhand,Pithoragarh,29.672165,80.2623,Rock,Slide,2017,2017.0,1
UK/ALM/53O06/2017/2,Uttarakhand,Almora,29.673983,79.273005,Debris,Slide,2017,2017.0,1
UK/PIT/62C06/2017/10,Uttarakhand,Pithoragarh,29.674325,80.269556,Debris,Slide,2016,2016.0,1
UK/ALM/53O06/2017/3,Uttarakhand,Almora,29.675059,79.28374,Rock,Slide,2014,2014.0,1
UK/PAU/53O02/2017/54,Uttarakhand,Pauri Garhwal,29.679059,79.067813,Rock,Slide,2014,2014.0,1
UK/PAU/53O02/2017/55,Uttarakhand,Pauri Garhwal,29.681667,79.061107,Rock,Slide,2014,2014.0,1
UK/PAU/53O02/2017/56,Uttarakhand,Pauri Garhwal,29.683904,79.051262,Rock,Slide,2013,2013.0,1
UK/PIT/62C06/2017/34,Uttarakhand,Pithoragarh,29.684952,80.287402,Rock,Slide,2012,2012.0,1
UK/PIT/62C06/2017/43,Uttarakhand,Pithoragarh,29.686914,80.256746,Rock,Slide,2016,2016.0,1
UK/PAU/53O02/2017/82,Uttarakhand,Pauri Garhwal,29.687721,79.074614,Rock,Slide,2013,2013.0,1
UK/PAU/53O02/2017/83,Uttarakhand,Pauri Garhwal,29.688968,79.073803,Rock,Slide,2013,2013.0,1
UK/PAU/53O02/2017/84,Uttarakhand,Pauri Garhwal,29.69018,79.071683,Rock,Slide,2013,2013.0,1
UK/ALM/53O02/2017/20,Uttarakhand,Almora,29.691396,79.23879,Rock,Slide,2017,2017.0,1
UK/PIT/62C06/2017/35,Uttarakhand,Pithoragarh,29.691973,80.314322,Rock,Slide,2017,2017.0,1
UK/PIT/62C06/2017/37,Uttarakhand,Pithoragarh,29.692197,80.318907,Rock,Slide,2014,2014.0,1
UK/PIT/62C06/2017/38,Uttarakhand,Pithoragarh,29.693414,80.31978,Rock,Slide,2017,2017.0,1
UK/ALM/53O02/2017/21,Uttarakhand,Almora,29.709889,79.249417,Rock,Slide,2017,2017.0,1
UK/ALM/53O02/2017/68,Uttarakhand,Almora,29.713618,79.134575,Rock,Slide,2011,2011.0,1
UK/PAU/53O02/2017/28,Uttarakhand,Pauri Garhwal,29.713777,79.098999,Rock,Slide,2011,2011.0,1
UK/PIT/62C06/2017/24,Uttarakhand,Pithoragarh,29.715585,80.265486,Rock,Slide,2017,2017.0,1
UK/PIT/62C06/2017/39,Uttarakhand,Pithoragarh,29.715924,80.276865,Debris,Slide,2017,2017.0,1
UK/PIT/62C06/2017/25,Uttarakhand,Pithoragarh,29.71762,80.27577,Rock,Slide,2017,2017.0,1
UK/ALM/53O06/2017/29,Uttarakhand,Almora,29.720222,79.259939,Rock,Slide,2011,2011.0,1
UK/PIT/62C06/2017/33,Uttarakhand,Pithoragarh,29.722754,80.335304,Rock,Slide,2015,2015.0,1
UK/PIT/62C06/2017/26,Uttarakhand,Pithoragarh,29.727222,80.276917,Rock,Slide,2017,2017.0,1
UK/PIT/62C06/2017/29,Uttarakhand,Pithoragarh,29.728622,80.272445,Rock,Slide,2016,2016.0,1
UK/PIT/62C06/2017/28,Uttarakhand,Pithoragarh,29.733994,80.316378,Rock,Slide,2016,2016.0,1
UK/PIT/62C06/2017/30,Uttarakhand,Pithoragarh,29.734472,80.273785,Rock,Slide,2017,2017.0,1
UK/ALM/53O06/2017/66,Uttarakhand,Almora,29.73796,79.488559,Rock,Slide,2014,2014.0,1
UK/ALM/53O02/2017/26,Uttarakhand,Almora,29.738916,79.24565,Debris,Slide,2017,2017.0,1
UK/PIT/62C06/2017/31,Uttarakhand,Pithoragarh,29.748428,80.28129,Rock,Slide,2017,2017.0,1
UK/BAG/53O13/2015/327,Uttarakhand,Bageshwar,29.750583,79.754306,Debris,Slide,2013,2013.0,1
UK/PAU/53O01/2017/107,Uttarakhand,Pauri Garhwal,29.751044,79.041216,Debris,Slide,2012,2012.0,1
UK/BAG/53O13/2013/0031,Uttarakhand,Bageshwar,29.751472,79.765889,Debris,Slide,16th-17th June 2013,2013.0,1
UK/BAG/53O13/2015/326,Uttarakhand,Bageshwar,29.751701,79.765451,Rock cum Debris,Slide,2013,2013.0,1
UK/BAG/53O13/2013/0033,Uttarakhand,Bageshwar,29.752333,79.756778,Debris,Slide,16th-17th June 2013,2013.0,1
UK/BAG/53O09/2018/12,Uttarakhand,Bageshwar,29.754,79.661417,Debris,Slide,2018,2018.0,1
UK/BAG/53O13/2013/0034,Uttarakhand,Bageshwar,29.754056,79.757611,Debris,,16th-17th June 2013,2013.0,1
UK/BAG/53O13/2015/325,Uttarakhand,Bageshwar,29.755619,79.771559,Rock cum Debris,Slide,2013,2013.0,1
UK/PAU/53O01/2017/109,Uttarakhand,Pauri Garhwal,29.75579,79.019591,Rock,Slide,2013,2013.0,1
UK/PITH/62C05/2013/0059,Uttarakhand,Pithoragarh,29.75833,80.3475,Rock cum Debris,Fall,16th-17th June 2013,2013.0,1
UK/BAG/53O09/2018/22,Uttarakhand,Bageshwar,29.758528,79.514139,Rock,Slide,2018,2018.0,1
UK/BAG/53O09/2018/21,Uttarakhand,Bageshwar,29.759389,79.513194,Rock,Slide,2018,2018.0,1
UK/PAU/53O01/2017/110,Uttarakhand,Pauri Garhwal,29.761732,79.015934,Rock,Slide,2015,2015.0,1
UK/PITH/62C05/2013/0060,Uttarakhand,Pithoragarh,29.76389,80.33139,Rock cum Debris,Fall,16th-17th June 2013,2013.0,1
UK/ALM/53O05/2017/78,Uttarakhand,Almora,29.765889,79.185427,Rock,Slide,2016,2016.0,1
UK/ALM/53O01/2017/13,Uttarakhand,Almora,29.766605,79.173346,Debris,Slide,2011,2011.0,1
UK/ALM/53O01/2017/14,Uttarakhand,Almora,29.76851,79.180219,Debris,Slide,2011,2011.0,1
UK/ALM/53O01/2017/15,Uttarakhand,Almora,29.768926,79.175919,Rock,Slide,2011,2011.0,1
UK/ALM/53O01/2017/16,Uttarakhand,Almora,29.768999,79.175607,Rock,Slide,2011,2011.0,1
UK/ALM/53O01/2017/17,Uttarakhand,Almora,29.769146,79.17524,Rock,Slide,2011,2011.0,1
UK/ALM/53O01/2017/19,Uttarakhand,Almora,29.7693,79.165294,Debris,Slide,2017,2017.0,1
UK/PAU/53O01/2017/126,Uttarakhand,Pauri Garhwal,29.769875,79.119965,Rock,Slide,2009,2009.0,1
UK/ALM/53O01/2017/18,Uttarakhand,Almora,29.770124,79.173256,Debris,Slide,2011,2011.0,1
UK/PAU/53O01/2017/128,Uttarakhand,Pauri Garhwal,29.770856,79.126885,Rock,Slide,2011,2011.0,1
UK/PAU/53O01/2017/125,Uttarakhand,Pauri Garhwal,29.77096,79.118024,Rock,Slide,2011,2011.0,1
UK/PAU/53O01/2017/124,Uttarakhand,Pauri Garhwal,29.770984,79.117456,Rock,Slide,2009,2009.0,1
UK/BAG/53O09/2018/24,Uttarakhand,Bageshwar,29.771052,79.741412,Rock cum debris,Slide,2018,2018.0,1
UK/PAU/53O01/2017/127,Uttarakhand,Pauri Garhwal,29.771343,79.123544,Rock,Slide,2011,2011.0,1
UK/ALM/53O01/2017/20,Uttarakhand,Almora,29.773151,79.167168,Rock,Slide,2017,2017.0,1
UK/ALM/53O01/2017/21,Uttarakhand,Almora,29.77358,79.168366,Rock,Slide,2017,2017.0,1
UK/ALM/53O01/2017/22,Uttarakhand,Almora,29.774391,79.1703,Debris,Slide,2017,2017.0,1
UK/PAU/53O01/2017/111,Uttarakhand,Pauri Garhwal,29.775513,79.018539,Rock,Slide,2013,2013.0,1
UK/ALM/53O01/2017/4,Uttarakhand,Almora,29.777094,79.225233,Rock,Slide,2009,2009.0,1
UK/ALM/53O01/2017/5,Uttarakhand,Almora,29.777803,79.223369,Rock,Slide,2014,2014.0,1
UK/PAU/53O01/2017/112,Uttarakhand,Pauri Garhwal,29.778168,79.029898,Debris,Slide,2013,2013.0,1
UK/PAU/53O01/2017/123,Uttarakhand,Pauri Garhwal,29.779072,79.03504,Debris,Slide,2009,2009.0,1
UK/PAU/53O01/2017/122,Uttarakhand,Pauri Garhwal,29.77927,79.035503,Debris,Slide,2009,2009.0,1
UK/ALM/53O01/2017/7,Uttarakhand,Almora,29.779469,79.222961,Rock,Slide,2014,2014.0,1
UK/BAG/53O09/2018/23,Uttarakhand,Bageshwar,29.779699,79.502572,Rock,Slide,2016,2016.0,1
UK/BAG/53O09/2018/11,Uttarakhand,Bageshwar,29.780083,79.626722,Debris,Slide,2016,2016.0,1
UK/BAG/53O09/2018/20,Uttarakhand,Bageshwar,29.780556,79.517528,Debris,Slide,2018,2018.0,1
UK/ALM/53O01/2017/6,Uttarakhand,Almora,29.781251,79.224752,Rock,Slide,2011,2011.0,1
UK/ALM/53O01/2017/8,Uttarakhand,Almora,29.78244,79.223968,Rock,Slide,2011,2011.0,1
UK/ALM/53O05/2017/55,Uttarakhand,Almora,29.784823,79.42674,Rock,Slide,2012,2012.0,1
UK/ALM/53O01/2017/24,Uttarakhand,Almora,29.786399,79.168817,Rock,Slide,2016,2016.0,1
UK/ALM/53O05/2017/59,Uttarakhand,Almora,29.790065,79.330042,Rock,Slide,2009,2009.0,1
UK/ALM/53O01/2017/25,Uttarakhand,Almora,29.790972,79.161897,Rock,Slide,2014,2014.0,1
UK/ALM/53O01/2017/26,Uttarakhand,Almora,29.791171,79.162418,Rock,Slide,2014,2014.0,1
UK/BAG/53O09/2018/10,Uttarakhand,Bageshwar,29.791382,79.662171,Debris,Slide,2018,2018.0,1
UK/BAG/53O09/2018/9,Uttarakhand,Bageshwar,29.791889,79.6665,Debris,Slide,2017,2017.0,1
UK/ALM/53O01/2017/32,Uttarakhand,Almora,29.79367,79.184957,Rock,Slide,2011,2011.0,1
UK/ALM/53O01/2017/31,Uttarakhand,Almora,29.793707,79.184066,Rock,Slide,2011,2011.0,1
UK/ALM/53O01/2017/30,Uttarakhand,Almora,29.793736,79.172479,Rock,Slide,2014,2014.0,1
UK/ALM/53O01/2017/29,Uttarakhand,Almora,29.793973,79.172021,Rock,Slide,2014,2014.0,1
UK/ALM/53O05/2017/56,Uttarakhand,Almora,29.794162,79.43365,Rock,Slide,2012,2012.0,1
UK/ALM/53O01/2017/28,Uttarakhand,Almora,29.794659,79.168485,Rock,Slide,2009,2009.0,1
UK/ALM/53O05/2017/81,Uttarakhand,Almora,29.794701,79.186138,Rock,Slide,2011,2011.0,1
UK/ALM/53O01/2017/33,Uttarakhand,Almora,29.794747,79.186653,Rock,Slide,2011,2011.0,1
UK/ALM/53O01/2017/27,Uttarakhand,Almora,29.794917,79.163947,Rock,Slide,2009,2009.0,1
UK/ALM/53O01/2017/34,Uttarakhand,Almora,29.795582,79.187542,Rock,Slide,2011,2011.0,1
UK/PAU/53O01/2017/105,Uttarakhand,Pauri Garhwal,29.796222,79.039583,Debris,Flow,2017,2017.0,1
UK/PAU/53O01/2017/106,Uttarakhand,Pauri Garhwal,29.796686,79.043557,Rock,Slide,2013,2013.0,1
UK/BAG/53O09/2018/7,Uttarakhand,Bageshwar,29.798813,79.69747,Soil,Slide,2018,2018.0,1
UK/ALM/53O01/2017/35,Uttarakhand,Almora,29.801936,79.178129,Rock,Slide,2014,2014.0,1
UK/BAG/53O13/2013/0036,Uttarakhand,Bageshwar,29.802667,79.921556,Rock cum Debris,Slide,16th-17th June 2013,2013.0,1
UK/ALM/53O01/2017/9,Uttarakhand,Almora,29.8038,79.213779,Debris,Slide,2014,2014.0,1
UK/ALM/53O01/2017/44,Uttarakhand,Almora,29.80537,79.185025,Rock,Slide,2011,2011.0,1
UK/BAG/53O09/2018/6,Uttarakhand,Bageshwar,29.807068,79.710635,Debris,Slide,2018,2018.0,1
UK/BAG/53O09/2018/19,Uttarakhand,Bageshwar,29.807472,79.711967,Debris,Slide,2018,2018.0,1
UK/BAG/53O09/2018/5,Uttarakhand,Bageshwar,29.807583,79.716944,Debris,Slide,2016,2016.0,1
UK/PITH/62C05/2013/0042,Uttarakhand,Pithoragarh,29.80944,80.37028,Debris cum earth,Fall,2013,2013.0,1
UK/ALM/53O01/2017/40,Uttarakhand,Almora,29.809452,79.196999,Rock,Slide,2011,2011.0,1
UK/BAG/53O09/2018/18,Uttarakhand,Bageshwar,29.810006,79.718188,Debris,Slide,2018,2018.0,1
UK/BAG/53O09/2018/17,Uttarakhand,Bageshwar,29.81075,79.718472,Debris,Slide,2014,2014.0,1
UK/ALM/53O01/2017/10,Uttarakhand,Almora,29.812795,79.222023,Rock,Slide,2016,2016.0,1
UK/BAG/53O13/2013/0037,Uttarakhand,Bageshwar,29.813056,79.912694,Debris,Slide,16th-17th June 2013,2013.0,1
UK/ALM/53O01/2017/43,Uttarakhand,Almora,29.813658,79.186204,Rock,Slide,2011,2011.0,1
UK/BAG/53O09/2018/16,Uttarakhand,Bageshwar,29.813861,79.728583,Debris,Slide,2013,2013.0,1
UK/ALM/53O01/2017/39,Uttarakhand,Almora,29.814174,79.196509,Rock,Slide,2009,2009.0,1
UK/PAU/53O01/2017/117,Uttarakhand,Pauri Garhwal,29.814383,79.097303,Rock,Slide,2012,2012.0,1
UK/BAG/53O09/2018/8,Uttarakhand,Bageshwar,29.815385,79.728751,Rock,Fall,2018,2018.0,1
UK/BAG/53O09/2018/15,Uttarakhand,Bageshwar,29.816028,79.731833,Rock,Fall,2013,2013.0,1
UK/ALM/53O01/2017/42,Uttarakhand,Almora,29.816631,79.183947,Rock,Slide,2011,2011.0,1
UK/ALM/53O05/2017/60,Uttarakhand,Almora,29.816695,79.360851,Rock,Slide,2009,2009.0,1
UK/BAG/53O09/2018/14,Uttarakhand,Bageshwar,29.817333,79.731806,Debris,Slide,2012,2012.0,1
UK/ALM/53O01/2017/41,Uttarakhand,Almora,29.818419,79.187299,Rock,Slide,2014,2014.0,1
UK/ALM/53O05/2017/79,Uttarakhand,Almora,29.818624,79.069057,Debris,Slide,2011,2011.0,1
UK/ALM/53O01/2017/38,Uttarakhand,Almora,29.819029,79.196182,Debris,Slide,2009,2009.0,1
UK/ALM/53O01/2017/37,Uttarakhand,Almora,29.819772,79.197128,Rock,Slide,2009,2009.0,1
UK/PIT/62C09/2020/26,Uttarakhand,Pithoragarh,29.82,80.5,Debris,Slide,2013,2013.0,1
UK/ALM/53O05/2017/65,Uttarakhand,Almora,29.821338,79.075172,Rock cum debris,Slide,2011,2011.0,1
UK/PAU/53O01/2017/103,Uttarakhand,Pauri Garhwal,29.823459,79.06736,Rock,Slide,2011,2011.0,1
UK/BAG/53O13/2013/0035,Uttarakhand,Bageshwar,29.823611,79.8765,Rock,Slide,16th-17th June 2013,2013.0,1
UK/BAG/53O09/2018/13,Uttarakhand,Bageshwar,29.824833,79.740889,Debris,Slide,2018,2018.0,1
UK/BAG/53O13/2013/0013,Uttarakhand,Bageshwar,29.825361,79.815944,Earth,Slump,16th-17th June 2013,2013.0,1
UK/PITH/62C01/2013/0003,Uttarakhand,Chamoli,29.82639,80.11694,Debris cum earth,Subsidence,16th-17th June 2013,2013.0,1
UK/PITH/62C01/2013/0004,Uttarakhand,Pithoragarh,29.82722,80.11972,Debris cum earth,Flow,16th-17th June 2013,2013.0,1
UK/PAU/53O01/2017/102,Uttarakhand,Pauri Garhwal,29.827877,79.058041,Debris,Slide,2009,2009.0,1
UK/BAG/53O13/2013/0012,Uttarakhand,Bageshwar,29.831972,79.797556,Debris,Flow,16th-17th June 2013,2013.0,1
UK/PAU/53O01/2017/99,Uttarakhand,Pauri Garhwal,29.833143,79.045469,Rock cum debris,Slide,2012,2012.0,1
UK/PAU/53O01/2017/101,Uttarakhand,Pauri Garhwal,29.833155,79.05763,Debris,Slide,2013,2013.0,1
UK/BAG/53O13/2013/0038,Uttarakhand,Bageshwar,29.833528,79.822778,Debris,Slide,16th-17th June 2013,2013.0,1
UK/PAU/53O01/2017/100,Uttarakhand,Pauri Garhwal,29.833591,79.045177,Debris,Slide,2012,2012.0,1
UK/PAU/53O01/2017/94,Uttarakhand,Pauri Garhwal,29.837642,79.04286,Rock cum debris,Slide,2012,2012.0,1
UK/BAG/52O13/2013/0002,Uttarakhand,Bageshwar,29.838639,79.792167,,,16th-17th June 2013,2013.0,1
UK/ALM/53O05/2017/58,Uttarakhand,Almora,29.839139,79.446824,Debris,Slide,2011,2011.0,1
UK/ALM/53O01/2017/12,Uttarakhand,Almora,29.839969,79.136536,Rock,Slide,2011,2011.0,1
UK/BAG/53O13/2013/0003,Uttarakhand,Bageshwar,29.843194,79.797222,Rock cum Debris,Slide,16th-17th June 2013,2013.0,1
UK/PAU/53O01/2017/116,Uttarakhand,Pauri Garhwal,29.843256,79.093631,Rock,Slide,2015,2015.0,1
UK/PAU/53O01/2017/114,Uttarakhand,Pauri Garhwal,29.844796,79.085754,Rock,Slide,2012,2012.0,1
UK/ALM/53O05/2017/83,Uttarakhand,Almora,29.846156,79.213802,Rock,Slide,2014,2014.0,1
UK/PAU/53O01/2017/115,Uttarakhand,Pauri Garhwal,29.846318,79.090592,Debris,Flow,2015,2015.0,1
UK/PAU/53O01/2017/113,Uttarakhand,Pauri Garhwal,29.847442,79.086055,Rock,Slide,2012,2012.0,1
UK/ALM/53O01/2017/1,Uttarakhand,Almora,29.852501,79.213432,Debris,Flow,2011,2011.0,1
UK/ALM/53O05/2017/57,Uttarakhand,Almora,29.853841,79.427874,Debris,Slide,2011,2011.0,1
UK/ALM/53O01/2017/2,Uttarakhand,Almora,29.855362,79.205448,Debris,Slide,2009,2009.0,1
UK/ALM/53O01/2017/3,Uttarakhand,Almora,29.861075,79.204587,Rock,Slide,2012,2012.0,1
UK/BAG/53O13/2015/284,Uttarakhand,Bageshwar,29.861326,79.785994,Debris,Slide,2012,2012.0,1
UK/PAU/53O01/2017/93,Uttarakhand,Pauri Garhwal,29.861943,79.017563,Rock,Slide,2012,2012.0,1
UK/ALM/53O05/2017/80,Uttarakhand,Almora,29.862076,79.007199,Rock,Slide,2009,2009.0,1
UK/ALM/53O05/2017/77,Uttarakhand,Almora,29.864849,79.010169,Rock,Slide,2012,2012.0,1
UK/BAG/53O13/2013/0021,Uttarakhand,Bageshwar,29.867639,79.820472,Rock cum Debris,Slide,16th-17th June 2013,2013.0,1
UK/ALM/53O01/2017/11,Uttarakhand,Almora,29.868299,79.114114,Rock,Slide,2011,2011.0,1
UK/BAG/53O13/2013/0020,Uttarakhand,Bageshwar,29.868472,79.820389,Rock cum Debris,Slide,16th-17th June 2013,2013.0,1
UK/BAG/53O13/2013/0023,Uttarakhand,Bageshwar,29.870889,79.842694,Debris,Slump,16th-17th June 2013,2013.0,1
UK/BAG/53O13/2015/338,Uttarakhand,Bageshwar,29.874524,79.876226,Rock,Slide,2014,2014.0,1
UK/BAG/53O09/2018/2,Uttarakhand,Bageshwar,29.874556,79.627722,Rock,Fall,2013,2013.0,1
UK/BAG/53O13/2013/0024,Uttarakhand,Bageshwar,29.878444,79.898639,Debris,Slide,16th-17th June 2013,2013.0,1
UK/PIT/62C09/2020/2,Uttarakhand,Pithoragarh,29.88,80.56,Debris,Slide,2014,2014.0,1
UK/ALM/53O05/2017/15,Uttarakhand,Almora,29.881623,79.433404,Debris,Flow,2011,2011.0,1
UK/ALM/53O05/2017/14,Uttarakhand,Almora,29.881803,79.433317,Debris,Flow,2011,2011.0,1
UK/ALM/53O05/2017/16,Uttarakhand,Almora,29.881888,79.428333,Rock,Slide,2011,2011.0,1
UK/ALM/53O05/2017/13,Uttarakhand,Almora,29.882454,79.433351,Debris,Flow,2011,2011.0,1
UK/PITH/62C09/2013/0047,Uttarakhand,Pithoragarh,29.885,80.56722,Debris cum earth,Slide,16th-17th June 2013,2013.0,1
UK/BAG/53O13/2013/0026,Uttarakhand,Bageshwar,29.889361,79.928861,Rock,Slide,16th-17th June 2013,2013.0,1
UK/PAU/53O01/2017/87,Uttarakhand,Pauri Garhwal,29.889736,79.065206,Rock,Slide,2017,2017.0,1
UK/PIT/62C09/2020/1,Uttarakhand,Pithoragarh,29.890866,80.569027,Rock,Slide,2014,2014.0,1
UK/BAG/53O09/2018/1,Uttarakhand,Bageshwar,29.890444,79.659917,Debris,Slide,2018,2018.0,1
UK/PITH/62C05/2013/0039,Uttarakhand,Pithoragarh,29.89056,80.32556,Debris cum earth,Fall and Flow,16th-17th June 2013,2013.0,1
UK/BAG/53O13/2013/0004,Uttarakhand,Bageshwar,29.890917,79.792306,Rock,Slide,16th-17th June 2013,2013.0,1
UK/PAU/53O01/2017/88,Uttarakhand,Pauri Garhwal,29.892045,79.064519,Rock cum debris,Subsidence,2017,2017.0,1
UK/BAG/53O13/2013/0005,Uttarakhand,Bageshwar,29.892139,79.795083,Debris,Slide,16th-17th June 2013,2013.0,1
UK/PAU/53O01/2017/90,Uttarakhand,Pauri Garhwal,29.893183,79.060203,Rock,Slide,2012,2012.0,1
UK/PAU/53O01/2017/89,Uttarakhand,Pauri Garhwal,29.893286,79.06062,Rock,Slide,2012,2012.0,1
UK/PAU/53O01/2017/86,Uttarakhand,Pauri Garhwal,29.895239,79.064361,Rock,Slide,2016,2016.0,1
UK/PAU/53O01/2017/80,Uttarakhand,Pauri Garhwal,29.895765,79.124397,Rock,Slide,2016,2016.0,1
UK/BAG/53O09/2018/25,Uttarakhand,Bageshwar,29.896338,79.748373,Rock,Slide,2018,2018.0,1
UK/PAU/53O01/2017/84,Uttarakhand,Pauri Garhwal,29.896417,79.061722,Debris,Slide,2015,2015.0,1
UK/PAU/53O01/2017/83,Uttarakhand,Pauri Garhwal,29.896528,79.06038,Debris,Slide,2015,2015.0,1
UK/PAU/53O01/2017/85,Uttarakhand,Pauri Garhwal,29.896819,79.06294,Rock,Slide,2015,2015.0,1
UK/BAG/62C01/2013/0095,Uttarakhand,Bageshwar,29.897306,80.032667,Rock cum Debris,Fall,16th-17th June 2013,2013.0,1
UK/BAG/62C01/2013/0096,Uttarakhand,Bageshwar,29.89925,80.028028,Rock,Slide,16th-17th June 2013,2013.0,1
UK/PAU/53O01/2017/82,Uttarakhand,Pauri Garhwal,29.900482,79.059231,Rock,Slide,2016,2016.0,1
UK/BAG/62C01/2013/0097,Uttarakhand,Bageshwar,29.900861,80.02775,Rock,Slide,16th-17th June 2013,2013.0,1
UK/PAU/53O01/2017/81,Uttarakhand,Pauri Garhwal,29.90088,79.056878,Rock,Slide,2016,2016.0,1
UK/PITH/62C09/2013/0046,Uttarakhand,Pithoragarh,29.90167,80.57,Rock cum Debris,Fall and Flow,16th-17th June 2013,2013.0,1
UK/BAG/53O09/2018/26,Uttarakhand,Bageshwar,29.901688,79.741146,Debris,Slide,2017,2017.0,1
UK/BAG/62C01/2013/0099,Uttarakhand,Bageshwar,29.903222,80.025694,Rock,Slide,16th-17th June 2013,2013.0,1
UK/PITH/62C05/2013/0037,Uttarakhand,Pithoragarh,29.90333,80.31528,Rock cum Debris,Fall and Flow,16th-17th June 2013,2013.0,1
UK/PAU/53O01/2017/91,Uttarakhand,Pauri Garhwal,29.906565,79.034338,Rock,Slide,2012,2012.0,1
UK/PAU/53O01/2017/92,Uttarakhand,Pauri Garhwal,29.906639,79.032722,Rock,Slide,2012,2012.0,1
UK/BAG/62C01/2013/0094,Uttarakhand,Bageshwar,29.907019,80.142056,Debris,Slide,16th-17th June 2013,2013.0,1
UK/BAG/62C01/2013/0093,Uttarakhand,Bageshwar,29.907472,80.138639,Debris,Slide,16th-17th June 2013,2013.0,1
UK/BAG/62C01/2013/0098,Uttarakhand,Bageshwar,29.907611,80.031778,Rock,Slide,16th-17th June 2013,2013.0,1
UK/PAU/53O01/2017/71,Uttarakhand,Pauri Garhwal,29.908345,79.016021,Rock,Slide,2012,2012.0,1
UK/BAG/62C01/2013/0091,Uttarakhand,Bageshwar,29.908611,80.130389,Rock cum Debris,Flow,16th-17th June 2013,2013.0,1
UK/BAG/53O09/2018/4,Uttarakhand,Bageshwar,29.909042,79.59222,Debris,Slide,2017,2017.0,1
UK/ALM/53O05/2017/52,Uttarakhand,Almora,29.911727,79.28194,Debris,Slide,2016,2016.0,1
UK/ALM/53O05/2017/1,Uttarakhand,Almora,29.911727,79.417462,Debris,Slide,2006,2006.0,1
UK/BAG/53O13/2013/0064,Uttarakhand,Bageshwar,29.911889,79.809278,Rock,Fall,16th-17th June 2013,2013.0,1
UK/ALM/53O05/2017/2,Uttarakhand,Almora,29.911984,79.417765,Debris,Slide,2006,2006.0,1
UK/PAU/53O01/2017/70,Uttarakhand,Pauri Garhwal,29.912203,79.034292,Rock,Slide,2011,2011.0,1
UK/ALM/53O05/2017/50,Uttarakhand,Almora,29.912832,79.326544,Debris,Flow,2014,2014.0,1
UK/BAG/62C01/2013/0088,Uttarakhand,Bageshwar,29.913639,80.119111,Debris,Slide,16th-17th June 2013,2013.0,1
UK/PAU/53O01/2017/72,Uttarakhand,Pauri Garhwal,29.913905,79.033629,Rock,Slide,2012,2012.0,1
UK/ALM/53O05/2017/51,Uttarakhand,Almora,29.914023,79.288127,Rock,Slide,2016,2016.0,1
UK/ALM/53O05/2017/4,Uttarakhand,Almora,29.914575,79.418203,Debris,Slide,2012,2012.0,1
UK/PAU/53O01/2017/73,Uttarakhand,Pauri Garhwal,29.914817,79.037974,Debris,Slide,2017,2017.0,1
UK/PAU/53O01/2017/74,Uttarakhand,Pauri Garhwal,29.914931,79.039605,Rock,Slide,2012,2012.0,1
UK/ALM/53O05/2017/49,Uttarakhand,Almora,29.916289,79.326608,Rock,Slide,2014,2014.0,1
UK/BAG/53O09/2018/3,Uttarakhand,Bageshwar,29.916483,79.599998,Soil,Slide,2018,2018.0,1
UK/ALM/53O05/2017/48,Uttarakhand,Almora,29.916883,79.326221,Debris,Flow,2014,2014.0,1
UK/BAG/53O13/2013/0063,Uttarakhand,Bageshwar,29.917028,79.800139,Rock cum Debris,Slide,16th-17th June 2013,2013.0,1
UK/BAG/53O13/2013/0060,Uttarakhand,Bageshwar,29.918417,79.7895,Rock,Slide,16th-17th June 2013,2013.0,1
UK/ALM/53O05/2017/36,Uttarakhand,Almora,29.918425,79.192952,Rock,Fall,2012,2012.0,1
UK/BAG/53O13/2013/0061,Uttarakhand,Bageshwar,29.918444,79.794833,Debris,Slide,16th-17th June 2013,2013.0,1
UK/ALM/53O05/2017/6,Uttarakhand,Almora,29.918456,79.418316,Debris,Slide,2012,2012.0,1
UK/ALM/53O05/2017/5,Uttarakhand,Almora,29.91909,79.417782,Debris,Flow,2012,2012.0,1
UK/ALM/53O05/2017/35,Uttarakhand,Almora,29.919407,79.192601,Rock,Slide,2012,2012.0,1
UK/PAU/53O01/2017/76,Uttarakhand,Pauri Garhwal,29.91989,79.062969,Rock,Slide,2013,2013.0,1
UK/BAG/62C01/2013/0086,Uttarakhand,Bageshwar,29.920056,80.108361,Rock,Flow,16th-17th June 2013,2013.0,1
UK/BAG/62C01/2013/0085,Uttarakhand,Bageshwar,29.920167,80.101056,Debris,Flow,16th-17th June 2013,2013.0,1
UK/BAG/62C01/2013/0084,Uttarakhand,Bageshwar,29.920583,80.099194,Debris,Flow,16th-17th June 2013,2013.0,1
UK/PAU/53O01/2017/77,Uttarakhand,Pauri Garhwal,29.921241,79.06579,Rock,Slide,2012,2012.0,1
UK/ALM/53O05/2017/46,Uttarakhand,Almora,29.922513,79.317131,Debris,Slide,2014,2014.0,1
UK/ALM/53O05/2017/45,Uttarakhand,Almora,29.922569,79.315115,Debris,Slide,2014,2014.0,1
UK/ALM/53O05/2017/47,Uttarakhand,Almora,29.923497,79.318706,Debris,Slide,2014,2014.0,1
UK/PAU/53O01/2017/75,Uttarakhand,Pauri Garhwal,29.924206,79.043311,Rock,Slide,2012,2012.0,1
UK/PITH/62C05/2013/0035,Uttarakhand,Pithoragarh,29.92556,80.30444,Rock cum Debris,Fall,16th-17th June 2013,2013.0,1
UK/ALM/53O05/2017/34,Uttarakhand,Almora,29.927586,79.18071,Rock,Slide,2012,2012.0,1
UK/ALM/53O05/2017/28,Uttarakhand,Almora,29.932496,79.126407,Rock,Slide,2014,2014.0,1
UK/ALM/53O05/2017/29,Uttarakhand,Almora,29.932907,79.126607,Rock,Slide,2014,2014.0,1
UK/ALM/53O05/2017/69,Uttarakhand,Almora,29.933922,79.356805,Debris,Slide,2012,2012.0,1
UK/ALM/53O05/2017/54,Uttarakhand,Almora,29.934638,79.403016,Rock,Slide,2014,2014.0,1
UK/PAU/53O01/2017/50,Uttarakhand,Pauri Garhwal,29.935274,79.070718,Rock,Slide,2013,2013.0,1
UK/ALM/53O05/2017/43,Uttarakhand,Almora,29.937738,79.346233,Debris,Flow,2014,2014.0,1
UK/BAG/53O09/2018/41,Uttarakhand,Bageshwar,29.938074,79.561722,Rock,Topple,2015,2015.0,1
UK/ALM/53O05/2017/30,Uttarakhand,Almora,29.938494,79.131991,Rock,Fall,2015,2015.0,1
UK/ALM/53O05/2017/31,Uttarakhand,Almora,29.939061,79.131868,Rock,Fall,2015,2015.0,1
UK/PIT/62C09/2020/10,Uttarakhand,Pithoragarh,29.94,80.58,Rock,Slide,2014,2014.0,1
UK/PAU/53O01/2017/78,Uttarakhand,Pauri Garhwal,29.941097,79.097696,Rock,Slide,2012,2012.0,1
UK/PAU/53O01/2017/48,Uttarakhand,Pauri Garhwal,29.941285,79.076401,Rock,Slide,2014,2014.0,1
UK/PAU/53O01/2017/49,Uttarakhand,Pauri Garhwal,29.941733,79.07616,Debris,Flow,2014,2014.0,1
UK/CHA/53O05/2017/61,Uttarakhand,Chamoli,29.941886,79.332523,Rock cum debris,Slide,2012,2012.0,1
UK/ALM/53O05/2017/33,Uttarakhand,Almora,29.942124,79.173022,Debris,Flow,2012,2012.0,1
UK/PAU/53O01/2017/47,Uttarakhand,Pauri Garhwal,29.942611,79.077556,Rock,Slide,2012,2012.0,1
UK/PAU/53O01/2017/51,Uttarakhand,Pauri Garhwal,29.943316,79.054447,Rock,Slide,2011,2011.0,1
UK/CHA/53O05/2017/62,Uttarakhand,Chamoli,29.943367,79.329094,Rock cum debris,Slide,2012,2012.0,1
UK/CHA/53O05/2017/63,Uttarakhand,Chamoli,29.943427,79.328566,Rock cum debris,Slide,2012,2012.0,1
UK/PAU/53O01/2017/45,Uttarakhand,Pauri Garhwal,29.944569,79.078828,Rock,Slide,2012,2012.0,1
UK/CHA/53O05/2017/64,Uttarakhand,Chamoli,29.945739,79.314079,Rock cum debris,Slide,2014,2014.0,1
UK/PAU/53O01/2017/46,Uttarakhand,Pauri Garhwal,29.945901,79.079346,Rock,Slide,2012,2012.0,1
UK/ALM/53O05/2017/71,Uttarakhand,Almora,29.946596,79.422115,Rock cum debris,Slide,2014,2014.0,1
UK/PIT/62C09/2020/3,Uttarakhand,Pithoragarh,29.95,80.59,Rock,Slide,2014,2014.0,1
UK/ALM/53O05/2017/18,Uttarakhand,Almora,29.950629,79.195611,Rock,Slide,2016,2016.0,1
UK/ALM/53O05/2017/32,Uttarakhand,Almora,29.950771,79.144473,Debris,Slide,2011,2011.0,1
UK/BAG/53O09/2018/39,Uttarakhand,Bageshwar,29.950811,79.586865,Soil,Slide,2018,2018.0,1
UK/ALM/53O05/2017/19,Uttarakhand,Almora,29.951374,79.195501,Rock,Slide,2016,2016.0,1
UK/ALM/53O05/2017/20,Uttarakhand,Almora,29.952047,79.19577,Debris,Slide,2016,2016.0,1
UK/PAU/53O01/2017/69,Uttarakhand,Pauri Garhwal,29.952097,79.02299,Debris,Slide,2012,2012.0,1
UK/PITH/62C09/2013/0044,Uttarakhand,Pithoragarh,29.955224,80.589653,Rock cum Debris,Fall and Flow,16th-17th June 2013,2013.0,1
UK/ALM/53O05/2017/37,Uttarakhand,Almora,29.952301,79.371902,Rock,Slide,2014,2014.0,1
UK/BAG/53O09/2018/30,Uttarakhand,Bageshwar,29.953361,79.699139,Rock,Slide,2015,2015.0,1
UK/CHA/53O05/2017/76,Uttarakhand,Chamoli,29.953439,79.29897,Rock cum debris,Slide,2017,2017.0,1
UK/CHA/53O05/2017/70,Uttarakhand,Chamoli,29.95352,79.258681,Rock cum debris,Slide,2011,2011.0,1
UK/ALM/53O05/2017/41,Uttarakhand,Almora,29.956183,79.342251,Debris,Slide,2015,2015.0,1
UK/ALM/53O05/2017/21,Uttarakhand,Almora,29.956264,79.195922,Debris,Slide,2009,2009.0,1
UK/ALM/53O05/2017/42,Uttarakhand,Almora,29.958029,79.339867,Debris,Flow,2015,2015.0,1
UK/BAG/53O13/2013/0018,Uttarakhand,Bageshwar,29.958222,79.992417,Earth,Slump,16th-17th June 2013,2013.0,1
UK/PITH/62C05/2013/0032,Uttarakhand,Pithoragarh,29.95833,80.30472,Rock cum Debris,Fall,16th-17th June 2013,2013.0,1
UK/ALM/53O05/2017/82,Uttarakhand,Almora,29.959381,79.074699,Rock,Slide,2012,2012.0,1
UK/ALM/53O05/2017/24,Uttarakhand,Almora,29.959707,79.184362,Debris,Slide,2012,2012.0,1
UK/BAG/53O09/2018/31,Uttarakhand,Bageshwar,29.959768,79.678717,Rock cum debris,Slide,2018,2018.0,1
UK/BAG/53O09/2018/34,Uttarakhand,Bageshwar,29.959889,79.629417,Debris,Slide,2018,2018.0,1
UK/ALM/53O05/2017/25,Uttarakhand,Almora,29.959909,79.183652,Rock,Slide,2012,2012.0,1
UK/PIT/62C09/2020/17,Uttarakhand,Pithoragarh,29.96,80.61,Rock,Slide,2004,2004.0,1
UK/PIT/62C09/2020/23,Uttarakhand,Pithoragarh,29.96,80.6,Debris,Slide,2014,2014.0,1
UK/BAG/53O09/2018/42,Uttarakhand,Bageshwar,29.960444,79.551,Rock,Topple,2016,2016.0,1
UK/PAU/53O01/2017/79,Uttarakhand,Pauri Garhwal,29.960518,79.18622,Rock,Slide,2012,2012.0,1
UK/BAG/53O09/2018/27,Uttarakhand,Bageshwar,29.960722,79.710583,Debris,Slide,2018,2018.0,1
UK/BAG/53O13/2013/0017,Uttarakhand,Bageshwar,29.961111,79.975611,Rock,Topple,16th-17th June 2013,2013.0,1
UK/BAG/53O09/2018/33,Uttarakhand,Bageshwar,29.961947,79.668388,Rock,Slide,2014,2014.0,1
UK/ALM/53O05/2017/23,Uttarakhand,Almora,29.962236,79.194619,Rock,Slide,2005,2005.0,1
UK/BAG/53O13/2015/300,Uttarakhand,Bageshwar,29.962639,79.981333,Rock,Slide,2011,2011.0,1
UK/BAG/53O09/2018/28,Uttarakhand,Bageshwar,29.962776,79.707891,Debris,Slide,2018,2018.0,1
UK/BAG/53O09/2018/32,Uttarakhand,Bageshwar,29.963028,79.672056,Rock,Slide,2018,2018.0,1
UK/BAG/53O13/2015/299,Uttarakhand,Bageshwar,29.963064,79.937787,Rock cum Debris,Slide,2012,2012.0,1
UK/BAG/53O13/2013/0019,Uttarakhand,Bageshwar,29.964083,80.007167,Debris,Slide,16th-17th June 2013,2013.0,1
UK/PITH/62C05/2013/0030,Uttarakhand,Pithoragarh,29.965,80.31389,Rock cum Debris,Fall and Flow,16th-17th June 2013,2013.0,1
UK/BAG/53O13/2013/0016,Uttarakhand,Bageshwar,29.965389,79.959111,Rock cum Debris,Slide,16th-17th June 2013,2013.0,1
UK/ALM/53O05/2017/40,Uttarakhand,Almora,29.965785,79.33716,Rock,Slide,2012,2012.0,1
UK/ALM/53O05/2017/26,Uttarakhand,Almora,29.967675,79.173695,Rock,Slide,2012,2012.0,1
UK/CHA/53O01/2017/129,Uttarakhand,Chamoli,29.968277,79.248718,Rock,Slide,2014,2014.0,1
UK/PAU/53O01/2017/54,Uttarakhand,Pauri Garhwal,29.968646,79.064118,Rock,Slide,2011,2011.0,1
UK/PAU/53O01/2017/55,Uttarakhand,Pauri Garhwal,29.968868,79.06464,Rock,Flow,2011,2011.0,1
UK/CHA/53O01/2017/134,Uttarakhand,Chamoli,29.968913,79.227986,Debris,Flow,2016,2016.0,1
UK/ALM/53O05/2017/27,Uttarakhand,Almora,29.969243,79.173881,Rock,Slide,2012,2012.0,1
UK/ALM/53O05/2017/22,Uttarakhand,Almora,29.969425,79.200408,Debris,Slide,2005,2005.0,1
UK/CHA/53O01/2017/130,Uttarakhand,Chamoli,29.969474,79.235886,Debris,Slide,2016,2016.0,1
UK/PAU/53O01/2017/56,Uttarakhand,Pauri Garhwal,29.969721,79.066434,Rock,Slide,2011,2011.0,1
UK/BAG/53O09/2018/29,Uttarakhand,Bageshwar,29.969936,79.703896,Rock cum debris,Slide,2018,2018.0,1
UK/PIT/62C09/2020/4,Uttarakhand,Pithoragarh,29.97,80.6,Debris,Slide,2018,2018.0,1
UK/PIT/62C09/2020/16,Uttarakhand,Pithoragarh,29.97,80.6,Debris,Slide,2014,2014.0,1
UK/PIT/62C09/2020/18,Uttarakhand,Pithoragarh,29.97,80.68,Rock,Slide,2018,2018.0,1
UK/PIT/62C09/2020/22,Uttarakhand,Pithoragarh,29.97,80.6,Debris,Slide,2014,2014.0,1
UK/PIT/62C09/2020/24,Uttarakhand,Pithoragarh,29.97,80.6,Debris,Slide,2014,2014.0,1
UK/CHA/53O01/2017/131,Uttarakhand,Chamoli,29.970201,79.232356,Debris,Slide,2016,2016.0,1
UK/CHA/53O01/2017/133,Uttarakhand,Chamoli,29.970268,79.23115,Rock,Slide,2016,2016.0,1
UK/CHA/53O01/2017/132,Uttarakhand,Chamoli,29.970355,79.232044,Debris,Flow,2016,2016.0,1
UK/ALM/53O05/2017/39,Uttarakhand,Almora,29.970365,79.333957,Rock cum debris,Slide,2014,2014.0,1
UK/PAU/53O01/2017/52,Uttarakhand,Pauri Garhwal,29.97143,79.068181,Rock,Slide,2012,2012.0,1
UK/PAU/53O01/2017/53,Uttarakhand,Pauri Garhwal,29.97242,79.06727,Rock,Slide,2011,2011.0,1
UK/PAU/53O01/2017/57,Uttarakhand,Pauri Garhwal,29.97273,79.053429,Rock,Slide,2013,2013.0,1
UK/PAU/53O01/2017/58,Uttarakhand,Pauri Garhwal,29.975953,79.048776,Debris,Slide,2011,2011.0,1
UK/CHA/53O05/2017/68,Uttarakhand,Chamoli,29.977037,79.412888,Rock cum debris,Slide,2012,2012.0,1
UK/CHA/53O05/2017/17,Uttarakhand,Chamoli,29.977449,79.265359,Rock,Slide,2014,2014.0,1
UK/BAG/53O09/2018/35,Uttarakhand,Bageshwar,29.977511,79.601111,Debris,Slide,2016,2016.0,1
UK/PITH/62C05/2013/0028,Uttarakhand,Pithoragarh,29.97778,80.315,Rock cum Debris,Fall and Flow,16th-17th June 2013,2013.0,1
UK/PAU/53O01/2017/68,Uttarakhand,Pauri Garhwal,29.977862,79.019504,Rock,Slide,2011,2011.0,1
UK/PAU/53O01/2017/67,Uttarakhand,Pauri Garhwal,29.978565,79.02029,Rock,Slide,2011,2011.0,1
UK/BAG/53O13/2013/0041,Uttarakhand,Bageshwar,29.979056,79.914222,Debris,Flow,16th-17th June 2013,2013.0,1
UK/PIT/62C09/2020/7,Uttarakhand,Pithoragarh,29.98,80.69,Rock,Slide,2014,2014.0,1
UK/PIT/62C09/2020/11,Uttarakhand,Pithoragarh,29.98,80.63,Rock,Slide,2019,2019.0,1
UK/PIT/62C09/2020/12,Uttarakhand,Pithoragarh,29.98,80.58,Debris,Slide,2014,2014.0,1
UK/PIT/62C09/2020/14,Uttarakhand,Pithoragarh,29.98,80.61,Rock,Slide,2019,2019.0,1
UK/PIT/62C09/2020/15,Uttarakhand,Pithoragarh,29.98,80.65,Rock,Slide,2018,2018.0,1
UK/PIT/62C09/2020/19,Uttarakhand,Pithoragarh,29.98,80.58,Rock,Slide,2019,2019.0,1
UK/PIT/62C09/2020/20,Uttarakhand,Pithoragarh,29.98,80.58,Debris,Slide,2014,2014.0,1
UK/PIT/62C09/2020/21,Uttarakhand,Pithoragarh,29.98,80.58,Debris,Slide,2014,2014.0,1
UK/PIT/62C09/2020/25,Uttarakhand,Pithoragarh,29.98,80.58,Debris,Slide,2014,2014.0,1
UK/PAU/53O01/2017/61,Uttarakhand,Pauri Garhwal,29.980037,79.046357,Rock,Slide,2011,2011.0,1
UK/ALM/53O05/2017/38,Uttarakhand,Almora,29.980294,79.347242,Rock cum debris,Fall,2014,2014.0,1
UK/CHA/53O05/2017/10,Uttarakhand,Chamoli,29.982199,79.445041,Debris,Slide,2006,2006.0,1
UK/BAG/53O13/2013/0080,Uttarakhand,Bageshwar,29.982528,79.966222,Debris,Slide,16th-17th June 2013,2013.0,1
UK/BAG/53O13/2013/0081,Uttarakhand,Bageshwar,29.982528,79.963028,Rock cum Debris,Flow,16th-17th June 2013,2013.0,1
UK/BAG/53O13/2013/0079,Uttarakhand,Bageshwar,29.982861,79.97175,Rock cum Debris,Slide,16th-17th June 2013,2013.0,1
UK/BAG/53O13/2015/311,Uttarakhand,Bageshwar,29.983058,79.970417,Rock,Slide,2013,2013.0,1
UK/BAG/53O13/2015/313,Uttarakhand,Bageshwar,29.983339,79.999775,Rock,Slide,2012,2012.0,1
UK/BAG/53O13/2015/312,Uttarakhand,Bageshwar,29.984682,79.982738,Rock,Slide,2012,2012.0,1
UK/BAG/53O09/2018/36,Uttarakhand,Bageshwar,29.984972,79.58875,Debris,Slide,2018,2018.0,1
UK/PITH/62C05/2013/0027,Uttarakhand,Pithoragarh,29.98556,80.31833,Debris,Fall and Flow,16th-17th June 2013,2013.0,1
UK/CHA/53O05/2017/72,Uttarakhand,Chamoli,29.986058,79.405289,Rock,Slide,2012,2012.0,1
UK/ALM/53O05/2017/75,Uttarakhand,Almora,29.986805,79.086793,Rock,Slide,2012,2012.0,1
UK/ALM/53O05/2017/73,Uttarakhand,Almora,29.987046,79.094332,Rock,Slide,2012,2012.0,1
UK/BAG/53O09/2018/37,Uttarakhand,Bageshwar,29.98764,79.584358,Rock,Slide,2015,2015.0,1
UK/BAG/53O13/2015/310,Uttarakhand,Bageshwar,29.987778,79.953889,Rock,Slide,2013,2013.0,1
UK/BAG/53O13/2015/309,Uttarakhand,Bageshwar,29.988029,79.944172,Rock,Slide,2013,2013.0,1
UK/BAG/53O13/2013/0077,Uttarakhand,Bageshwar,29.988611,79.942278,Rock cum Debris,Slide,16th-17th June 2013,2013.0,1
UK/BAG/53O13/2013/0076,Uttarakhand,Bageshwar,29.988639,79.939111,Rock,Fall,16th-17th June 2013,2013.0,1
UK/BAG/53O13/2013/0075,Uttarakhand,Bageshwar,29.989361,79.933222,Rock cum Debris,Fall,16th-17th June 2013,2013.0,1
UK/BAG/53O13/2013/0046,Uttarakhand,Bageshwar,29.989806,79.922194,Rock cum Debris,Slide,16th-17th June 2013,2013.0,1
UK/BAG/53O13/2013/0044,Uttarakhand,Bageshwar,29.99,79.919667,Rock cum Debris,Slide,16th-17th June 2013,2013.0,1
UK/BAG/53O13/2013/0045,Uttarakhand,Bageshwar,29.99,79.919667,Rock,Topple,16th-17th June 2013,2013.0,1
UK/PIT/62C09/2020/8,Uttarakhand,Pithoragarh,29.99,80.71,Rock,Slide,2014,2014.0,1
UK/BAG/53O13/2015/306,Uttarakhand,Bageshwar,29.990039,79.941115,Rock,Slide,2012,2012.0,1
UK/PAU/53O01/2017/63,Uttarakhand,Pauri Garhwal,29.990814,79.042456,Rock,Slide,2016,2016.0,1
UK/BAG/53O13/2013/0050,Uttarakhand,Bageshwar,29.990944,79.924278,Debris,Slide,16th-17th June 2013,2013.0,1
UK/BAG/53O13/2015/315,Uttarakhand,Bageshwar,29.991667,79.906111,Rock,Slide,2012,2012.0,1
UK/BAG/53O13/2015/308,Uttarakhand,Bageshwar,29.991667,79.944444,Rock,Slide,2012,2012.0,1
UK/BAG/53O13/2013/0007,Uttarakhand,Bageshwar,29.992306,79.912472,Debris,Flow,16th-17th June 2013,2013.0,1
UK/ALM/53O05/2017/74,Uttarakhand,Almora,29.992779,79.087287,Rock,Slide,2011,2011.0,1
UK/PAU/53O01/2017/64,Uttarakhand,Pauri Garhwal,29.993086,79.046379,Rock,Slide,2012,2012.0,1
UK/BAG/53O09/2018/48,Uttarakhand,Bageshwar,29.993278,79.566667,Rock,Slide,2018,2018.0,1
UK/BAG/53O13/2015/307,Uttarakhand,Bageshwar,29.993333,79.943889,Rock,Slide,2013,2013.0,1
UK/ALM/53O05/2017/67,Uttarakhand,Almora,29.993423,79.075287,Rock cum debris,Slide,2012,2012.0,1
UK/BAG/53O13/2015/317,Uttarakhand,Bageshwar,29.9935,79.9067,Rock,Fall,2012,2012.0,1
UK/BAG/53O13/2015/301,Uttarakhand,Bageshwar,29.993556,79.919056,Rock cum Debris,Slide,2012,2012.0,1
UK/ALM/53O05/2017/66,Uttarakhand,Almora,29.993833,79.075591,Rock cum debris,Slide,2012,2012.0,1
UK/BAG/53O13/2015/302,Uttarakhand,Bageshwar,29.994444,79.920833,Rock,Fall,2012,2012.0,1
UK/CHA/53O05/2017/11,Uttarakhand,Chamoli,29.994459,79.461084,Rock,Slide,2014,2014.0,1
UK/BAG/53O13/2015/314,Uttarakhand,Bageshwar,29.994969,79.909515,Rock,Slide,2012,2012.0,1
UK/BAG/53O09/2018/47,Uttarakhand,Bageshwar,29.995494,79.565371,Rock,Slide,2015,2015.0,1
UK/CHA/53O05/2017/12,Uttarakhand,Chamoli,29.9961,79.453562,Debris,Slide,2014,2014.0,1
UK/BAG/53O09/2018/46,Uttarakhand,Bageshwar,29.996708,79.565403,Rock,Slide,2018,2018.0,1
UK/BAG/53O13/2013/0008,Uttarakhand,Bageshwar,29.996861,79.915389,Rock cum Debris,Slide,16th-17th June 2013,2013.0,1
UK/BAG/53O13/2015/316,Uttarakhand,Bageshwar,29.997256,79.915396,Rock,Slide,2012,2012.0,1
UK/PAU/53O01/2017/66,Uttarakhand,Pauri Garhwal,29.997274,79.03447,Rock,Slide,2011,2011.0,1
UK/BAG/53O09/2018/45,Uttarakhand,Bageshwar,29.997805,79.564873,Rock,Slide,2018,2018.0,1
UK/PAU/53O01/2017/65,Uttarakhand,Pauri Garhwal,29.99781,79.038722,Rock,Slide,2013,2013.0,1
UK/BAG/53O09/2018/38,Uttarakhand,Bageshwar,29.998599,79.571332,Rock,Slide,2013,2013.0,1
UK/BAG/53O09/2018/44,Uttarakhand,Bageshwar,29.998605,79.564829,Rock,Slide,2018,2018.0,1
UK/BAG/53O09/2018/43,Uttarakhand,Bageshwar,29.999339,79.564301,Rock,Slide,2014,2014.0,1
UK/GAR/53J16/2015/1205,Uttarakhand,Garhwal,30.0,79.0,Debris,Slide,2013,2013.0,1
UK/GAR/53J16/2015/1206,Uttarakhand,Garhwal,30.0,79.0,Debris,Slide,2013,2013.0,1
UK/PIT/62B12/2020/1,Uttarakhand,Pithoragarh,30.0016,80.728633,Debris,Slide,2014,2014.0,1
UK/PIT/62B12/2020/2,Uttarakhand,Pithoragarh,30.0,80.72,Rock,Slide,2014,2014.0,1
UK/PIT/62B12/2020/3,Uttarakhand,Pithoragarh,30.0,80.57,Debris,Slide,2004,2004.0,1
UK/PIT/62B12/2020/4,Uttarakhand,Pithoragarh,30.0,80.56,Debris,Slide,2014,2014.0,1
UK/PIT/62B12/2020/8,Uttarakhand,Pithoragarh,30.0012,80.718589,Debris,Slide,2014,2014.0,1
UK/PIT/62B12/2020/9,Uttarakhand,Pithoragarh,30.001448,80.73041,Debris,Slide,2014,2014.0,1
UK/PIT/62C09/2020/13,Uttarakhand,Pithoragarh,30.0,80.57,Debris,Slide,2004,2004.0,1
UK/BAG/53N12/2018/191,Uttarakhand,Bageshwar,30.000098,79.567559,Debris,Slide,2018,2018.0,1
UK/PIT/62B04/2018/31,Uttarakhand,Pithoragarh,30.000678,80.140338,Rock cum debris,Slide,2013,2013.0,1
UK/BAG/53N12/2018/190,Uttarakhand,Bageshwar,30.000972,79.568,Debris,Slide,2018,2018.0,1
UK/PAU/53N04/2018/5,Uttarakhand,Pauri Garhwal,30.001844,79.099003,Debris,Slide,2018,2018.0,1
UK/PIT/62B04/2018/40,Uttarakhand,Pithoragarh,30.001999,80.147691,Rock cum debris,Slide,2014,2014.0,1
UK/PIT/62B04/2018/32,Uttarakhand,Pithoragarh,30.002475,80.143394,Rock,Slide,2013,2013.0,1
UK/BAG/53N16/2018/7,Uttarakhand,Bageshwar,30.00309,79.885146,Rock,Slide,2013,2013.0,1
UK/BAG/53N16/2018/6,Uttarakhand,Bageshwar,30.003122,79.887382,Rock,Slide,2013,2013.0,1
UK/PIT/62B04/2018/33,Uttarakhand,Pithoragarh,30.003242,80.145747,Debris,Slide,2012,2012.0,1
UK/BAG/53N16/2018/9,Uttarakhand,Bageshwar,30.003333,79.881667,Rock cum debris,Slide,2014,2014.0,1
UK/BAG/53N16/2018/10,Uttarakhand,Bageshwar,30.003376,79.880055,Rock,Slide,2014,2014.0,1
UK/BAG/53N16/2018/8,Uttarakhand,Bageshwar,30.003422,79.883784,Rock,Slide,2014,2014.0,1
UK/PIT/62B04/2018/30,Uttarakhand,Pithoragarh,30.003584,80.140058,Rock cum debris,Slide,2013,2013.0,1
UK/PIT/62B04/2018/45,Uttarakhand,Pithoragarh,30.003957,80.152498,Rock,Slide,2016,2016.0,1
UK/PITH/62B04/2013/0006,Uttarakhand,Pithoragarh,30.00444,80.14611,Rock cum Debris,Fall and Flow,16th-17th June 2013,2013.0,1
UK/BAG/53N16/2018/11,Uttarakhand,Bageshwar,30.004775,79.878425,Rock,Slide,2014,2014.0,1
UK/PIT/62B04/2018/27,Uttarakhand,Pithoragarh,30.004863,80.128141,Rock cum debris,Slide,2013,2013.0,1
UK/PIT/62B04/2018/29,Uttarakhand,Pithoragarh,30.005079,80.138035,Rock cum debris,Slide,2013,2013.0,1
UK/PIT/62B04/2018/28,Uttarakhand,Pithoragarh,30.005778,80.136022,Debris,Slide,2013,2013.0,1
UK/PIT/62B04/2018/46,Uttarakhand,Pithoragarh,30.005819,80.182306,Rock,Slide,2016,2016.0,1
UK/BAG/53N16/2018/13,Uttarakhand,Bageshwar,30.006782,79.872573,Rock,Slide,2016,2016.0,1
UK/BAG/53N12/2018/2,Uttarakhand,Bageshwar,30.007082,79.576448,Rock,Topple,2013,2013.0,1
UK/BAG/62B04/2018/12,Uttarakhand,Bageshwar,30.007873,80.038238,Rock,Slide,2013,2013.0,1
UK/PIT/62B04/2018/26,Uttarakhand,Pithoragarh,30.00804,80.078535,Rock,Slide,2013,2013.0,1
UK/BAG/53N16/2018/12,Uttarakhand,Bageshwar,30.008622,79.876366,Rock,Slide,2016,2016.0,1
UK/PIT/62B04/2018/39,Uttarakhand,Pithoragarh,30.008669,80.174137,Debris,Slide,2011,2011.0,1
UK/BAG/53N12/2018/3,Uttarakhand,Bageshwar,30.009959,79.582735,Rock,Slide,2014,2014.0,1
UK/PIT/62B12/2020/5,Uttarakhand,Pithoragarh,30.01,80.57,Debris,Slide,2014,2014.0,1
UK/PIT/62B12/2020/6,Uttarakhand,Pithoragarh,30.01,80.57,Rock,Slide,2014,2014.0,1
UK/PIT/62B12/2020/7,Uttarakhand,Pithoragarh,30.01,80.72,Debris,Flow,2018,2018.0,1
UK/PIT/62B04/2018/25,Uttarakhand,Pithoragarh,30.01016,80.080263,Rock,Slide,2018,2018.0,1
UK/PIT/62B04/2018/47,Uttarakhand,Pithoragarh,30.010466,80.178885,Rock,Slide,2013,2013.0,1
UK/BAG/53N16/2018/14,Uttarakhand,Bageshwar,30.011448,79.874964,Rock,Slide,2016,2016.0,1
UK/PIT/62B04/2018/24,Uttarakhand,Pithoragarh,30.011826,80.082283,Rock,Slide,2018,2018.0,1
UK/PIT/62B04/2018/19,Uttarakhand,Pithoragarh,30.012179,80.076889,Rock,Fall,2017,2017.0,1
UK/PIT/62B04/2018/48,Uttarakhand,Pithoragarh,30.012381,80.179194,Rock,Slide,2013,2013.0,1
UK/BAG/53N16/2018/15,Uttarakhand,Bageshwar,30.01296,79.875795,Rock,Slide,2016,2016.0,1
UK/PIT/62B04/2018/22,Uttarakhand,Pithoragarh,30.013069,80.080804,Rock,Slide,2017,2017.0,1
UK/PIT/62B04/2018/23,Uttarakhand,Pithoragarh,30.013111,80.083853,Rock,Slide,2018,2018.0,1
UK/PIT/62B04/2018/21,Uttarakhand,Pithoragarh,30.013318,80.079654,Rock,Slide,2017,2017.0,1
UK/BAG/53N16/2018/65,Uttarakhand,Pithoragarh,30.013434,80.081127,Rock,Slide,2014,2014.0,1
UK/PITH/62C05/2013/0025,Uttarakhand,Pithoragarh,30.01389,80.31889,Rock,Fall,16th-17th June 2013,2013.0,1
UK/PIT/62B04/2018/18,Uttarakhand,Pithoragarh,30.014301,80.078292,Rock,Slide,2017,2017.0,1
UK/CHA/53N08/2018/68,Uttarakhand,Chamoli,30.014433,79.308226,Rock,Slide,2017,2017.0,1
UK/PIT/62B04/2018/72,Uttarakhand,Pithoragarh,30.014702,80.073485,Debris,Slide,2014,2014.0,1
UK/BAG/53N16/2018/16,Uttarakhand,Bageshwar,30.014722,79.876111,Rock,Slide,2016,2016.0,1
UK/PIT/62B04/2018/20,Uttarakhand,Pithoragarh,30.014951,80.09204,Rock,Slide,2017,2017.0,1
UK/BAG/53N16/2018/71,Uttarakhand,Bageshwar,30.015124,79.874853,Rock,Slide,2013,2013.0,1
UK/PIT/62B04/2018/17,Uttarakhand,Pithoragarh,30.015571,80.07655,Debris,Slide,2017,2017.0,1
UK/PIT/62B04/2018/76,Uttarakhand,Pithoragarh,30.015689,80.090527,Rock,Slide,2014,2014.0,1
UK/PIT/62B04/2018/73,Uttarakhand,Pithoragarh,30.015844,80.088292,Debris,Slide,2014,2014.0,1
UK/BAG/53N16/2018/17,Uttarakhand,Bageshwar,30.01595,79.877193,Rock cum debris,Slide,2016,2016.0,1
UK/PIT/62B04/2018/74,Uttarakhand,Pithoragarh,30.01601,80.089749,Rock,Slide,2014,2014.0,1
UK/PIT/62B04/2018/75,Uttarakhand,Pithoragarh,30.016233,80.089195,Rock,Slide,2014,2014.0,1
UK/PIT/62B04/2018/16,Uttarakhand,Pithoragarh,30.016435,80.076211,Rock,Slide,2017,2017.0,1
UK/PIT/62B04/2018/38,Uttarakhand,Pithoragarh,30.01742,80.150755,Rock cum debris,Slide,2011,2011.0,1
UK/PAU/53N04/2018/7,Uttarakhand,Pauri Garhwal,30.018083,79.096333,Rock,Slide,2018,2018.0,1
UK/BAG/62B04/2018/11,Uttarakhand,Bageshwar,30.018116,80.048632,Rock,Slide,2013,2013.0,1
UK/BAG/53N16/2018/5,Uttarakhand,Bageshwar,30.018364,79.945923,Rock,Slide,2014,2014.0,1
UK/BAG/53N16/2018/64,Uttarakhand,Bageshwar,30.018512,79.950806,Rock cum debris,Slide,2018,2018.0,1
UK/PIT/62B04/2018/77,Uttarakhand,Pithoragarh,30.018568,80.132794,Rock,Slide,2014,2014.0,1
UK/PIT/62B04/2018/15,Uttarakhand,Pithoragarh,30.018925,80.077564,Debris,Slide,2017,2017.0,1
UK/PIT/62B04/2018/37,Uttarakhand,Pithoragarh,30.019884,80.149946,Rock,Slide,2011,2011.0,1
UK/CHA/62B08/2020/3,Uttarakhand,Chamoli,30.02,80.3,Debris,Slide,2009,2009.0,1
UK/CHA/62B08/2020/4,Uttarakhand,Chamoli,30.02,80.3,Debris,Slide,2009,2009.0,1
UK/CHA/62B08/2020/8,Uttarakhand,Chamoli,30.02,80.32,Debris,Slide,2018,2018.0,1
UK/PIT/62B04/2018/36,Uttarakhand,Pithoragarh,30.020267,80.149289,Rock,Slide,2012,2012.0,1
UK/BAG/53N16/2018/18,Uttarakhand,Bageshwar,30.020531,79.878588,Rock cum debris,Slide,2014,2014.0,1
UK/PITH/62B04/2013/0009,Uttarakhand,Pithoragarh,30.02083,80.15694,Rock cum Debris,Fall,16th-17th June 2013,2013.0,1
UK/CHA/53N12/2018/28,Uttarakhand,Chamoli,30.020882,79.707188,Rock,Slide,2018,2018.0,1
UK/CHA/53N12/2018/37,Uttarakhand,Chamoli,30.0215,79.664722,Rock,Slide,2018,2018.0,1
UK/CHA/53N12/2018/35,Uttarakhand,Chamoli,30.021831,79.677064,Debris,Slide,2018,2018.0,1
UK/CHA/53N12/2018/29,Uttarakhand,Chamoli,30.022361,79.706111,Rock,Slide,2017,2017.0,1
UK/CHA/53N12/2018/32,Uttarakhand,Chamoli,30.02253,79.697376,Rock,Slide,2016,2016.0,1
UK/BAG/53N16/2018/19,Uttarakhand,Bageshwar,30.02255,79.877392,Rock cum debris,Slide,2014,2014.0,1
UK/CHA/53N12/2018/31,Uttarakhand,Chamoli,30.022722,79.697906,Rock,Slide,2017,2017.0,1
UK/CHA/53N12/2018/34,Uttarakhand,Chamoli,30.022759,79.68238,Rock,Slide,2018,2018.0,1
UK/BAG/53N16/2018/20,Uttarakhand,Bageshwar,30.022861,79.878167,Rock cum debris,Slide,2014,2014.0,1
UK/BAG/53N16/2018/4,Uttarakhand,Bageshwar,30.023317,79.951982,Rock,Slide,2014,2014.0,1
UK/CHA/53N12/2018/30,Uttarakhand,Chamoli,30.023392,79.700172,Rock,Slide,2017,2017.0,1
UK/CHA/53N12/2018/36,Uttarakhand,Chamoli,30.023544,79.670359,Rock,Slide,2018,2018.0,1
UK/CHA/53N12/2018/33,Uttarakhand,Chamoli,30.024354,79.692459,Rock,Fall,2018,2018.0,1
UK/CHA/53N12/2018/9,Uttarakhand,Chamoli,30.024639,79.564146,Debris,Slide,2016,2016.0,1
UK/PIT/62B04/2018/70,Uttarakhand,Pithoragarh,30.024687,80.065764,Rock cum debris,Slide,2016,2016.0,1
UK/PIT/62B04/2018/71,Uttarakhand,Pithoragarh,30.025169,80.068361,Rock cum debris,Slide,2006,2006.0,1
UK/CHA/53N12/2018/4,Uttarakhand,Chamoli,30.025714,79.556669,Rock,Slide,2017,2017.0,1
UK/BAG/53N16/2018/21,Uttarakhand,Bageshwar,30.026118,79.883011,Rock cum debris,Slide,2018,2018.0,1
UK/CHA/53N12/2018/5,Uttarakhand,Chamoli,30.026494,79.55683,Debris,Slide,2018,2018.0,1
UK/PIT/62B04/2018/78,Uttarakhand,Pithoragarh,30.027087,80.161438,Debris,Slide,2014,2014.0,1
UK/BAG/53N16/2018/69,Uttarakhand,Bageshwar,30.027193,79.916258,Rock,Slide,2017,2017.0,1
UK/CHA/53N12/2018/17,Uttarakhand,Chamoli,30.027649,79.524498,Debris,Slide,2017,2017.0,1
UK/CHA/53N12/2018/19,Uttarakhand,Chamoli,30.027674,79.518612,Soil,Slide,2018,2018.0,1
UK/CHA/53N12/2018/18,Uttarakhand,Chamoli,30.028163,79.52309,Soil,Slide,2015,2015.0,1
UK/CHA/53N12/2018/6,Uttarakhand,Chamoli,30.02823,79.556636,Debris,Slide,2018,2018.0,1
UK/CHA/53N08/2018/43,Uttarakhand,Chamoli,30.028465,79.26164,Rock,Slide,2018,2018.0,1
UK/BAG/53N16/2018/22,Uttarakhand,Bageshwar,30.028735,79.88392,Rock cum debris,Slide,2016,2016.0,1
UK/BAG/53N16/2018/24,Uttarakhand,Bageshwar,30.02882,79.888365,Rock cum debris,Slide,2013,2013.0,1
UK/CHA/53N12/2018/7,Uttarakhand,Chamoli,30.029199,79.556635,Debris,Slide,2018,2018.0,1
UK/BAG/53N16/2018/25,Uttarakhand,Bageshwar,30.029958,79.88793,Debris,Slide,2017,2017.0,1
UK/CHA/62B08/2020/2,Uttarakhand,Chamoli,30.03,80.31,Rock,Slide,2016,2016.0,1
UK/CHA/53N08/2018/42,Uttarakhand,Chamoli,30.030104,79.264309,Debris,Slide,2018,2018.0,1
UK/CHA/53N12/2018/27,Uttarakhand,Chamoli,30.030254,79.742049,Debris,Slide,2018,2018.0,1
UK/BAG/53N16/2018/68,Uttarakhand,Bageshwar,30.030262,79.916484,Rock,Slide,2017,2017.0,1
UK/CHA/53N12/2018/10,Uttarakhand,Chamoli,30.03125,79.567306,Soil,Slide,2016,2016.0,1
UK/PIT/62B04/2018/35,Uttarakhand,Pithoragarh,30.031513,80.171519,Debris,Slide,2012,2012.0,1
UK/PAU/53N04/2018/6,Uttarakhand,Pauri Garhwal,30.03153,79.076055,Rock,Slide,2018,2018.0,1
UK/CHA/53N12/2018/39,Uttarakhand,Chamoli,30.031639,79.653889,Debris,Slide,2018,2018.0,1
UK/CHA/53N12/2018/11,Uttarakhand,Chamoli,30.031662,79.567873,Soil,Slide,2017,2017.0,1
UK/PIT/62B04/2018/34,Uttarakhand,Pithoragarh,30.031684,80.170539,Debris,Subsidence,2012,2012.0,1
UK/PIT/62B04/2018/49,Uttarakhand,Pithoragarh,30.031921,80.197792,Rock,Slide,2014,2014.0,1
UK/CHA/53N12/2018/38,Uttarakhand,Chamoli,30.032121,79.654223,Debris,Slide,2018,2018.0,1
UK/BAG/53N16/2018/26,Uttarakhand,Bageshwar,30.032511,79.88661,Rock cum debris,Slide,2017,2017.0,1
UK/CHA/53N12/2018/40,Uttarakhand,Chamoli,30.032952,79.65191,Debris,Slide,2018,2018.0,1
UK/CHA/53N12/2018/12,Uttarakhand,Chamoli,30.033171,79.56956,Debris,Slide,2015,2015.0,1
UK/CHA/53N12/2018/13,Uttarakhand,Chamoli,30.033917,79.569917,Debris,Slide,2014,2014.0,1
UK/BAG/53N16/2018/27,Uttarakhand,Bageshwar,30.034,79.887982,Rock cum debris,Slide,2014,2014.0,1
UK/PIT/62B04/2018/53,Uttarakhand,Pithoragarh,30.034413,80.189057,Rock,Slide,2016,2016.0,1
UK/CHA/53N12/2018/41,Uttarakhand,Chamoli,30.036059,79.64155,Rock,Slide,2018,2018.0,1
UK/BAG/53N16/2018/51,Uttarakhand,Bageshwar,30.03657,79.914958,Rock,Slide,2014,2014.0,1
UK/BAG/53N16/2018/3,Uttarakhand,Bageshwar,30.036698,79.956484,Rock,Slide,2014,2014.0,1
UK/PIT/62B04/2018/52,Uttarakhand,Pithoragarh,30.037064,80.180079,Rock,Slide,2014,2014.0,1
UK/BAG/53N16/2018/29,Uttarakhand,Bageshwar,30.037366,79.891929,Debris,Slide,2018,2018.0,1
UK/CHA/53N12/2018/14,Uttarakhand,Chamoli,30.037583,79.564306,Rock,Fall,2016,2016.0,1
UK/BAG/62B04/2018/3,Uttarakhand,Bageshwar,30.038255,80.057943,Rock,Slide,2014,2014.0,1
UK/BAG/53N16/2013/0057,Uttarakhand,Bageshwar,30.038583,79.949944,Debris,Slide,16th-17th June 2013,2013.0,1
UK/PIT/62B04/2018/51,Uttarakhand,Pithoragarh,30.038586,80.182736,Rock cum debris,Slide,2014,2014.0,1
UK/UTT/53I16/2013/0030,Uttarakhand,Uttarkashi,30.0394,78.7947,Debris,Flow,16th-17th June 2013,2013.0,1
UK/CHA/53N12/2018/8,Uttarakhand,Chamoli,30.039731,79.545233,Debris,Slide,2018,2018.0,1
UK/BAG/53N16/2018/63,Uttarakhand,Bageshwar,30.03986,80.056334,Rock,Slide,2018,2018.0,1
UK/CHA/62B08/2020/1,Uttarakhand,Chamoli,30.04,80.3,Debris,Slide,2016,2016.0,1
UK/CHA/62B08/2020/14,Uttarakhand,Chamoli,30.04,80.29,Debris,Slide,2016,2016.0,1
UK/CHA/62B08/2020/18,Uttarakhand,Chamoli,30.04,80.29,Debris,Slide,2016,2016.0,1
UK/CHA/62B08/2020/23,Uttarakhand,Chamoli,30.04,80.31,Debris,Slide,2014,2014.0,1
UK/BAG/53N16/2018/28,Uttarakhand,Bageshwar,30.040099,79.892962,Rock cum debris,Slide,2014,2014.0,1
UK/PIT/62B04/2018/50,Uttarakhand,Pithoragarh,30.040403,80.192832,Rock cum debris,Slide,2014,2014.0,1
UK/BAG/62B04/2018/4,Uttarakhand,Bageshwar,30.040444,80.054622,Rock,Slide,2014,2014.0,1
UK/CHA/53N12/2018/15,Uttarakhand,Chamoli,30.040847,79.550468,Debris,Slide,2018,2018.0,1
UK/CHA/53N12/2018/45,Uttarakhand,Chamoli,30.041083,79.609917,Debris,Slide,2018,2018.0,1
UK/UTT/53I16/2013/0031,Uttarakhand,Uttarkashi,30.0413,78.8013,Debris,Flow,16th-17th June 2013,2013.0,1
UK/CHA/53N12/2018/16,Uttarakhand,Chamoli,30.041499,79.548333,Debris,Slide,2014,2014.0,1
UK/BAG/53N16/2018/30,Uttarakhand,Bageshwar,30.041825,79.895211,Rock,Slide,2014,2014.0,1
UK/CHA/53N12/2018/43,Uttarakhand,Chamoli,30.042785,79.618195,Rock,Slide,2018,2018.0,1
UK/CHA/53N12/2018/42,Uttarakhand,Chamoli,30.042833,79.617806,Rock,Slide,2018,2018.0,1
UK/UTT/53I16/2013/0032,Uttarakhand,Uttarkashi,30.0441,78.8138,Debris,Flow,16th-17th June 2013,2013.0,1
UK/BAG/53N16/2018/31,Uttarakhand,Bageshwar,30.044331,79.895493,Rock,Slide,2014,2014.0,1
UK/BAG/53N16/2018/32,Uttarakhand,Bageshwar,30.044537,79.895517,Rock cum debris,Slide,2014,2014.0,1
UK/CHA/53N12/2018/179,Uttarakhand,Chamoli,30.044957,79.572254,Rock,Slide,2018,2018.0,1
UK/CHA/53N12/2018/47,Uttarakhand,Chamoli,30.045431,79.604978,Debris,Slide,2016,2016.0,1
UK/BAG/62B04/2018/2,Uttarakhand,Bageshwar,30.045439,80.060286,Rock,Slide,2014,2014.0,1
UK/CHA/53N12/2018/46,Uttarakhand,Chamoli,30.045488,79.6114,Debris,Slide,2017,2017.0,1
UK/CHA/53N12/2018/44,Uttarakhand,Chamoli,30.045583,79.614434,Rock,Slide,2018,2018.0,1
UK/BAG/53N16/2018/33,Uttarakhand,Bageshwar,30.045661,79.895352,Rock,Slide,2016,2016.0,1
UK/CHA/53N12/2018/20,Uttarakhand,Chamoli,30.046306,79.49987,Debris,Slide,2018,2018.0,1
UK/CHA/53N12/2018/178,Uttarakhand,Chamoli,30.046987,79.573925,Debris,Slide,2016,2016.0,1
UK/BAG/53N16/2018/50,Uttarakhand,Bageshwar,30.0478,79.898705,Rock cum debris,Slide,2014,2014.0,1
UK/CHA/62B08/2020/5,Uttarakhand,Chamoli,30.05,80.32,Rock,Slide,2016,2016.0,1
UK/CHA/62B08/2020/6,Uttarakhand,Chamoli,30.05,80.32,Debris,Slide,2016,2016.0,1
UK/CHA/62B08/2020/12,Uttarakhand,Chamoli,30.05,80.28,Debris,Slide,2016,2016.0,1
UK/CHA/62B08/2020/13,Uttarakhand,Chamoli,30.05,80.28,Debris,Slide,2016,2016.0,1
UK/CHA/62B08/2020/15,Uttarakhand,Chamoli,30.05,80.28,Debris,Slide,2016,2016.0,1
UK/CHA/62B08/2020/19,Uttarakhand,Chamoli,30.05,80.3,Debris,Slide,2016,2016.0,1
UK/CHA/62B08/2020/20,Uttarakhand,Chamoli,30.05,80.3,Rock,Slide,2016,2016.0,1
UK/CHA/62B08/2020/21,Uttarakhand,Chamoli,30.05,80.32,Rock,Slide,2016,2016.0,1
UK/CHA/62B08/2020/24,Uttarakhand,Chamoli,30.05,80.3,Debris,Slide,2016,2016.0,1
UK/CHA/62B08/2020/25,Uttarakhand,Chamoli,30.05,80.31,Debris,Slide,2016,2016.0,1
UK/CHA/62B08/2020/26,Uttarakhand,Chamoli,30.05,80.31,Rock,Slide,2016,2016.0,1
UK/CHA/62B08/2020/27,Uttarakhand,Chamoli,30.05,80.31,Rock,Slide,2016,2016.0,1
UK/BAG/53N16/2018/49,Uttarakhand,Bageshwar,30.050166,79.894089,Rock cum debris,Slide,2006,2006.0,1
UK/BAG/53N16/2018/34,Uttarakhand,Bageshwar,30.050805,79.892422,Rock,Slide,2018,2018.0,1
UK/BAG/53N16/2018/1,Uttarakhand,Bageshwar,30.051019,79.892547,Rock,Slide,2016,2016.0,1
UK/BAG/53N16/2018/43,Uttarakhand,Bageshwar,30.051421,79.879186,Rock,Slide,2018,2018.0,1
UK/BAG/53N16/2018/62,Uttarakhand,Bageshwar,30.052088,80.062324,Rock,Slide,2018,2018.0,1
UK/PIT/62B04/2018/43,Uttarakhand,Pithoragarh,30.05253,80.220333,Rock,Fall,2016,2016.0,1
UK/BAG/53N16/2018/48,Uttarakhand,Bageshwar,30.053843,79.891986,Rock,Slide,2016,2016.0,1
UK/BAG/53N16/2018/2,Uttarakhand,Bageshwar,30.053889,79.97,Rock,Slide,2014,2014.0,1
UK/BAG/53N16/2018/42,Uttarakhand,Bageshwar,30.053955,79.878311,Rock,Slide,2017,2017.0,1
UK/PITH/62B04/2013/0010,Uttarakhand,Pithoragarh,30.05417,80.21722,Debris,Fall,16th-17th June 2013,2013.0,1
UK/BAG/53N16/2018/41,Uttarakhand,Bageshwar,30.054214,79.878359,Rock cum debris,Slide,2016,2016.0,1
UK/PIT/62B04/2018/44,Uttarakhand,Pithoragarh,30.054285,80.216462,Rock,Slide,2016,2016.0,1
UK/CHA/53N12/2018/177,Uttarakhand,Chamoli,30.054695,79.576505,Rock,Slide,2015,2015.0,1
UK/CHA/53N12/2018/48,Uttarakhand,Chamoli,30.05549,79.588933,Rock,Slide,2018,2018.0,1
UK/CHA/53N12/2018/49,Uttarakhand,Chamoli,30.056194,79.595,Rock,Fall,2018,2018.0,1
UK/BAG/53N16/2018/36,Uttarakhand,Bageshwar,30.056314,79.894072,Rock,Slide,2013,2013.0,1
UK/BAG/53N16/2018/35,Uttarakhand,Bageshwar,30.056638,79.892764,Rock cum debris,Slide,2013,2013.0,1
UK/BAG/53N16/2018/37,Uttarakhand,Bageshwar,30.057727,79.892303,Rock,Slide,2013,2013.0,1
UK/CHA/53N12/2018/186,Uttarakhand,Chamoli,30.05775,79.524562,Rock,Slide,2018,2018.0,1
UK/CHA/53N12/2018/187,Uttarakhand,Chamoli,30.057995,79.523811,Rock,Slide,2014,2014.0,1
UK/CHA/53N12/2018/185,Uttarakhand,Chamoli,30.058004,79.524276,Rock,Slide,2018,2018.0,1
UK/CHA/53N12/2018/184,Uttarakhand,Chamoli,30.058194,79.524083,Rock,Slide,2018,2018.0,1
UK/CHA/53N12/2018/188,Uttarakhand,Chamoli,30.058333,79.523083,Rock,Slide,2016,2016.0,1
UK/CHA/53N12/2018/189,Uttarakhand,Chamoli,30.058696,79.522481,Rock,Slide,2018,2018.0,1
UK/CHA/53N12/2018/183,Uttarakhand,Chamoli,30.05875,79.523611,Rock,Slide,2018,2018.0,1
UK/BAG/53N16/2018/54,Uttarakhand,Bageshwar,30.059235,80.065848,Rock,Slide,2014,2014.0,1
UK/CHA/53N12/2018/182,Uttarakhand,Chamoli,30.059867,79.521037,Rock,Slide,2017,2017.0,1
UK/CHA/62B08/2020/9,Uttarakhand,Chamoli,30.06,80.31,Rock,Slide,2018,2018.0,1
UK/BAG/53N16/2018/38,Uttarakhand,Bageshwar,30.060032,79.89217,Rock,Slide,2013,2013.0,1
UK/CHA/53N08/2018/84,Uttarakhand,Chamoli,30.060085,79.26468,Rock,Slide,2014,2014.0,1
UK/PIT/62B04/2018/41,Uttarakhand,Pithoragarh,30.060397,80.229094,Rock,Slide,2013,2013.0,1
UK/BAG/53N16/2018/53,Uttarakhand,Pithoragarh,30.060405,80.071308,Rock,Slide,2014,2014.0,1
UK/CHA/53N08/2018/83,Uttarakhand,Chamoli,30.060492,79.265047,Rock,Slide,2014,2014.0,1
UK/CHA/53N12/2018/176,Uttarakhand,Chamoli,30.061038,79.522619,Rock,Slide,2018,2018.0,1
UK/CHA/53N08/2018/82,Uttarakhand,Chamoli,30.061041,79.26574,Rock,Slide,2014,2014.0,1
UK/PIT/62B04/2018/42,Uttarakhand,Pithoragarh,30.061161,80.227358,Rock cum debris,Slide,2016,2016.0,1
UK/BAG/53N16/2018/40,Uttarakhand,Bageshwar,30.061285,79.883487,Rock,Slide,2016,2016.0,1
UK/CHA/53N12/2018/180,Uttarakhand,Chamoli,30.061306,79.522167,Debris,Slide,2018,2018.0,1
UK/CHA/53N12/2018/181,Uttarakhand,Chamoli,30.061404,79.521704,Rock,Slide,2018,2018.0,1
UK/CHA/53N12/2018/148,Uttarakhand,Chamoli,30.061556,79.536278,Debris,Slide,2018,2018.0,1
UK/CHA/53N12/2018/175,Uttarakhand,Chamoli,30.061861,79.524361,Rock,Slide,2018,2018.0,1
UK/CHA/53N12/2018/147,Uttarakhand,Chamoli,30.061972,79.535083,Debris,Slide,2018,2018.0,1
UK/CHA/53N12/2018/149,Uttarakhand,Chamoli,30.062472,79.539667,Rock,Slide,2018,2018.0,1
UK/PIT/62B04/2018/63,Uttarakhand,Pithoragarh,30.064063,80.24567,Rock cum debris,Slide,2014,2014.0,1
UK/CHA/53N12/2018/171,Uttarakhand,Chamoli,30.064194,79.529833,Rock,Slide,2018,2018.0,1
UK/CHA/53N12/2018/169,Uttarakhand,Chamoli,30.064325,79.534533,Debris,Slide,2018,2018.0,1
UK/CHA/53N12/2018/173,Uttarakhand,Chamoli,30.064556,79.526778,Rock,Slide,2015,2015.0,1
UK/CHA/53N12/2018/168,Uttarakhand,Chamoli,30.064639,79.534667,Debris,Slide,2018,2018.0,1
UK/CHA/53N12/2018/170,Uttarakhand,Chamoli,30.064741,79.532731,Rock,Slide,2016,2016.0,1
UK/CHA/53N12/2018/172,Uttarakhand,Chamoli,30.064944,79.527528,Rock,Slide,2018,2018.0,1
UK/CHA/53N12/2018/174,Uttarakhand,Chamoli,30.065111,79.526333,Rock,Slide,2014,2014.0,1
UK/CHA/53N12/2018/166,Uttarakhand,Chamoli,30.065361,79.518222,Rock,Slide,2018,2018.0,1
UK/PIT/62B04/2018/64,Uttarakhand,Pithoragarh,30.066262,80.244848,Rock cum debris,Slide,2016,2016.0,1
UK/CHA/53N12/2018/164,Uttarakhand,Chamoli,30.066667,79.521111,Rock,Slide,2015,2015.0,1
UK/CHA/53N12/2018/87,Uttarakhand,Chamoli,30.067029,79.591035,Debris,Slide,2018,2018.0,1
UK/CHA/53N12/2018/165,Uttarakhand,Chamoli,30.067528,79.521306,Rock,Slide,2018,2018.0,1
UK/CHA/53N12/2018/150,Uttarakhand,Chamoli,30.068496,79.545166,Debris,Slide,2018,2018.0,1
UK/BAG/53N16/2018/44,Uttarakhand,Bageshwar,30.068884,79.879114,Debris,Slide,2018,2018.0,1
UK/CHA/53N12/2018/86,Uttarakhand,Chamoli,30.069209,79.587253,Debris,Slide,2018,2018.0,1
UK/CHA/53N12/2018/151,Uttarakhand,Chamoli,30.069578,79.545252,Rock,Slide,2018,2018.0,1
UK/CHA/53N12/2018/167,Uttarakhand,Chamoli,30.070978,79.508972,Rock,Slide,2014,2014.0,1
UK/CHA/53N12/2018/152,Uttarakhand,Chamoli,30.071139,79.54575,Debris,Slide,2018,2018.0,1
UK/CHA/53N12/2018/81,Uttarakhand,Chamoli,30.071222,79.6035,Rock,Slide,2018,2018.0,1
UK/CHA/53N12/2018/80,Uttarakhand,Chamoli,30.071417,79.603417,Rock,Slide,2018,2018.0,1
UK/CHA/53N12/2018/82,Uttarakhand,Chamoli,30.0715,79.604306,Rock,Slide,2018,2018.0,1
UK/CHA/53N12/2018/79,Uttarakhand,Chamoli,30.071639,79.603861,Rock,Slide,2018,2018.0,1
UK/CHA/53N12/2018/153,Uttarakhand,Chamoli,30.071912,79.546712,Rock,Slide,2018,2018.0,1
UK/CHA/53N12/2018/154,Uttarakhand,Chamoli,30.072811,79.545783,Rock,Slide,2013,2013.0,1
UK/CHA/53N12/2018/146,Uttarakhand,Chamoli,30.073033,79.597278,Debris,Slide,2016,2016.0,1
UK/CHA/53N12/2018/83,Uttarakhand,Chamoli,30.074917,79.585389,Rock,Slide,2015,2015.0,1
UK/CHA/53N12/2018/155,Uttarakhand,Chamoli,30.075117,79.542602,Rock,Slide,2014,2014.0,1
UK/CHA/53N12/2018/85,Uttarakhand,Chamoli,30.075333,79.583028,Debris,Slide,2018,2018.0,1
UK/CHA/53N12/2018/161,Uttarakhand,Chamoli,30.076434,79.523014,Debris,Slide,2018,2018.0,1
UK/CHA/53N12/2018/163,Uttarakhand,Chamoli,30.077001,79.521881,Rock,Slide,2018,2018.0,1
UK/CHA/53N12/2018/84,Uttarakhand,Chamoli,30.077111,79.584,Rock,Slide,2018,2018.0,1
UK/CHA/53N12/2018/162,Uttarakhand,Chamoli,30.078205,79.530003,Rock,Slide,2018,2018.0,1
UK/CHA/53N12/2018/156,Uttarakhand,Chamoli,30.07868,79.54612,Rock,Slide,2018,2018.0,1
UK/CHA/53N12/2018/21,Uttarakhand,Chamoli,30.0787,79.505302,Rock,Topple,2014,2014.0,1
UK/CHA/62B08/2020/10,Uttarakhand,Chamoli,30.08,80.27,Rock,Slide,2016,2016.0,1
UK/CHA/62B08/2020/11,Uttarakhand,Chamoli,30.08,80.28,Rock,Slide,2016,2016.0,1
UK/CHA/53N08/2018/26,Uttarakhand,Chamoli,30.080302,79.377246,Debris,Slide,2014,2014.0,1
UK/BAG/53N16/2018/45,Uttarakhand,Bageshwar,30.080927,79.891424,Debris,Slide,2018,2018.0,1
UK/CHA/53N12/2018/145,Uttarakhand,Chamoli,30.081101,79.599136,Rock,Slide,2018,2018.0,1
UK/CHA/53N12/2018/142,Uttarakhand,Chamoli,30.081173,79.612894,Debris,Slide,2018,2018.0,1
UK/PIT/62B04/2018/60,Uttarakhand,Pithoragarh,30.081323,80.242364,Rock cum debris,Slide,2014,2014.0,1
UK/CHA/53N12/2018/139,Uttarakhand,Chamoli,30.082583,79.606306,Debris,Slide,2018,2018.0,1
UK/CHA/53N12/2018/140,Uttarakhand,Chamoli,30.082869,79.607408,Debris,Slide,2018,2018.0,1
UK/CHA/53N12/2018/141,Uttarakhand,Chamoli,30.083264,79.612714,Debris,Slide,2018,2018.0,1
UK/BAG/53N16/2018/60,Uttarakhand,Bageshwar,30.083561,79.880568,Rock,Slide,2016,2016.0,1
UK/CHA/53N12/2018/160,Uttarakhand,Chamoli,30.084222,79.522528,Rock,Slide,2014,2014.0,1
UK/CHA/53N12/2018/143,Uttarakhand,Chamoli,30.085028,79.60325,Debris,Slide,2015,2015.0,1
UK/PIT/62B04/2018/59,Uttarakhand,Pithoragarh,30.085168,80.242283,Rock cum debris,Slide,2013,2013.0,1
UK/CHA/53N08/2013/0046,Uttarakhand,Chamoli,30.085667,79.470194,Rock cum Debris,Slide,16th-17th June 2013,2013.0,1
UK/CHA/53N08/2018/71,Uttarakhand,Chamoli,30.085722,79.470417,Rock,Slide,2017,2017.0,1
UK/PITH/62B08/2013/0019,Uttarakhand,Pithoragarh,30.08583,80.25278,Debris cum earth,Fall,16th-17th June 2013,2013.0,1
UK/CHA/53N12/2018/138,Uttarakhand,Chamoli,30.086306,79.613056,Debris,Slide,2018,2018.0,1
UK/CHA/53N08/2018/70,Uttarakhand,Chamoli,30.086611,79.472583,Rock,Slide,2017,2017.0,1
UK/CHA/53N12/2018/137,Uttarakhand,Chamoli,30.087444,79.613389,Debris,Slide,2014,2014.0,1
UK/BAG/53N16/2018/61,Uttarakhand,Bageshwar,30.087774,79.877811,Debris,Slide,2017,2017.0,1
UK/CHA/53N12/2018/136,Uttarakhand,Chamoli,30.089003,79.614742,Rock,Slide,2015,2015.0,1
UK/PIT/62B04/2018/58,Uttarakhand,Pithoragarh,30.089252,80.2434,Rock cum debris,Slide,2013,2013.0,1
UK/CHA/53N12/2018/135,Uttarakhand,Chamoli,30.089639,79.614833,Debris,Slide,2018,2018.0,1
UK/CHA/53N12/2018/144,Uttarakhand,Chamoli,30.08975,79.600306,Debris,Slide,2018,2018.0,1
UK/CHA/53N12/2018/159,Uttarakhand,Chamoli,30.090722,79.526222,Rock,Slide,2018,2018.0,1
UK/PIT/62B04/2018/62,Uttarakhand,Pithoragarh,30.091267,80.240736,Rock cum debris,Slide,2014,2014.0,1
UK/CHA/53N12/2018/134,Uttarakhand,Chamoli,30.091425,79.617106,Debris,Slide,2018,2018.0,1
UK/CHA/53N12/2018/125,Uttarakhand,Chamoli,30.092139,79.653583,Debris,Slide,2018,2018.0,1
UK/BAG/53N16/2018/59,Uttarakhand,Bageshwar,30.092723,79.867598,Rock,Slide,2016,2016.0,1
UK/PIT/62B04/2018/61,Uttarakhand,Pithoragarh,30.09286,80.241933,Debris,Slide,2014,2014.0,1
UK/CHA/53N12/2018/127,Uttarakhand,Chamoli,30.092944,79.643083,Rock,Slide,2018,2018.0,1
UK/CHA/53N12/2018/126,Uttarakhand,Chamoli,30.093,79.65025,Rock,Slide,2018,2018.0,1
UK/CHA/53N12/2018/128,Uttarakhand,Chamoli,30.093111,79.6405,Rock,Slide,2018,2018.0,1
UK/CHA/53N12/2018/130,Uttarakhand,Chamoli,30.093214,79.629971,Rock,Slide,2018,2018.0,1
UK/BAG/53N16/2018/52,Uttarakhand,Bageshwar,30.093458,79.91342,Rock,Slide,2014,2014.0,1
UK/CHA/53N12/2018/157,Uttarakhand,Chamoli,30.093528,79.529333,Rock,Slide,2018,2018.0,1
UK/CHA/53N12/2018/129,Uttarakhand,Chamoli,30.093629,79.634834,Rock,Slide,2018,2018.0,1
UK/CHA/53N12/2018/122,Uttarakhand,Chamoli,30.093719,79.660665,Rock,Slide,2018,2018.0,1
UK/CHA/53N12/2018/133,Uttarakhand,Chamoli,30.093752,79.620671,Rock,Slide,2016,2016.0,1
UK/CHA/53N12/2018/132,Uttarakhand,Chamoli,30.09395,79.621664,Rock,Slide,2018,2018.0,1
UK/CHA/53N12/2018/131,Uttarakhand,Chamoli,30.094139,79.624056,Rock,Slide,2018,2018.0,1
UK/CHA/53N12/2018/78,Uttarakhand,Chamoli,30.094183,79.597634,Debris,Slide,2018,2018.0,1
UK/CHA/53N12/2018/121,Uttarakhand,Chamoli,30.094269,79.666443,Rock,Slide,2015,2015.0,1
UK/BAG/53N16/2018/57,Uttarakhand,Bageshwar,30.094458,79.860752,Rock,Slide,2013,2013.0,1
UK/CHA/53N08/2018/4,Uttarakhand,Chamoli,30.094466,79.449456,Debris,Slide,2014,2014.0,1
UK/CHA/53N08/2018/27,Uttarakhand,Chamoli,30.0945,79.38662,Debris,Slide,2014,2014.0,1
UK/CHA/53N12/2018/124,Uttarakhand,Chamoli,30.094888,79.658516,Rock,Slide,2018,2018.0,1
UK/CHA/53N08/2018/3,Uttarakhand,Chamoli,30.094921,79.451012,Debris,Slide,2014,2014.0,1
UK/CHA/53N12/2018/123,Uttarakhand,Chamoli,30.094972,79.658889,Rock,Slide,2018,2018.0,1
UK/CHA/53N08/2018/2,Uttarakhand,Chamoli,30.095482,79.449858,Debris,Slide,2014,2014.0,1
UK/CHA/53N12/2018/158,Uttarakhand,Chamoli,30.09575,79.526583,Rock,Slide,2018,2018.0,1
UK/CHA/53N12/2018/76,Uttarakhand,Chamoli,30.097044,79.631319,Rock,Slide,2018,2018.0,1
UK/BAG/53N16/2018/56,Uttarakhand,Bageshwar,30.097367,79.860172,Rock,Slide,2013,2013.0,1
UK/CHA/53N12/2018/75,Uttarakhand,Chamoli,30.098031,79.617947,Rock,Slide,2018,2018.0,1
UK/CHA/53N12/2018/120,Uttarakhand,Chamoli,30.098125,79.667123,Rock,Slide,2018,2018.0,1
UK/PAU/53N04/2018/13,Uttarakhand,Pauri Garhwal,30.098298,79.094485,Rock,Slide,2013,2013.0,1
UK/CHA/53N12/2018/74,Uttarakhand,Chamoli,30.098389,79.615917,Rock,Slide,2012,2012.0,1
UK/CHA/53N12/2018/119,Uttarakhand,Chamoli,30.098659,79.666098,Rock,Slide,2018,2018.0,1
UK/CHA/53N12/2018/118,Uttarakhand,Chamoli,30.098694,79.665417,Rock,Fall,2018,2018.0,1
UK/BAG/53N16/2018/55,Uttarakhand,Bageshwar,30.099289,79.920112,Rock cum debris,Slide,2013,2013.0,1
UK/CHA/53N08/2018/5,Uttarakhand,Chamoli,30.099317,79.435956,Debris,Slide,2014,2014.0,1
UK/CHA/53N12/2018/116,Uttarakhand,Chamoli,30.099475,79.687764,Rock,Slide,2018,2018.0,1
UK/CHA/53N12/2018/115,Uttarakhand,Chamoli,30.099635,79.688771,Rock,Slide,2018,2018.0,1
UK/CHA/53N08/2018/7,Uttarakhand,Chamoli,30.099665,79.430961,Debris,Slide,2013,2013.0,1
UK/PAU/53N04/2018/8,Uttarakhand,Pauri Garhwal,30.099722,79.085778,Rock,Slide,2013,2013.0,1
UK/CHA/53N12/2018/73,Uttarakhand,Chamoli,30.100209,79.610048,Rock,Slide,2018,2018.0,1
UK/PAU/53N04/2018/17,Uttarakhand,Pauri Garhwal,30.100453,79.038016,Rock,Slide,2012,2012.0,1
UK/CHA/53N12/2018/72,Uttarakhand,Chamoli,30.100496,79.607543,Debris,Slide,2018,2018.0,1
UK/CHA/53N12/2018/117,Uttarakhand,Chamoli,30.100807,79.675323,Rock,Slide,2018,2018.0,1
UK/PAU/53N04/2018/18,Uttarakhand,Pauri Garhwal,30.101302,79.03806,Rock,Slide,2012,2012.0,1
UK/CHA/53N08/2018/6,Uttarakhand,Chamoli,30.101363,79.431506,Debris,Slide,2013,2013.0,1
UK/CHA/53N08/2018/28,Uttarakhand,Chamoli,30.101563,79.387896,Debris,Slide,2018,2018.0,1
UK/PAU/53N04/2018/14,Uttarakhand,Pauri Garhwal,30.101736,79.090141,Rock,Slide,2013,2013.0,1
UK/PAU/53N04/2018/16,Uttarakhand,Pauri Garhwal,30.102174,79.034568,Rock,Slide,2012,2012.0,1
UK/CHA/53N12/2018/24,Uttarakhand,Chamoli,30.102227,79.502189,Rock,Slide,2015,2015.0,1
UK/PAU/53N04/2018/10,Uttarakhand,Pauri Garhwal,30.102457,79.088619,Rock,Slide,2013,2013.0,1
UK/CHA/53N12/2018/22,Uttarakhand,Chamoli,30.102998,79.504461,Rock,Slide,2015,2015.0,1
UK/PAU/53N04/2018/9,Uttarakhand,Pauri Garhwal,30.103559,79.087525,Rock,Slide,2013,2013.0,1
UK/CHA/53N12/2018/77,Uttarakhand,Chamoli,30.104249,79.602512,Debris,Slide,2018,2018.0,1
UK/PAU/53N04/2018/11,Uttarakhand,Pauri Garhwal,30.105446,79.095478,Rock,Slide,2013,2013.0,1
UK/CHA/53N12/2018/23,Uttarakhand,Chamoli,30.105911,79.505631,Debris,Slide,2014,2014.0,1
UK/PIT/62B04/2018/57,Uttarakhand,Pithoragarh,30.105912,80.243454,Rock cum debris,Slide,2014,2014.0,1
UK/PIT/62B04/2018/56,Uttarakhand,Pithoragarh,30.106994,80.236029,Rock cum debris,Slide,2014,2014.0,1
UK/CHA/53N12/2018/114,Uttarakhand,Chamoli,30.107224,79.680396,Debris,Slide,2018,2018.0,1
UK/PITH/62B04/2013/0012,Uttarakhand,Pithoragarh,30.1075,80.23639,Rock cum Debris,Fall and Flow,16th-17th June 2013,2013.0,1
UK/PIT/62B04/2018/55,Uttarakhand,Pithoragarh,30.107653,80.235951,Rock cum debris,Slide,2014,2014.0,1
UK/CHA/53N12/2018/71,Uttarakhand,Chamoli,30.107694,79.605778,Rock,Slide,2018,2018.0,1
UK/CHA/53N12/2018/70,Uttarakhand,Chamoli,30.107942,79.605975,Rock,Slide,2018,2018.0,1
UK/CHA/53N12/2018/113,Uttarakhand,Chamoli,30.109258,79.68101,Debris,Slide,2018,2018.0,1
UK/CHA/62B08/2020/16,Uttarakhand,Chamoli,30.11,80.25,Rock,Slide,2016,2016.0,1
UK/CHA/62B08/2020/17,Uttarakhand,Chamoli,30.11,80.25,Rock,Slide,2016,2016.0,1
UK/PAU/53N04/2018/15,Uttarakhand,Pauri Garhwal,30.111375,79.072187,Rock,Slide,2012,2012.0,1
UK/CHA/53N12/2018/67,Uttarakhand,Chamoli,30.111806,79.613806,Rock,Slide,2018,2018.0,1
UK/PAU/53N04/2018/12,Uttarakhand,Pauri Garhwal,30.112649,79.097002,Rock,Slide,2013,2013.0,1
UK/CHA/53N12/2018/69,Uttarakhand,Chamoli,30.113056,79.605194,Rock,Slide,2018,2018.0,1
UK/CHA/53N08/2013/0049,Uttarakhand,Chamoli,30.113583,79.42825,Debris,Slide,2013,2013.0,1
UK/CHA/53N12/2018/68,Uttarakhand,Chamoli,30.113614,79.607463,Debris,Slide,2018,2018.0,1
UK/CHA/53N12/2018/112,Uttarakhand,Chamoli,30.113841,79.681781,Rock,Fall,2018,2018.0,1
UK/CHA/53N12/2018/66,Uttarakhand,Chamoli,30.114104,79.611446,Debris,Slide,2018,2018.0,1
UK/PAU/53N04/2018/20,Uttarakhand,Pauri Garhwal,30.115447,79.031835,Rock,Slide,2011,2011.0,1
UK/CHA/53N12/2018/111,Uttarakhand,Chamoli,30.116589,79.682818,Rock,Slide,2018,2018.0,1
UK/CHA/53N08/2018/1,Uttarakhand,Chamoli,30.118833,79.275028,Rock,Slide,2016,2016.0,1
UK/CHA/62B08/2020/22,Uttarakhand,Chamoli,30.12,80.25,Debris,Slide,2009,2009.0,1
UK/CHA/53N12/2018/108,Uttarakhand,Chamoli,30.120698,79.700945,Rock,Slide,2016,2016.0,1
UK/CHA/53N12/2018/107,Uttarakhand,Chamoli,30.121188,79.701182,Rock,Slide,2018,2018.0,1
UK/CHA/53N12/2018/110,Uttarakhand,Chamoli,30.121518,79.698191,Rock,Slide,2018,2018.0,1
UK/CHA/53N12/2018/65,Uttarakhand,Chamoli,30.121528,79.611722,Debris,Slide,2016,2016.0,1
UK/CHA/53N12/2018/109,Uttarakhand,Chamoli,30.121671,79.699269,Rock,Slide,2018,2018.0,1
UK/CHA/53N12/2018/103,Uttarakhand,Chamoli,30.121757,79.717596,Rock,Slide,2018,2018.0,1
UK/CHA/53N12/2018/106,Uttarakhand,Chamoli,30.121877,79.701819,Rock,Slide,2018,2018.0,1
UK/PIT/62B04/2018/54,Uttarakhand,Pithoragarh,30.122033,80.241184,Rock cum debris,Slide,2014,2014.0,1
UK/CHA/53N12/2018/105,Uttarakhand,Chamoli,30.122162,79.702466,Rock,Slide,2018,2018.0,1
UK/CHA/53N12/2018/64,Uttarakhand,Chamoli,30.122306,79.608889,Debris,Slide,2018,2018.0,1
UK/CHA/53N12/2018/104,Uttarakhand,Chamoli,30.122525,79.702884,Rock,Slide,2018,2018.0,1
UK/CHA/53N12/2018/102,Uttarakhand,Chamoli,30.123504,79.728063,Rock,Slide,2018,2018.0,1
UK/CHA/53N12/2018/101,Uttarakhand,Chamoli,30.124204,79.724174,Rock,Fall,2018,2018.0,1
UK/CHA/53N12/2018/63,Uttarakhand,Chamoli,30.1245,79.607444,Debris,Slide,2018,2018.0,1
UK/CHA/53N12/2018/58,Uttarakhand,Chamoli,30.124645,79.6182,Rock,Slide,2018,2018.0,1
UK/CHA/53N12/2018/62,Uttarakhand,Chamoli,30.125109,79.616966,Rock,Slide,2018,2018.0,1
UK/CHA/53N12/2018/61,Uttarakhand,Chamoli,30.125424,79.616846,Rock,Slide,2018,2018.0,1
UK/CHA/53N12/2018/60,Uttarakhand,Chamoli,30.125504,79.61787,Debris,Slide,2018,2018.0,1
UK/CHA/53N12/2018/100,Uttarakhand,Chamoli,30.126283,79.724059,Debris,Slide,2018,2018.0,1
UK/CHA/53N12/2018/99,Uttarakhand,Chamoli,30.1269,79.724091,Debris,Slide,2018,2018.0,1
UK/CHA/53N12/2018/25,Uttarakhand,Chamoli,30.127149,79.51638,Rock,Slide,2016,2016.0,1
UK/PAU/53N04/2018/21,Uttarakhand,Pauri Garhwal,30.127728,79.001654,Rock,Slide,2011,2011.0,1
UK/CHA/53N12/2018/26,Uttarakhand,Chamoli,30.128472,79.520806,Rock,Slide,2018,2018.0,1
UK/CHA/62B08/2020/7,Uttarakhand,Chamoli,30.13,80.25,Rock,Slide,2014,2014.0,1
UK/CHA/53N12/2018/98,Uttarakhand,Chamoli,30.130425,79.722087,Rock,Slide,2018,2018.0,1
UK/BAG/53N16/2013/0052,Uttarakhand,Bageshwar,30.13075,79.958361,Debris,Slide,16th-17th June 2013,2013.0,1
UK/CHA/53N12/2018/57,Uttarakhand,Chamoli,30.131438,79.619928,Rock,Slide,2018,2018.0,1
UK/PITH/62B04/2013/0015,Uttarakhand,Pithoragarh,30.13167,80.24611,Rock cum Debris,Flow,16th-17th June 2013,2013.0,1
UK/PAU/53N04/2018/19,Uttarakhand,Pauri Garhwal,30.132697,79.079259,Rock,Slide,2011,2011.0,1
UK/CHA/53N12/2018/97,Uttarakhand,Chamoli,30.133156,79.71915,Rock,Slide,2018,2018.0,1
UK/CHA/53N12/2018/59,Uttarakhand,Chamoli,30.133833,79.601278,Rock,Fall,2018,2018.0,1
UK/CHA/53N12/2018/56,Uttarakhand,Chamoli,30.134056,79.619528,Rock,Slide,2018,2018.0,1
UK/CHA/53N12/2018/53,Uttarakhand,Chamoli,30.134815,79.620715,Rock,Fall,2018,2018.0,1
UK/CHA/53N12/2018/54,Uttarakhand,Chamoli,30.134972,79.62075,Rock,Slide,2018,2018.0,1
UK/CHA/53N12/2018/55,Uttarakhand,Chamoli,30.135333,79.62025,Rock,Slide,2018,2018.0,1
UK/CHA/53N12/2018/96,Uttarakhand,Chamoli,30.135708,79.71699,Rock,Slide,2018,2018.0,1
UK/CHA/53N12/2018/95,Uttarakhand,Chamoli,30.137111,79.715944,Rock,Fall,2015,2015.0,1
UK/CHA/53N12/2018/94,Uttarakhand,Chamoli,30.137356,79.715782,Rock,Fall,2018,2018.0,1
UK/CHA/53N12/2018/93,Uttarakhand,Chamoli,30.137588,79.715557,Rock,Fall,2018,2018.0,1
UK/CHA/53N12/2018/51,Uttarakhand,Chamoli,30.138602,79.617579,Rock,Slide,2014,2014.0,1
UK/CHA/53N12/2018/92,Uttarakhand,Chamoli,30.138667,79.714,Rock,Fall,2018,2018.0,1
UK/CHA/53N08/2018/35,Uttarakhand,Chamoli,30.138845,79.434579,Debris,Slide,2013,2013.0,1
UK/CHA/53N12/2018/52,Uttarakhand,Chamoli,30.138901,79.617747,Debris,Slide,2014,2014.0,1
UK/CHA/53N12/2018/91,Uttarakhand,Chamoli,30.139154,79.713708,Rock,Fall,2018,2018.0,1
UK/CHA/53N08/2018/33,Uttarakhand,Chamoli,30.140018,79.428861,Debris,Slide,2018,2018.0,1
UK/CHA/53N08/2018/34,Uttarakhand,Chamoli,30.14133,79.426447,Debris,Slide,2013,2013.0,1
UK/CHA/53N08/2013/0050,Uttarakhand,Chamoli,30.142917,79.457889,Rock cum Debris,Slide,16th-17th June 2013,2013.0,1
UK/CHA/53N08/2018/32,Uttarakhand,Chamoli,30.143062,79.429838,Rock,Slide,2016,2016.0,1
UK/CHA/53N08/2018/31,Uttarakhand,Chamoli,30.143818,79.429579,Rock,Slide,2014,2014.0,1
UK/CHA/53N08/2018/30,Uttarakhand,Chamoli,30.144318,79.428388,Rock,Slide,2014,2014.0,1
UK/CHA/53N08/2018/29,Uttarakhand,Chamoli,30.145589,79.43004,Rock,Slide,2014,2014.0,1
UK/CHA/53N12/2018/90,Uttarakhand,Chamoli,30.149139,79.724778,Rock,Slide,2018,2018.0,1
UK/CHA/53N08/2018/47,Uttarakhand,Chamoli,30.151742,79.495386,Debris,Slide,2006,2006.0,1
UK/CHA/53N12/2018/89,Uttarakhand,Chamoli,30.154455,79.701919,Rock,Slide,2018,2018.0,1
UK/CHA/53N08/2018/62,Uttarakhand,Chamoli,30.156356,79.369848,Rock,Fall,2013,2013.0,1
UK/CHA/62B08/2020/28,Uttarakhand,Chamoli,30.16,80.33,Rock,Slide,2000,2000.0,1
UK/CHA/53N12/2018/50,Uttarakhand,Chamoli,30.161389,79.620128,Debris,Slide,2014,2014.0,1
UK/CHA/53N08/2018/63,Uttarakhand,Chamoli,30.162098,79.367682,Rock,Fall,2013,2013.0,1
UK/CHA/53N12/2018/88,Uttarakhand,Chamoli,30.164056,79.710417,Rock,Slide,2014,2014.0,1
UK/CHA/53N08/2018/66,Uttarakhand,Chamoli,30.164452,79.281929,Rock,Slide,2017,2017.0,1
UK/CHA/53N08/2018/21,Uttarakhand,Chamoli,30.173278,79.380278,Debris,Slide,2018,2018.0,1
UK/CHA/53N08/2018/67,Uttarakhand,Chamoli,30.174248,79.287903,Rock,Slide,2017,2017.0,1
UK/PAU/53N04/2018/4,Uttarakhand,Pauri Garhwal,30.174711,79.048546,Rock,Slide,2017,2017.0,1
UK/CHA/53N08/2018/20,Uttarakhand,Chamoli,30.178139,79.385778,Rock,Slide,2014,2014.0,1
UK/CHA/53N08/2018/18,Uttarakhand,Chamoli,30.180264,79.379642,Rock,Slide,2014,2014.0,1
UK/CHA/53N08/2018/22,Uttarakhand,Chamoli,30.180387,79.253461,Debris,Slide,2016,2016.0,1
UK/DEH/53J04/2015/319,Uttarakhand,Dehradun,30.182194,78.210778,Debris,Slide,2015,2015.0,1
UK/CHA/53N04/2018/1,Uttarakhand,Chamoli,30.184498,79.161057,Rock,Slide,2017,2017.0,1
UK/CHA/53N08/2018/19,Uttarakhand,Chamoli,30.186177,79.380843,Debris,Slide,2014,2014.0,1
UK/CHA/53N08/2018/24,Uttarakhand,Chamoli,30.187944,79.256694,Debris,Slide,2013,2013.0,1
UK/CHA/53N08/2013/0052,Uttarakhand,Chamoli,30.193722,79.309556,Debris,Slide,16th-17th June 2013,2013.0,1
UK/CHA/53N08/2018/12,Uttarakhand,Chamoli,30.197338,79.304865,Debris,Subsidence,2016,2016.0,1
UK/CHA/53N08/2018/11,Uttarakhand,Chamoli,30.199207,79.310819,Rock,Slide,2014,2014.0,1
UK/CHA/53N08/2018/69,Uttarakhand,Chamoli,30.20048,79.333374,Rock,Slide,2017,2017.0,1
UK/CHA/53N08/2018/37,Uttarakhand,Chamoli,30.20075,79.464028,Debris,Slide,2013,2013.0,1
UK/CHA/53N08/2018/36,Uttarakhand,Chamoli,30.202167,79.465167,Debris,Slide,2013,2013.0,1
UK/CHA/53N04/2018/3,Uttarakhand,Chamoli,30.208944,79.241056,Rock,Slide,2017,2017.0,1
UK/CHA/53N04/2018/2,Uttarakhand,Chamoli,30.209,79.199694,Rock,Slide,2018,2018.0,1
UK/CHA/53N08/2018/49,Uttarakhand,Chamoli,30.210743,79.481492,Rock cum debris,Slide,2014,2014.0,1
UK/CHA/53N08/2018/48,Uttarakhand,Chamoli,30.210809,79.48275,Rock cum debris,Slide,2014,2014.0,1
UK/CHA/53N08/2018/50,Uttarakhand,Chamoli,30.21646,79.4678,Rock,Slide,2014,2014.0,1
UK/CHA/53N08/2018/39,Uttarakhand,Chamoli,30.21734,79.450117,Debris,Slide,2016,2016.0,1
UK/CHA/53N08/2018/51,Uttarakhand,Chamoli,30.217937,79.464015,Rock,Slide,2014,2014.0,1
UK/CHA/53N08/2018/9,Uttarakhand,Chamoli,30.22082,79.25258,Debris,Slide,2014,2014.0,1
UK/CHA/53N08/2018/10,Uttarakhand,Chamoli,30.222338,79.253315,Rock,Slide,2014,2014.0,1
UK/CHA/53N08/2018/53,Uttarakhand,Chamoli,30.225343,79.464234,Rock,Slide,2014,2014.0,1
UK/CHA/53N08/2018/52,Uttarakhand,Chamoli,30.225374,79.463079,Rock,Slide,2014,2014.0,1
UK/CHA/53N08/2018/40,Uttarakhand,Chamoli,30.226278,79.444833,Debris,Slide,2016,2016.0,1
UK/CHA/53N08/2018/54,Uttarakhand,Chamoli,30.226462,79.461856,Rock,Slide,2014,2014.0,1
UK/CHA/53N08/2018/25,Uttarakhand,Chamoli,30.226901,79.298991,Rock,Slide,2017,2017.0,1
UK/CHA/53N08/2018/55,Uttarakhand,Chamoli,30.230843,79.448538,Rock,Slide,2014,2014.0,1
UK/CHA/53N08/2018/8,Uttarakhand,Chamoli,30.231295,79.267228,Rock,Slide,2014,2014.0,1
UK/DEH/53J04/2015/334,Uttarakhand,Dehradun,30.233056,78.233111,Debris,Slide,2012,2012.0,1
UK/CHA/53N08/2018/41,Uttarakhand,Chamoli,30.236533,79.441143,Rock,Slide,2017,2017.0,1
UK/CHA/53N04/2013/0054,Uttarakhand,Chamoli,30.250972,79.228278,Debris,Slide,16th-17th June 2013,2013.0,1
UK/PIT/62B04/2018/68,Uttarakhand,Chamoli,30.268903,79.618879,Rock cum debris,Slide,2014,2014.0,1
UK/CHA/53N11/2018/2,Uttarakhand,Chamoli,30.273956,79.605988,Rock,Slide,2014,2014.0,1
UK/CHA/53N11/2018/3,Uttarakhand,Chamoli,30.27407,79.605416,Rock,Slide,2018,2018.0,1
UK/PIT/62B04/2018/65,Uttarakhand,Chamoli,30.274115,79.562904,Rock,Slide,2016,2016.0,1
UK/CHA/62B04/2018/1,Uttarakhand,Chamoli,30.276946,79.575409,Debris,Slide,2014,2014.0,1
UK/CHA/53N11/2018/4,Uttarakhand,Chamoli,30.280461,79.598229,Rock,Fall,2016,2016.0,1
UK/RUD/53J15/2015/1041,Uttarakhand,Rudraprayag,30.286316,78.974403,Rock,Composite,2013,2013.0,1
UK/CHA/53N07/2013/0037,Uttarakhand,Chamoli,30.29125,79.289444,Debris,Subsidence,16th-17th June 2013,2013.0,1
UK/CHA/53N07/2013/0036,Uttarakhand,Chamoli,30.293139,79.299972,Debris,Subsidence,16th-17th June 2013,2013.0,1
UK/CHA/53N07/2013/0035,Uttarakhand,Chamoli,30.296528,79.301389,Debris,Flow,16th-17th June 2013,2013.0,1
UK/TEH/53J03/2015/2016,Uttarakhand,Tehri Garhwal,30.335368,78.165128,Rock cum Debris,Slide,2002,2002.0,1
UK/CHA/53N07/2013/0034,Uttarakhand,Chamoli,30.335694,79.319944,Debris,Flow,16th-17th June 2013,2013.0,1
UK/CHA/53N07/2013/0064,Uttarakhand,Chamoli,30.34,79.29,Debris,Slide,16th-17th June 2013,2013.0,1
UK/DEH/53J03/2015/1974,Uttarakhand,Dehradun,30.342649,78.132835,Debris,Slide,2012,2012.0,1
UK/RUD/53J15/2015/1023,Uttarakhand,Rudraprayag,30.343287,78.969563,Debris,Slide,2014,2014.0,1
UK/CHA/53N07/2013/0033,Uttarakhand,Chamoli,30.356222,79.318556,Debris,Flow,16th-17th June 2013,2013.0,1
UK/CHA/53N03/2013/0063,Uttarakhand,Chamoli,30.360278,79.281389,Rock,Slide,16th-17th June 2013,2013.0,1
UK/CHA/53N03/2013/0062,Uttarakhand,Chamoli,30.367611,79.274556,Debris,Slide,16th-17th June 2013,2013.0,1
UK/DEH/53J03/2015/2035,Uttarakhand,Dehradun,30.370398,78.040853,Rock,Slide,2013,2013.0,1
UK/CHA/53N11/2018/16,Uttarakhand,Chamoli,30.372372,79.526595,Rock,Slide,2016,2016.0,1
UK/CHA/53N11/2018/17,Uttarakhand,Chamoli,30.37322,79.501497,Rock cum debris,Slide,2018,2018.0,1
UK/CHA/53N07/2013/0061,Uttarakhand,Chamoli,30.378194,79.291889,Debris,Slide,16th-17th June 2013,2013.0,1
UK/RUD/53J15/2015/1022,Uttarakhand,Rudraprayag,30.380179,78.938848,Rock,Slide,2013,2013.0,1
UK/RUD/53J15/2015/1021,Uttarakhand,Rudraprayag,30.380214,78.941573,Rock cum Debris,Slide,2013,2013.0,1
UK/RUD/53N03/2015/863,Uttarakhand,Rudraprayag,30.381448,79.005735,Debris,Slide,2013,2013.0,1
UK/CHA/53N03/2013/0065,Uttarakhand,Chamoli,30.381833,79.22175,Debris,Slide,16th-17th June 2013,2013.0,1
UK/RUD/53N03/2015/864,Uttarakhand,Rudraprayag,30.393556,79.030528,Debris,Slide,2013,2013.0,1
UK/RUD/53N03/2015/865,Uttarakhand,Rudraprayag,30.393917,79.031861,Debris,Slide,2013,2013.0,1
UK/RUD/53J15/2015/1017,Uttarakhand,Rudraprayag,30.404528,78.921596,Rock cum Debris,Slide,2013,2013.0,1
UK/DEH/53J03/2015/2041,Uttarakhand,Dehradun,30.404562,78.096741,Rock,Slide,2013,2013.0,1
UK/RUD/53J15/2015/1016,Uttarakhand,Rudraprayag,30.409133,78.922018,Rock,Slide,2007,2007.0,1
UK/RUD/53N03/2015/866,Uttarakhand,Rudraprayag,30.411583,79.060194,Rock cum Debris,Slide,2013,2013.0,1
UK/DEH/53J03/2015/2015,Uttarakhand,Dehradun,30.420579,78.115574,Rock,Slide,2012,2012.0,1
UK/RUD/53N03/2015/867,Uttarakhand,Rudraprayag,30.423639,79.067667,Debris,Slide,2013,2013.0,1
UK/RUD/53N03/2013/0064,Uttarakhand,Rudraprayag,30.4277,79.07,Debris,,16th-17th June 2013,2013.0,1
UK/RUD/53N03/2015/868,Uttarakhand,Rudraprayag,30.42775,79.068972,Rock cum Debris,Slide,2013,2013.0,1
UK/DEH/53J03/2015/1977,Uttarakhand,Dehradun,30.428194,78.112717,Rock,Slide,2008,2008.0,1
UK/CHA/53N07/2015/1221,Uttarakhand,Chamoli,30.432861,79.374306,Debris,Slide,2008,2008.0,1
UK/RUD/53N03/2013/0063,Uttarakhand,Rudraprayag,30.4363,79.0719,Debris,,16th-17th June 2013,2013.0,1
UK/RUD/53N03/2015/869,Uttarakhand,Rudraprayag,30.44125,79.07475,Debris,Subsidence,2013,2013.0,1
UK/RUD/53N03/2013/0062,Uttarakhand,Rudraprayag,30.4419,79.0766,Debris,,16th-17th June 2013,2013.0,1
UK/RUD/53N03/2015/870,Uttarakhand,Rudraprayag,30.444333,79.075556,Debris,Slide,2013,2013.0,1
UK/RUD/53N03/2015/871,Uttarakhand,Rudraprayag,30.447944,79.075389,Rock cum Debris,Slide,2013,2013.0,1
UK/RUD/53N03/2013/0061,Uttarakhand,Rudraprayag,30.448,79.0761,Rock cum Debris,Slide,16th-17th June 2013,2013.0,1
UK/RUD/53N03/2015/862,Uttarakhand,Rudraprayag,30.448139,79.075361,Rock,Slide,2013,2013.0,1
UK/RUD/53N03/2015/861,Uttarakhand,Rudraprayag,30.449958,79.076547,Rock,Slide,2013,2013.0,1
UK/RUD/53N03/2013/0060,Uttarakhand,Rudraprayag,30.45,79.0761,Rock,Slide,16th-17th June 2013,2013.0,1
UK/RUD/53N03/2015/872,Uttarakhand,Rudraprayag,30.45,79.076361,Rock,Slide,2013,2013.0,1
UK/CHA/53N07/2013/0028,Uttarakhand,Chamoli,30.450806,79.428917,Debris,Subsidence,16th-17th June 2013,2013.0,1
UK/RUD/53N03/2015/860,Uttarakhand,Rudraprayag,30.451028,79.076028,Rock,Slide,2013,2013.0,1
UK/RUD/53N03/2015/873,Uttarakhand,Rudraprayag,30.451111,79.076056,Debris,Slide,2013,2013.0,1
UK/RUD/53N03/2013/0059,Uttarakhand,Rudraprayag,30.4541,79.0741,Rock cum Debris,,16th-17th June 2013,2013.0,1
UK/RUD/53N03/2015/859,Uttarakhand,Rudraprayag,30.455333,79.076694,Rock,Slide,2013,2013.0,1
UK/RUD/53N03/2015/874,Uttarakhand,Rudraprayag,30.458488,79.07694,Rock,Slide,2013,2013.0,1
UK/RUD/53N03/2015/858,Uttarakhand,Rudraprayag,30.459511,79.07582,Rock,Slide,2013,2013.0,1
UK/CHA/53N11/2018/18,Uttarakhand,Chamoli,30.46787,79.502124,Rock cum debris,Slide,2013,2013.0,1
UK/CHA/53N13/2018/1,Uttarakhand,Chamoli,30.470676,79.51272,Rock cum debris,Slide,2013,2013.0,1
UK/CHA/53N11/2018/19,Uttarakhand,Chamoli,30.473095,79.511488,Rock cum debris,Slide,2013,2013.0,1
UK/CHA/53N07/2013/0024,Uttarakhand,Chamoli,30.473167,79.479722,Rock,Fall,16th-17th June 2013,2013.0,1
UK/CHA/53N07/2013/0026,Uttarakhand,Chamoli,30.474222,79.458944,Rock cum Debris,Slide,16th-17th June 2013,2013.0,1
UK/CHA/53N07/2013/0025,Uttarakhand,Chamoli,30.478306,79.467556,Rock cum Debris,Slide,16th-17th June 2013,2013.0,1
UK/RUD/53N03/2015/851,Uttarakhand,Rudraprayag,30.483431,79.086168,Rock cum Debris,Slide,2013,2013.0,1
UK/CHA/53N11/2018/7,Uttarakhand,Chamoli,30.487333,79.684429,Rock cum debris,Slide,2017,2017.0,1
UK/CHA/53N11/2018/8,Uttarakhand,Chamoli,30.487541,79.676496,Debris,Slide,2014,2014.0,1
UK/CHA/53N10/2013/0014,Uttarakhand,Chamoli,30.487944,79.669167,Debris,Fall and Flow,16th-17th June 2013,2013.0,1
UK/RUD/53N03/2015/853,Uttarakhand,Rudraprayag,30.488126,79.085297,Rock cum Debris,Slide,2013,2013.0,1
UK/CHA/53N11/2013/0015,Uttarakhand,Chamoli,30.488139,79.665389,Debris,Subsidence,16th-17th June 2013,2013.0,1
UK/RUD/53N03/2015/850,Uttarakhand,Rudraprayag,30.488694,79.093639,Debris,Slide,2013,2013.0,1
UK/CHA/53N11/2013/0017,Uttarakhand,Chamoli,30.489667,79.65075,Debris,Flow,16th-17th June 2013,2013.0,1
UK/CHA/53N11/2018/9,Uttarakhand,Chamoli,30.489762,79.650082,Rock,Slide,2014,2014.0,1
UK/CHA/53N11/2018/11,Uttarakhand,Chamoli,30.491723,79.638405,Debris,Slide,2014,2014.0,1
UK/RUD/53N03/2015/849,Uttarakhand,Rudraprayag,30.492278,79.120111,Rock,Slide,2013,2013.0,1
UK/RUD/53N03/2015/852,Uttarakhand,Rudraprayag,30.494119,79.087907,Rock cum Debris,Slide,2013,2013.0,1
UK/RUD/53N03/2015/855,Uttarakhand,Rudraprayag,30.494278,79.1985,Debris,Slide,2013,2013.0,1
UK/CHA/53N11/2018/14,Uttarakhand,Chamoli,30.494303,79.619416,Rock,Slide,2014,2014.0,1
UK/CHA/53N11/2018/10,Uttarakhand,Chamoli,30.495,79.640662,Rock cum debris,Slide,2018,2018.0,1
UK/RUD/53N03/2015/844,Uttarakhand,Rudraprayag,30.496275,79.135935,Debris,Slide,2013,2013.0,1
UK/CHA/53N11/2018/6,Uttarakhand,Chamoli,30.496681,79.708792,Rock,Slide,2017,2017.0,1
UK/CHA/53N11/2018/15,Uttarakhand,Chamoli,30.497568,79.614866,Rock,Slide,2014,2014.0,1
UK/RUD/53N03/2015/842,Uttarakhand,Rudraprayag,30.497639,79.114083,Rock,Slide,2013,2013.0,1
UK/RUD/53N03/2015/843,Uttarakhand,Rudraprayag,30.499572,79.105178,Debris,Slide,2013,2013.0,1
UK/PIT/53N06/2020/1,Uttarakhand,Pithoragarh,30.5,79.49,Debris,Slide,2016,2016.0,1
UK/TEH/53J06/2015/889,Uttarakhand,Tehri Garhwal,30.500278,78.440833,Debris,Fall,2010,2010.0,1
UK/TEH/53J06/2015/890,Uttarakhand,Tehri Garhwal,30.501111,78.439722,Rock cum Debris,Fall,2010,2010.0,1
UK/TEH/53J06/2015/891,Uttarakhand,Tehri Garhwal,30.501944,78.438611,Rock cum Debris,Fall,2010,2010.0,1
UK/RUD/53N02/2013/0058,Uttarakhand,Rudraprayag,30.5036,79.088,Rock cum Debris,Slide,16th-17th June 2013,2013.0,1
UK/RUD/53N02/2015/562,Uttarakhand,Rudraprayag,30.503752,79.086896,Debris,Flow,2012,2012.0,1
UK/CHA/53N10/2013/0023,Uttarakhand,Chamoli,30.504417,79.485306,Debris,Slide,16th-17th June 2013,2013.0,1
UK/TEH/53J02/2015/1953,Uttarakhand,Tehri Garhwal,30.504922,78.134303,Earth,Slide,2013,2013.0,1
UK/TEH/53J02/2015/1970,Uttarakhand,Tehri Garhwal,30.506231,78.16623,Rock cum Debris,Slide,2013,2013.0,1
UK/TEH/53J06/2015/915,Uttarakhand,Tehri Garhwal,30.508333,78.348611,Rock cum Debris,Fall,2004,2004.0,1
UK/RUD/53N02/2015/561,Uttarakhand,Rudraprayag,30.508879,79.083971,Rock,Slide,2013,2013.0,1
UK/TEH/53J06/2015/892,Uttarakhand,Tehri Garhwal,30.509444,78.44,Rock cum Debris,Fall,2010,2010.0,1
UK/RUD/53N02/2015/596,Uttarakhand,Rudraprayag,30.509472,79.16404,Rock,Slide,2012,2012.0,1
UK/PIT/53N06/2020/5,Uttarakhand,Pithoragarh,30.51,79.5,Rock,Slide,2011,2011.0,1
UK/PIT/53N06/2020/6,Uttarakhand,Pithoragarh,30.51,79.49,Debris,Slide,2016,2016.0,1
UK/RUD/53N02/2015/597,Uttarakhand,Rudraprayag,30.510412,79.137127,Debris,Slide,2013,2013.0,1
UK/RUD/53N02/2015/601,Uttarakhand,Rudraprayag,30.510806,79.127944,Debris,Slide,2013,2013.0,1
UK/RUD/53N02/2015/578,Uttarakhand,Rudraprayag,30.511678,79.073956,Debris,Slide,2012,2012.0,1
UK/RUD/53N02/2015/579,Uttarakhand,Rudraprayag,30.513444,79.065694,Rock,Slide,2012,2012.0,1
UK/TEH/53J02/2015/1958,Uttarakhand,Tehri Garhwal,30.515285,78.051274,Rock,Slide,2013,2013.0,1
UK/RUD/53N02/2015/566,Uttarakhand,Rudraprayag,30.515345,79.098693,Rock,Slide,2013,2013.0,1
UK/RUD/53N02/2013/0057,Uttarakhand,Rudraprayag,30.5155,79.0619,Debris,Spread,16th-17th June 2013,2013.0,1
UK/RUD/53N02/2015/577,Uttarakhand,Rudraprayag,30.516722,79.0805,Debris,Slide,2012,2012.0,1
UK/RUD/53N02/2015/598,Uttarakhand,Rudraprayag,30.517355,79.134621,Debris,Slide,2013,2013.0,1
UK/RUD/53N02/2015/567,Uttarakhand,Rudraprayag,30.517598,79.099536,Debris,Slide,2013,2013.0,1
UK/RUD/53N02/2015/565,Uttarakhand,Rudraprayag,30.519698,79.09523,Debris,Slide,2012,2012.0,1
UK/PIT/53N06/2020/2,Uttarakhand,Pithoragarh,30.52,79.49,Rock,Slide,2011,2011.0,1
UK/PIT/53N06/2020/3,Uttarakhand,Pithoragarh,30.52,79.49,Rock,Slide,2011,2011.0,1
UK/PIT/53N06/2020/4,Uttarakhand,Pithoragarh,30.52,79.49,Rock,Slide,2011,2011.0,1
UK/TEH/53J06/2015/899,Uttarakhand,Tehri Garhwal,30.522603,78.285268,Rock cum Debris,Fall,2008,2008.0,1
UK/RUD/53N02/2015/564,Uttarakhand,Rudraprayag,30.523833,79.091245,Debris,Flow,2012,2012.0,1
UK/TEH/53J14/2015/311,Uttarakhand,Tehri Garhwal,30.526528,78.759833,Debris,Slide,2013,2013.0,1
UK/UTT/53J06/2015/894,Uttarakhand,Uttarkashi,30.527222,78.427778,Debris,Slide,2010,2010.0,1
UK/UTT/53J06/2015/893,Uttarakhand,Uttarkashi,30.528056,78.428333,Rock cum Debris,Fall,2010,2010.0,1
UK/TEH/53J02/2015/1954,Uttarakhand,Tehri Garhwal,30.52858,78.17136,Debris,Slide,2013,2013.0,1
UK/RUD/53N02/2015/568,Uttarakhand,Rudraprayag,30.529505,79.085957,Earth,Slide,2012,2012.0,1
UK/CHA/53N10/2013/0021,Uttarakhand,Chamoli,30.531333,79.513361,Debris,Subsidence,16th-17th June 2013,2013.0,1
UK/THE/53J10/2015/110,Uttarakhand,Tehri Garhwal,30.532194,78.649889,Debris,Slide,2012,2012.0,1
UK/RUD/53N02/2015/569,Uttarakhand,Rudraprayag,30.532788,79.093129,Debris,Slide,2012,2012.0,1
UK/TEH/53J14/2015/308,Uttarakhand,Tehri Garhwal,30.532889,78.754028,Debris,Slide,2015,2015.0,1
UK/UTT/53J06/2015/895,Uttarakhand,Uttarkashi,30.533919,78.359011,Rock cum Debris,Slide,2008,2008.0,1
UK/TEH/53J14/2015/291,Uttarakhand,Tehri Garhwal,30.538944,78.778,Debris,Slide,2015,2015.0,1
UK/THE/53J10/2015/104,Uttarakhand,Tehri Garhwal,30.542417,78.657472,Debris,Slide,2013,2013.0,1
UK/TEH/53J14/2015/302,Uttarakhand,Tehri Garhwal,30.548639,78.853639,Debris,Slide,2015,2015.0,1
UK/PIT/53N14/2020/1,Uttarakhand,Pithoragarh,30.55,79.76,Debris,Slide,2019,2019.0,1
UK/TEH/53J14/2015/258,Uttarakhand,Tehri Garhwal,30.552525,78.805258,Rock,Slide,2014,2014.0,1
UK/RUD/53N02/2015/571,Uttarakhand,Rudraprayag,30.556275,79.085442,Rock cum Debris,Slide,2013,2013.0,1
UK/PIT/53N14/2020/2,Uttarakhand,Pithoragarh,30.56,79.76,Debris,Slide,2019,2019.0,1
UK/PIT/53N14/2020/3,Uttarakhand,Pithoragarh,30.56,79.76,Rock,Slide,2019,2019.0,1
UK/RUD/53N02/2013/0055,Uttarakhand,Rudraprayag,30.5625,79.0616,Rock,Fall,16th-17th June 2013,2013.0,1
UK/CHA/53N10/2016/01,Uttarakhand,Chamoli,30.56344,79.56908,Rock,Slide,2014,2014.0,1
UK/CHA/53N10/2013/0010,Uttarakhand,Chamoli,30.564722,79.560444,Debris,Slide,16th-17th June 2013,2013.0,1
UK/RUD/53N02/2013/0056,Uttarakhand,Rudraprayag,30.5658,79.0847,Rock cum Debris,Slide,16th-17th June 2013,2013.0,1
UK/UTT/53J06/2013/0034,Uttarakhand,Uttarkashi,30.5658,78.325,Debris,Flow,16th-17th June 2013,2013.0,1
UK/RUD/53N02/2015/572,Uttarakhand,Rudraprayag,30.565801,79.084429,Debris,Slide,2012,2012.0,1
UK/RUD/53N02/2015/573,Uttarakhand,Rudraprayag,30.566833,79.081778,Debris,Slide,2013,2013.0,1
UK/TEH/53J14/2015/243,Uttarakhand,Tehri Garhwal,30.568,78.814417,Debris,Slide,2013,2013.0,1
UK/TEH/53J14/2015/240,Uttarakhand,Tehri Garhwal,30.571167,78.81775,Debris,Slide,2013,2013.0,1
UK/RUD/53N02/2015/574,Uttarakhand,Rudraprayag,30.572806,79.080972,Debris,Slide,2013,2013.0,1
UK/RUD/53N02/2015/559,Uttarakhand,Rudraprayag,30.57425,79.051139,Debris,Slide,2013,2013.0,1
UK/RUD/53N02/2013/0054,Uttarakhand,Rudraprayag,30.5744,79.2816,Debris,Spread,16th-17th June 2013,2013.0,1
UK/RUD/53N02/2015/558,Uttarakhand,Rudraprayag,30.578854,79.047255,Rock,Slide,2013,2013.0,1
UK/UTT/53J06/2013/0035,Uttarakhand,Uttarkashi,30.5822,78.3263,Debris,Slide,16th-17th June 2013,2013.0,1
UK/TEH/53J14/2015/226,Uttarakhand,Tehri Garhwal,30.58275,78.821,Rock,Slide,2010,2010.0,1
UK/UTT/53J06/2015/896,Uttarakhand,Uttarkashi,30.583056,78.335278,Rock cum Debris,Slide,2010,2010.0,1
UK/RUD/53N02/2015/580,Uttarakhand,Rudraprayag,30.584129,79.140576,Debris,Slide,2013,2013.0,1
UK/RUD/53N02/2015/588,Uttarakhand,Rudraprayag,30.587472,79.142444,Debris,Slide,2013,2013.0,1
UK/THE/53J10/2015/6,Uttarakhand,Tehri Garhwal,30.589639,78.620889,Rock,Slide,2015,2015.0,1
UK/RUD/53N02/2015/557,Uttarakhand,Rudraprayag,30.58972,79.030427,Rock,Slide,2013,2013.0,1
UK/THE/53J10/2015/4,Uttarakhand,Tehri Garhwal,30.590472,78.620278,Rock,Slide,2015,2015.0,1
UK/THE/53J10/2015/3,Uttarakhand,Tehri Garhwal,30.590556,78.619472,Rock,Slide,2015,2015.0,1
UK/THE/53J10/2015/5,Uttarakhand,Tehri Garhwal,30.590556,78.620972,Debris,Slide,2015,2015.0,1
UK/THE/53J10/2015/58,Uttarakhand,Tehri Garhwal,30.591,78.676333,Rock,Slide,2010,2010.0,1
UK/THE/53J10/2015/81,Uttarakhand,Tehri Garhwal,30.591806,78.641806,Rock,Slide,2012,2012.0,1
UK/THE/53J10/2015/83,Uttarakhand,Tehri Garhwal,30.592583,78.646889,Debris,Slide,2013,2013.0,1
UK/THE/53J10/2015/82,Uttarakhand,Tehri Garhwal,30.593417,78.643472,Debris,Slide,2012,2012.0,1
UK/THE/53J10/2015/1,Uttarakhand,Tehri Garhwal,30.593833,78.613528,Debris,Slide,2015,2015.0,1
UK/THE/53J10/2015/2,Uttarakhand,Tehri Garhwal,30.593917,78.613444,Rock,Slide,2015,2015.0,1
UK/TEH/53J14/2015/264,Uttarakhand,Tehri Garhwal,30.59505,78.83175,Debris,Slide,2013,2013.0,1
UK/TEH/53J02/2015/1961,Uttarakhand,Tehri Garhwal,30.596401,78.023705,Rock,Slide,2013,2013.0,1
UK/RUD/53N02/2015/575,Uttarakhand,Rudraprayag,30.597803,79.08081,Rock,Slide,2013,2013.0,1
UK/UTT/53J06/2015/909,Uttarakhand,Uttarkashi,30.600833,78.297222,Debris,Composite,2009,2009.0,1
UK/RUD/53N02/2015/556,Uttarakhand,Rudraprayag,30.601169,79.021998,Debris,Slide,2013,2013.0,1
UK/RUD/53N02/2015/590,Uttarakhand,Rudraprayag,30.602111,79.175389,Debris,Slide,2013,2013.0,1
UK/UTT/53J06/2015/908,Uttarakhand,Uttarkashi,30.602778,78.288611,Debris,Fall,2009,2009.0,1
UK/RUD/53N02/2015/576,Uttarakhand,Rudraprayag,30.603599,79.075406,Debris,Slide,2012,2012.0,1
UK/UTT/53J06/2013/0036,Uttarakhand,Uttarkashi,30.6061,78.3144,Debris,Slide,16th-17th June 2013,2013.0,1
UK/UTT/53J06/2013/0037,Uttarakhand,Uttarkashi,30.6072,78.3202,Debris,Slide,16th-17th June 2013,2013.0,1
UK/UTT/53J06/2015/910,Uttarakhand,Uttarkashi,30.608627,78.312432,Debris,Fall,2007,2007.0,1
UK/TEH/53J14/2015/266,Uttarakhand,Tehri Garhwal,30.610936,78.839278,Debris,Slide,2015,2015.0,1
UK/UTT/53J06/2013/0038,Uttarakhand,Uttarkashi,30.6116,78.315,Rock cum Debris,Slide,16th-17th June 2013,2013.0,1
UK/CHA/53N10/2013/0008,Uttarakhand,Chamoli,30.6135,79.565917,Debris,Fall,16th-17th June 2013,2013.0,1
UK/UTT/53J06/2013/0039,Uttarakhand,Uttarkashi,30.6144,78.3169,,,16th-17th June 2013,2013.0,1
UK/RUD/53N02/2015/593,Uttarakhand,Rudraprayag,30.6145,79.200667,Debris,Slide,2013,2013.0,1
UK/UTT/53J06/2015/906,Uttarakhand,Uttarkashi,30.615,78.316667,Debris,Composite,2009,2009.0,1
UK/RUD/53N02/2015/555,Uttarakhand,Rudraprayag,30.620833,79.019444,Debris,Slide,2013,2013.0,1
UK/RUD/53N02/2015/553,Uttarakhand,Rudraprayag,30.623222,79.003361,Debris,Slide,2013,2013.0,1
UK/RUD/53J14/2015/183,Uttarakhand,Rudraprayag,30.624722,78.994706,Debris,Slide,2012,2012.0,1
UK/UTT/53J06/2015/898,Uttarakhand,Uttarkashi,30.625833,78.328889,Debris,Fall,2010,2010.0,1
UK/CHA/53N10/2013/0007,Uttarakhand,Chamoli,30.626417,79.553417,Debris,Fall,16th-17th June 2013,2013.0,1
UK/RUD/53J14/2015/180,Uttarakhand,Rudraprayag,30.626583,78.996639,Rock,Slide,2013,2013.0,1
UK/UTT/53J06/2013/0040,Uttarakhand,Uttarkashi,30.6286,78.315,,,16th-17th June 2013,2013.0,1
UK/UTT/53J06/2015/905,Uttarakhand,Uttarkashi,30.629445,78.315891,Debris,Composite,2009,2009.0,1
UK/RUD/53J14/2015/188,Uttarakhand,Rudraprayag,30.629806,78.995028,Rock,Slide,2013,2013.0,1
UK/UTT/53J06/2013/0001,Uttarakhand,Uttarkashi,30.6313,78.3286,Rock cum Debris,,16th-17th June 2013,2013.0,1
UK/RUD/53J14/2015/190,Uttarakhand,Rudraprayag,30.633361,78.996361,Rock,Slide,2013,2013.0,1
UK/UTT/53J06/2015/886,Uttarakhand,Uttarkashi,30.635629,78.327409,Rock cum Debris,Fall,2008,2008.0,1
UK/RUD/53J14/2015/207,Uttarakhand,Rudraprayag,30.63625,78.974361,Debris,Slide,2013,2013.0,1
UK/RUD/53N02/2015/527,Uttarakhand,Rudraprayag,30.636711,79.001731,Rock,Slide,2013,2013.0,1
UK/UTT/53J06/2015/885,Uttarakhand,Uttarkashi,30.64,78.327222,Debris,Fall,2013,2013.0,1
UK/RUD/53N02/2015/549,Uttarakhand,Rudraprayag,30.640182,79.012837,Debris,Slide,2013,2013.0,1
UK/UTT/53J06/2015/904,Uttarakhand,Uttarkashi,30.642896,78.307143,Debris,Fall,2008,2008.0,1
UK/RUD/53N02/2015/547,Uttarakhand,Rudraprayag,30.643008,79.02293,Debris,Slide,2013,2013.0,1
UK/THE/53J10/2015/70,Uttarakhand,Tehri Garhwal,30.643111,78.657139,Debris,Slide,2011,2011.0,1
UK/UTT/53J06/2013/0041,Uttarakhand,Uttarkashi,30.6438,78.3068,Debris,Slide,16th-17th June 2013,2013.0,1
UK/UTT/53J06/2015/903,Uttarakhand,Uttarkashi,30.644633,78.306781,Debris,Composite,2008,2008.0,1
UK/RUD/53N02/2015/546,Uttarakhand,Rudraprayag,30.64674,79.019925,Debris,Slide,2013,2013.0,1
UK/THE/53J10/2015/68,Uttarakhand,Tehri Garhwal,30.647639,78.659389,Debris,Slide,2010,2010.0,1
UK/RUD/53N02/2015/528,Uttarakhand,Rudraprayag,30.647939,79.023852,Debris,Slide,2013,2013.0,1
UK/CHA/53N10/2013/0006,Uttarakhand,Chamoli,30.648972,79.523861,Debris,Flow,16th-17th June 2013,2013.0,1
UK/UTT/53J06/2015/884,Uttarakhand,Uttarkashi,30.649722,78.332778,Rock cum Debris,Fall,2013,2013.0,1
UK/UTT/53J06/2015/902,Uttarakhand,Uttarkashi,30.65,78.300833,Debris,Fall,2010,2010.0,1
UK/CHA/53N10/2013/0005,Uttarakhand,Chamoli,30.651389,79.520972,Debris,Fall,16th-17th June 2013,2013.0,1
UK/UTT/53J06/2015/901,Uttarakhand,Uttarkashi,30.651667,78.3025,Debris,Fall,2010,2010.0,1
UK/UTT/53J06/2015/883,Uttarakhand,Uttarkashi,30.654167,78.492778,Debris,Fall,2014,2014.0,1
UK/CHA/53N10/2013/0004,Uttarakhand,Chamoli,30.654917,79.517694,Debris,Slide,16th-17th June 2013,2013.0,1
UK/RUD/53N02/2015/529,Uttarakhand,Rudraprayag,30.656852,79.028875,Rock,Slide,2013,2013.0,1
UK/UTT/53J06/2015/900,Uttarakhand,Uttarkashi,30.6575,78.303611,Debris,Fall,2010,2010.0,1
UK/RUD/53N02/2015/530,Uttarakhand,Rudraprayag,30.658544,79.031924,Rock,Slide,2013,2013.0,1
UK/RUD/53N02/2015/531,Uttarakhand,Rudraprayag,30.660753,79.032915,Debris,Slide,2013,2013.0,1
UK/RUD/53N02/2015/532,Uttarakhand,Rudraprayag,30.660926,79.036781,Rock,Slide,2013,2013.0,1
UK/RUD/53J14/2015/212,Uttarakhand,Rudraprayag,30.661736,78.973528,Debris,Slide,2012,2012.0,1
UK/RUD/53N02/2015/535,Uttarakhand,Rudraprayag,30.684722,79.050813,Debris,Slide,2013,2013.0,1
UK/RUD/53N02/2015/537,Uttarakhand,Rudraprayag,30.693129,79.052537,Rock,Slide,2013,2013.0,1
UK/RUD/53N02/2015/538,Uttarakhand,Rudraprayag,30.694139,79.055583,Debris,Flow,2013,2013.0,1
UK/RUD/53N02/2015/539,Uttarakhand,Rudraprayag,30.694262,79.057077,Debris,Flow,2013,2013.0,1
UK/RUD/53N02/2015/540,Uttarakhand,Rudraprayag,30.695083,79.057333,Debris,Flow,2013,2013.0,1
UK/RUD/53N02/2015/541,Uttarakhand,Rudraprayag,30.698611,79.061833,Rock,Slide,2013,2013.0,1
UK/RUD/53N02/2015/542,Uttarakhand,Rudraprayag,30.705885,79.066733,Debris,Flow,2013,2013.0,1
UK/RUD/53N02/2015/543,Uttarakhand,Rudraprayag,30.713889,79.069444,Debris,Slide,2013,2013.0,1
UK/UTT/53J09/2013/0014,Uttarakhand,Uttarkashi,30.7175,78.3508,Rock cum Debris,Slide,16th-17th June 2013,2013.0,1
UK/UTT/53J09/2013/0015,Uttarakhand,Uttarkashi,30.7175,78.3508,Rock cum Debris,Slide,16th-17th June 2013,2013.0,1
UK/UTT/53J09/2013/0016,Uttarakhand,Uttarkashi,30.7175,78.3508,Debris,Slide,16th-17th June 2013,2013.0,1
UK/UTT/53J09/2013/0017,Uttarakhand,Uttarkashi,30.7175,78.3508,Debris,Slide,16th-17th June 2013,2013.0,1
UK/UTT/53J09/2013/0018,Uttarakhand,Uttarkashi,30.7175,78.3508,Rock cum Debris,Slide,16th-17th June 2013,2013.0,1
UK/UTT/53J06/2013/0002,Uttarakhand,Uttarkashi,30.7175,78.3508,Rock cum Debris,,16th-17th June 2013,2013.0,1
UK/UTT/53J06/2013/0003,Uttarakhand,Uttarkashi,30.7175,78.3508,Rock cum Debris,,16th-17th June 2013,2013.0,1
UK/UTT/53J06/2013/0004,Uttarakhand,Uttarkashi,30.7175,78.3508,Debris,,16th-17th June 2013,2013.0,1
UK/UTT/53J09/2013/0019,Uttarakhand,Uttarkashi,30.7175,78.3508,Debris,Slide,16th-17th June 2013,2013.0,1
UK/UTT/53J09/2013/0020,Uttarakhand,Uttarkashi,30.7175,78.3508,Rock cum Debris,Slide,16th-17th June 2013,2013.0,1
UK/UTT/53J10/2013/0013,Uttarakhand,Uttarkashi,30.7175,78.3508,Rock cum Debris,Fall and Slide,16th-17th June 2013,2013.0,1
UK/UTT/53J05/2013/0008,Uttarakhand,Uttarkashi,30.7175,78.3508,Debris,Slide,16th-17th June 2013,2013.0,1
UK/UTT/53J05/2013/0009,Uttarakhand,Uttarkashi,30.7175,78.3508,Debris,Slide,16th-17th June 2013,2013.0,1
UK/UTT/53J05/2013/0010,Uttarakhand,Uttarkashi,30.7175,78.3508,Debris,Slide,16th-17th June 2013,2013.0,1
UK/UTT/53J06/2013/0011,Uttarakhand,Uttarkashi,30.7175,78.3508,Rock cum Debris,Fall and Slide,16th-17th June 2013,2013.0,1
UK/UTT/53J10/2013/0012,Uttarakhand,Uttarkashi,30.7175,78.3508,Debris,Slide,16th-17th June 2013,2013.0,1
UK/UTT/53J06/2013/0005,Uttarakhand,Uttarkashi,30.7175,78.3508,Rock cum Debris,,16th-17th June 2013,2013.0,1
UK/UTT/53J06/2013/0006,Uttarakhand,Uttarkashi,30.7175,78.3508,Rock cum Debris,Slide,16th-17th June 2013,2013.0,1
UK/UTT/53J05/2013/0007,Uttarakhand,Uttarkashi,30.7175,78.3508,Debris,,16th-17th June 2013,2013.0,1
UK/UTT/53J06/2015/878,Uttarakhand,Uttarkashi,30.728333,78.42,Debris,Fall,2013,2013.0,1
UK/UTT/53J06/2015/880,Uttarakhand,Uttarkashi,30.728333,78.42,Debris,Fall,2013,2013.0,1
UK/UTT/53J06/2015/879,Uttarakhand,Uttarkashi,30.729167,78.405556,Debris,Fall,2013,2013.0,1
UK/RUD/53N02/2015/545,Uttarakhand,Rudraprayag,30.730742,79.071194,Debris,Flow,2013,2013.0,1
UK/RUD/53N02/2015/544,Uttarakhand,Rudraprayag,30.732167,79.07025,Debris,Flow,2013,2013.0,1
UK/UTT/53J06/2015/877,Uttarakhand,Uttarkashi,30.738889,78.456944,Debris,Fall,2010,2010.0,1
UK/UTT/53J06/2015/882,Uttarakhand,Uttarkashi,30.739722,78.355556,Debris,Fall,2010,2010.0,1
UK/UTT/53J06/2015/875,Uttarakhand,Uttarkashi,30.742473,78.493235,Rock cum Debris,Slide,2006,2006.0,1
UK/UTT/53J06/2015/876,Uttarakhand,Uttarkashi,30.7425,78.485278,Debris,Composite,2010,2010.0,1
UK/UTT/53J06/2015/881,Uttarakhand,Uttarkashi,30.7425,78.361944,Debris,Fall,2013,2013.0,1
UK/UTT/53J09/2015/949,Uttarakhand,Uttarkashi,30.755944,78.571294,Debris,Slide,2010,2010.0,1
UK/UTT/53J01/2015/1399,Uttarakhand,Uttarkashi,30.77336,78.127024,Rock,Slide,2010,2010.0,1
UK/UTT/53J09/2015/948,Uttarakhand,Uttarkashi,30.778895,78.606932,Debris,Fall,2006,2006.0,1
UK/UTT/53J01/2015/1396,Uttarakhand,Uttarkashi,30.780336,78.156285,Rock,Slide,2013,2013.0,1
UK/UTT/53J01/2015/1400,Uttarakhand,Uttarkashi,30.781421,78.137544,Rock,Slide,2008,2008.0,1
UK/UTT/53J01/2015/1401,Uttarakhand,Uttarkashi,30.782126,78.135843,Rock,Slide,2013,2013.0,1
UK/UTT/53J09/2015/946,Uttarakhand,Uttarkashi,30.783013,78.612643,Rock cum Debris,Composite,2009,2009.0,1
UK/UTT/53J01/2015/1425,Uttarakhand,Uttarkashi,30.798472,78.145083,Rock,Slide,2012,2012.0,1
UK/UTT/53J09/2015/945,Uttarakhand,Uttarkashi,30.799722,78.615278,Debris,Composite,2010,2010.0,1
UK/UTT/53J09/2015/944,Uttarakhand,Uttarkashi,30.800913,78.620694,Debris,Composite,2010,2010.0,1
UK/UTT/53J01/2015/1419,Uttarakhand,Uttarkashi,30.808008,78.154754,Rock,Slide,2013,2013.0,1
UK/UTT/53J01/2015/1424,Uttarakhand,Uttarkashi,30.808333,78.147417,Rock,Slide,2012,2012.0,1
UK/UTT/53J01/2015/1368,Uttarakhand,Uttarkashi,30.810086,78.218833,Rock,Slide,2011,2011.0,1
UK/UTT/53J01/2015/1367,Uttarakhand,Uttarkashi,30.810357,78.219713,Rock,Slide,2011,2011.0,1
UK/UTT/53J01/2015/1369,Uttarakhand,Uttarkashi,30.811257,78.218495,Rock,Slide,2011,2011.0,1
UK/UTT/53J09/2015/942,Uttarakhand,Uttarkashi,30.8125,78.626111,Debris,Composite,2009,2009.0,1
UK/UTT/53J09/2013/0021,Uttarakhand,Uttarkashi,30.8136,78.6202,Rock cum Debris,Slide,16th-17th June 2013,2013.0,1
UK/UTT/53J01/2015/1418,Uttarakhand,Uttarkashi,30.814127,78.154558,Rock,Slide,2012,2012.0,1
UK/UTT/53J01/2015/1370,Uttarakhand,Uttarkashi,30.8142,78.222081,Rock,Slide,2011,2011.0,1
UK/UTT/53J01/2015/1372,Uttarakhand,Uttarkashi,30.816661,78.225947,Rock,Slide,2011,2011.0,1
UK/UTT/53J01/2015/1371,Uttarakhand,Uttarkashi,30.816946,78.226502,Rock,Slide,2011,2011.0,1
UK/UTT/53J01/2015/1373,Uttarakhand,Uttarkashi,30.818276,78.22799,Rock,Slide,2011,2011.0,1
UK/UTT/53J09/2015/941,Uttarakhand,Uttarkashi,30.818533,78.618877,Debris,Composite,2009,2009.0,1
UK/UTT/53J01/2015/1374,Uttarakhand,Uttarkashi,30.819558,78.238525,Rock,Slide,2011,2011.0,1
UK/UTT/53J01/2015/1375,Uttarakhand,Uttarkashi,30.819894,78.234576,Rock,Slide,2012,2012.0,1
UK/UTT/53J01/2015/1436,Uttarakhand,Uttarkashi,30.820469,78.211327,Rock,Slide,2013,2013.0,1
UK/UTT/53J01/2015/1433,Uttarakhand,Uttarkashi,30.822222,78.209722,Rock,Slide,2013,2013.0,1
UK/UTT/53J01/2015/1434,Uttarakhand,Uttarkashi,30.822973,78.209501,Rock,Slide,2013,2013.0,1
UK/UTT/53J01/2015/1435,Uttarakhand,Uttarkashi,30.823083,78.210361,Rock,Slide,2013,2013.0,1
UK/UTT/53J09/2015/940,Uttarakhand,Uttarkashi,30.824167,78.615512,Rock cum Debris,Composite,2005,2005.0,1
UK/UTT/53J01/2015/1431,Uttarakhand,Uttarkashi,30.825,78.20979,Rock,Slide,2013,2013.0,1
UK/UTT/53J01/2015/1432,Uttarakhand,Uttarkashi,30.825556,78.2125,Rock,Slide,2013,2013.0,1
UK/UTT/53J01/2015/1446,Uttarakhand,Uttarkashi,30.827775,78.247349,Rock,Slide,2008,2008.0,1
UK/UTT/53J09/2015/936,Uttarakhand,Uttarkashi,30.829105,78.619715,Debris,Composite,2013,2013.0,1
UK/UTT/53J09/2013/0022,Uttarakhand,Uttarkashi,30.8294,78.6202,Debris,Slide,16th-17th June 2013,2013.0,1
UK/UTT/53J09/2015/937,Uttarakhand,Uttarkashi,30.829722,78.616667,Debris,Slide,2013,2013.0,1
UK/UTT/53J01/2015/1447,Uttarakhand,Uttarkashi,30.830441,78.248649,Rock,Slide,2013,2013.0,1
UK/UTT/53J01/2015/1445,Uttarakhand,Uttarkashi,30.833972,78.247,Rock,Slide,2013,2013.0,1
UK/UTT/53J01/2015/1444,Uttarakhand,Uttarkashi,30.83575,78.248,Rock,Slide,2013,2013.0,1
UK/UTT/53J01/2015/1443,Uttarakhand,Uttarkashi,30.836361,78.24725,Rock,Slide,2013,2013.0,1
UK/UTT/53J01/2015/1442,Uttarakhand,Uttarkashi,30.837333,78.2475,Rock,Slide,2013,2013.0,1
UK/UTT/53J05/2015/1703,Uttarakhand,Uttarkashi,30.838444,78.250306,Rock,Slide,2013,2013.0,1
UK/UTT/53J01/2015/1441,Uttarakhand,Uttarkashi,30.838722,78.247278,Rock,Slide,2013,2013.0,1
UK/UTT/53J09/2015/939,Uttarakhand,Uttarkashi,30.843056,78.598889,Rock cum Debris,Fall,2013,2013.0,1
UK/UTT/53J09/2015/935,Uttarakhand,Uttarkashi,30.843432,78.627434,Debris,Composite,2012,2012.0,1
UK/UTT/53J01/2015/1439,Uttarakhand,Uttarkashi,30.844216,78.247618,Rock,Slide,2013,2013.0,1
UK/UTT/53J01/2015/1437,Uttarakhand,Uttarkashi,30.844318,78.24888,Rock,Slide,2013,2013.0,1
UK/UTT/53J05/2015/1697,Uttarakhand,Uttarkashi,30.845,78.271944,Rock,Slide,2008,2008.0,1
UK/UTT/53J01/2015/1438,Uttarakhand,Uttarkashi,30.845158,78.248864,Rock,Slide,2013,2013.0,1
UK/UTT/53J05/2015/1694,Uttarakhand,Uttarkashi,30.845694,78.273222,Rock,Slide,2008,2008.0,1
UK/RUD/53N02/2013/0049,Uttarakhand,Rudraprayag,30.848,79.2816,Debris,Slide,16th-17th June 2013,2013.0,1
UK/RUD/53N02/2013/0050,Uttarakhand,Rudraprayag,30.848,79.2816,Debris,Slide,16th-17th June 2013,2013.0,1
UK/RUD/53N02/2013/0051,Uttarakhand,Rudraprayag,30.848,79.2816,Debris,Slide,16th-17th June 2013,2013.0,1
UK/UTT/53J05/2013/0043,Uttarakhand,Uttarkashi,30.848,78.2816,Debris,Slide,16th-17th June 2013,2013.0,1
UK/UTT/53J05/2013/0044,Uttarakhand,Uttarkashi,30.848,78.2816,Debris,Slide,16th-17th June 2013,2013.0,1
UK/UTT/53J05/2013/0045,Uttarakhand,Uttarkashi,30.848,78.2816,Debris,Flow,16th-17th June 2013,2013.0,1
UK/UTT/53J05/2013/0046,Uttarakhand,Uttarkashi,30.848,78.2816,Debris,Flow,16th-17th June 2013,2013.0,1
UK/RUD/53N02/2013/0052,Uttarakhand,Rudraprayag,30.848,79.2816,Rock cum Debris,Slide,16th-17th June 2013,2013.0,1
UK/RUD/53N02/2013/0053,Uttarakhand,Rudraprayag,30.848,79.2816,Debris,Spread,16th-17th June 2013,2013.0,1
UK/UTT/53J05/2013/0047,Uttarakhand,Uttarkashi,30.848,78.2816,Debris,Flow,16th-17th June 2013,2013.0,1
UK/UTT/53I08/2013/0048,Uttarakhand,Uttarkashi,30.848,78.2816,Rock cum Debris,Flow,16th-17th June 2013,2013.0,1
UK/UTT/53J05/2013/0042,Uttarakhand,Uttarkashi,30.848,78.0544,Debris,Slide,16th-17th June 2013,2013.0,1
UK/UTT/53J05/2015/1695,Uttarakhand,Uttarkashi,30.850417,78.275,Rock,Slide,2013,2013.0,1
UK/UTT/53J05/2015/1692,Uttarakhand,Uttarkashi,30.850889,78.283944,Rock,Slide,2012,2012.0,1
UK/UTT/53J09/2013/0023,Uttarakhand,Uttarkashi,30.858,78.6463,Debris,Slide,16th-17th June 2013,2013.0,1
UK/UTT/53J09/2015/943,Uttarakhand,Uttarkashi,30.858056,78.623333,Debris,Fall,2013,2013.0,1
UK/UTT/53J01/2015/1450,Uttarakhand,Uttarkashi,30.860906,78.247715,Rock,Slide,2013,2013.0,1
UK/UTT/53J01/2015/1453,Uttarakhand,Uttarkashi,30.861364,78.238401,Rock,Slide,2013,2013.0,1
UK/UTT/53J09/2015/929,Uttarakhand,Uttarkashi,30.866079,78.652035,Debris,Fall,2013,2013.0,1
UK/UTT/53J09/2015/928,Uttarakhand,Uttarkashi,30.866667,78.654444,Debris,Fall,2013,2013.0,1
UK/UTT/53J09/2013/0024,Uttarakhand,Uttarkashi,30.868,78.6541,Debris,Slide,16th-17th June 2013,2013.0,1
UK/UTT/53J09/2013/0025,Uttarakhand,Uttarkashi,30.885,78.6694,Debris,Slide,16th-17th June 2013,2013.0,1
UK/UTT/53J09/2013/0026,Uttarakhand,Uttarkashi,30.8936,78.6741,Debris,Slide,16th-17th June 2013,2013.0,1
UK/UTT/53J09/2015/927,Uttarakhand,Uttarkashi,30.893611,78.674444,Debris,Flow,2013,2013.0,1
UK/UTT/53J09/2015/926,Uttarakhand,Uttarkashi,30.895833,78.676944,Debris,Composite,2013,2013.0,1
UK/UTT/53J09/2013/0027,Uttarakhand,Uttarkashi,30.9008,78.6786,Rock cum Debris,,16th-17th June 2013,2013.0,1
UK/UTT/53J09/2015/925,Uttarakhand,Uttarkashi,30.905278,78.679444,Debris,Fall,2013,2013.0,1
UK/UTT/53J05/2015/1640,Uttarakhand,Uttarkashi,30.906134,78.334416,Rock,Slide,2010,2010.0,1
UK/UTT/53J05/2015/1643,Uttarakhand,Uttarkashi,30.908194,78.333889,Rock,Slide,2008,2008.0,1
UK/UTT/53J01/2015/1387,Uttarakhand,Uttarkashi,30.910807,78.230601,Rock,Slide,2008,2008.0,1
UK/UTT/53J05/2015/1630,Uttarakhand,Uttarkashi,30.912222,78.354444,Rock,Slide,2014,2014.0,1
UK/UTT/53J05/2015/1641,Uttarakhand,Uttarkashi,30.912522,78.335522,Rock,Slide,2011,2011.0,1
UK/UTT/53J05/2015/1642,Uttarakhand,Uttarkashi,30.912613,78.333726,Rock,Slide,2012,2012.0,1
UK/UTT/53J01/2015/1386,Uttarakhand,Uttarkashi,30.913227,78.228479,Rock,Slide,2008,2008.0,1
UK/UTT/53J01/2015/1384,Uttarakhand,Uttarkashi,30.915929,78.230709,Rock,Slide,2008,2008.0,1
UK/UTT/53J01/2015/1382,Uttarakhand,Uttarkashi,30.916437,78.230416,Rock,Slide,2008,2008.0,1
UK/UTT/53J01/2015/1383,Uttarakhand,Uttarkashi,30.917362,78.228841,Rock,Slide,2008,2008.0,1
UK/UTT/53J01/2015/1385,Uttarakhand,Uttarkashi,30.917628,78.223462,Rock,Slide,2008,2008.0,1
UK/UTT/53J01/2015/1379,Uttarakhand,Uttarkashi,30.923539,78.224257,Rock,Slide,2008,2008.0,1
UK/UTT/53J01/2015/1381,Uttarakhand,Uttarkashi,30.923579,78.223732,Rock,Slide,2008,2008.0,1
UK/UTT/53J09/2015/923,Uttarakhand,Uttarkashi,30.930833,78.684444,Debris,Composite,2013,2013.0,1
UK/UTT/53J09/2013/0028,Uttarakhand,Uttarkashi,30.9311,78.6841,Rock cum Debris,,16th-17th June 2013,2013.0,1
UK/UTT/53J09/2015/924,Uttarakhand,Uttarkashi,30.931111,78.683611,Debris,Composite,2013,2013.0,1
UK/UTT/53I16/2013/0033,Uttarakhand,Uttarkashi,30.9944,78.9416,Rock cum Debris,Flow,16th-17th June 2013,2013.0,1
UK/UTT/53J09/2013/0029,Uttarakhand,Uttarkashi,30.9969,78.6969,Debris,Flow,16th-17th June 2013,2013.0,1
UK/UTT/53I04/2020/1,Uttarakhand,Uttarkashi,31.09,78.12,Rock,Slide,2014,2014.0,1
UK/UTT/53I04/2020/3,Uttarakhand,Uttarkashi,31.1,78.19,Rock,Slide,2014,2014.0,1
UK/UTT/53I04/2020/2,Uttarakhand,Uttarkashi,31.13,78.17,Rock,Slide,2014,2014.0,1
1,Uttarakhand,Almora,29.55386944,79.60821667,Rock,Slide,"2010, September, 2024",2010.0,1
UK/PAU/53J08/2025/01,Uttarakhand,Pauri Garhwal,30.11963889,78.36477778,Rock,Topple,12 August 2025,2025.0,1
UK/CHA/53N12/2025/02,Uttarakhand,Chamoli,30.04883333,79.53783333,Debris Flow,Flow,"23 August 2025, 0:30 hrs",2025.0,1
UK/CHA/53N12/2025/03,Uttarakhand,Chamoli,30.06472222,79.51305556,Debris Flow,Flow,"23 August 2025, 0:45 hrs",2025.0,1
UK/CHA/53N12/2025/04,Uttarakhand,Chamoli,30.07166667,79.50266667,Debris,Slide,"23 August 2025,  0:45 hrs",2025.0,1
UK/CHA/53N12/2025/05,Uttarakhand,Chamoli,30.06938889,79.50522222,Debris,Slide,"23 August 2025,  0:45 hrs",2025.0,1
UK/CHA/53N12/2025/06,Uttarakhand,Chamoli,30.07344444,79.50233333,Debris,Slide,23 August 2025,2025.0,1
UK/DEH/53J03/2025/02,Uttarakhand,Dehradun,30.40553889,78.14105278,Debris,Slide,15th-16th September 2025,2025.0,1
UK/DEH/53J03/2025/03,Uttarakhand,Dehradun,30.40573889,78.13713056,Debris,Slide,"2010, 16 September 2025",2010.0,1
UK/TEH/53J12/2025/01,Uttarakhand,Tehri Garhwal,30.13972222,78.59416667,Debris,Slide,"2010, August 2025",2010.0,1
UK/DEH/53J03/2025/04,Uttarakhand,Dehradun,30.41031944,78.08852778,Rock,Slide,15th-16th September 2025,2025.0,1
UK/DEH/53J03/2025/05,Uttarakhand,Dehradun,30.41808889,78.07481944,Rock,Slide,15th-16th September 2025,2025.0,1
UK/DEH/53J03/2025/06,Uttarakhand,Dehradun,30.42126389,78.07908056,Debris,Slide,15th-16th September 2025,2025.0,1
UK/DEH/53J03/2025/08,Uttarakhand,Dehradun,30.423175,78.07228333,Rock,Fall,15th-16th September 2025,2025.0,1
UK/DEH/53J03/2025/09,Uttarakhand,Dehradun,30.41810833,78.08585,Rock,Fall,15th-16th September 2025,2025.0,1
UK/PTH/62C06/2025/01,Uttarakhand,Pithoragarh,29.74830556,80.35272222,Debris,Slide,"28 November 2025, 4.45am",2025.0,1
UK/CH/TNK/PDLS/2025/01,Uttarakhand,Pithoragarh,29.79944444,80.25019444,Debris,Slide,16 September 2025,2025.0,1
UK/DEH/53J03/2025/10,Uttarakhand,Dehradun,30.50230556,78.01522222,Debris,Subsidence,16 September 2025,2025.0,1
UK/DEH/53J03/2025/11,Uttarakhand,Dehradun,30.49138889,78.04047222,Debris,Subsidence,15th-16th September 2025,2025.0,1
UK/DEH/53J03/2025/12,Uttarakhand,Dehradun,30.46161111,78.05969444,Debris,Slide,16 September 2025,2025.0,1
UK/DEH/53J03/2025/13,Uttarakhand,Dehradun,30.42502778,78.07377778,Debris,Slide,16 September 2025,2025.0,1
UK/UKH/53J05/2025/01,Uttarakhand,Uttarkashi,30.99119,78.45545,Rock,Slide,23 June 2025 16.10hrs,2025.0,1
UK/UKH/53J05/2025/02,Uttarakhand,Uttarkashi,30.8993927,78.3265429,Debris,flow,"29 June 2025,01.45hrs",2025.0,1
UK/UKH/53J05/2025/03,Uttarakhand,Uttarkashi,30.8977678,78.3265819,Debris,flow,"29 June 2025,01.45hrs",2025.0,1
UK/UKH/53J05/2025/04,Uttarakhand,Uttarkashi,30.8956471,78.302375,Debris,flow,"29 June 2025,01.45hrs",2025.0,1
UK/UKH/53J05/2025/05,Uttarakhand,Uttarkashi,30.8984873,78.2980529,Debris,flow,"29 June 2025,01.45hrs",2025.0,1
UK/UKH/53J05/2025/06,Uttarakhand,Uttarkashi,30.900998,78.2975857,Debris,flow,"29 June 2025,01.45hrs",2025.0,1
UK/UKH/53J05/2025/07,Uttarakhand,Uttarkashi,30.8940423,78.3019077,Debris,Slide,"29 June 2025,01.45hrs",2025.0,1
UK/UKH/53J05/2025/08,Uttarakhand,Uttarkashi,30.8941936,78.3213772,Debris,flow,"29 June 2025, 03.00hrs-05.00hrs",2025.0,1
UK/UKH/53J05/2025/08A,Uttarakhand,Uttarkashi,30.8941298,78.3209811,Debris,flow,"29 June 2025, 03.00hrs-05.00hrs",2025.0,1
UK/UKH/53J05/2025/09,Uttarakhand,Uttarkashi,30.844862,78.2755306,Debris,Slide,"June 2025, 14 July 2025, 19 August",2025.0,1
UK/UKH/53J6/2025/10,Uttarakhand,Uttarkashi,30.7425,78.4927,Rock,Slide,29 June 2025 at 01.30hrs-02.30hrs,2025.0,1
UK/UKH/53J9/2025/11,Uttarakhand,Uttarkashi,30.754834,78.561414,Debris,Slide,29 June 2025 at 01.30-02.30hrs,2025.0,1
UK/UKH/53J9/2025/12,Uttarakhand,Uttarkashi,30.7557,78.571,Debris,flow,29 June 2025 at 06.00hrs,2025.0,1
UK/UKH/53J9/2025/13,Uttarakhand,Uttarkashi,30.756171,78.57631,Rock,Slide,04 August 2025 09.28hrs,2025.0,1
UK/UKH/53J9/2025/14,Uttarakhand,Uttarkashi,30.843545,78.627507,Debris,Slide,04 July 2025 at 05.00hrs,2025.0,1
UK/UKH/53J9/2025/16,Uttarakhand,Uttarkashi,30.8683,78.6542,Rock,Slide,29 June 2025 at 01.30-02.30hrs,2025.0,1
UK/UKH/53J9/2025/17,Uttarakhand,Uttarkashi,30.742292,78.364053,Rock,Slide,29 June 2025 at 01.00-02.30hrs,2025.0,1
UK/UKH/53J9/2025/18,Uttarakhand,Uttarkashi,30.6517586,78.3323707,Rock,Slide,"20 August 2025, 10 September 2025 at",2025.0,1
UK/UKH/53J9/2025/19,Uttarakhand,Uttarkashi,30.658561,78.336291,Rock,Slide,04August 2025at 11.20hrs,2025.0,1
UK/CHML/53N7/2025/02,Uttarakhand,Chamoli,30.342593,79.319116,Rock,Slide,"03 September 2025 at 06.00 hrs, 06",2025.0,1
UK/CHML/53N7/2025/04,Uttarakhand,Chamoli,30.336652,79.319623,Rock,Slide,"06 September 2025 at 06.00 hrs, 18",2025.0,1
UK/CHML/53N8/2025/07,Uttarakhand,Chamoli (Tharali),30.117244,79.405555,Debris,Slide,23 August 2025 at 04.30-05.30hrs,2025.0,1
UK/CHML/53N8/2025/08,Uttarakhand,Chamoli (Tharali),30.1170879,79.4067912,Debris,Slide,23 August 2025 at 05.00hrs,2025.0,1
UK/CHML/53N8/2025/11,Uttarakhand,Chamoli (Tharali),30.085511,79.469678,Debris,Slide,23 August 2025 at 05.00hrs,2025.0,1
UK/CHML/53N8/2025/12,Uttarakhand,Chamoli,30.087139,79.473153,Debris,Slide,23 August 2025 at 05.00hrs,2025.0,1
UK/CHML/53N8/2025/13,Uttarakhand,Chamoli,30.087446,79.473568,Debris,Slide,23 August 2025 at 01.30 hrs,2025.0,1
UK/CHML/53N3/2025/14,Uttarakhand,Chamoli,30.287201,79.150027,Debris,Slide,31 August 2025 at 11.00hrs,2025.0,1
UK/TG/53J8/2025/1A,Uttarakhand,Tehri Garhwal,30.12292,78.381461,Rock,Slide,14 July 2025,2025.0,1
UK/TG/53J8/2025/1,Uttarakhand,Tehri Garhwal,30.122412,78.379989,Rock,"Falls, Slide",14 July 2025 at 11.30 hrs,2025.0,1
UK/TG/53J8/2025/2,Uttarakhand,Tehri Garhwal,30.136504,78.389354,Rock,Slide,23 July 2025 at 1600 hrs - 1630 hrs,2025.0,1
UK/TG/53J8/2025/3,Uttarakhand,Tehri Garhwal,30.123441,78.422545,Rock,Slide,24 August 2025 at 1800 hrs,2025.0,1
UK/TG/53J8/2025/4,Uttarakhand,Tehri Garhwal,30.076641,78.497295,Debris,Flows,06 August 2025 at 08.00hrs,2025.0,1
UK/TG/53J12/2025/05,Uttarakhand,Tehri Garhwal,30.058541,78.509662,Rock,Slide,06 August 2025 at 07.00hrs,2025.0,1
UK/TG/53J8/2025/06,Uttarakhand,Tehri Garhwal (NN),30.1358437,78.3319908,Rock,Slide,06 August 2025 at05.30hrs,2025.0,1
UK/TG/53J8/2025/07,Uttarakhand,Tehri Garhwal (NN),30.132183,78.347401,Rock,Slide,06 August 2025 at 07.00hrs,2025.0,1
UK/TG/53J8/2025/09,Uttarakhand,Tehri Garhwal,30.1185406,78.3736998,Rock,Slide,06 August 2025 at 06.45 hrs,2025.0,1
UK/TG/53J8/2025/10,Uttarakhand,Tehri Garhwal,30.082,78.4361,"Rock, Debris",Slide,13 June 2025at 13.00hrs,2025.0,1
UK/TG/53J8/2025/11,Uttarakhand,Tehri Garhwal (NN),30.081207,78.436585,Debris,Slide,13 June at 1300hrs and 25 June 2025,2025.0,1
UK/TG/53J8/2025/12,Uttarakhand,Tehri Garhwal (NN),30.0685229,78.4612096,Rock,Slide,06 August 2025 at 07.20 hrs,2025.0,1
UK/TG/53J8/2025/13,Uttarakhand,Tehri Garhwal,30.067351,78.4802053,Rock,Slide,06 August 2025 at 06.50hrs,2025.0,1
UK/ /5358/2015/14,Uttarakhand,Tehri Garhwal,30.059677,78.485091,Rock,Slide,30 August 2025at 07.00hrs,2025.0,1
UK/TG/53J8/2015/16,Uttarakhand,Tehri Garhwal,30.073814,78.492374,Rock,Slide,15 August 2025 at  0800 hrs,2025.0,1
UK/TG/53J12/17,Uttarakhand,Tehri Garhwal (Devprayag),30.239138,78.682359,Rock,Slide,29 June 2025 at 11:30 hrs,2025.0,1
UK/TG/53J12/2025/18,Uttarakhand,Tehri Garhwal,30.239138,78.682359,Rock,Slide,29 June 2025  at 11:30 hrs,2025.0,1
UK/TG/53J12/2025/21,Uttarakhand,Tehri Garhwal,30.165949,78.617681,Rock,Slide,17 September 2025 at 16.40 hrs,2025.0,1
UK/TG/53J12/2025/22,Uttarakhand,Tehri Garhwal,30.165466,78.617671,Debris,Slide,17 September 2025 at 16.40 hrs,2025.0,1
UK/TG/53J12/2025/24,Uttarakhand,Tehri Garhwal,30.1631,78.617,Rock,Slide,15 July 2025 at 17.00hrs,2025.0,1
UK/TG/53J12/2025/25,Uttarakhand,Tehri Garhwal,30.163511,78.617044,Rock,Slide,15 July 2025 at 17.00hrs,2025.0,1
UK/TG/53J12/2025/28,Uttarakhand,Tehri Garhwal,30.142473,78.595303,Rock,Slide,15 September 2025 at 12.30hrs,2025.0,1
UK/TG/53J12/2025/31,Uttarakhand,Tehri Garhwal,30.129487,78.594203,Rock,Slide,05 August 2025 at 01.30hrs,2025.0,1
UK/TG/53J12/2025/33,Uttarakhand,Tehri Garhwal,30.0864,78.5788,Rock,Slide,9 September 2025 at 15.30 hrs and 11,2025.0,1
UK/TG/53J12/2025/34,Uttarakhand,Tehri Garhwal,30.081064,78.556443,Rock,Slide,06 August 2025 at 08.30hrs,2025.0,1
UK/TG/53J12/2025/35,Uttarakhand,Tehri Garhwal,30.0809,78.5555,Rock,Slide,30 June 2025at 05.10hrs,2025.0,1
UK/TG/53J12/2025/36,Uttarakhand,Tehri Garhwal,30.0808,78.5235,Rock,Slide,"04 August 2025,  16.00hrs",2025.0,1
UK/TG/53J8/2025/37,Uttarakhand,Tehri Garhwal,30.123715,78.390011,Debris,Slide,"06 August 2025, 15.00hrs",2025.0,1
UK/RPG/53N2/2025/05,Uttarakhand,Rudraprayag,30.647206,79.021507,Debris,Slide,03 July 2025 07.40 hrs,2025.0,1
UK/RPG/53N2/2025/08,Uttarakhand,Rudraprayag,30.5784,79.0434,rock,slide+ fall,29 August 2015 08.00hrs,2015.0,1
UK/RPG/53N2/2025/09,Uttarakhand,Rudraprayag,30.655784,79.028259,rock,Slide,27July 2015 09.00hrs,2015.0,1
21,Uttarakhand,Bageshwar,29.97369444,80.05080556,Debris,Slide,13 August 2014 at 21.00hrs,2014.0,1
22,Uttarakhand,Bageshwar,29.97369444,80.05080556,Debris,Slide,12 July 2014 at 21.oohrs,2014.0,1
23,Uttarakhand,Bageshwar,30.0125,80.02977778,Debris,Slide,July 2014,2014.0,1
24,Uttarakhand,Bageshwar,30.0125,80.02977778,Debris,Slide,First week of August 2014.,2014.0,1
25,Uttarakhand,Almora,29.70238889,79.88188889,Debris,Slide,19 July 2014,2014.0,1
26,Uttarakhand,Pithoragarh,29.67694444,80.27161111,Debris,Slide,"Last week of July, 2014.",2014.0,1
27,Uttarakhand,Pithoragarh,29.87286111,80.5575,Rock boulders,Fall,"Last week of July, 2014.",2014.0,1
28,Uttarakhand,Pithoragarh,29.97177778,80.6865,Rock,Slide,July and August  2013,2013.0,1
29,Uttarakhand,Pithoragarh,29.96055556,80.61472222,Debris,Slide,July 2013,2013.0,1
30,Uttarakhand,Pithoragarh,29.75888889,80.34944444,Rock,Slide,July.2013,2013.0,1
UK/PITH/62 C/1/2016/26,Uttarakhand,Pithoragarh,29.86466667,80.16494444,Debris,Slide,"30 June, 2016 during 01.00 to 02.00",2016.0,1
UK/PITH/62 C/1/2016/27,Uttarakhand,Pithoragarh,29.86458333,80.1635,RBM,Slide,"30 June, 2016 midnight.",2016.0,1
UK/PITH/62 C/1/2016/28,Uttarakhand,Pithoragarh,29.84861111,80.15691667,Rock,Slide,"30 June, 2016 midnight",2016.0,1
UK/PITH/62 C/1/2016/29,Uttarakhand,Pithoragarh,29.8425,80.15363889,Soil,Creep,"30 June 2016, midnight",2016.0,1
UK/PITH/62 C/1/2016/30,Uttarakhand,Pithoragarh,29.83383333,80.14730556,Debris,Slide,"30 June, 2016 midnight",2016.0,1
UK/PITH/62 C/1/2016/31,Uttarakhand,Pithoragarh,29.84363889,80.16125,Debris,Slide,"30 June, 2016 midnight",2016.0,1
UK/PITH/62 C/1/2016/32,Uttarakhand,Pithoragarh,29.83780556,80.17333333,Debris,Slide,"30 June, 2016 midnight",2016.0,1
UK/PITH/62 C/1/2016/34,Uttarakhand,Pithoragarh,29.73130556,80.29977778,Debris,Slide,"1 July, 2016 during 04.00 hrs to 05.00",2016.0,1
UK/PITH/62 C/6/2016/35,Uttarakhand,Pithoragarh,29.72366667,80.29602778,Debris,Slide,"1 July, 2016 during 04.00 hrs to 05.00",2016.0,1
UK/PITH/62 C/6/2016/36,Uttarakhand,Pithoragarh,29.7375,80.30286111,Debris,Slide,"1 July, 2016 during 04.00 hrs to 05.00",2016.0,1
UK/PITH/62 C/5/2016/37,Uttarakhand,Pithoragarh,29.75252778,80.26997222,Rock,Slide,"1 July, 2016 during 04.00 hrs to 05.00",2016.0,1
UK_Tehri_Kot_Slide 01,Uttarakhand,Tehri,30.59461111,78.68130556,Debris,Slide,29 August 2018,2018.0,1
UK_Tehri_Kot_Slide 02,Uttarakhand,Tehri,30.59472222,78.68147222,Debris,Flow,29 August 2018,2018.0,1
Slide 1,Uttarakhand,Bageshwar,30.08363889,79.80080556,Rock,Slide,2012-13,2012.0,1
Slide 2,Uttarakhand,Bageshwar,30.08391667,79.79969444,Rock-cum-debris,Slide,2012-13,2012.0,1
Slide 3,Uttarakhand,Bageshwar,30.08327778,79.79875,Rock(Nala),Slide,2012-13,2012.0,1
Kuwari rock slide 4 (2018),Uttarakhand,Bageshwar,30.07883333,79.79447222,Rock,Slide,2018,2018.0,1
UK/Uttarkashi/53J/5/2018/01,Uttarakhand,Uttarkashi,30.90573,78.34671,Rock-cum-debris,Fall and slide,"2003, 2013, 2017 and 2018.",2003.0,1
1,Uttarakhand,Rudraprayag,30.59222222,79.02833333,Rock Boulder,Rock Fall,"19 October, 2019",2019.0,1
UK/RDP/53N02/2023/01,Uttarakhand,Rudraprayag,30.652,79.0244,Rock,Fall/Topple,02 August 2023,2023.0,1
UK/RDP/53N02/2023/03A,Uttarakhand,Rudraprayag,30.62897222,78.99841667,Rock,subsidence,July 2023 reactive,2023.0,1
UK/RDP/53N02/2023/09,Uttarakhand,Rudraprayag,30.5942,79.0202,Debris,Slide/Creep,18 July2023  &   2nd-8th August 2023,2023.0,1
UK/RDP/53N02/2023/10,Uttarakhand,Rudraprayag,30.5942,79.0202,Rock,Fall/Topple,10th-15th August 2023,2023.0,1
UK/RDP/53N02/2023/11A,Uttarakhand,Rudraprayag,30.58447222,79.02352778,Rock,Slide,August 2023 retriggered,2023.0,1
UK/RDP/53N02/2023/13,Uttarakhand,Rudraprayag,30.5747,79.0536,Rock,Topple slide,2nd  to 8th August 2023,2023.0,1
UK/RDP/53N02/2023/14,Uttarakhand,Rudraprayag,30.5746,79.0543,Debris,Subsidence,2nd  to 8th August 2023,2023.0,1
UK/RDP/53N02/2023/15,Uttarakhand,Rudraprayag,30.5745,79.0549,Rock,Slide,2nd  to 8th August 2023,2023.0,1
UK/RDP/53N02/2023/16,Uttarakhand,Rudraprayag,30.4074,79.0567,Rock,Slide,14-15/July/2023,2023.0,1
UK/RDP/53N02/2023/17,Uttarakhand,Rudraprayag,30.5735,79.0567,Debris,Subsidence,July 2023,2023.0,1
UK/RDP/53N02/2023/19,Uttarakhand,Rudraprayag,30.5667,79.0612,Debris,Subsidence,August 2023,2023.0,1
UK/RDP/53N02/2023/22,Uttarakhand,Rudraprayag,30.55875,79.054722,Debris,Slide,July 2023,2023.0,1
UK/RDP/53N02/2023/23,Uttarakhand,Rudraprayag,30.5542,79.0503,Rock,Slide,August 2023,2023.0,1
UK/RDP/53N02/2023/24,Uttarakhand,Rudraprayag,30.5539,79.0648,Debris,Subsidence,"2nd  to 8th August 2023, 23 August",2023.0,1
UK/RDP/53N02/2023/25,Uttarakhand,Rudraprayag,30.5526,79.0704,Debris/ soil,Subsidence,August 2023,2023.0,1
UK/RDP/53N02/2023/27,Uttarakhand,Rudraprayag,30.5298,79.0837,Debris/ soil,Subsidence,July 2023,2023.0,1
UK/RDP/53N02/2023/28,Uttarakhand,Rudraprayag,30.2831,79.9693,Debris/ soil,Subsidence,July-August /2023,2023.0,1
UK/RDP/53N02/2023/29,Uttarakhand,Rudraprayag,30.2853,78.9717,Debris/ soil,Subsidence,2023,2023.0,1
UK/RDP/53N02/2023/30,Uttarakhand,Rudraprayag,30.3185,78.9691,Rock,Slide,August 2023,2023.0,1
UK/RDP/53N02/2023/31,Uttarakhand,Rudraprayag,30.36,78.9788,Rock,Fall /Topple,August 2023,2023.0,1
UK/RDP/53N03/2023/34,Uttarakhand,Rudraprayag,30.28908,79.00253,Debris,Slide  & Flow,"2013, 24 July 2023 at 06:00hrs",2013.0,1
UK/CHAM/53N07/2023/39,Uttarakhand,Chamoli,30.4127,79.3664,Rock,Slide,July 2023,2023.0,1
UK/CHAM/53N07/2023/40,Uttarakhand,Chamoli,30.4169,79.387,Rock,Slide,July 2023,2023.0,1
UK/CHAM/53N07/2023/41,Uttarakhand,Chamoli,30.41642,79.42306,Soil &  Debis,Flow,13 midnight and 14 August 2023,2023.0,1
UK/CHAM/53N07/2023/42,Uttarakhand,Chamoli,30.41808,79.42758,Debris,Flow,13 midnight and 14 August 2023,2023.0,1
UK/CHAM/53N07/2023/43,Uttarakhand,Chamoli,30.4800583,79.4684972,Debris,Slide,August 2023,2023.0,1
UK/CHAM/53N07/2023/44,Uttarakhand,Chamoli,30.43675,79.42864,Rock,Slide,14 August 2023,2023.0,1
UK/CHAM/53N07/2023/45,Uttarakhand,Chamoli,30.4777,78.4671,Rock,Slide & flow,18 August 2023,2023.0,1
UK/CHAM/53N07/2023/46,Uttarakhand,Chamoli,30.4811,79.4684,Rock,Slide,July -Aug/2023,2023.0,1
UK/CHAM/53N07/2023/48,Uttarakhand,Chamoli,30.5363,79.5877,Rock,Subsidence,August 2023,2023.0,1
UK/CHAM/53N07/2023/49,Uttarakhand,Chamoli,30.654472,79.517722,Rock,Slide,2 July & August 2023,2023.0,1
LS1,Uttarakhand,Uttarkashi,30.71027778,78.46675,Debris,Slide,07 March 2023,2023.0,1
LS2,Uttarakhand,Uttarkashi,30.71086111,78.466,Debris,Slide,2021 (as per locals),2021.0,1
UK/RPG/53N2/2025/10,Uttarakhand,Rudraprayag,30.635966,79.001953,rock + Debris,Slide + fall,"23 June 2025, 26 June 2025,  3 July",2025.0,1
UK/RPG/53J15/2025/11,Uttarakhand,Rudraprayag,30.250252,78.924169,Rock,Slide & fall,06 August 2025 (0815 hrs); and 09 July,2025.0,1
UK/CHML/53N3/2025/15,Uttarakhand,Chamoli (Karanprayag),30.2884,79.119438,Rock & Debris,Slide,"06 August 2025, 0700 hrs; 11 August",2025.0,1
UK/TG/53J11/2025/38,Uttarakhand,Tehri Garhwal,30.407259,78.700957,Debris,Slide,"18 August 2025, 0830 hrs",2025.0,1
