Latitude,Longitude,occurrence
17.655560346194378,87.07896163708358,0
31.728060983878024,82.779184230124,0
26.386026341007486,83.09070075502018,0
23.12943596815201,74.09351021317478,0
12.318383307406895,85.10727918992933,0
12.317794196999515,84.82618096061805,0
9.926414389689386,76.36992381591499,0
29.66329767943858,75.28167591431927,0
23.189434291933637,75.75147554872058,0
25.801770021257198,75.21474917370747,0
9.010534484683074,87.32524370979856,0
32.19689373561853,77.48729807878644,0
28.83938924946642,78.79547111993195,0
13.693956650359628,76.94185180059279,0
12.948678030237708,95.61334599936558,0
12.987256840912664,93.15596763130532,0
15.938602307091285,78.29704963426543,0
21.324449378516988,80.60809678014685,0
19.05761983862891,77.80656372281625,0
15.620769782027828,84.51993036129585,0
23.451696761050837,73.27638147788197,0
11.91478144679306,88.79322143173215,0
15.643130193057727,85.26468705183197,0
17.455813827817607,94.20401702692489,0
19.646848930743175,76.72331006675874,0
27.68494604381739,91.95348365635714,0
13.384618176820934,91.66426232450908,0
21.067459809259784,75.83739032670698,0
22.976934338557903,82.2982744550639,0
23.346476956600156,78.87380671153818,0
12.672665791106272,79.0767833240514,0
10.096600622617569,86.05220363568344,0
31.683395055279135,82.60424392596431,0
32.09241211680376,95.37282880061287,0
28.252106091121902,75.81808116473029,0
15.94767647770486,95.99086050195172,0
10.893325489472568,78.30047324824272,0
25.21951189882406,91.20984308645887,0
19.258079527792958,80.87959092164542,0
20.601998001048777,93.23385977669506,0
9.347684569522206,80.16276454214295,0
30.717054663792126,88.49532521865734,0
14.828230277620701,86.29521565700003,0
24.68924789279839,84.04092796952202,0
16.12102137627509,84.61381630077989,0
21.209939460277234,90.24239326495581,0
21.860651003966765,74.8991703298475,0
13.022670370077268,88.71733806388859,0
32.188950442359136,94.13671680834592,0
27.439652052158145,74.18530348030785,0
31.454136479187824,76.15813109793997,0
30.36307580981854,89.87085099310158,0
23.110910203274123,83.2201659240969,0
31.023669965081275,82.41706046425983,0
10.669122292121136,76.07035917557246,0
13.294471010382493,84.87452403069648,0
9.612411053290245,75.82225153991688,0
16.45365857908586,84.15673207149989,0
18.0008471535267,90.98941631693644,0
15.135217245112692,78.95817777062665,0
28.748894970806205,84.25590804831081,0
17.22113504681537,96.42710867444934,0
15.369333328342078,89.15706041758168,0
21.762608121114596,92.84026119063506,0
11.949716720323384,82.68606321423543,0
28.10066807889391,91.0904948208942,0
10.328605804108115,73.77392983154338,0
32.61154270244887,75.73573133149918,0
27.36911410800679,77.64414172435703,0
13.361217490126032,82.37904681614252,0
8.642650402167135,92.94473188226749,0
28.42463946247431,81.0532947946833,0
25.77208910030769,88.39451844264615,0
26.31307726294026,89.69663484324994,0
27.34531477248185,86.76514776960546,0
10.316247437260106,81.31460603318448,0
17.262958815835038,86.54780707298013,0
11.3377683904983,80.95805313080452,0
29.58824944979498,74.80633996658736,0
23.73123555257484,96.44586934341939,0
16.589644154827724,75.8374204295222,0
10.060129605187248,74.53194789436986,0
16.103222251269713,93.72528773259171,0
16.450068032020333,79.99548603779317,0
26.327707513599798,88.2915687666801,0
24.079506334727142,80.64236642002224,0
30.177096333200957,82.12912192825083,0
20.041173592706606,79.04980438275456,0
11.428752487506571,80.97658534627818,0
25.928096264310355,82.58732782004023,0
27.089221446976936,89.96094244396907,0
22.216433978026608,84.98799513612171,0
27.337910216511048,95.27360818485599,0
20.56826074067959,73.80657543359148,0
21.275024838904336,84.78639467404331,0
18.950056365400396,86.71854266282101,0
9.128615734555412,94.71726458339063,0
11.14292238504595,73.97985089123662,0
9.275405646579408,86.46320033326629,0
16.185620637953992,78.56924035346707,0
20.929128227435328,93.67199658302985,0
30.674216654766447,73.26287958454546,0
14.596501044862624,90.2475527494808,0
18.530986381729853,95.02477030448472,0
14.095953241592447,83.26177214162087,0
10.387938294471553,73.87801332706736,0
15.584678690654556,94.71528443230301,0
12.445452954318982,84.00616667801198,0
31.21474941222322,73.49984550015951,0
28.2453414004964,89.23254622166304,0
23.97805584273385,84.28093196359494,0
29.79236515412584,75.7698747706205,0
28.13669588418319,77.91081681179777,0
13.064572332896716,74.34487412818184,0
30.307673494375692,86.4821025623844,0
21.68069377291235,87.61858501289326,0
28.228727573437865,84.85005585913393,0
30.39394656118197,92.26281428086502,0
16.27470716990718,93.30813110496658,0
11.1956904603719,87.4660947926689,0
14.07487522417712,73.1132023143658,0
18.93947514566587,89.3613121228488,0
28.487002275521974,82.76109577668248,0
29.530295049904588,86.27411723783402,0
8.67757710493269,88.26260975787898,0
20.98228986875266,81.1478247405486,0
18.70264048218927,94.64349691059347,0
13.932547751846148,75.9991320953701,0
11.435374366951624,88.79664493908668,0
16.75370400194089,72.91329152813648,0
31.537441070677623,94.82330687564387,0
16.401698909932307,75.48796352785118,0
21.17874020709332,75.06847433724211,0
25.678340237798963,80.73764249534159,0
17.3890814700686,81.70325033246975,0
32.24262116718988,77.91148968884067,0
32.01462794950302,86.73989511563809,0
14.657318529660074,83.35426154281268,0
20.652594736515347,73.62314182945761,0
15.856441473929024,80.41967720603489,0
15.464733249457186,92.10403557214683,0
9.408706228605363,89.22970033451556,0
23.395800864977797,90.06700057206518,0
20.785229901939545,89.43005131233406,0
9.76509701121305,80.21304929145063,0
15.313450017773771,75.18226776098804,0
30.69129912149136,79.2963142526329,0
14.358846881508448,92.61238657336521,0
12.046695959040736,96.15224480767203,0
20.46219114415744,84.56685663439252,0
32.58134280630038,73.04044304289776,0
14.419745311674236,76.14364347339996,0
24.924042601322796,80.47749449215131,0
27.10960493661912,86.58428061784288,0
14.311846563914196,74.59730624030271,0
26.29376225862226,95.26865812692225,0
17.490527455708783,81.5012989176163,0
23.951240057684053,94.53602215924663,0
23.98113215421801,91.39192111828032,0
21.593559602248938,90.79471639849648,0
10.713018835314276,87.25409167238564,0
28.909238453419057,87.73177481338703,0
16.34252271143479,87.99888324302552,0
13.063313310676836,87.77790387867508,0
9.503671634108278,85.99249007738045,0
22.939770094259732,96.29373916369488,0
25.056636175049782,90.24364681919506,0
8.912919775185303,91.30679876146874,0
21.0151586585402,93.58082423803944,0
14.039719572026064,77.94338462265057,0
24.265503181792212,74.80468344044588,0
12.766510404767722,84.30610104926409,0
25.38326803397696,85.04857383628801,0
17.953417053100168,92.55040277069585,0
31.38650746825467,83.37496188264427,0
11.866594857756649,86.40019186772108,0
16.83799574708731,85.35784151213747,0
11.279259670801213,73.719020032833,0
31.09253069073784,87.45634554156138,0
29.935948293689876,92.52329785429481,0
14.807754289917705,76.55922422341884,0
24.62725386192185,86.95916567848687,0
28.467644619696976,86.94199582291145,0
22.068024092120652,76.71836472691493,0
21.44398420735497,75.7488824896735,0
14.414787705380721,96.14227284228181,0
10.781723601175313,82.18304393815693,0
30.421410367585416,78.22388601671388,0
30.499623447323458,76.88834164376098,0
23.97067247447565,88.70355464045845,0
16.788254726855484,87.31898471072567,0
17.03688615427388,88.1309894429263,0
26.238547573432832,74.90472022112412,0
30.418833680335496,94.0824943682099,0
30.174011129883255,82.07703370264682,0
27.555488489813968,80.27010168377797,0
24.188783753036084,83.81725800402552,0
10.562815758731519,82.09607197283916,0
12.455403963229221,93.3692735818658,0
30.454100247675854,94.9330572266091,0
23.319224803737562,80.03402010673513,0
8.732407144334548,93.3778158839063,0
10.986122886864532,91.4157603957531,0
24.713170866308566,94.96988051280566,0
8.631402319591492,78.66024724992484,0
12.435360066268336,86.54556458874373,0
21.910073291025135,79.34577236467923,0
24.431305013433423,72.93625667861681,0
13.985340286758909,86.25653953605882,0
25.902070842162708,80.88515013865813,0
14.302358887444058,80.49185366615954,0
16.455352811048282,88.16322983761555,0
26.74011294542526,93.08137780908828,0
24.37443704763338,87.31303502772097,0
29.249243417379084,93.12157779199778,0
24.56934071143413,79.10894601455888,0
22.388169304359252,85.1776391126697,0
10.795694151836603,83.53573425578183,0
17.48888299349371,73.08673815745087,0
14.985090883634022,86.06591089213036,0
14.466990484970246,88.55886603673164,0
32.27262541559188,86.90161464694384,0
18.10881202834997,90.33862358346707,0
30.295157559086107,86.41177437815703,0
23.92273220748782,74.39866937490781,0
27.92028001305433,75.58179893929635,0
20.784205798977602,87.01018183504738,0
22.598100786987416,79.3561193589589,0
20.53704919949115,74.70566654206971,0
13.276400284025778,83.03734893917253,0
26.152976400370306,86.00664057517025,0
15.36537303772272,80.63618257937104,0
9.10167210442025,89.96136224814363,0
24.27281831565035,88.13619106878592,0
12.833536082707736,80.73313636717859,0
31.47757483176904,90.78127115777104,0
31.80656645312927,88.25343047716332,0
30.852461244550206,87.9856019684484,0
17.548548409075913,85.98533513775126,0
8.885290999808419,73.08066168705516,0
31.18106647072142,89.39172710699088,0
18.965764196383102,81.76218638977156,0
32.11739268086444,95.25085977044712,0
32.04326958361243,92.28382785452706,0
29.341713926210446,86.80114774531592,0
15.699409126246218,78.8133704467388,0
17.913419815102586,77.65954054676277,0
29.295972978582803,80.91327669612741,0
16.248293309310867,84.15548186469057,0
12.647475399345637,79.85813588269914,0
22.107113565787564,85.06878179816066,0
25.50763666946178,96.08658355677753,0
22.4309740625281,75.37893434799453,0
10.881220441672266,94.996937174208,0
23.528738287229977,94.55968208629182,0
32.68889152032891,85.31711948940924,0
11.929195405185732,90.06793902968923,0
21.167481473139564,83.190802703159,0
29.936771836785077,87.80916791141132,0
26.600339365551136,80.9178263395814,0
25.53171741166713,79.97940058375575,0
25.665276432360685,86.57581549789006,0
17.288003778914117,84.6688168627732,0
15.678476557512603,86.60692222044831,0
28.275646159403102,79.63422625450124,0
28.294018878729283,81.54591830297116,0
29.685185838687012,74.80691663828527,0
30.812800570651426,74.05407966538127,0
20.99682452339011,78.84372877154497,0
20.75683137507528,74.57714621041524,0
28.00537032115909,75.28013609301622,0
24.38252217942134,92.16344746781317,0
25.652644155201294,73.73499292772726,0
27.944248931609863,88.49740576573222,0
16.762984781214627,93.55898938713804,0
17.68103055907077,84.35604596361289,0
10.803196532954999,80.08456961497448,0
22.631714525783607,85.133287312824,0
9.385633485099357,81.90303811044386,0
19.879561999542567,86.24420481432927,0
21.761351542165876,75.53626302392452,0
15.506272622531439,96.54554082390534,0
22.938312403659708,82.94100241388136,0
9.252717283956008,81.10006711865472,0
9.419971606265271,89.71795590366065,0
28.599005903515177,81.47310426102486,0
17.30508815440079,92.6478363390901,0
11.611108874439658,83.62463658164845,0
21.26306757872541,89.94052363991536,0
27.31413031653117,75.36771286655134,0
13.778999121382032,92.95364327274858,0
23.721279068577964,90.32524575663733,0
10.592307785394262,77.84998742942115,0
9.770054356354231,76.26842428136467,0
21.485604068904053,80.33969018783156,0
21.712271116565397,96.0474859303659,0
24.076390563606488,78.92406650950441,0
26.241860812794165,83.66883519116666,0
32.34202692499286,73.52421222760837,0
21.117917672242864,82.2665698833787,0
16.3956793838438,86.41130981822653,0
27.92943637088097,95.50119530595975,0
15.122595377908057,85.11179156975912,0
19.229232954339295,92.31055329836727,0
10.42399969181177,85.83534530471118,0
9.126945537492382,73.78049695651865,0
32.01954010570784,80.30911936315283,0
28.92578879074138,86.51200426209547,0
25.506278922955033,95.44094645675877,0
18.496060528584486,93.26340927454584,0
12.740325174701695,78.24611967212961,0
12.328602379619046,78.04980659904894,0
14.619720221664949,77.59896363742794,0
21.922111297377413,94.77206774851214,0
25.961096449450658,93.1095114465383,0
24.632464258786428,91.2576845412142,0
15.344894324051502,82.159615851565,0
31.82944453955826,84.8176394499267,0
26.530200827851218,83.8641662372421,0
22.047342815409664,78.8423235913602,0
23.448469161269077,84.83305116401553,0
18.756106150670753,73.53555235734855,0
14.558369267333635,75.94760051101173,0
17.202068468841897,93.91715026281545,0
27.01744070789084,90.70525887275633,0
8.859325122889363,82.87701999367194,0
11.34274066026993,85.12165550864223,0
9.631348307661456,81.61831877728049,0
9.502539842821312,90.44575743560247,0
29.401580384545625,91.47918526513178,0
25.693944767947123,90.98155718994784,0
20.0890179379308,90.01321593522387,0
10.897283322987052,77.6782758992531,0
20.515023144639407,80.85578449506374,0
20.07187083869791,83.99543446400648,0
12.738067168398521,80.68491699408229,0
19.104187458031532,90.78288225390745,0
18.240873043099526,80.6506466057504,0
23.549324609750627,76.1004866702384,0
24.01932988786281,82.30973137982589,0
9.614284886578474,96.13899904220874,0
17.65733098590674,78.18721465588456,0
23.793804783407452,87.38358358293613,0
20.796397435839182,83.11758814893827,0
29.426719001645743,74.5004308889792,0
24.59573673034385,84.42471499385394,0
12.487294747711134,89.52641066551713,0
10.23135181540156,85.0280820863162,0
9.15529127386095,79.68842292210856,0
22.814783448964796,74.8628935331617,0
31.4719977752666,95.10696374701419,0
22.563181574026927,81.81348144869948,0
17.988455288199138,86.53238468328715,0
24.21947432319144,91.6652649059386,0
19.700164318004077,80.53065917231402,0
21.83394356125364,89.85972331392573,0
31.502150896002007,76.0335099966194,0
17.937963756235114,79.74453123240703,0
30.62009708904423,92.12302565294641,0
13.289788247336958,78.11026397101638,0
10.201861094776547,89.88922145198507,0
10.969183802727581,95.26725581912135,0
8.952828574351448,85.374537144127,0
10.814456525612087,85.66634760029285,0
25.18956184579303,83.78564426886659,0
10.24649230285767,80.56819150797139,0
16.29845112908245,84.13374752320084,0
29.143045266446236,87.160954857872,0
9.076172658337565,96.28368169285167,0
28.40038771424839,95.13550792123489,0
15.391809918389662,93.33537036362557,0
11.393840319265216,93.97764416359519,0
25.5249134696802,83.94790832257013,0
23.86910241097177,88.46173073369965,0
29.939188390227507,94.11897106898127,0
26.461181599063373,82.16474999817699,0
28.132027314327118,95.70684293808063,0
15.396201306758512,82.70840567206386,0
12.841568278863107,87.11988976205541,0
26.84082172034877,89.70831057412751,0
28.213940872163022,95.44089996378788,0
32.69991389105829,78.63324842159139,0
18.58556809681025,90.57315502930234,0
17.593962113342315,85.2089160220866,0
27.470918177051722,79.20322515118262,0
16.83157684601261,91.29871489375212,0
31.240630912927244,85.95663685747208,0
29.473684245834832,88.54575982014308,0
18.985544713806487,80.4970285413714,0
26.847081995923723,84.26752105018655,0
26.936762334817224,87.50727862770609,0
11.026479360248826,82.44949114378402,0
30.551765094462638,77.53229193320672,0
20.848081482775704,95.70393873249013,0
28.693207111325698,84.98636063839722,0
16.324681831889734,90.28244866049478,0
30.38007196267445,82.59558415955263,0
18.013654851832115,81.2643669470774,0
8.77247721884679,82.50314139697278,0
30.62086240318513,82.55152684428917,0
10.737367323880317,85.76517150451008,0
16.30670663236666,85.7482621888566,0
31.712128222145125,84.64558393085647,0
31.725443716781243,76.01843818372105,0
22.513447154366276,84.61991120874231,0
23.939794503180174,76.83547323900574,0
19.460628770186815,75.81250169803583,0
15.66916922641407,95.01364011828613,0
16.535093565572797,87.21196237851646,0
24.933394777514287,88.51043486191207,0
26.88380260130895,82.37527914725892,0
27.84133517432175,94.45023529063259,0
27.793442054147768,87.9971513374609,0
10.73539938780122,91.12165781095801,0
20.583518641289032,81.58412100824641,0
9.91359538044377,95.66516525485868,0
21.929492672156798,92.34278805308921,0
19.291736039527848,93.14004028342671,0
30.189099287209466,76.90904773864945,0
17.078539836455505,79.26050805440356,0
11.367027336209372,79.6096095410207,0
12.000212371946809,79.2592228052023,0
27.106943116683674,93.17479234684863,0
23.60715988492887,73.56860332003964,0
10.977602152036916,74.62126494665769,0
10.56200588496289,79.33078032634685,0
25.62827517323386,77.5680138198318,0
10.28494448118452,78.32954181084254,0
28.58091986943615,91.80668408735389,0
25.757065466457192,86.21624337813775,0
10.494643764155107,72.94688611515798,0
10.579857609491132,83.03068331582811,0
32.60550121866521,82.52029789412602,0
17.648982388599155,75.52227365190217,0
17.56035613269357,88.90687409906903,0
28.359626061656513,89.52481221081052,0
31.643413884125856,89.97230228229444,0
32.58990611147094,90.15271044586584,0
26.908315929898812,72.81075768722778,0
17.697556666965262,95.52015078253356,0
10.547202733621,92.19392992131962,0
27.488844326882955,94.33121599807176,0
22.14626498903964,73.18193072525784,0
18.868992758513247,95.04252071384019,0
30.644612550277905,92.08869425656249,0
11.22366960785208,92.74175381762637,0
20.53967259701273,75.03045713637137,0
8.785079858844886,90.398098291305,0
19.95436364317157,95.6628989728251,0
9.882931382500866,88.96414475480772,0
11.409791381620211,86.39324904726719,0
11.378243596023973,95.32275822264802,0
24.364115523845122,83.35480968374571,0
26.729206980734183,87.07729544571431,0
22.755999277603173,84.15001442664288,0
32.00791753115466,95.01841365581737,0
17.663631530532257,74.6209015885679,0
15.486021043834544,84.74000249014263,0
29.72247669562767,89.16425076924769,0
13.968891406450187,91.6629653757297,0
32.03356255111309,86.68982722256929,0
8.80463935983761,94.44873188754289,0
32.196135968721606,95.23614035006267,0
9.561917358474666,74.34079212683365,0
30.273091869465894,82.38901307053378,0
21.396370294525678,73.36800511684051,0
32.75998857836646,80.65214965960695,0
10.310188150810541,85.59109210429652,0
22.035136459763038,94.4934233591524,0
32.18206061288993,92.96400287741633,0
21.28393997420535,75.84497396769137,0
23.88023467666099,75.02433832241508,0
25.500770884362097,86.83859412824371,0
19.60950654299107,85.47799973172724,0
23.835280815644126,79.15133631009716,0
22.779093349844246,94.2234002066015,0
30.51769609601218,94.88795199287372,0
9.617762150871295,82.3947483144567,0
15.370033807447175,94.00554728596597,0
31.720664839497964,81.95043625045562,0
30.251615084252265,90.35140671898363,0
19.63675615028488,84.14058477328878,0
23.65392054923229,75.72792178934449,0
15.28254673946153,94.90146980344862,0
13.102456479738393,83.62049092518845,0
19.833165773471443,90.29593976501329,0
17.138066481438972,81.55106035009773,0
22.763017445827543,73.25901010407064,0
10.4063717792312,75.20289561532404,0
32.306434462285665,84.62333953965748,0
32.59502735993931,89.23595752551373,0
25.559706701131738,80.77877488724823,0
21.601416382435282,89.36747363467916,0
16.06769246961019,89.44239953616328,0
28.383939030775927,89.56858786152972,0
25.23167863701039,84.53530761874552,0
12.47954041495667,94.59082584738623,0
30.756298779631834,84.45613904916192,0
28.597459428670668,83.52927414455797,0
31.7057278110046,77.55629673095112,0
26.232779336450697,80.13405694670257,0
23.48985446630136,73.81738647418308,0
18.72296209182029,87.89251187447276,0
31.28877454604887,78.7265619453356,0
29.660555927848584,80.05073401066106,0
9.612200547279544,91.16081317928244,0
9.151766004731787,80.59988049014112,0
17.702533830467882,78.57562471632237,0
28.304763895112792,76.83437448347303,0
32.62104836035613,91.25708863304332,0
12.181565964933752,75.89750638128658,0
23.01884956679531,83.61232886037473,0
17.810671011405496,84.87833505522985,0
32.197004758813634,89.17466595034855,0
29.075723143405305,87.88651682950443,0
28.983150702035843,92.1108864580701,0
19.955157859196845,73.87492826597136,0
18.63934556616529,79.8670688789232,0
15.185482897487041,79.47884625822742,0
9.8846953102427,76.28582522309618,0
29.62779075646771,79.6941662225555,0
28.36210368187504,80.18429657186685,0
32.92492111142288,85.2343634853862,0
32.84967464863956,88.61077048588783,0
22.07366345618263,81.88262288691085,0
27.289556365112134,89.93842423133727,0
31.5827727207392,80.81282016964768,0
29.2595987257697,79.72048380156984,0
14.549017601926955,85.69393746554671,0
19.511885383355438,73.37413175408857,0
11.662372550254698,74.70909472084995,0
31.80955718292026,82.76038932314952,0
23.31301071260141,95.2580735298744,0
14.092158723233862,89.98702878586047,0
24.91342149059411,74.90759004743273,0
23.604966047962705,92.95837688970308,0
17.255558075386404,90.24388973340068,0
11.28131302315583,87.3547254905058,0
24.91030769889401,92.3387805153655,0
21.21579340717304,82.43042198101152,0
27.370912265303467,78.08292835340276,0
21.212271465881916,84.99959412065071,0
29.321491917638646,85.87615437622519,0
21.987571972465492,85.62580738363665,0
22.208148708251635,86.26260165468298,0
29.919199491522235,95.39597259491376,0
18.362459127054024,94.28988409853191,0
11.780971122047333,93.65829973411388,0
9.210767199303085,91.88938299490121,0
26.95127953373015,95.27034391505866,0
23.658242469627375,75.15442989576431,0
25.704249482820067,79.12147242028911,0
13.709222916017762,84.5956384868012,0
11.838520193216226,92.96353078658916,0
8.86301747671457,84.83632865856264,0
17.070542093513225,90.61847918347534,0
22.91595039585451,76.11781434659557,0
18.087961725593086,78.81888981106393,0
19.192682412662794,90.23139842006744,0
30.59098491813203,76.73143621605618,0
17.013582993615998,81.17447317192475,0
21.061477159212764,79.11535375748558,0
27.647749487051684,81.13889875892356,0
18.192954249724096,89.6730593799931,0
23.70164762245828,81.56709165602165,0
29.570182570035122,86.02903705301983,0
31.69890643017677,75.1886471500295,0
12.09990638554233,91.9751116850451,0
31.138789988087808,81.6156937339566,0
20.527245372311697,88.24960021267651,0
14.815148926124255,90.07935076558839,0
19.72172746514299,77.8010422387495,0
32.44413151663218,93.87156779252402,0
20.539501377223544,87.48037595274033,0
16.537220042486872,83.01645527002532,0
23.97798495944275,77.15047952672334,0
14.373103879469667,95.24350861626118,0
10.360666859360906,90.78592973282244,0
11.655541311724544,77.76208430193874,0
11.635174522237227,80.84961343429417,0
12.217855260421436,92.08597373754084,0
11.89849823323596,89.3719781457552,0
24.160527549700095,91.04105504784522,0
12.950024214667577,83.31347906914381,0
16.95036909485588,89.86714475334328,0
30.410972802352248,82.01102274088997,0
20.083835429877023,77.83918203496033,0
24.812234020095318,87.8720787156223,0
12.716525197838028,96.04613697633914,0
13.204252431199333,80.20419164067887,0
9.505954664081871,83.78412115082256,0
12.633854513193437,88.85591570200603,0
15.312079213604967,85.70151369782474,0
12.831088912970692,92.88956749762437,0
10.674252114609306,90.94483421538723,0
11.45419318075021,74.1974217574218,0
19.761856448746254,96.57960322667469,0
13.547280717267967,90.72246437339243,0
17.404719172553722,93.3770423443022,0
20.803260890504887,88.31301325827525,0
25.370007992011644,93.19567088014762,0
9.467939223679448,75.48507902838048,0
28.032608496154587,81.08833459026715,0
23.843641393833995,93.67505813484324,0
10.504663757941014,77.61044475672668,0
29.844096096469322,74.67226362794263,0
30.999201120724734,91.57279140534439,0
9.9995484533799,92.70049539284734,0
15.270248385205958,76.68187358847752,0
28.19846923346922,93.14950431083622,0
26.7833016131327,89.15985477956077,0
13.014526512187977,85.19146729638862,0
13.620933968714146,92.57583921217945,0
17.55620296473293,82.79085616051864,0
20.341786126809343,77.42804797164021,0
23.608056447767964,79.59118422041574,0
17.518138998742565,84.83628834668157,0
19.804743793053476,85.45925879941724,0
26.764037097680045,91.9885185858567,0
9.40372996593942,91.64978032537044,0
14.673307690395001,86.65049477029378,0
30.37234442132057,77.37518304528365,0
21.005007632799717,74.00142074103375,0
21.504138340948543,93.60870322280192,0
11.125351349304369,74.60827796561095,0
19.43539494873228,78.68258166193186,0
21.51644271220718,89.36343800378296,0
14.429886957109012,82.55750957017031,0
15.083785084343422,93.67251133841775,0
17.72258098924589,79.90371057758297,0
8.997997710676406,73.09212934138664,0
16.37425199500488,79.96741628722162,0
13.672192299578038,86.57213156772723,0
16.506585993915998,81.75972430070523,0
11.43285293875503,85.54358475855015,0
30.258050741481142,93.67927626780728,0
23.005703039824265,94.5336613007498,0
25.094199303671694,79.14172807932506,0
27.782526848997428,83.81199712406308,0
20.68174954140313,85.88335048022374,0
10.630722477454777,95.40567514873375,0
21.626088947286185,96.58427156329672,0
22.840808159687988,78.41400280417193,0
26.714420543622545,90.11721141324105,0
19.050647449388343,81.80954634001861,0
11.623804249009158,73.00253743792592,0
15.438731696842325,73.02978118587201,0
17.375714047632666,83.77451273257984,0
24.283685679902753,84.43562622498416,0
22.448489385230545,73.34683233941459,0
17.205098203589387,89.1636549910634,0
32.60246458506441,79.80904153461817,0
23.30324561328488,86.1392613945064,0
14.301814334919966,79.9736880090096,0
10.993717047208957,76.78858195677086,0
12.241215526501037,82.50336614470305,0
14.515059069248583,78.33939226418916,0
12.432266074040092,85.5418758701887,0
13.064498209975913,77.54314801221612,0
15.470953424808695,84.91347188610251,0
12.742261395836021,76.55631889465839,0
30.410411408994783,88.78385788127763,0
10.467410106678894,90.75901467049924,0
21.318464461719337,75.4377317068098,0
18.531325972440793,83.94679480703724,0
32.50143132795692,74.49679147896403,0
11.244220479096857,87.05084222690587,0
18.22501853616921,79.10435555977664,0
32.186161351739266,85.37101950483434,0
29.646957511995133,85.12905129850829,0
28.463977857042195,94.81624172433467,0
14.806806620847933,85.88190314711716,0
12.681543042637973,86.68934707560494,0
24.838745859867615,82.37193310572937,0
31.206893097421656,95.40489297789951,0
22.106176428993294,91.3125012043063,0
22.468868431875535,79.60434067589006,0
15.345998210350334,92.90818011318893,0
27.301903156571598,83.10385850041496,0
13.076141747750707,92.53815046643331,0
16.41333218661332,92.40056403463052,0
18.898654028394446,77.30606285669214,0
20.905673518282477,89.50205070222947,0
14.428402678490272,79.7290377139294,0
11.31255704817032,79.89211326445775,0
23.421585529271475,79.86486314646903,0
15.5573017936835,90.0836039117505,0
22.703962796507906,78.28112715692374,0
12.277938927063317,72.83106584472999,0
20.259162453389802,89.83763728428994,0
21.51576289587329,76.88501331395608,0
9.773518067367124,75.29698447794638,0
16.729013907095755,78.464210169106,0
11.790727267373065,81.85405386629702,0
10.055650729536987,84.13973031352045,0
32.68660499765421,73.8706097125737,0
16.380960775085818,95.91660902545908,0
28.288182783398426,89.85730719626628,0
14.727131198904289,80.50400411708154,0
25.152826841307515,80.39694550530098,0
27.075612647957044,83.48826196717397,0
23.05568163395609,87.71894260444722,0
20.02557306500028,76.29430459369951,0
18.56659641302104,77.30748243787372,0
17.028550032781986,93.2706521233805,0
31.21063376400091,78.91033778892464,0
28.794858535859994,81.86106465134365,0
32.07763258370954,93.55247013314658,0
11.543618192984576,88.59751794652385,0
26.358513477019073,80.94487049268432,0
31.425841603022498,89.08680683775259,0
12.934221416312752,73.27811189000393,0
10.131885405576833,90.32345240032598,0
26.608937397395913,84.40422691763807,0
22.538731531181455,92.16948847608279,0
29.068636597062834,95.53721728129787,0
11.921583931718299,94.85038679191634,0
27.931417577852912,94.45700028242128,0
13.432331461774579,85.00308353818764,0
12.504917077127278,81.38365180936445,0
12.519812200824978,83.88091685023718,0
28.40298246653571,89.23433017912346,0
24.75458064146052,93.85544503243838,0
21.283148161500947,77.73736573607292,0
17.271867620207246,94.6695580767771,0
29.932557930164272,92.2170582568672,0
18.092872479542752,96.1138005639987,0
28.452434287554127,93.76626134024069,0
19.23322598826593,79.4741611647327,0
17.71428332071503,75.33206549094658,0
19.80828697702178,75.48170064724343,0
15.8686428528674,79.74285448948284,0
26.76741841147949,87.43179570366947,0
20.786240247816195,91.95850898442039,0
14.179349845930787,94.21857254102193,0
30.47902216420681,87.65962721151354,0
17.883952035892847,72.94356854819871,0
21.783534099037198,77.24527205715252,0
30.647487891474626,75.1837505462178,0
23.754190951486645,81.45941648375957,0
11.36290026670832,84.74550903762419,0
31.46227413044374,73.84268657447302,0
23.83894376168672,81.10595561957047,0
16.68752568318479,77.07535414778054,0
11.90936448838162,88.21474592653972,0
27.901079927691782,83.8627526444394,0
23.652458969011487,84.60186898973194,0
21.537052339370106,82.99185350504635,0
30.34024501526278,95.57012090115393,0
27.7685067820021,77.92184729100539,0
12.212291127860315,85.1100825324424,0
16.12128983813083,90.33237334065772,0
14.576886359903549,86.0666791661396,0
26.6779510181982,94.92734125067102,0
9.326775482685926,81.80805344091745,0
22.42678570093115,83.84854984434803,0
27.130098424808004,74.91701183871454,0
29.921935816796143,87.30836204619989,0
16.862795858938547,79.67116119910229,0
28.566198167329212,76.62608791698442,0
11.20985182152325,85.77353221676972,0
29.181561505633994,85.48257773436725,0
11.62156601878291,74.61582851405335,0
18.211138147745935,89.43239707000582,0
27.980950845211616,87.6600749456364,0
12.169367042873366,77.30956487227095,0
14.10702294231349,83.98565967335621,0
26.14810265993907,89.95872469541744,0
26.093978212414193,85.41414198572714,0
24.167192578769466,82.22518132416482,0
25.456801642650802,80.4836340850691,0
21.763300791475913,87.34156795496297,0
14.657727951813023,95.16750876567373,0
16.951070313403797,88.80219292118737,0
12.94312765754173,74.58902730254327,0
30.695809639795748,83.77734503632085,0
22.75656175512843,94.01796476752425,0
18.298188503959427,75.05843215012028,0
19.791825613968726,96.35234640309986,0
31.64426291812572,95.40464991239816,0
12.2532385998059,74.67303457212786,0
22.82587808668586,95.03191497513366,0
20.86362265578941,81.4548481377943,0
23.441959891191125,92.92007398990033,0
8.950101829961017,82.77024080544288,0
29.80856607708352,83.30524185813655,0
31.27387097639373,87.90936289463512,0
22.31061272968305,91.24801831012263,0
25.522804661856576,73.61394163113911,0
31.038938558925345,86.93117406315139,0
25.781401753388437,77.25518123624204,0
12.23339748282271,81.04575887693659,0
22.583067193785133,81.09383013353688,0
23.326209754525717,83.97674317127975,0
18.866761917022536,80.76451611166026,0
26.494720489196823,75.36552022612678,0
31.328794100690878,76.27658386190501,0
31.1138991509695,73.60558119446308,0
19.519096241133013,84.00504444629053,0
11.273508410529839,95.53269484027454,0
32.56157752726523,75.56345986529503,0
28.9970573035445,95.33787170742454,0
11.552544146414473,90.26914360067211,0
30.998455750002307,87.98687387562764,0
29.75416038589774,88.17207276263923,0
21.179898770714857,92.49197556744767,0
22.949112107255253,75.35501498599683,0
18.25303546875862,84.8265344616081,0
9.845278384221867,89.40562972145928,0
16.694648392036818,86.78033924197342,0
28.11670167490069,92.63604596141057,0
8.62091070898475,74.53012244391246,0
16.653174665797476,89.2534962310739,0
18.23266556944858,85.52346665640293,0
21.633148987243793,81.83644430976666,0
30.974367146081953,80.91066129178331,0
16.96694595959384,87.59009086297182,0
16.981776419793782,94.02204167096451,0
26.520537003005757,84.62230263407825,0
19.552766475560425,92.44425342616245,0
13.993534880954623,82.3839144704628,0
19.558178237860993,75.24727562789649,0
11.94807531269721,74.27380950682897,0
12.815860579312766,74.03165279881901,0
20.679931753270825,81.8599967331842,0
18.739629378546212,80.83835182819696,0
30.852009664778272,89.9019220979288,0
17.358900605796727,90.494364035067,0
22.68809031854244,74.02021552526334,0
23.950225417806625,78.07393409465017,0
8.827597514076096,79.33904110740953,0
24.714040433126314,85.84687635875692,0
12.856135339477648,76.25007365105726,0
31.98099659846315,75.9983310296972,0
12.138722211429712,95.2789332997074,0
18.63457363142369,91.9557135140443,0
10.592361593624462,77.11047590596694,0
32.85547327621274,82.48894033459348,0
20.77340835221132,81.27603831550435,0
23.049484686563368,91.64147978408624,0
10.146056477582334,84.95649094950701,0
26.82484153000091,75.853306904922,0
13.634520322815872,90.40319395208428,0
30.441890693059364,82.25848595030561,0
13.518116511882441,79.06911898110938,0
13.16514226338355,81.74925478849647,0
9.400468500897524,84.65993396181827,0
20.037559322195392,80.97828784904607,0
22.303479681212767,78.56871764307506,0
10.112648350351165,82.29691276613623,0
27.449294499811877,73.26596271553124,0
19.578922028565067,91.20088924552874,0
21.31550621622853,76.87930303314008,0
19.27298437551471,73.85476743088799,0
18.296030496326527,88.37255583408933,0
22.176455093163526,91.23513143483405,0
12.299371769752032,92.18489167793162,0
12.951197694377308,84.55881363293693,0
29.556063332884115,77.69884207696191,0
31.61573863343677,90.36118799938393,0
17.625499176687946,89.46805202983654,0
15.120456366554668,78.67263729360077,0
18.490717200650302,75.29434331888399,0
9.127815332338637,96.205036974836,0
12.321655076492775,93.29001320693007,0
25.99471140401493,89.18677770298572,0
24.601361837802372,95.15896632770088,0
9.169571568707111,90.00606037898865,0
13.92923466671386,77.34384114362226,0
14.15155776752944,83.33621626778701,0
24.918112351747737,74.51182183735003,0
8.989188936319085,82.08634311603454,0
11.050530032270096,90.46535479696735,0
28.0449594019098,82.0098235015221,0
12.868559730337125,80.67304133835094,0
24.450474179866177,86.98354448125153,0
14.325163454813392,93.57467504300169,0
10.936538422152903,73.94234589734816,0
14.447024996439293,81.98666061349654,0
26.148453473704876,76.57684652650781,0
29.407341626810343,89.36427844160661,0
28.785100076786364,75.32655756013072,0
18.208603886488234,88.6370370258733,0
24.825115210453696,79.62280545588663,0
13.514322357978717,77.54524983724359,0
15.667629499917718,95.10189142740433,0
30.39991869286593,73.25052738054893,0
8.8253374826106,83.23196557819257,0
10.596241664204417,73.32438873216272,0
13.585199934648058,84.32273337542296,0
9.155801573414497,84.7382806458424,0
12.939164082741485,80.4675404036,0
22.748007631340926,75.95596662916473,0
18.80066752015854,81.77041781824569,0
30.3104263909591,88.81452767240314,0
28.473051162442218,91.4365368695066,0
16.85633821594591,85.44544580897015,0
14.84394597003006,86.85209441415942,0
17.78140005978275,77.58571237266068,0
22.925164502687092,79.65017150108058,0
15.054974729478921,76.66386049648743,0
23.752015061145517,78.74464641135128,0
18.50726402506745,78.16353474870759,0
21.99099969279325,85.1763756772788,0
19.159749212613857,86.20581946435139,0
15.699821098042719,95.30651526121792,0
31.6728382459331,77.46558533929246,0
11.929907623096344,92.26655532568155,0
29.71927342698725,86.14755509489314,0
20.41281643501056,78.88054790761333,0
28.043473701659977,73.7440245190679,0
18.893209076162776,80.08142145795603,0
9.056569255298701,90.53679356257197,0
15.06996421537141,73.94078803308214,0
21.736673003872095,78.03041410433742,0
23.979874537636583,89.62326439297011,0
14.806436801537329,91.44262578570257,0
11.91141614205404,83.64957955804726,0
28.900146390338342,89.42903744745473,0
32.55085492833589,82.04574496616338,0
21.34725534100015,76.61666496442847,0
12.700879516396949,82.28851971545036,0
15.158622673033385,86.61719407337216,0
8.95695259516279,95.38045863783623,0
30.838647407368477,74.44630135453208,0
11.383735001943183,84.88938129409172,0
22.58863869185224,80.64032011450968,0
15.201313307779703,84.91122724071431,0
22.043042963509095,73.38030001875178,0
24.41809475553235,80.26191060687529,0
28.77342389986024,92.32866669719719,0
13.549419123791552,85.9975730776737,0
8.776340544363421,83.53682830839335,0
11.851077922167864,79.60719239462657,0
30.489868112219,79.90520398943454,0
29.85170304771617,81.93026016948022,0
23.174825021218545,95.83661219159714,0
24.75065945608595,83.2528713360215,0
12.791052890706478,82.1743224455267,0
30.84141072758117,92.96391843997878,0
18.735845493820193,82.97312953305972,0
17.865568229932613,85.95177752038146,0
21.181844100375688,78.30768755885089,0
9.65487658868788,90.51057788604213,0
12.569089428676353,85.47491296501211,0
26.533539587357623,92.07074377141147,0
10.530055867227777,91.39694280937626,0
23.23918844549914,77.92826687149467,0
14.500194142506654,89.84712934065853,0
18.01594913142263,91.85694732763977,0
15.558844990674375,81.04951389530262,0
17.194742180803864,76.91892425115235,0
26.06978299372517,72.87216554407061,0
15.764690272077171,83.5444743927092,0
22.341666837478858,81.20010921832996,0
20.134851432179865,86.02062130166685,0
24.717308206981286,77.28632403961511,0
31.38894378047391,93.27615086252366,0
26.400147230826157,78.94605626955719,0
13.757490118445084,78.2002658447492,0
9.26939609658865,84.25419123542203,0
14.91332515972952,84.68599052948632,0
23.041984391086608,77.93018245049457,0
9.763804057175538,79.28187590506532,0
20.631046416125777,76.84978972518394,0
23.08509082185907,89.91437720286267,0
16.67136371452471,91.14354092849749,0
27.33656747546287,83.81647354567639,0
11.111337856693691,89.81026246910785,0
10.342946086693413,90.33042167127519,0
26.293088340576013,76.10152089753969,0
20.609677067669388,95.81196690007295,0
19.128017732831083,77.6777788542772,0
14.525910788198571,77.24165945988136,0
28.513564681561277,75.80120159900358,0
28.032742341350392,76.10397391964361,0
25.475071468061046,90.6215041811175,0
15.154661355557067,83.9908829566846,0
22.923594631830472,91.4493540749972,0
17.32421841772381,90.57610518567243,0
10.744582100408488,87.20393205319112,0
30.912280239605785,89.15030339577716,0
11.84944153234117,73.24650739574405,0
31.716411875397753,80.23220556406345,0
19.40104024576835,87.99457271893246,0
13.029471813044804,73.03198175566492,0
21.743187694078657,73.59460485234264,0
29.828640852260868,93.09098500138032,0
26.391666940803482,89.09455185945771,0
28.207258665087636,79.12734034151188,0
24.59792842369535,89.18830602906579,0
14.60567910303866,73.66746671191363,0
20.461512238083408,95.01681623903693,0
13.910605961171079,81.0274345843925,0
32.63061962043198,75.34458481093567,0
31.56551981928051,84.51947591849792,0
9.470739965499185,91.10494305415503,0
25.740773298115094,78.08641055574732,0
31.106078683912656,79.22543557165957,0
12.91815721223859,78.58798316405476,0
22.379294273459486,96.4189446231702,0
30.867699582222805,77.5092268974993,0
9.336875893670543,86.51130691426222,0
25.54159757647855,94.83791375653009,0
15.770241654553296,76.30676797390582,0
31.085266422277257,95.92329577803287,0
32.22494213074128,95.36674427854837,0
31.570579244891647,93.86911565056712,0
20.090004365505656,77.91759514730308,0
29.562341042952305,87.90488621644212,0
29.1350851685458,90.92456831190458,0
16.30150029810858,96.28454724584284,0
28.75324159481753,77.10497442472843,0
9.411653901376427,91.04680714772655,0
23.071096569801867,80.87557322526203,0
14.125522736356597,76.99076044803867,0
11.45250828054573,82.84151158956767,0
10.387285972372112,91.7088993073015,0
25.51396198753465,83.87650002314692,0
16.808897258036097,85.60668333747311,0
26.209509654549528,96.50194673862731,0
10.104043795003067,82.31137047998033,0
16.20844140345219,87.46077039388362,0
21.684334187103513,81.50512072635627,0
27.82043115529163,82.16081890424344,0
16.293001457772164,89.3710994093947,0
23.794573181317038,95.13842238190439,0
30.146932783680157,85.72181376204654,0
23.549644323594094,91.10332730443457,0
14.19758921992564,74.93330209828105,0
9.103743632315108,77.83668509618771,0
29.759106542879763,84.76409444620354,0
9.027262913097973,73.28593291251954,0
29.871525478352574,78.82939294933558,0
21.426559015479597,85.12762951375295,0
31.44360378222688,73.16569157011455,0
28.017290639483733,79.10773597312087,0
32.88135930577829,85.04738640052746,0
17.073576942618473,86.45485961967061,0
27.24561443602498,94.84950932523586,0
18.324554176660563,88.17368854120726,0
20.228278707092908,82.68340141853531,0
23.833995699281736,94.95901241631915,0
29.846501621981147,91.49575075477175,0
32.54307070623134,77.57125039108675,0
27.272117569359906,75.92455437786069,0
18.711330042696424,88.8990139221559,0
18.799017717490443,86.1390248422755,0
26.522516656314693,91.60980459835764,0
14.339680241757243,90.39874160270784,0
11.206002011155139,87.69434238250422,0
17.169083291457163,96.29298096366745,0
15.5233142396911,85.51303888165228,0
15.744818992252121,75.50228678800843,0
14.213422745254734,92.52878026633395,0
9.535863691422145,78.80554677618431,0
8.944331673113956,91.31526857934448,0
32.63194784213765,95.59600903836946,0
18.955725560351784,89.39859158985371,0
17.89458689213951,86.99960130254297,0
25.107509514455963,83.7702313507569,0
13.838419397094171,81.4852571225601,0
31.709666691799285,81.21372767966467,0
27.713499040047154,87.96006410199516,0
10.691555777998087,90.6955774733876,0
18.70678701561969,88.96342404999339,0
29.979397539403266,77.53318618208498,0
31.58194944523271,84.57019364883038,0
19.92361058518326,91.65662143011198,0
23.489761490700747,84.13491522526081,0
12.58742155855554,85.58526069072592,0
32.71611885326029,91.16846798267599,0
14.166136593333913,88.55269941931435,0
31.533095306914014,82.55505697944253,0
24.374772876825524,94.12720825017149,0
23.351164979303114,76.67984637494881,0
21.02970201873193,96.51044699793938,0
14.141666401396158,75.63910534406293,0
12.819305480041532,73.16542427755867,0
13.892941696531668,93.99879409269043,0
13.06135332417887,78.64127719158908,0
27.548379328925975,90.18196252336702,0
17.059250869231988,92.11790263161647,0
9.920529769160696,93.25998171191141,0
32.17717811375788,96.41706816847942,0
31.167235640940675,89.71875330916818,0
32.80744513340204,75.5569040519939,0
12.755002291466045,82.49468949774355,0
18.18560839235741,92.99774720316123,0
27.027023851678585,81.56258878658097,0
25.507412490463125,86.88211558022392,0
12.266537567599318,84.80318197842853,0
28.433717793037793,88.18811380774092,0
13.989523205655512,95.97186802528152,0
13.97430807945491,74.13643413693217,0
21.62286206954967,86.47419788060837,0
22.98976589756104,93.3562216374692,0
22.675825972164358,84.27011037266591,0
10.742256054398768,74.67905089946932,0
29.93891604029597,86.15464713513923,0
14.994803710940204,80.71541224982735,0
11.671055445753215,76.49830599337213,0
30.214595470608145,93.0230504915538,0
31.848647147806936,85.22757950944359,0
29.564416262566326,95.02865551023298,0
28.279429913067034,91.99889107647344,0
24.51143347333486,89.3075576449074,0
21.961939721412143,72.9291456262153,0
10.632345987854286,82.99498823037189,0
18.483855070924495,77.51119217282427,0
17.61033675137371,94.49349431889901,0
14.852014459241026,76.96594138613953,0
26.176618831385795,79.61992903128825,0
20.619066129078575,85.11418954682496,0
10.487253911385562,79.07957939838438,0
13.885541038906613,77.80589317861136,0
25.195716465238363,87.07267101125555,0
10.367201056171428,74.92670650959955,0
29.297688584898495,74.19433996762257,0
20.60125592310551,81.67180059174848,0
20.245643148908997,89.96685592694229,0
22.97676864093309,86.01816731089109,0
28.649817802168798,82.87721186955184,0
17.002683543585235,86.27873785807394,0
25.06767072898719,81.51005565666489,0
22.32523736548825,95.09698174860375,0
15.029686796601155,74.11665862228753,0
29.967470763359955,88.84139558138381,0
27.984141988191865,94.02888138659299,0
24.58983107202983,91.9481379413092,0
29.282419043393233,77.19109190430821,0
25.808862735684322,89.88075503987774,0
28.951023899259738,74.81578734910232,0
25.11956251051722,89.92501367599802,0
23.61676622322966,90.17974892693377,0
26.89215831210828,75.19601546850603,0
12.381555224937454,89.89772054521592,0
30.022199485946885,88.99439918161822,0
29.801718035838768,92.59184507551446,0
9.222114771828508,73.79980363180759,0
28.67755825012751,73.35971163057397,0
11.6553006265692,81.68993740170781,0
16.692733855471374,76.35180533751264,0
26.667252403130497,86.1033445428038,0
12.43418391766906,94.64945826891321,0
28.485836227868802,82.12972806107584,0
28.831855341068554,92.9258166474892,0
20.902189553151928,72.81523466585027,0
8.663746777753603,76.82144439193678,0
15.518408464428681,73.53381420078718,0
23.575624910973062,80.6219263480768,0
32.47230715461129,94.43139635556767,0
23.9392160160842,75.11770610348638,0
14.853230710515518,87.24671597768561,0
23.99275780950545,83.5585753548146,0
21.696401795414687,95.15226027485943,0
27.554752087792963,75.72639776458894,0
11.120677259650936,77.85739333612341,0
27.095152919658524,73.51282603069217,0
21.727693848363916,83.14049590329635,0
32.02793194115288,79.42405954463642,0
16.85767700352553,93.51995080322125,0
23.958959581392158,87.21174334896006,0
31.271668490503508,87.42958192159674,0
11.011479560495532,85.473064979034,0
31.398682814888687,74.99624435514828,0
25.308725482015944,83.4043668663413,0
10.164632954843794,96.60540970997155,0
15.858523797370175,92.69438003538176,0
10.152751694721038,92.40861796076929,0
22.726731831876997,75.26268469427987,0
16.955639158316828,78.22451752381599,0
23.673042616755936,72.88381930778148,0
9.624983202681262,80.03537496495936,0
29.794226655793935,75.39519136677056,0
32.28431022800718,84.06561739900305,0
32.1716882040044,88.930341338446,0
26.81730332752553,93.62945096762508,0
11.685009359385461,90.64663000916292,0
27.027627619408236,95.15505490275996,0
9.108289798365828,74.09269378922531,0
9.048124478061967,73.09947374584804,0
16.41164650651557,88.55443279939726,0
20.44241817827573,79.69831248332407,0
27.32423856419239,78.84477360613126,0
25.1966107012695,80.68715720881667,0
19.398522943603357,79.23272090952347,0
15.190846278406593,84.98561941594224,0
32.86158535065636,83.28841778549351,0
18.91684660624236,85.00924009832451,0
19.532472137364223,88.82525712138282,0
12.504132536118494,82.02618314712731,0
27.92023715395353,78.79255551009746,0
25.450299507178748,76.7663508581762,0
13.89986355991361,81.1296715008557,0
10.519855843796377,90.47019860265354,0
25.128319268780807,90.82489592141172,0
24.493585207551106,88.6869767055078,0
15.181879254350175,78.38117024897173,0
31.731706414297975,86.81047503457242,0
12.197221790265383,86.3963025490265,0
19.067139899051266,84.33875952207492,0
31.55468972380107,85.90322921434125,0
18.759214219458958,84.51789892640818,0
24.103160437546023,86.27170987201887,0
18.218638950818658,89.84404396077389,0
15.205220706065791,75.41949406761682,0
32.540486124186494,90.65635752318079,0
18.505367599184638,76.04463533753122,0
30.34529152547539,74.3957587314747,0
14.1241981866285,96.04770258485797,0
13.71265553186754,95.59326336581911,0
9.26819804432629,74.24835452661601,0
24.424113742936754,83.36234052606903,0
17.508679670022854,77.24356175511016,0
29.61889731881682,84.36444085405812,0
20.065475060061686,92.57410244638885,0
32.15497172342902,95.44137044342855,0
13.039060369804723,87.90959055505162,0
29.723063843805747,81.23517641422211,0
27.4754095635858,87.17328803594124,0
27.33680294513406,80.2375303754251,0
29.140796231294296,94.47029919560103,0
27.095057383589534,93.5317244014802,0
23.80260735146553,86.09970845881558,0
11.713307967754055,80.54221188971185,0
9.302198665681697,79.79443044548012,0
30.998601444236613,73.6051052583597,0
23.56886912772217,92.2323099167464,0
27.962435596899176,83.53208391723666,0
20.268498533811858,80.55016396814568,0
11.37291774352519,84.02554928757647,0
11.565320629689676,92.30176026796731,0
25.252051086090056,75.77627642669627,0
19.017585816953435,93.22830789470507,0
13.405401679220205,94.1771121185208,0
20.514502219573977,95.34842856167315,0
10.076019562082672,82.27277090232027,0
22.72187002519139,77.97911142580364,0
15.077683311897776,81.70502477740143,0
27.987392315573103,80.73536798432741,0
16.08807048644632,77.00331774115521,0
19.62609252453708,87.26711662910849,0
8.791598516081729,84.15682025989967,0
10.277223589015458,93.41984085794226,0
18.094055799402696,73.5739549381469,0
20.229822658365762,88.1385080201749,0
23.162703070060473,90.9735503854509,0
15.631356100987942,90.89112079839876,0
29.515440689882233,90.1661093488243,0
27.55488870956892,94.89851432658924,0
9.47542972236825,80.72928520498984,0
20.243698261028868,84.78975379910155,0
11.070596735335503,73.14470425874345,0
14.419494827307135,72.9751440816647,0
32.60606333219927,78.52636014045744,0
11.988094650129202,75.20948649925623,0
20.692641551900813,79.00453158229035,0
23.605637559067986,77.02449187271078,0
25.664809604889605,73.48849591015083,0
22.176659087098983,94.45793123334983,0
8.746421555204812,73.005273762936,0
16.481281616810048,90.33391550691258,0
21.152387197937443,76.4317897259349,0
10.653832772910931,94.52758004938366,0
17.07150372659646,94.06490896301472,0
9.318732013084555,88.3773757834039,0
10.426982253144711,88.81384224586637,0
18.202247446970873,72.93661263688034,0
11.749232708865915,96.25701693584713,0
22.369417624744898,93.70866649782587,0
28.061338497727895,88.50458957230067,0
13.396255305245187,81.01808031345932,0
12.598379065646977,94.08521000646495,0
11.061746975965779,79.74984465517586,0
24.051975025611533,86.20636198331273,0
25.762768463132417,75.18386407296173,0
9.2792392226577,94.75913383595517,0
31.37386210558344,76.16091941977514,0
9.777126641633101,78.16377343281975,0
21.728420625322634,86.09738501512751,0
29.780361558750414,87.55482389282656,0
25.948664844144083,78.33607223443315,0
28.08921570372157,72.8319516641513,0
16.79852262920444,90.83550629927961,0
28.409098087431964,96.26501060102028,0
10.464506106140416,92.0916604951801,0
30.36281461018242,83.76595650102107,0
21.882195370576042,94.3261107915389,0
28.46949033846871,82.567026348823,0
19.555217272223025,85.30696794810235,0
24.226544514629403,84.16885759192853,0
21.36465694669453,83.46639039702029,0
26.376148769919034,91.26500152621082,0
10.501511837746525,85.3506508459108,0
9.981819633200619,80.34980305886852,0
14.543036942945877,78.95564962658108,0
12.404503436677292,73.7081764206924,0
29.80025354231846,86.69402962361137,0
13.861868904237767,78.28435008982905,0
32.34234874483591,76.33622649385022,0
16.736133845977783,88.37568109152056,0
12.955833015280591,89.0275188353455,0
27.79540487608918,90.71657050685391,0
24.596082181063075,84.79850263919131,0
20.675729443879824,94.09487488376651,0
22.071998844009222,95.10165800665145,0
26.07359004405454,92.03113704958824,0
14.087565436620487,87.94151258567149,0
32.8422760940024,80.0403943096034,0
32.31616388752461,96.21114798100851,0
24.39135771143188,79.33604888629384,0
13.381410537800019,77.63429317510236,0
25.121698897567995,83.33616807325569,0
10.271154732819866,74.16274268694362,0
9.256435899206867,96.10519288162195,0
14.80143483359518,86.81874369675975,0
19.8068989850308,86.06924274319226,0
29.71449924819207,88.42249453500575,0
26.26818347960024,84.64248492894892,0
26.647670794249514,73.57285827529654,0
18.900043654387037,87.38721734821262,0
16.956907635273183,89.85994564867684,0
17.570043095204902,82.73133244312866,0
32.63016913709811,90.83895821824362,0
9.487406442080903,78.21387656424632,0
29.68418878940264,78.07758448436047,0
22.641368556350187,76.65246560359958,0
19.22053795954482,81.66583592268483,0
26.221499143693023,92.97489996481232,0
20.39419904484491,92.52017372290565,0
29.8403009421831,81.92366006769063,0
30.506555156752057,86.83505623940931,0
18.80790622590552,89.97047140957667,0
15.26903082459982,78.55207611624384,0
22.975365331751487,76.81255084924551,0
30.79137563443264,95.9528600566408,0
13.65299945058125,87.5121130701275,0
23.72313792707229,96.1747412665421,0
23.933029237973436,80.8506898372881,0
26.4133588089514,89.54706077315713,0
11.721192229270578,78.10917837164646,0
25.991114618346714,79.02807270563622,0
30.710023437025193,84.99670701352962,0
12.89636519939261,80.41886925047726,0
14.309545353741163,76.80018222923184,0
32.2331693407213,79.06808225994425,0
12.92796609135534,73.66058669344102,0
29.375312559530165,89.58019920881334,0
20.53119140227151,84.5256608157365,0
14.546159321648844,75.05320970960835,0
29.775007260578505,76.89713736326524,0
19.383930768139315,75.25061049767902,0
21.081696960365832,87.3939196756615,0
17.281707705774274,75.05243113167353,0
22.990032524856094,90.76721995737918,0
12.50169138748475,73.29781760879489,0
18.059568574305626,78.74656145411191,0
32.18474204789157,94.01421611296499,0
14.812438942312182,89.91607087714581,0
24.547939690763343,74.54670745011157,0
16.45023270372373,92.35861574649076,0
27.399115531975305,84.54752733274151,0
11.704241350269436,92.96944780809706,0
32.19472470797819,87.11172632078488,0
19.59115130679557,89.04236945839837,0
14.273083644845453,96.4624771644173,0
10.302865398907448,78.34087265333979,0
12.653951638396286,87.66420282079095,0
21.202757019190766,83.76868895485562,0
28.752457381236617,73.15401254700134,0
19.03179154033649,75.64805701982846,0
14.582385011461195,88.26287494030218,0
23.58095101781346,86.31234297648479,0
25.77013207628511,85.98537942902206,0
12.587616018083377,73.56793592667643,0
12.601716220460965,83.98252025341017,0
9.403442349508934,94.82263341412138,0
26.493689292629128,82.27524397106839,0
24.72056545195605,87.68746043475792,0
20.10018086328942,91.37518128544636,0
29.125829689694932,91.47295002897351,0
28.185496970916915,85.17235922484107,0
22.804495631679547,93.23535395103575,0
29.714469331306248,82.12730831959514,0
13.53525167381762,93.96723256269989,0
11.241307112101788,78.52875390712356,0
15.096152942908432,79.48080535054535,0
9.902069580674151,74.07417935353632,0
21.481083092222853,91.75046573402933,0
31.38347164715426,82.73862177710502,0
9.468706158702398,78.26423731785228,0
11.49019526177127,78.32789107450947,0
19.552304553331048,94.2697503668038,0
31.31677754104848,92.66312790963022,0
16.229586933708735,85.98779172400936,0
20.89650058217535,87.47767494194936,0
9.523155117069237,84.10209614273445,0
12.130918076729639,82.13417563623038,0
32.60527027613373,94.60488979021285,0
8.628432285371083,82.77175145105915,0
31.754865853738934,81.01272309118386,0
24.117668075973775,84.66931792101606,0
29.705847987757473,83.70465780329042,0
19.614361818791593,85.16306111379413,0
21.100715340118036,76.14064763493734,0
20.44738577989228,85.02621379416263,0
24.795296413946893,78.58093197119442,0
11.918625646482209,77.19800361399267,0
9.239854118129006,74.35305298225381,0
16.02867080107409,90.96649569657299,0
25.718928199084957,82.9859047447575,0
13.437854520323885,87.7284385527445,0
24.955717793159977,90.1318167634629,0
32.1969473206228,88.98246057961883,0
10.801212713581435,84.01103526486423,0
24.9354381450544,82.04446792873881,0
19.345950516115828,81.76023698115293,0
29.711317991977168,88.04758334218373,0
12.834491307845312,84.58941061620608,0
28.9779382442837,93.63413368523521,0
31.57907222466541,76.87014860586201,0
25.195454264147564,76.05290854356866,0
20.650793661889953,87.817889822778,0
23.598102886827228,79.98098922988484,0
29.729946941463965,73.25162591543666,0
22.44437251738568,93.96602919296572,0
9.249952721103142,78.21148312730274,0
31.245304938848484,94.93352567833372,0
25.348806031194314,89.88995700182969,0
25.0309670949961,90.96651786523074,0
13.775436262319989,77.60583283877986,0
24.600422204063555,78.38512828481313,0
18.127537474433733,85.21968109003967,0
24.413517414440626,76.9067999409336,0
11.111210294194848,80.0811230555729,0
24.575017158502483,80.46277902161316,0
32.917497485551536,76.6099199656025,0
9.685310701489763,77.69442929079364,0
32.37431806274716,91.58309780346154,0
18.446113767826233,76.79004707434646,0
29.775093943073145,73.48700476322864,0
27.61679131748594,87.79298737407754,0
22.356605084857186,96.04540355172843,0
26.543690042585318,80.69493582226474,0
29.96467604142088,75.63441819842838,0
18.37851684411107,86.3891046222793,0
16.4952485843929,94.3877000879597,0
24.813104664841212,91.47619979500467,0
28.238638525375876,87.63016481525074,0
27.12585960935023,80.31026740371978,0
27.99360941117709,85.71041518250652,0
19.146481724997862,74.9818288958709,0
28.48259252150787,88.97362218819266,0
11.443768616855913,90.07236123814941,0
21.806400783989208,95.78467371843624,0
8.648427746693523,79.00895959382146,0
16.435474861218246,73.24890470308638,0
17.458248698766575,85.79917718245763,0
18.18391513986244,89.63654922362299,0
25.493895949910076,91.62727615950465,0
17.9979360909687,77.42197645838546,0
19.466688389915078,79.04123116264405,0
14.309565038306115,85.01310584557696,0
17.624094192401785,80.68034159751471,0
14.058620164791698,93.29629071411304,0
10.29551807260684,84.0886348745638,0
23.24642978010388,91.84562048940082,0
24.828233231696636,86.63271526543812,0
23.638234166630504,91.21499043367629,0
19.828174449099855,80.72967533468812,0
17.783680581413627,92.60360919576405,0
21.185851593059624,85.81085113031186,0
20.21133470919176,77.90451500823852,0
9.13406080683507,84.1306880136547,0
16.842428137994737,80.38451675366825,0
17.79369049539035,79.1590925985473,0
18.248641023102834,95.83117954385592,0
22.67793038127388,76.62049468045538,0
21.54050723566776,91.55390946717606,0
23.35527549407703,96.24019426423894,0
27.18931635794067,73.28330835542381,0
28.364173120560388,89.45172797501584,0
26.04724378357526,78.83074586402437,0
31.845525700104652,73.77342157038272,0
8.953091304341429,82.40137020002999,0
13.289467093069636,95.07487570702703,0
8.692493950922518,73.08959971951023,0
24.32172545635922,86.80570030889974,0
30.44131085439581,84.74659192948911,0
14.454599027039944,93.60275943625494,0
31.14970557053084,74.80938677877555,0
9.979751070972217,89.0350604464721,0
31.33047965333904,89.00134086629295,0
17.095824110390147,88.73874962665201,0
10.984884235987101,95.24430753171993,0
20.374728635027743,92.40531273346181,0
14.77929881955556,73.80877365486026,0
15.465524773553122,84.02489447388933,0
16.01303998626257,82.28384299659392,0
28.12091358167644,80.19338889409127,0
21.676273870882987,83.55478483808395,0
16.11116928245496,81.95627605452034,0
23.414593925193273,83.1023714648023,0
25.99906976077385,96.12346292523222,0
15.166357136285939,74.91964638661585,0
18.60831724759894,94.76568665755082,0
11.484728656996836,84.24282680093702,0
12.93217671808038,87.65936202075697,0
25.143426804068156,92.5742387125144,0
12.939235220338897,81.39129205444644,0
21.334388790752325,83.0568513569668,0
25.82555131512764,82.55918902774673,0
11.11814410259664,81.73098001791438,0
22.363833590179873,94.84421517567955,0
14.774077350404955,92.54440588125695,0
32.026341237184916,75.40453796866088,0
20.3179155741976,75.38366725753544,0
28.193371203440364,82.99608477007041,0
21.94653234288492,75.15830424146793,0
9.568087381208748,87.54867649335527,0
23.971891681472098,76.23046524128911,0
31.744890020822638,85.24600073280976,0
23.201568359583078,72.98139026008094,0
28.515678380673123,80.34692771814028,0
30.103670853085454,88.93184682007424,0
14.078407169925509,84.33334903687314,0
13.686769369692488,96.09983665912324,0
23.43040129833146,93.61989220456756,0
18.546753241029883,81.35814579551784,0
29.020582938653362,73.89242947854406,0
30.489977569767206,92.94190880898533,0
17.139755434894326,94.50388397733549,0
14.293113692177265,92.34674258802846,0
27.57136336723776,75.85569252893607,0
15.219651238977072,96.56755416639606,0
28.59934192587378,78.96579298561976,0
18.857177493075653,90.05114606061869,0
24.812042554449484,94.42771284498919,0
10.841136199448522,78.42066575498009,0
23.744942270540704,94.43303810959964,0
19.541769255334223,80.17754149818184,0
22.83512578874705,96.05564331042066,0
12.611363507069958,79.50565137461201,0
26.50521084142442,95.50860455072886,0
29.580767186278806,74.08427444961103,0
13.801439258745173,89.69562817951129,0
10.845514005306292,85.47783691993989,0
9.085127739699843,84.18664931024406,0
24.18731475186425,78.13038335056562,0
23.335466213758757,89.60810582830388,0
21.860336748917398,77.35223322141132,0
14.17286284493079,85.97138609784861,0
18.055281160331152,78.83868709719975,0
23.027290998986974,95.56063756720678,0
20.640830970750784,73.49114258716914,0
32.63348974339448,77.56456897712148,0
11.840187792570882,78.57835580058438,0
25.486015469298337,82.66749843485418,0
18.382875227185995,78.35026945206725,0
18.966141953422323,84.50738682290125,0
26.034413577940896,93.58088871342707,0
25.419865336452375,89.7620851972489,0
32.718252722051524,86.61705504436596,0
11.643685090634728,74.92846007042647,0
11.050556102479021,89.33184897897827,0
26.199057279734433,76.77143969244672,0
22.634322427186618,91.53109095108645,0
15.203888721849676,78.76277378901459,0
10.447519739334007,82.73846683875823,0
10.599898400547731,81.15338593102251,0
30.34753050115755,93.25587544826544,0
13.193952958440024,75.82223124426662,0
16.405817537887785,86.27619800990351,0
14.04364273279503,76.1916587585215,0
17.178221501346385,89.58906077992589,0
10.203388619850584,94.35731949231139,0
21.18531440518571,83.15650429489887,0
10.159149867754092,84.42984922378785,0
28.05571629683952,94.88929538990229,0
14.215970926226625,85.21310147363342,0
21.697049884561306,84.41809245756815,0
30.002863667259376,86.57817999516223,0
24.404832031036534,89.21846790211089,0
21.52475958820742,75.35414626022576,0
16.42931812807617,92.35824490020642,0
16.641029601717406,83.17786868704869,0
24.859353282821154,74.53195089560127,0
32.788676201834896,91.52669327164361,0
24.672563966202695,81.78380807141554,0
22.13110175533024,75.19901820929957,0
26.35321431633858,87.89831490194345,0
19.86997786391856,93.76339442182856,0
9.976696901385967,93.94486034854026,0
22.24133717501994,95.60925513257484,0
31.896854980129163,93.46756259743277,0
12.789383843108261,72.86047034409208,0
25.360484135893067,81.8621638152084,0
13.415390181914535,92.29710799419044,0
21.594854086027098,81.5291380283798,0
10.869007344649788,87.13098035985107,0
19.50765516301402,87.24450592483917,0
26.97634038577342,81.49990928071205,0
16.996878348603744,94.34293487379543,0
24.747607671012197,84.79020444616562,0
27.93587860237833,83.87493829185618,0
31.15320491693243,96.55799802745726,0
14.238685280846903,84.55860368272799,0
18.260685369273006,77.05675027845756,0
12.230392603509351,85.02449776801164,0
32.748233436053184,92.18935809407049,0
31.148885487710423,91.30474983609294,0
21.695711830114618,91.58381020335528,0
29.07363174327721,89.66591076204924,0
21.23167578233734,78.8618392668927,0
23.738258957837957,93.33373066961761,0
10.68455657644338,94.08032505620385,0
26.9545319565212,77.43182721375847,0
28.683685745323018,96.03640065462932,0
27.60806225428766,93.48228774615922,0
25.81818590483192,94.07538928956878,0
9.390960532258704,93.91207418845836,0
15.911396687582231,85.70581198367955,0
14.934049582065505,88.19883216200098,0
17.30376354255926,85.79332972111358,0
10.64836783610501,74.0286048875551,0
31.392072101869694,90.55820635012235,0
22.033865342691726,84.8402883967303,0
15.96991557813666,88.2299568627926,0
18.203669924297564,84.776192658518,0
19.43027014261235,84.51839150034311,0
23.17671722298259,76.89940186382273,0
21.10275228338273,79.44502972882879,0
30.963043106676537,76.5914156454672,0
20.645633324069884,77.4678625096965,0
32.74028372079503,95.97384385005869,0
29.303014092569335,76.45477745177631,0
13.60044686576516,79.22020678802684,0
31.23667150857996,86.87007548864634,0
11.349915401843475,87.33644238768333,0
28.473201290969094,76.47526834896087,0
17.804136038574754,91.70607842069234,0
29.951456753817354,91.50336646637948,0
29.709228166936576,78.45948633319793,0
28.191731137608002,79.68197784754354,0
27.803511926840642,95.1408243246214,0
15.949273075272858,92.46682982773115,0
10.48415369839246,89.42243544607231,0
18.350181469403815,74.76728304542571,0
12.745947464223484,82.76740157626344,0
25.481290269112336,86.12518558682476,0
16.9609311046353,77.27132984681849,0
32.33611927264903,83.48073951659215,0
24.16290480347262,87.11853777322871,0
28.59607509152903,80.60358251341658,0
11.744565731776001,91.40199215667931,0
29.561653049126562,92.81866310028637,0
31.0452353041197,80.51389392935083,0
20.40379713991809,92.77598955043852,0
23.31492319543098,75.27541877704509,0
27.187522152449766,92.75389468398762,0
12.778043393218033,76.4461349245088,0
20.782471285773298,74.78380393953428,0
18.244739206610262,88.08868987855621,0
12.08282204485305,84.04523850331866,0
17.484452942604474,94.42427796854258,0
10.172821120654499,81.45619579188015,0
9.138209013480711,79.6459320707214,0
11.809084673197793,84.73084141766017,0
32.03093872911535,83.6645254474627,0
21.929508635007046,81.00953615164448,0
32.09705581234922,89.3258777796072,0
19.071122905028098,90.89291267765381,0
16.123587292404245,93.1170779096391,0
20.869806430515958,95.97096845939637,0
19.242428479087195,79.1579679588711,0
11.088536334462173,89.85803164214143,0
24.159344690747186,82.1958778506297,0
13.78430292381098,88.92925769280068,0
23.640618169890807,84.14152452951022,0
24.388314624008743,96.46894196103705,0
12.220838891615172,90.16297608924407,0
10.00618366494104,95.48611760843725,0
27.57712917018611,92.68819619348773,0
19.737961330624266,94.30548737446406,0
9.928372790619713,92.19893977733584,0
32.80643140203488,83.74101823665927,0
9.919012656149553,78.80400144286209,0
25.483345306653604,81.62596793787164,0
32.53319010949765,73.29127795345983,0
14.349522114464397,85.28456689311687,0
11.982082081599167,84.8337595409198,0
11.47248845440901,85.31450023904016,0
15.91498193184091,95.99893345445514,0
10.975724795565547,94.50911436351174,0
25.413153375416563,76.65950769552192,0
10.029195286352484,81.59174071962093,0
20.94992375728416,82.9029172942457,0
32.851140500772445,81.3929559430075,0
28.388219338645328,91.81984436773324,0
23.533921349889887,85.28562639252985,0
15.98772827691972,86.42987509151719,0
23.74583403163897,93.11778237818123,0
21.38025909527159,91.99678763878529,0
18.91445504478289,75.95715094973362,0
11.700253296072901,89.80615710434209,0
30.162233638018165,83.1762283716997,0
19.493335655984353,79.82440974295206,0
13.261245754762898,74.00033258220478,0
17.48994660708102,84.40978648534079,0
18.622499090164045,81.27162630931862,0
28.71959556221576,78.79744447957344,0
26.42560399969978,89.34802919000819,0
27.297310471316322,91.12916956073943,0
8.777206028984276,78.63737298430165,0
18.671939344217606,73.98672924375653,0
20.26414617311949,93.01634118171994,0
8.97653091129168,73.04661843107228,0
14.8534658573655,95.11998375040929,0
27.077126040342485,87.75167939761933,0
11.856550754757393,80.47192491841612,0
21.582213351040885,78.67756966305096,0
13.7638768440054,73.02390406305271,0
8.803816268612804,78.4155305000557,0
14.398891727671568,76.08849270674662,0
32.34255632696126,87.38376361144822,0
28.084551416070255,76.77456574410876,0
31.94451506772576,85.39495529682219,0
20.423144034173355,86.85880884708624,0
11.187979159998148,79.90518436131686,0
21.891161748286915,73.64431543610345,0
19.605507590064015,73.6964288409598,0
29.13038804012077,73.43676911719982,0
10.903350745927789,90.40635094654007,0
20.43259841090468,80.38057646921031,0
12.172572388867735,91.76756797446048,0
16.437675393580918,83.08806123287516,0
26.5170157717178,83.59433835514852,0
20.13406319932382,85.02005000694115,0
17.688488012000256,89.785131873627,0
18.142481882192236,79.32097144378525,0
19.72932363835435,75.70421392561585,0
27.68105242326603,86.0479406584644,0
30.296088939591208,80.59408189109993,0
31.840909325964276,83.3441960235014,0
27.72713673545328,88.21180667861498,0
16.211288218534122,84.57349246611162,0
25.31480667162679,87.57690579110356,0
19.195813624041698,85.7656449483206,0
14.727863120965708,90.42234268617935,0
29.04525797240271,89.61622015412675,0
9.44630463300274,85.52732734531314,0
30.53244776705182,88.97261266069142,0
19.778921441328066,93.60693620742965,0
24.070811510146548,83.1008808155615,0
24.611863693170207,82.63643527945072,0
30.37016831321948,91.00442282511099,0
24.057822937268483,86.67876116060631,0
23.502515614991474,74.50000741143752,0
10.1356900160887,94.04862631484839,0
21.169395574827874,73.54237455531204,0
12.175511482990688,90.62708844577114,0
26.518888883817404,90.87463572332004,0
21.018306001550442,95.50087325395576,0
25.121687583793047,74.09831521357584,0
9.525598535803699,87.0192831159303,0
10.57874147880996,82.99539567491198,0
26.003288130268366,80.68110689307997,0
10.268368609932871,74.95977628484664,0
10.248155074436339,86.20499485835742,0
8.803515867371628,84.21435309423624,0
31.869405139975576,75.29870012777756,0
26.52071069087505,87.39146031322016,0
17.135604061486383,90.37845912151468,0
15.75037450440062,91.07662393521193,0
17.048943206336524,94.3643442004635,0
27.427945801421238,82.55805248695802,0
24.66111937998533,95.49996102279755,0
13.031001711107645,93.41337499309302,0
12.760231139007674,79.86851748745092,0
24.635037159891652,83.17511577230295,0
27.17684546039453,82.37777985041619,0
14.981282214755282,86.51604674834066,0
9.019338538160657,86.698578569527,0
10.514741984022642,90.66495762815329,0
32.14682891820257,84.94880182099521,0
15.723732669958057,75.30508494049906,0
27.295313908657704,93.24343404653432,0
23.76458516143675,80.18427916945214,0
17.836286528488195,95.93384883276664,0
13.531491645790666,75.61547693081428,0
11.472524571138134,95.62324685064803,0
23.528878513932753,74.97628088459884,0
27.42746341338563,78.30993675104082,0
24.234520388266063,73.91846082141433,0
21.459897809260937,89.59661521010572,0
9.532396303348094,93.05314872769287,0
32.16218535542626,83.1437297538395,0
28.01560430324912,94.91546572076689,0
15.659674747812524,86.86315730764507,0
32.44261121971321,87.80851457849883,0
23.2081572200386,92.93697827413939,0
22.73289152633798,79.87562727381061,0
26.778746262376742,81.2437484709945,0
28.334474695451227,94.37812244709113,0
24.541636891492367,94.25935961500711,0
11.636393462710583,96.0572992261297,0
16.769636647214085,94.2801870679652,0
31.175328720317815,75.84193394855109,0
13.993798389559949,92.42047244982069,0
17.59759978190624,82.566807436905,0
19.060840497442108,96.39819153394055,0
19.239822460088252,84.05341879164115,0
23.478238065219948,85.99505776302729,0
31.541498729819388,85.42221695221012,0
14.386466101384269,80.46931546838663,0
11.475332313231846,74.59560263551504,0
13.330804880522951,94.13288684152744,0
30.170066060097092,91.91935691512396,0
24.281086261794876,76.13131033826264,0
15.490776476392789,91.30255820613841,0
28.43649759003764,87.70946341286644,0
29.545912100358322,82.5502684681685,0
29.18307694288083,78.85715677111094,0
30.951675192501533,93.27765636169826,0
14.668522430874434,89.47936501891243,0
26.948951265170486,85.84992196526927,0
19.756012490485958,87.32191868880912,0
29.072783215870906,74.97757543249612,0
26.30046246972973,84.09243475264778,0
27.47176045853203,77.42105652355123,0
24.53390009730075,77.77063403090162,0
12.841305126698636,88.5536197298974,0
21.819536543329775,94.50440397346365,0
32.55738979532542,82.42201221771923,0
31.402580384922167,77.75553028959959,0
9.562254992634577,88.25466597017972,0
12.533221432764698,93.550451131524,0
11.725126656805891,90.62524203829591,0
26.239139395123978,93.49260282987359,0
28.481398520184733,85.5836272754771,0
13.722587867256387,90.70993654430593,0
20.86274373397911,76.14411360920415,0
29.041141266131646,81.1011140774361,0
26.40575126680664,82.0837657477351,0
21.75140047524564,84.98227062494425,0
22.92645282051026,94.92866197132278,0
20.92399565618557,93.62448147383586,0
15.775112881209488,76.0122412175183,0
22.307897002989073,76.9232224672256,0
25.333139256466048,81.32409533604243,0
24.048582634975816,87.4457762737488,0
27.097439853311933,94.30251228460347,0
12.417373802100615,95.71943871376303,0
19.780875603656483,88.37027647704338,0
8.735693843510665,92.76413443760464,0
14.532672126147812,85.31335117041274,0
26.250907022194554,77.7692833694903,0
32.73178260504768,85.30111906171376,0
10.930107739535273,86.02473449942114,0
18.3138906963813,90.48569952695144,0
28.048742278252632,78.04440605522575,0
13.491152230234217,81.57811940050246,0
22.065194266894032,81.47615313854493,0
26.412339682095798,95.65154046913096,0
23.552630457311977,83.37880399252082,0
13.100101389163411,90.7865430943044,0
17.187704448301773,90.68458461623442,0
27.651138853499646,79.13149363309827,0
22.044227813099674,86.42439628495849,0
8.635506283401256,94.10078605023344,0
27.09424575043886,84.12285999353801,0
9.370223898550496,95.31056462838406,0
26.721608746952995,77.91525504169854,0
13.45317103139902,74.57505700094534,0
31.90780172713722,94.03295746112951,0
17.494377138070966,92.99083117991307,0
16.49276843988685,96.44077206337143,0
12.144225498820536,88.98428955299931,0
15.971867176848022,95.10987578483423,0
29.91913010697693,92.49724603500474,0
32.84228639045673,92.91334036675975,0
17.50338421562881,86.35944607548838,0
19.464661398206847,81.91271781417569,0
26.143666517146833,95.05916887810795,0
30.152258011269815,83.09721176073877,0
22.99231575120242,85.63754446147627,0
18.070416792594052,83.43045112860126,0
18.58566979697337,86.25651932508704,0
25.497582509591737,84.01113906407484,0
8.586380994721155,73.951496764717,0
23.64065193763883,93.80902977753362,0
17.19035303393443,83.38949027866278,0
27.90528433072231,86.83088781113192,0
10.778984982988222,76.1232400598433,0
22.87405291372915,72.89015683453779,0
20.255078461800338,78.64929050953882,0
24.19596148343736,89.58406583136085,0
10.091764699540517,75.17109262262308,0
22.67332445211774,94.4480104256145,0
22.221499288932424,77.92869067423554,0
22.20136182674641,77.68040134503816,0
23.247384105819883,77.13078528281646,0
25.029857057831805,73.14237228809122,0
28.168860457127742,91.18440533383458,0
15.097889702378755,93.64205085918242,0
28.658816698898526,87.43129523344865,0
20.677194051149826,77.29010682183984,0
10.38985238942056,79.60131011498942,0
9.937828160019382,84.14021527358886,0
16.671227620828375,95.53027256900253,0
27.67813212093659,78.69836478131155,0
25.79220451613387,90.22829887029448,0
27.768940392899538,83.27174707120862,0
21.14157743732428,79.9005573370774,0
19.259215348560154,83.663805294682,0
12.109164214263487,74.50476745713922,0
16.52357050536761,91.82440133402508,0
19.10828378295962,78.60195687782081,0
10.671758320673588,90.07988695122005,0
13.896012864082834,74.43671683944348,0
23.11885571558488,95.54819034464023,0
26.475642350270604,77.4047409378934,0
32.89145622435967,93.82554970029454,0
31.298174088227576,92.08118723782928,0
24.201815281443785,95.85200903595388,0
18.796356743316636,84.1869727096915,0
24.04579855661257,90.12714927872332,0
27.696563501139657,81.63526440245188,0
11.398025703173316,77.19888185661908,0
18.51931087696423,83.35811445774034,0
29.019141499518703,76.75560117617356,0
17.88252886083292,96.18971394546516,0
22.475208466753536,75.10090662466592,0
22.863479598739517,86.8372700563257,0
13.013433140232717,87.72415726209343,0
17.35503043456002,85.61993095208719,0
16.677894651784484,88.57461628940275,0
9.14760742221387,75.57549587544284,0
9.09863857677797,86.02320896853706,0
28.82117875646177,79.64736785750317,0
15.177270022424192,95.19292026049193,0
21.16135382072272,90.95266568288042,0
15.803862961050125,95.96282331176968,0
31.482964258763488,73.70362326599282,0
14.840852065543324,79.597862243418,0
19.001732609164698,77.46206036168395,0
29.8233753863147,73.07506495679799,0
29.07119599289416,78.57871586472804,0
13.053126226019305,88.96958819509948,0
28.111569236667222,78.31119342061395,0
19.6985522397732,84.92769623898207,0
20.303828408219,93.94639845747105,0
11.767898007957545,89.32627350271547,0
10.47639248886455,82.20470656131114,0
26.286995782940245,81.67712503224841,0
20.633364383278604,83.65951698181166,0
19.177436453689815,77.02444774590752,0
26.325315186689338,87.90359373040194,0
27.20469464734267,81.47913742986853,0
12.388957232135136,93.10235000197245,0
23.411940648248443,90.82127119933187,0
11.813671339692554,87.34440815162527,0
26.85939215684799,81.48031361415066,0
24.553276141124506,77.80749196961449,0
31.872170497629774,91.28788297354879,0
10.192011258095723,84.38977704195909,0
9.901284715704303,78.1602792364147,0
15.399926024480898,77.45615673074181,0
14.899687739724559,76.74731346008795,0
14.539997739204685,91.31191283929198,0
14.602704035075885,85.3476357509062,0
15.149888627261593,83.55977578267462,0
27.055350527227155,86.60869660944822,0
19.4922413034517,93.69253195001826,0
27.478186678470585,93.46856086137491,0
10.104283560061859,83.548579284424,0
20.416235688656798,73.17533493395456,0
9.328757870714414,82.96214192886636,0
10.038022263992957,87.24156781899732,0
30.646641412420216,86.08859047753133,0
11.908712328794646,88.31630809269849,0
21.511641332597687,76.4776872752421,0
18.548392894986613,88.20200720589105,0
16.9913048323124,77.15801311704992,0
30.48534243162142,90.67774226999418,0
9.040793486755309,80.88239277939778,0
24.72020296389975,89.7104704103613,0
32.03776091569453,73.94906934042093,0
22.189347374575682,82.51970505266053,0
31.38876603962084,89.59474334534352,0
9.784126464494037,78.21076292296014,0
18.736402219804965,91.74344742354839,0
14.861881946758913,87.82690834404495,0
26.357377509536065,86.79798852719303,0
32.475016085063245,81.22668152075205,0
14.773278165155823,84.29555504687782,0
24.485363763334632,87.03100697939742,0
13.346122242959353,84.05773154483039,0
22.315425998977943,89.43472713924643,0
19.838882995145184,83.13482213736123,0
32.24807375836676,77.62515720622791,0
23.370471640088134,77.90276918145466,0
17.044135147259873,72.9476743294444,0
11.294457862186887,79.97460799512905,0
12.201836393736908,90.63949902004404,0
14.010927410134649,91.71667958156607,0
14.637397441456233,77.62978447727757,0
29.283257490034906,95.64212217387544,0
22.215105083497612,84.77054996230888,0
21.29109785893407,94.6406457932203,0
11.310897364646042,89.63594873332434,0
29.515863131968544,90.00897098095646,0
26.161822492793114,74.83419217253234,0
10.160512687781193,78.04698055191278,0
25.795969786723084,73.01936081847649,0
21.783176438999654,89.85884486490161,0
10.503841004838431,81.00977999503655,0
19.701330591181716,91.53787924046567,0
20.34601886006969,80.87878845403255,0
12.556661779449316,92.31594398126806,0
31.605546112482244,75.92112350878118,0
29.267609341591303,76.93711437040416,0
24.848005438019925,80.92498298268708,0
19.798902658848174,82.53464112341861,0
18.564755510633532,81.11130842267826,0
24.40717913483888,90.99017181973272,0
21.82942707024465,75.11768870072511,0
10.02873874616018,81.17116592627704,0
21.025162512044012,92.7422503640642,0
28.203411130922753,74.39978410836383,0
19.724270529234172,95.2445221041523,0
9.776767459346306,96.29142562259096,0
27.711867147133596,74.91810362629361,0
13.425894801626495,79.74402591538268,0
14.824343272173145,81.67549961276329,0
12.530572345425082,91.29358502355981,0
16.572963513838015,86.99714080556343,0
21.193278317175356,90.84405903361791,0
13.511806162615876,75.61830744510688,0
29.94793377447457,92.64629245518788,0
29.99071923876648,89.60867755578157,0
29.77081911859137,86.55467281754036,0
14.34014590103221,93.99204303256123,0
19.528865191701893,89.48217657829596,0
32.565203451134735,77.61151018333103,0
27.363440575117664,83.04074481158133,0
9.171316146577253,84.57151942271719,0
10.100337458407802,74.12410414020937,0
19.83885588749076,95.53721398044706,0
30.71460746750811,75.87062756610123,0
21.66505154479562,89.41444163714107,0
20.666369946639193,84.86169157563049,0
11.083871726408724,73.41974465925087,0
24.54900067547281,94.8256012336612,0
28.58685738522913,93.08976667495043,0
17.799170974206394,85.29087022757686,0
27.451351839910473,78.26008816668372,0
32.06419309118563,75.70506007821557,0
13.484577877383654,81.46103549865144,0
21.2896011494572,78.8906573323782,0
15.520846591882513,84.87264703928565,0
27.872484990162874,95.8174729352248,0
22.61494070381685,86.4978145312284,0
27.99606428979915,88.30542159065983,0
18.17897613648598,84.12402197856483,0
30.857973217306572,93.15573192521165,0
21.52649566584602,84.03168584288457,0
12.36567270104354,93.48953020877781,0
25.50444497257373,79.75126934126125,0
27.88242389852035,75.87624172809636,0
16.244377449871322,93.17256162006888,0
29.443557320059412,86.79449812087503,0
30.639455894958743,93.97673619886778,0
15.270903907612134,95.13699941764048,0
32.52934448237193,74.08626809316245,0
11.944521802377665,84.73642183817236,0
13.441816497008311,81.73653974535618,0
13.007292597524085,87.70974270134225,0
30.342617247814317,91.70307320972178,0
24.488244599477866,79.48970487895082,0
12.222778895293425,86.06558332765731,0
19.262254197535142,89.68269032451607,0
23.535840757879477,76.00999354651748,0
10.546308039336864,92.19055253614691,0
30.059949505021805,87.23956945932362,0
28.135021824972775,95.41579294619632,0
20.84696777418175,80.89289925269861,0
32.12891584987619,75.3842050699219,0
18.711188312632103,84.86812357891479,0
32.54372648769346,74.85245625151909,0
24.821081879246144,95.89168691407572,0
24.009013720692405,73.73049949385016,0
12.561066780180054,90.74868729135343,0
30.04801567297904,85.31097511322712,0
18.94880266879934,81.58550622227698,0
12.470172976397077,74.37704984155106,0
8.815704555420737,87.62185725897875,0
22.179272462936144,86.74224418383776,0
21.389006765267634,79.49668189137876,0
26.077298690148908,94.47977609844926,0
30.251475113185712,80.04965678071598,0
10.44720749397398,83.51642316049957,0
26.373876567042295,85.75522798415001,0
13.085134569859227,75.19578948373878,0
29.46792753201722,95.00211724090519,0
28.512616935743168,81.72634061134713,0
21.71614558426144,74.73266648236407,0
25.854775578664785,82.03000820259841,0
16.185477320318746,87.09893617839056,0
20.015600983597718,85.03838357839395,0
28.575469362379394,89.34494000986746,0
19.724888935543753,74.13044449273077,0
17.24665666836751,79.58375464176792,0
20.57844192283666,92.31348761193033,0
28.736969769925217,74.7115841518935,0
16.69491231148139,93.1766444087554,0
12.751737870108213,74.9973336723832,0
25.89803596614116,92.67592726733488,0
28.681501807759673,81.39903840847799,0
10.965751667110073,87.38478359321817,0
14.366472605883136,76.4493890543417,0
11.97530736797936,74.38482441452938,0
17.005912491377224,77.95048982046814,0
19.507167723858153,75.85340406208667,0
26.797141411106246,80.24716276612838,0
24.41143179302712,85.05577687412794,0
23.673361343400906,86.82650279312203,0
17.114197322333386,91.61443504138363,0
29.059325575319058,88.43305594409001,0
20.018514001207535,87.3026294896036,0
32.42147486807009,82.6130788579528,0
23.996090108011565,84.08978433891615,0
11.59167293062897,82.67828340466431,0
25.022764923916725,92.85952777223208,0
16.448131044676092,78.28527947413201,0
25.270659992133943,72.94570216466232,0
10.208696095741796,88.31592220399416,0
12.779088984250809,77.62965690479636,0
29.408337902874727,94.00108522957169,0
14.056420285775797,93.26140871329386,0
28.95170281131388,74.63620148538143,0
15.328827984016861,75.34236217569267,0
24.209550631517338,84.59839176501504,0
25.461738450206788,87.31368429618733,0
21.028877515174077,79.35443247719256,0
15.964697774004833,89.87479783188644,0
13.701412471445686,86.97307620207,0
9.318396079265039,80.54281170941957,0
15.931376657510775,73.41353652215015,0
24.46065125374117,90.6688453505679,0
31.424971170033075,77.92228870232717,0
29.78610996427011,92.67639219749778,0
27.218173725823142,82.81564022139109,0
27.76484640087733,86.54838086016986,0
24.749394997463924,93.59239275947108,0
14.86503427448484,93.37036868277195,0
30.66514451119103,81.65452287633066,0
24.889769923206593,77.78266200219824,0
22.196001643305465,91.26393752327829,0
11.218589088032836,83.12013923249643,0
19.426679889566014,77.38157624963476,0
19.751586217890196,94.34177817803058,0
29.62391303165647,77.5259032441916,0
21.85913526875322,73.42390906007469,0
17.798695718142515,73.29231932866287,0
32.36518699641305,87.62539108870261,0
11.212022052967278,88.56245472629413,0
18.828117153038658,80.2146844910681,0
9.534190291480591,80.42822242858742,0
26.579224857703856,80.89206588663345,0
30.930915212932327,89.00250383208588,0
15.347420565984688,74.19353127529152,0
29.471948306214372,94.92961409880574,0
15.644927360880363,78.10721203825295,0
30.752463647473135,96.6094097717101,0
26.922572689154663,76.89305912165027,0
28.166852243320356,91.17823887629132,0
8.947570810299005,78.12843661179558,0
32.02349539305252,74.73427559101408,0
26.25601841069284,93.63964135680969,0
15.951030538435779,93.2543837659264,0
28.76494536720417,82.41757879661844,0
15.383662636510993,89.53192961879829,0
29.823951526954083,86.07195303489956,0
11.257445808904848,93.11641473794937,0
25.694631525039227,80.31025485018803,0
21.713818502385383,85.27693016073184,0
10.86553963304141,84.36509494820287,0
14.415802215428222,81.23518020071715,0
8.81073466170122,94.03298582588809,0
19.956984915762316,76.758670208209,0
15.865892378729884,76.36895534203047,0
23.122084334972378,86.54438337500811,0
15.76752570966129,88.4629188042702,0
15.833013977318636,77.4429348749904,0
26.659557425101674,82.111579742791,0
9.683620487618771,95.3449985388466,0
29.323503825174242,88.72162440419325,0
24.818265407128855,90.43074731884019,0
22.99664456818087,83.47840915696968,0
30.301408719900472,95.12982805971625,0
13.034289471527364,90.34759518850105,0
10.436523871086301,83.7116264407085,0
14.35758365172883,86.36405598997268,0
27.914588605315487,89.29902615089733,0
9.354565935226843,86.90818023670289,0
22.742274677219463,93.72925967948022,0
32.820382389025305,81.30619463608649,0
21.243587673505424,77.90050999104751,0
10.062146029410915,73.70902519096178,0
28.813276864570376,73.8335631296314,0
23.137252246219102,93.52350432043593,0
11.314905964641857,88.96047372775645,0
10.800151953986855,88.53525098166307,0
30.724538613188443,87.4427256939279,0
24.852351099973795,93.0274461389424,0
28.762310855032965,84.24354608350029,0
29.97599265060817,93.53197117895915,0
22.472768036865077,81.36705575538863,0
21.14590770491555,94.87226498397871,0
19.020553714307823,89.44290879811034,0
16.248893716534848,78.9322935295574,0
19.122366553838983,86.23905894923706,0
27.409044637479624,85.49972636843833,0
23.209179155492652,76.09255239912105,0
30.306801347732787,86.88562781480984,0
19.336908616702438,80.30381854590998,0
23.33535734678086,74.05580321208531,0
23.92685808938181,95.394811719269,0
22.959412373098964,88.08190384466815,0
25.668932444688657,93.68691408511224,0
14.30686221313849,88.90483178999398,0
21.02177071588567,81.30845707752724,0
11.053368614164208,85.01541869270191,0
17.899097535449943,88.89746938884988,0
20.418577342091307,95.67088968017501,0
24.437728536650738,78.84878384523702,0
31.72358518540124,93.64068256883482,0
23.178102876553787,94.80965792432632,0
26.66934456347304,88.77054474419089,0
20.872839814419354,94.98080717251655,0
23.99515938313841,82.28207006829906,0
10.24022918980008,95.49861368415628,0
14.721047807803703,89.54113687687561,0
17.345691941301425,73.80956028891917,0
20.047973973997127,94.40004724937015,0
9.622704725387209,84.34367845089145,0
11.927731973374083,83.76882215222535,0
15.268701357904135,86.29576135051528,0
16.600610114673678,83.97925984281757,0
20.28116744385722,92.5967191261789,0
13.29727611902106,73.17810158758363,0
23.425494074819916,79.30702714868293,0
15.3631957097821,72.86793803313324,0
13.563372740183144,82.70662597773375,0
21.124567853028136,90.14900989602657,0
8.642251851603373,91.82641208829405,0
8.694964629792821,95.31228482408582,0
13.858323064894623,87.29658918917846,0
9.404661977735143,78.87157750694347,0
11.146203196243919,94.81132788718229,0
16.784123603190977,91.26797712050029,0
28.110161674045578,86.48531525050913,0
22.47951618677284,89.37108660736955,0
21.029194363620476,94.81533724194682,0
15.675960367247956,89.7699561877345,0
31.264966874343436,81.57964608047999,0
18.204488719748817,89.78505440135609,0
10.634935104097215,73.76843001217367,0
23.579034451623357,82.00916190723831,0
11.288171324403189,82.48311278203968,0
16.93952138956746,76.78153296523855,0
20.900826812863436,73.35911196447758,0
29.859822749095763,75.98499913368802,0
20.562178763673323,88.39452563927259,0
32.75637486794046,96.33634241176105,0
11.71927334907257,81.05561490932106,0
15.217831403156836,87.0793347160334,0
18.14491932865376,95.12075685499471,0
18.810525744728082,76.78637894714652,0
18.54657263647067,89.89498364951625,0
30.675304223758765,90.783799635408,0
25.94733892010086,74.92780197556108,0
16.06390922452359,92.16765289905035,0
28.628066200195057,73.60474842566352,0
31.834212864699353,74.97800951329565,0
28.564756608744318,73.9790978604401,0
8.546004189719152,80.77897023458435,0
24.05126967500052,84.93449441052057,0
9.756710533747068,85.48346967934813,0
14.799586711102034,79.18202723989536,0
9.961611583114138,94.51251608019217,0
23.254901491606013,81.57698633980564,0
25.277076597575387,73.89394399267476,0
11.30402849935863,79.95721400117274,0
17.882673722540186,85.45398848801027,0
19.65091613739596,82.52831860341563,0
17.52154327476898,79.32905780353424,0
18.740175028249947,92.311914477296,0
26.854579687727913,96.52541711946769,0
10.24207194442662,80.6551369568752,0
10.466097764497555,81.89501551723289,0
17.172725750807935,87.52354579587634,0
31.508523197113895,89.91393191364659,0
24.8370221772647,82.14281763544811,0
25.083639265937947,94.35378141215278,0
17.34732585167006,86.14190137432543,0
23.00737212134014,83.53224731814872,0
8.75522243046649,88.20528443867754,0
24.043812435340776,95.49355864992336,0
30.813933724408272,91.72595471438069,0
23.469296079069885,73.76212020770977,0
29.84702623274662,80.72103133882463,0
26.19012390274193,84.01208199046637,0
11.452301424237692,80.29743685870699,0
30.549332475018794,89.47934839010765,0
10.130605023928908,92.48105977649186,0
21.54942019802875,90.22113730919143,0
11.979340607973988,96.36324019948866,0
8.793700713186238,79.29822991126639,0
18.815559089422294,93.64097865079796,0
15.713863652969277,91.06101475944796,0
20.377872854151754,81.4321395845295,0
22.605330353924288,90.28730955677656,0
9.576062793463656,75.28730810685913,0
11.512015236639787,91.60170685418434,0
22.15208149360666,85.48306196390693,0
16.889310704170555,79.76825382190836,0
26.31713945704648,88.42204270991421,0
24.439374449327588,88.08499002719304,0
29.1608516611862,77.79688304977918,0
25.421249577266764,73.53319222863422,0
19.00843125961174,83.13305212595311,0
24.944340808980904,86.36826203667248,0
15.23369844900435,93.67944671981091,0
15.989190739302064,94.90819772357128,0
27.777982055961594,85.39913070425867,0
19.411145531634943,90.75581966248154,0
28.007450310188013,83.26829612357052,0
28.59465385754722,90.57199269821889,0
29.452913696974797,77.68535121727895,0
30.89571244647022,81.64369417613469,0
19.034177692015227,87.9090035850749,0
16.29579350125536,73.241799216204,0
22.72742270044017,90.00963491354361,0
17.573307623278232,92.70167019818712,0
23.18843669346692,82.31214093340985,0
25.741034394218083,83.4739742060046,0
17.655872196539583,91.27604510490525,0
12.583178018774339,79.66967370856499,0
19.023043211170474,80.52262271242408,0
11.990502889172092,88.97202250450329,0
30.247542407381687,86.21794559359716,0
16.955502476142836,76.67181133749835,0
12.280308839140886,80.18821520065613,0
9.129315072002935,94.23602286111117,0
24.281368936612772,89.19334365540826,0
24.063504830527265,96.28327090341836,0
16.82670733574459,91.07029653989787,0
10.25927194631377,95.23573526840062,0
18.512569969270515,77.95645054825037,0
16.10896613420886,91.17677273933018,0
25.045798689143005,73.29083245224751,0
23.303353814116086,88.77874666130147,0
17.412629316336186,83.98202699998049,0
13.829594171028951,81.0650562966507,0
32.63960664473499,93.34135547404465,0
19.596331152336603,93.14764040380575,0
25.31821455026121,73.34045207669838,0
11.94064911531714,87.32040900868809,0
20.367839602234817,81.5667355686438,0
9.180335910936783,82.70542826881223,0
20.853033345794238,92.61846798669146,0
32.052976429995894,80.1860692302018,0
17.891657615238778,95.26131373852915,0
9.460218119105447,77.08616645178175,0
9.26384343447448,88.58739001159833,0
17.983981628390346,88.81076908289293,0
12.416233236341345,78.81368422277583,0
9.078130503745179,80.54106182560236,0
26.977568549899573,92.68412372381052,0
19.706761700016052,90.94632335033847,0
15.572303495755447,80.6445126988109,0
30.491444468211213,85.52177194289735,0
11.344360455031229,74.27796537230186,0
31.855176443785837,77.77925725692302,0
16.176113246317428,84.37576526097513,0
30.206183647037243,74.85633603766954,0
28.69931052309969,89.90356926831774,0
32.5413535500414,95.27523790436146,0
15.551803565923326,89.3193451224507,0
31.982588262704276,95.19828434639271,0
18.020498862361592,86.01116302699823,0
17.92353566903995,87.09931862439393,0
16.82140579708137,96.06892400751508,0
21.7311383380896,88.09711166850877,0
12.272622495380189,73.54245708760031,0
22.031648730407206,90.04157212715873,0
21.738397286027034,94.36661792711303,0
27.11649733380444,91.7504279572259,0
28.86887690760762,86.70922156635154,0
19.26513457189766,88.79168593564137,0
15.891976973387635,96.38367915904912,0
14.841783560553196,74.96795489798289,0
13.261278113783558,88.69505803420329,0
9.915764776860987,79.55654445905138,0
16.871740677522382,88.0485737339006,0
15.108318083080505,87.27561373133629,0
22.129279938931383,77.73166005032343,0
16.989685830484216,87.60906428888363,0
22.68514113335216,75.86235883412459,0
11.907523616403708,79.12284406903143,0
19.35311970168639,92.69476707442655,0
23.80294928286927,80.59679317652015,0
20.448637549377988,84.42908490181969,0
18.32083896396744,95.21587734564827,0
32.78156948260343,78.21739509081247,0
30.00861979249725,82.08559543719413,0
23.733869229194568,87.2478587182303,0
22.41427268733863,90.79237507856242,0
23.666813560176397,94.2757843183062,0
13.42463270619432,94.60479709152409,0
18.15863752146425,91.29950613224034,0
9.471539157227461,78.2455297750542,0
20.122532808943525,73.40015283876109,0
21.77063143734263,81.94627076398828,0
14.070346361667086,76.1794511641743,0
32.05325584216603,89.72218889004029,0
30.720332586141005,88.54949206066475,0
26.145432308053962,73.8563632125147,0
21.535233647026153,92.72686534947815,0
29.75593839694246,78.73150257344791,0
11.698835897870394,83.09982822289733,0
27.815219784383537,88.71145931427232,0
11.55640638714718,83.03296935755452,0
27.905609934233,83.31554320984218,0
15.243135750903008,74.37195096827475,0
29.929872267881017,82.3669435732819,0
31.565098605699283,91.01876153893446,0
12.141976510690682,94.59773453107398,0
19.80818486978282,82.65391165509226,0
32.46745165902733,82.89410005473077,0
20.314539909573682,89.53742833295054,0
29.59909608327795,95.25472354299407,0
22.886979462783316,79.16760407632721,0
17.674850185035893,83.28831682455117,0
15.487766611413946,91.75978423078769,0
13.47130663532353,87.3248954946506,0
27.11396648494494,75.44230539532721,0
17.94865828616703,87.7543663711184,0
20.99518965981327,77.25549765234493,0
20.53235456177518,84.95656279159908,0
22.607263333370057,85.40622657444675,0
29.648667676602287,93.66987802481015,0
32.4613936528721,83.82042030246318,0
18.462630471488254,79.46237856144127,0
28.719132153681066,78.30827521875933,0
27.18063442093664,93.6234176620189,0
22.515671288715474,76.88087340862431,0
31.858310405920896,82.94844667825201,0
13.404175319615225,77.26565949651513,0
11.176451297849207,91.2200828627906,0
29.364978103628495,84.10321675699734,0
19.233590103386078,81.16942013023251,0
29.19417804743884,81.40644830314632,0
30.320647707491048,93.0987516472566,0
10.033244681787346,85.99357863391614,0
30.08555553475393,89.90027526069926,0
19.45753994484064,94.16591491295625,0
20.97460084986372,94.27788628325602,0
23.81169772127297,80.630541727869,0
31.133782609991044,95.48516441309756,0
8.97467022957193,73.4017372874803,0
20.154221309731284,81.78108421764895,0
26.159200681899584,79.34796969724998,0
25.422216888091455,79.31093851400034,0
11.791226799270422,80.01423755032123,0
15.820227428017345,87.38726724928623,0
17.269059864314507,83.24519083866609,0
28.155383467951054,90.1113776961011,0
15.31621990349731,94.11525515588036,0
13.654044185453523,88.86062971683339,0
31.892525441501355,77.67738028978061,0
8.7242552183546,95.0145016000091,0
32.87859316490913,79.10646433586604,0
25.03848757597266,76.37813691594124,0
28.742344206653044,74.95141308526532,0
15.703573529291479,86.22236544882045,0
8.857414895312061,75.51792144037599,0
26.529531654761094,76.11343322842944,0
28.880957893516076,79.9525326725686,0
26.593195681044776,79.51500754213471,0
11.996758941056292,87.19504694773944,0
26.90953070826197,92.25431842264896,0
27.28797776444101,90.93547659648503,0
24.591997020487163,79.05864852770891,0
27.21942316830252,78.64977628979584,0
29.168595954471,95.80276535341235,0
23.49446861420678,73.00558588658649,0
10.67186296033973,93.75361373773237,0
20.41761847987936,77.56457466742529,0
10.404288352719053,95.36215150598103,0
18.461624749625102,80.95904572191529,0
18.450962633212264,83.29325852380065,0
10.120004985881934,89.6444083693975,0
17.027384210560612,86.80054260006942,0
11.218799857175554,80.37890100046782,0
28.248146023720814,85.99493475739722,0
31.654146993252198,90.20594298377743,0
10.27403838817799,73.8173972682133,0
31.835548757197586,73.07612958774317,0
21.27120907023776,83.71501568469628,0
15.824381702550184,75.94822532731455,0
10.385060298801468,88.62600294446156,0
20.735044482492334,77.90559452160132,0
27.913056382558153,83.11468496674823,0
25.777685463795912,77.51558838711216,0
9.734500046235958,85.86762717960357,0
10.28833524613965,75.5724647844554,0
18.34757063412937,73.35962078803996,0
15.71996444551037,74.02682618923643,0
14.183541692622686,95.52818915547962,0
15.371042747790394,76.19700618396139,0
28.13207159296079,89.67673062242329,0
31.20327991515324,74.42666601301374,0
18.40202187646248,75.38454813630602,0
30.638668155396566,84.9246680419155,0
16.360001439517035,83.87700299512626,0
20.14429337827903,95.46442901724848,0
14.028318983199323,95.30384956652728,0
24.150789621311365,91.37018088297182,0
32.41845061422926,87.1441537201046,0
23.247516714841503,83.64105419879441,0
17.247043027059952,81.2892881299454,0
24.330096351973303,95.35746672125445,0
11.509997404181263,87.16336608066737,0
30.212421740848733,86.59587922666456,0
20.7951198681031,78.33053001772657,0
19.482713475930744,73.92126717188523,0
22.816962248580126,95.3122566984555,0
23.76752322516034,80.27881178464328,0
10.26083306684678,83.34652226471148,0
25.180047407968324,75.538812238506,0
14.416726715524572,92.73473499993815,0
25.94538470488925,73.4673501107658,0
28.59739962546012,92.66489352691903,0
28.143691677538243,76.14936209610195,0
22.002082993182697,93.91654355864755,0
21.212427564767523,90.18370072018166,0
11.997386004767217,76.72991856199255,0
27.44486236008182,86.28031937042043,0
15.136691203431294,80.25312460871162,0
20.639086214117526,77.05281836662631,0
15.450899438540842,93.26464345709785,0
11.776407113047302,82.41644493294649,0
23.884119533879915,82.29790520305957,0
26.792718148409513,81.92940886589062,0
16.264530168538887,93.5606836761749,0
8.511067747150127,81.454755769437,0
20.991615862093916,95.46498261889057,0
9.652090825641482,95.33892891659453,0
15.25295395969445,76.2592023622049,0
25.774999068399183,77.03087135737853,0
10.03891174270012,93.34777683749981,0
29.007813794522505,82.16023020187484,0
8.601075938729643,72.91363441425938,0
14.536213726066283,79.32975538328137,0
26.603647318218044,87.037665805012,0
16.23237236715528,91.83817634512546,0
10.996401626302962,75.98517484528503,0
17.306145163027292,75.44123453621066,0
15.111874082764036,94.76239604752746,0
29.09020608603865,90.69260748512602,0
16.16099965626351,86.85078990364825,0
27.77669519867589,91.12206064831815,0
30.290897753553224,83.01953168913644,0
19.103351431456773,90.86657931065402,0
30.732264533001043,81.66127035733685,0
17.72340874088617,78.6208279125864,0
32.05446652526677,90.16562553998239,0
10.688588799838506,82.80092783326967,0
25.287563132110236,96.1738218728957,0
20.56871121990897,81.12993487998475,0
17.97572741482803,94.75370069250324,0
23.961157393524182,95.02118313789497,0
25.69881082423064,78.56745998930388,0
8.614346666666787,91.81330244268112,0
12.585446695637524,83.1200035653852,0
24.783601110358056,83.52591914437525,0
32.10255962231984,90.52965216821563,0
27.095394418416475,83.92691531747485,0
31.72948738001081,78.23290977377741,0
25.666654376727323,77.55556607137511,0
15.787416669488668,82.93803398918486,0
11.081214935516462,90.79608259085074,0
27.603074271465502,87.21485434702329,0
24.240503494578164,89.20417265887227,0
9.684675030046966,79.53103823705736,0
17.30166450231701,84.27136347160142,0
31.876693692837073,73.8664487058576,0
20.729594933338262,92.27305832408199,0
19.076771151780957,96.37654573203663,0
19.686650855654328,82.49635059045875,0
13.609537728597056,73.07051925502331,0
17.513096199108055,76.8518705267107,0
17.540111264909413,88.34465762214987,0
9.786499037627458,87.38169466320883,0
27.254879440761833,91.56673900582956,0
18.680498351046722,78.85389182891771,0
28.588731349300545,90.98981191945234,0
29.27671046230953,89.18881030938886,0
13.68552898977012,80.49496748907688,0
24.56300486838238,85.79631272761425,0
20.042807048014033,76.31574917784752,0
30.00476020265541,83.58401540279829,0
13.77703669089778,93.78877308896543,0
25.062713815408976,82.83709380155516,0
15.720232707522582,86.86206914155957,0
11.844123753133184,77.37764130375984,0
24.423452708806543,86.64429733083166,0
26.54731087898775,84.85579424573933,0
16.216672449385445,82.3002293295416,0
24.25719445631779,75.65762441856235,0
18.158470567215552,82.73037068918906,0
25.92717049700483,74.54180409717641,0
13.373419577667033,75.16096295729554,0
30.250423649000076,82.71151188193689,0
15.527481098204415,80.07992765444577,0
17.490597187240425,94.84457239138679,0
9.92661808402625,81.75418734569381,0
11.231356585912106,90.85235123427472,0
21.10720906022568,85.43346873099433,0
15.043471884212785,89.57215333247944,0
28.91357934154769,79.00226068767589,0
8.866649892701933,95.23408160279335,0
17.766785704330232,85.42968260710455,0
16.747118679440614,92.60140577869711,0
8.979836804930976,81.50039470611434,0
11.545356586514451,75.19530073267669,0
18.610602687774985,88.84901805832718,0
20.54552166961792,72.99423930212642,0
18.38216642083745,84.12512784524888,0
21.475420388897007,77.39966793009323,0
23.043297041638233,87.74586152319073,0
8.75015779098042,96.1272247195053,0
19.842856121052193,83.86586042878098,0
32.0403207179541,92.27224506690354,0
21.184642480862372,84.89866850983434,0
25.05609654097696,84.61430575011497,0
16.124752925537344,94.96073409431744,0
27.411773350249668,93.99753151370167,0
27.385642162215937,91.51759387705108,0
21.23993282642285,79.86266513568246,0
32.34597736222606,85.78489140894669,0
11.574221300389851,78.13997592239943,0
8.921708422629328,83.37813113291563,0
27.318151945973362,84.3374945635587,0
28.221776057304524,92.60892826793898,0
11.443724012454505,94.14186555286418,0
14.994383382269145,82.680645913316,0
8.936477601616437,73.23100193992566,0
15.671558851948491,93.32634442781462,0
27.391025025985897,76.95867275137006,0
21.158465958385634,87.61507301289367,0
17.587152913950746,82.32082631599619,0
8.5408390068193,96.2829372250686,0
15.830117678539722,75.206782040063,0
24.296911304324354,82.89665521793036,0
32.30154076786985,80.12203079763782,0
29.196424394096944,94.35755746430954,0
9.084062328919686,93.50647979362486,0
27.636646332688287,74.74239366588267,0
27.567714619242324,87.74021647290492,0
19.69388412859923,80.81766201822667,0
18.22867466598546,88.81027682538806,0
15.90620347477313,73.57419719533814,0
10.112311775521626,75.98542763734277,0
14.082207343831612,89.15043734245893,0
14.530834716865838,77.86555472653872,0
20.33089506986225,93.22668153237177,0
26.763389090392856,74.20441369142772,0
20.080127571017513,77.93962824674429,0
9.92057307014231,96.58291284225548,0
31.9008731370675,83.12004159679455,0
31.532913224704018,89.54548859831517,0
27.685277765136362,77.15828524164263,0
32.720009002454475,87.32906578322783,0
21.806235551445432,90.09640818285791,0
32.02246941683641,80.29646225895276,0
10.354358435670441,92.54362548381698,0
17.43917873641027,87.1754786488188,0
14.012498805290882,82.07361998478166,0
13.290812819760774,86.08567723157198,0
11.946754668604754,86.54084345989178,0
23.709632850343425,76.75051293251482,0
27.590813218488343,82.39762741475806,0
22.632160470241995,80.9857889760858,0
12.097200902030412,82.35406773931983,0
28.31869632301128,90.92978494637458,0
24.04036036013543,84.29762481806023,0
17.988352216813595,95.19625547831289,0
24.972762406791333,79.8012570095495,0
14.855707263552496,82.70644192369832,0
16.9387658488453,91.54512378727377,0
30.916487711833284,85.80908425015649,0
15.603071280328006,85.83297653134785,0
19.98678963593577,74.07940606537687,0
30.248619561518048,82.29923720410555,0
25.793191626518706,79.25504477403956,0
10.027032001245455,96.60136081047511,0
12.105513249678294,80.15072193154215,0
8.699301316247611,93.86731930644652,0
23.917436202302717,88.90906313138582,0
19.441771053755417,80.92593218595843,0
11.787312150845661,85.74979798467383,0
31.90439801600302,92.82071766370761,0
21.444207579589346,93.84045859534756,0
14.415789169426889,76.62810765404505,0
20.734538980222673,80.89395207821033,0
25.106851287640538,80.79038955533885,0
10.369847607956897,73.81048947108931,0
15.217154601526243,87.0521591328484,0
28.217134354706197,93.16079082742158,0
19.734650569955136,81.8939047372897,0
21.857399253134854,90.42804636704034,0
19.07889277495888,87.7535968598782,0
9.57999189672354,81.75282864350936,0
12.556057031871475,76.16780797777477,0
19.389704213727114,89.69686239649587,0
13.616931896325177,93.15472262695067,0
9.728467728673031,89.13811114020207,0
29.113110018734254,73.2351454055709,0
32.47246227501947,77.95750571746346,0
27.8795302253313,74.46365794131181,0
29.36065394357771,86.38907543901993,0
14.417836788119146,90.81948606975209,0
31.97016839737954,75.44213500618265,0
13.317499020687526,92.76838694796292,0
31.74553648006816,86.03488554985636,0
32.805282905486486,89.23606835067642,0
25.890923329862396,95.93633407710158,0
32.47127044611157,74.80175102709482,0
22.418239600250217,94.26556215960808,0
14.846836548773586,75.81171389423248,0
19.180982410128024,82.16494145117608,0
23.004933238692843,93.0802885362553,0
10.292724897011817,94.38531992944178,0
23.70791396102566,84.86503982854401,0
32.47210342722923,86.95375905562345,0
13.150974589780581,89.66885221644873,0
27.866151769880624,92.63556022333499,0
30.682333247719782,75.7024002558902,0
31.55678219598167,92.09537896883589,0
31.95816713044247,84.26757339577391,0
21.24392838097746,83.5378028117135,0
32.37758413728129,82.9015738866214,0
27.004351784237244,84.93265156594636,0
12.456447410485996,95.30897060954716,0
20.15560464210082,85.86096547946597,0
26.052326405152378,95.50245534593195,0
14.548827438215305,77.10179153975668,0
24.154188015587174,90.04950490189388,0
24.78885387767515,92.14704714094007,0
12.481562834379506,88.97798868648268,0
22.309443523195153,87.2589175017266,0
27.354023512554164,86.25638760013769,0
20.692825002921193,93.30626604078398,0
8.803384992167173,92.37100747484729,0
8.728533918310232,75.72091196436415,0
17.227876503448307,93.01241187641746,0
31.12917774330247,82.66751733036602,0
14.092988507969608,78.84943548252296,0
13.931767653487583,83.09501250199223,0
16.364258266423317,92.0547959506757,0
29.220390790214253,79.08053153832503,0
26.309518051073155,72.90304806633053,0
10.83781363818791,84.6052388722835,0
18.978412738479808,75.19570326339422,0
9.2202214352667,90.76944889259083,0
20.253057536653863,79.38221125624834,0
24.68709191811012,83.37167802418517,0
11.40209066125771,74.88156813729455,0
15.56351491909805,79.63419452266517,0
18.22455512560699,91.41497744952467,0
30.96643930446408,76.41845801431774,0
32.76707690586192,88.21687421184664,0
9.604693303388855,94.65129030155519,0
27.094664951627855,88.99484282691628,0
17.58678097238048,92.11805296194565,0
18.093191916826882,75.40386276926255,0
26.929974876454203,78.77884558659085,0
30.93946069426959,94.1064036870998,0
31.733294764538996,89.83451276627925,0
22.603442358730348,88.03579923670485,0
17.230119004630712,88.61225268589723,0
27.742907327537978,82.67065839471312,0
14.638245491021912,73.87029047299728,0
22.284743892972536,91.48524105674187,0
17.26571221051261,88.9680943267119,0
24.54536073616479,84.06588211221187,0
14.379290344736974,94.2306979972067,0
13.187251515526597,80.81268509446909,0
30.934884961266356,79.81662084691655,0
10.99423508910791,93.58876434063059,0
20.865313503910265,91.78393501832895,0
13.901894911465646,85.06997968817448,0
9.458604929687784,75.92199214924327,0
9.387503010797502,77.92985492048382,0
12.787401337738654,88.43277256497583,0
29.67781065646416,81.97644242772078,0
15.407049766347928,92.72399444049402,0
31.721829536387148,95.42573437612822,0
22.713343375302134,91.98985416949841,0
19.171659854783062,81.7979843915971,0
22.675890130001996,91.58630201434868,0
21.127639341492923,81.17651441507125,0
27.040158563646642,76.787767088497,0
15.407472839443816,73.60451506955282,0
17.13069441690443,81.9925239252334,0
30.3451718196988,94.32115979904074,0
31.62406847665887,78.49921859544494,0
30.30765466335631,77.72610141156717,0
18.752392024467355,95.89869261057525,0
27.567455222174083,73.40479016747192,0
20.141820370048844,91.51715784410787,0
20.659710588682483,80.46057628159235,0
13.50689289859492,73.70200165588622,0
22.94556738579483,94.6602583585223,0
13.053968364602937,76.1340613085074,0
16.605927031624056,85.94609013536339,0
29.391068708383195,79.33409761367837,0
13.56540557178747,74.36159002464444,0
10.24575070876681,73.99803906270317,0
10.193222110499033,75.56063806331892,0
31.485535508905315,74.50858374290405,0
20.888822379393183,90.91663184128251,0
18.507274274023672,84.36970961844116,0
28.31270781921213,80.97296861428819,0
28.92202278467508,82.76989731806069,0
16.62122463864278,94.92557590702498,0
25.44873225795026,94.49239682460785,0
27.34171147368577,89.84810377904947,0
24.496991691356136,93.87174379011853,0
12.21034196909917,80.41958114991762,0
29.90038030221944,81.88283268971414,0
21.674644202810633,87.42056937480908,0
15.406895464869699,87.6565932292096,0
18.89356764470417,84.27766041644803,0
9.42541576477698,82.34823785167777,0
11.63080169766553,96.2881751428832,0
27.20552143829223,92.35855674228668,0
8.508062167714979,83.16537370745723,0
18.681997903452093,90.12465383745169,0
21.269586868303115,79.22714122882965,0
9.842171186816769,75.19430026656721,0
32.27427668136882,81.20006860274172,0
14.030671834708548,82.40335150376973,0
15.937539291761013,73.20321073503183,0
15.931281672773737,92.2078153894269,0
14.135483465766479,81.36106517412689,0
8.54377468762877,86.62791576126234,0
26.321323454568414,74.57039263395886,0
32.122049875013225,76.97577024987699,0
13.98593070918294,93.99105240754369,0
24.702068252641695,87.30094397070008,0
26.627882578770624,95.43356807840337,0
29.22975226751639,96.58743120627781,0
18.830089850931437,81.66263034921455,0
15.906574153699966,79.92331072074474,0
16.452798932541345,93.24497487085067,0
25.912868996665033,96.58413128536532,0
28.456831274795626,87.79980331582372,0
12.943524571499397,91.73996382793034,0
17.567655527534043,91.42106306545782,0
30.53680024342865,81.26931761798143,0
28.210491719862716,86.48155118934285,0
32.561997713545146,92.64266140996659,0
26.929566661255343,89.19190185072156,0
18.1111927947644,73.31336152250203,0
22.933539297450075,80.82568418635512,0
24.652415707157765,76.24913259705842,0
10.423985891615853,78.35603020376821,0
21.80659278485021,94.36711277837546,0
25.832257344051456,73.687843985468,0
12.594439999236725,78.04244721216877,0
27.573957253430322,80.17963117158862,0
22.765866965770087,87.49608475131362,0
31.76487971629451,85.52522746604035,0
9.543901851875395,78.00599218423373,0
14.988113843816464,76.71970041371802,0
23.200153210107416,78.44711420027367,0
15.750968763689457,84.77356956832874,0
25.956901410058443,79.26561665709876,0
27.04575237104992,95.36972660150114,0
11.011631870651902,83.85305939355936,0
21.05817930453823,74.20929733512959,0
20.936940608553734,90.17164851757275,0
17.52710581183176,80.63854667964029,0
31.29357091960611,88.36756191287381,0
28.718824356252945,79.46599609916224,0
25.53644690484777,86.39759007262694,0
25.954519374202583,91.19266746717963,0
19.784750951054903,94.90324444145863,0
31.002183798120903,79.02633410524793,0
25.472603575239418,80.78167048372893,0
26.312439639579317,83.86261101157736,0
29.55374995568937,94.88339111261871,0
15.201713096442035,94.26943885702251,0
28.219708965472208,74.94929423036916,0
13.276342036563477,75.95044439330074,0
16.942423196002437,84.60642888604286,0
16.704740713142904,75.34785859497696,0
32.40732187951623,81.03698230261504,0
29.42787627511381,76.34221308513446,0
25.63317781371905,87.95215160246984,0
26.265440460979264,95.41479289526211,0
22.235865665843356,96.53942861569983,0
31.63955707745457,81.74312455773547,0
20.628420970724775,87.07060717050717,0
17.801557260482145,93.19525485212873,0
27.710095253396652,89.22643573335775,0
26.445864997961102,82.54312315681528,0
17.89528032392281,77.71736387864046,0
9.123102916769536,82.39813330151728,0
28.99948117621136,74.61793896437177,0
8.786651269415716,89.36553781739812,0
25.69496862973042,78.82671910733586,0
32.20537516779165,80.22334906147849,0
19.197235203055282,75.6921660133303,0
14.24677753004272,93.39503613916523,0
25.723574806661517,84.55726843343686,0
28.465347338933903,86.4309955008065,0
21.853813170345667,86.36637679499054,0
32.12668495811021,82.58239281813475,0
9.769736855803508,77.39319254247744,0
20.836925213435585,90.54938948509786,0
26.055324992020104,75.83441617819325,0
29.57694222565457,75.28249499808294,0
12.885923997050376,89.71641291013589,0
28.0470939747308,77.7814270434445,0
22.007116990532367,80.11305056465531,0
18.193220463653745,84.12356821386265,0
11.724790951435937,83.50751684978884,0
29.641795076578276,89.67913215001873,0
12.349024918336328,87.65197087444356,0
16.074048652819556,88.15108406879635,0
15.591861288711279,89.80948414740263,0
24.937901943982915,80.48351156401901,0
27.965955252671705,83.2372146025955,0
14.625215645701642,80.12946410230855,0
23.769727172682774,96.25859545371893,0
22.47212400172009,92.1901959081442,0
28.848859328227405,76.72954777504619,0
30.638083403580936,72.94268392904722,0
8.804695456666048,73.82807078761779,0
24.970066567442224,78.62008698276014,0
9.773817562190613,75.53051150290527,0
21.913123260213922,85.50704850454673,0
15.53293089692043,93.23638428417391,0
16.000501529779882,90.34982086693363,0
17.128450137225684,77.94265373505124,0
23.682248800966683,82.31589290469253,0
16.666627279206192,84.9012878933157,0
26.403247945089298,92.09862970116205,0
18.387970508330195,92.78704699905461,0
10.177239207588686,94.46779155722363,0
27.650358700824945,84.93345305794479,0
15.487150370126663,89.33857793797362,0
19.077693002427626,75.4712085802225,0
25.24908590992669,86.26772431900682,0
16.62770003827974,78.73027750542785,0
9.889828253894706,83.0876817664792,0
17.640440111767848,87.9047779461088,0
31.57502670555236,78.92774154278209,0
24.18152373548913,74.05190567865738,0
24.908010693146544,73.05314448088421,0
23.9506617707966,73.33706735278795,0
13.367969696971297,73.0082879623092,0
18.725180473804613,75.43679897646237,0
26.84876067406769,78.51117307498413,0
10.983713569928307,78.07627323098278,0
15.294064947781983,96.30284740729078,0
15.256606590429934,80.0947984909219,0
19.059424993740144,75.84309450977773,0
32.45234203963114,85.79808392715728,0
10.156462810529147,93.2354851312927,0
21.176551144919106,88.95255125184417,0
12.888587929498481,79.85853059268916,0
32.2156194811496,86.18028343130543,0
11.275107180910114,89.82856942841133,0
18.36534448893027,90.14398604189857,0
26.529909403612784,88.67824091680623,0
25.715842595262053,93.54148464182623,0
18.83251857441379,93.52470101956435,0
16.971297678166763,86.59264213602852,0
18.219078109445988,83.04338718032531,0
14.962471670949704,88.08380671002227,0
13.522837635199618,92.28923768290755,0
20.305558252323436,72.94406355990643,0
15.066456842395588,96.42665727155277,0
15.52875281959302,77.16377823454415,0
24.548413491059556,84.00504207340715,0
32.16337124277678,93.57051359792116,0
23.251036329112722,78.16719205792059,0
10.387927480390728,84.16089288410092,0
10.35383510759008,75.96597544527765,0
31.745375537468057,82.21535468118121,0
15.768819758701177,77.02668599572081,0
10.756425628308731,81.46663671814159,0
23.138866161615105,81.70082029949391,0
23.739799877459717,96.45460227581232,0
24.346884804260235,96.49370020962512,0
15.038815468829007,75.54229613860548,0
8.876841935584498,90.0931396479277,0
32.07735070070036,74.04144033886327,0
14.635599449993563,73.52830214162303,0
25.019070201331978,75.3172567006769,0
25.76653326729467,95.79548322149121,0
23.40662274373618,95.2092876805771,0
16.15024029640308,77.42647342761815,0
15.129043385225675,76.65854484643874,0
23.105251248563313,78.53608477389484,0
29.661331247250104,85.08348301537282,0
31.63083920541831,86.3728512710631,0
11.094425462134833,78.08512769793893,0
12.289318021309159,90.8229407857811,0
31.582052917469063,80.1792458956558,0
26.496942898666255,94.76331673749328,0
30.074053323013587,88.44455061128284,0
13.456885291925584,83.19801396511015,0
22.858998037921666,91.61548006382081,0
25.632438567120495,92.28215786338491,0
25.118856990083472,79.72519601703999,0
18.47649068095412,80.8973185481409,0
8.88378342998898,95.09243015387293,0
22.74518655313794,76.73160357163088,0
14.689539780359285,73.81300406042428,0
19.504805119125653,83.61950836353813,0
31.89577374206501,91.88445692993123,0
18.25383202879456,91.18113505793328,0
29.019124916300086,94.70140015866176,0
13.112701045684934,85.50377612509214,0
24.931979207810762,75.19180868060783,0
32.37023363607568,86.82482460740982,0
10.99641903592682,91.34130148388081,0
8.710984590689105,75.03142695566675,0
19.097620893905564,76.92007388153708,0
10.770066379874022,73.10211225068926,0
26.786346296515077,86.94299657917003,0
30.844749931434038,93.92059751578658,0
19.10832302102974,88.77644432175002,0
14.826561152383693,96.18960597293895,0
19.117661461793784,74.31018565828205,0
26.177295478895545,94.30786990495042,0
8.72891719256341,92.190585424933,0
22.90462503336002,80.29086470518085,0
23.4868378276788,95.98691835291021,0
24.082700401590838,79.66463264776311,0
14.418934640446778,93.98179118043782,0
25.947829328206183,93.7780890909234,0
10.739927196276083,90.84757766222242,0
13.374764403649055,86.2244303646895,0
29.939140351255773,75.66648826202649,0
26.550380799769897,85.47451814365493,0
8.84349994271367,81.30399464779343,0
14.574129387981989,91.67035753808233,0
13.74445023172375,90.85880512822287,0
15.121962228055724,94.48908028564969,0
14.554187402452262,73.16257190982375,0
10.03492266511512,92.07237856412586,0
19.716958924590518,95.15211363755564,0
26.404088722980767,91.60092040922761,0
23.326617106814464,75.90912934031113,0
24.942021653786924,74.74456773152936,0
10.48976867460784,73.3057770073174,0
31.747023899503617,87.7784714254947,0
28.987134974261252,87.80055129695812,0
28.171335071780682,96.30563576485578,0
28.60836627912387,82.28598849568634,0
31.288335518549914,80.71142193989128,0
21.800657914661823,87.67561509467859,0
13.399473749304526,92.4653353363723,0
23.572124689212583,95.11192379031927,0
26.6519443285731,91.93003117989903,0
26.530700950544322,82.96762186156708,0
21.243669130685646,87.92534129089667,0
10.179816408301987,93.19600891766602,0
17.57185475915477,84.48978337032251,0
30.996617251153793,77.96830844047844,0
22.782380772554717,76.85022303925103,0
21.65601819937379,72.81325553401355,0
15.074266631836096,89.90908753073597,0
17.506788667962255,75.4544679080706,0
30.375745504510277,78.61474569544004,0
24.785497244921487,79.90124735923189,0
27.7389491896553,86.15084999237953,0
19.60472818254192,82.28394349110171,0
23.900960459657178,88.8719292531499,0
14.574308864938251,74.13412795331337,0
25.73798059901418,75.76020591589756,0
18.951529509713886,84.69457272055392,0
19.316526767070407,80.83185320997309,0
24.36685156476005,79.85213283824191,0
31.3755321047287,74.40528372702084,0
10.07107148469438,94.13450443945624,0
28.651338721784306,89.28010243470351,0
15.648954395162285,75.7049473759336,0
19.35008392322908,74.35809399755894,0
9.042989989389243,96.01896306544566,0
15.860539046477092,89.02664491737309,0
20.78406290674846,82.74816472921776,0
9.879824685462761,89.51609508169109,0
20.50231908512628,90.81601270966581,0
31.15156385060625,91.37859832618932,0
11.08190603462078,84.18665475102324,0
27.178507903439076,83.04401544178135,0
18.513599649634877,73.07205321156786,0
24.50976613910997,94.86868456459118,0
14.863806732540485,87.17286694324166,0
12.403223187875927,77.64612595889822,0
12.426923096049729,94.70313313252554,0
10.229476006311703,94.59191508845765,0
13.042020299466039,96.35968993813705,0
24.73069794433418,93.61876769767824,0
30.042223598641804,96.56444139205988,0
28.392015227118797,78.63491291412055,0
25.241524878518163,92.86151702705195,0
11.204970102352931,92.40390283703383,0
15.570903371210829,78.30765648081587,0
16.07451310310785,75.1530706509754,0
14.612736124650619,96.12723996927704,0
21.086296148019137,79.85716075499172,0
21.588165084487144,93.54342177100247,0
17.224374858359855,72.90775801907502,0
28.744451963503103,83.90081969733744,0
27.785497049314444,78.49274519357397,0
16.025395295435345,89.23302742524557,0
30.826182289359615,86.27428013818093,0
31.77936882062592,74.65425784510408,0
16.488150481675817,76.68130406391273,0
17.164266654934345,82.04805672627701,0
20.857406116050637,77.22830401739112,0
31.493749118464265,91.67048405425581,0
29.911037722340296,82.71517118627946,0
11.01290188444471,75.0338969219075,0
18.099848860558915,84.34058567099504,0
22.023337337312334,74.97214725487402,0
20.79630496573153,75.87919939687032,0
13.242697067975504,78.51405660187959,0
29.483552029455552,93.2728691529436,0
25.041405861214834,94.82238853989837,0
28.972884549297305,92.4807878800418,0
29.48226996724619,80.76310682834671,0
26.785650308852894,79.29582041152231,0
19.235074709197047,85.88362844806987,0
23.419795554339746,89.99515627149256,0
12.424548880398861,96.45941139495311,0
24.960919726275442,75.94189472149279,0
12.885866449899593,73.98302863223904,0
25.456829633650734,89.34050975487382,0
14.115492356815807,92.6228734636681,0
11.37885550057775,92.95910938293804,0
12.544692778802826,88.96214985272883,0
8.556433987626441,95.52241251957032,0
26.062302220115647,84.97534299899283,0
26.395969544150418,94.56531943620107,0
21.08453005075409,95.85087133573171,0
12.448909292876209,92.97836211751832,0
10.548512370407318,80.18413584890662,0
8.97498461598143,77.48094139621053,0
12.556017883680553,85.85897258986698,0
30.266068035811912,83.5947347424789,0
14.407083161951544,93.7068985058385,0
17.1605145956255,75.19102301494877,0
11.080740186681966,78.94569548028562,0
13.938739105880966,90.7080962134286,0
21.189338995149882,75.0709125977599,0
23.351553033724475,80.4461597320603,0
14.50027240896953,82.02677560346507,0
9.91783048941686,87.63202010448758,0
18.058379916808633,76.57427300816646,0
14.22797018814914,93.29850491885387,0
13.870171511114894,83.46444680388807,0
31.95150421136801,94.6416686397216,0
23.560324900589677,83.94840186412341,0
22.108998630524667,79.35757322238071,0
18.66268520647687,76.18611678645927,0
18.984330986975216,72.8986620539069,0
21.718862730537786,85.47894043369863,0
25.517406537990524,75.36065342186015,0
25.657021405134543,82.13563316092436,0
12.701236641201312,86.83869941728658,0
20.72255119607966,79.37294437083145,0
18.56945844353244,76.98118563312184,0
29.769562287441225,91.25383222738019,0
23.92957814880731,95.3504107244174,0
21.51367791007619,75.20075433192815,0
11.32618120288869,76.5137462099577,0
23.299901228852182,95.66518373994897,0
11.370370724609053,73.70905503979719,0
16.743724441396207,96.08466760256931,0
11.996555672324021,72.92007441349766,0
25.41101151741112,93.60953251646364,0
13.545287604103434,80.12620263815023,0
18.07856648394631,95.15513257293904,0
30.383773404304705,80.35523517879653,0
13.498009249050996,88.38702206812313,0
20.910428518951043,74.71489061089079,0
18.74808526555406,78.57881302884907,0
8.95044027935757,91.2290180403806,0
27.870132821858633,85.3962889117707,0
10.19415788583298,94.9022997526168,0
20.091000971782776,83.01708061685437,0
22.20180635701858,93.51772316346447,0
23.856490077605756,83.49809187929625,0
25.326943543600663,96.12313945237047,0
14.693712489201864,95.66093940368621,0
8.75150002698526,80.64548465350043,0
26.177193984922795,93.90129610894542,0
21.590675496305956,92.98916883780016,0
28.92914911580543,77.82531358865144,0
28.569399138574553,87.67241233182384,0
29.105208933474167,74.53989803804448,0
20.35574873395079,92.72964945532766,0
16.656330841329677,76.96503428522736,0
27.840826149647313,74.49543445803485,0
19.530202868169873,82.33779215866839,0
12.988177298667221,86.54468342991734,0
29.389696515614787,93.16309792513387,0
30.06345455887825,96.00396403243859,0
19.896945516165786,83.2728014965844,0
10.356671067122704,74.24860160388718,0
17.980057417366027,90.64421147961843,0
28.133412867515915,86.26496968047007,0
30.53274174481477,83.47275829174008,0
13.477404131052234,80.17247759293203,0
10.143544089974808,84.77044840735526,0
29.936219394458476,80.87267903223561,0
18.01861928790904,90.83220387365014,0
21.739768741167453,85.75835251905089,0
32.151854828632686,93.6852199842511,0
10.133557488635008,85.75002502136037,0
24.342322084467334,78.48197767544892,0
10.317731706625244,93.0720316936994,0
17.67824562824927,86.07559828379055,0
28.140175535313205,77.73390731540007,0
19.094920575194855,87.65378065201665,0
32.86299837276729,81.32590984755218,0
22.16226359435836,92.91284705170969,0
16.35185483532097,83.6015196547779,0
13.883785535602664,90.10439065700035,0
17.068905084034277,75.08399641517917,0
17.606545084164964,82.2379248692189,0
10.18604352188794,96.21820731468955,0
17.5342725382338,92.0570719491822,0
19.846357558214386,76.6173210411031,0
26.15995280894945,79.42242038309915,0
24.547764330569727,80.6616525343515,0
25.818697771284754,88.29320165095181,0
8.712052889583935,90.83179656555427,0
13.824094984553355,90.65399714924999,0
24.66878064720953,84.94842347158539,0
20.328753044291012,92.11326401048397,0
8.637554535195786,83.2153195000843,0
28.156786256562654,75.7588100955815,0
27.3829089025894,86.24755638912308,0
21.90238884432381,95.48159615115392,0
10.131080838896478,91.68884702432098,0
27.22917121092081,86.58702562305612,0
22.764421238955272,88.20844865183659,0
27.606398720498312,94.96403226543453,0
26.868475612332205,83.00735246364127,0
28.120331657588338,80.69922892776323,0
21.159627045238487,96.07536423464553,0
11.93506945870753,93.36608645524262,0
24.900154083485013,80.50042151908845,0
23.6622537198306,83.85104468998367,0
26.636598547081256,82.69155142119769,0
12.656958261081662,76.3591236981491,0
13.269859822055643,95.61296553735568,0
30.25517448070091,82.43524502562633,0
26.825264751034844,93.6490634474277,0
30.690385729212345,77.3176343681907,0
27.03867034362907,85.85303841969963,0
23.092722285502816,73.37996522900923,0
24.484341264481728,91.00382437096769,0
30.223872796887626,86.63971800613893,0
22.644576554656833,87.70334287047699,0
23.953328159969047,74.0408547383876,0
12.329571362626549,77.83383514372434,0
20.082848206649274,74.5791463664236,0
26.005088765540933,79.68788246721925,0
15.125292941033052,87.74737338880426,0
13.447641926300403,86.28908039697293,0
16.1726960997558,87.3833731865269,0
14.406198676926248,85.88590400107077,0
13.756812557648606,79.3096849285242,0
18.88435141519225,78.6306586994519,0
30.68086096920677,76.07257445713702,0
20.892222419942996,93.02391617773111,0
13.097552647914576,87.4864494595488,0
10.387737029452923,77.24989636728277,0
25.510722609206816,77.02844597987632,0
17.857269825422556,93.59446096009779,0
28.58020881960352,90.49220615790934,0
24.615694516563593,88.5082688806723,0
27.955209978679278,82.4959945444223,0
15.149798582909536,79.04653302191802,0
25.417979095708418,96.12796013845355,0
14.957238125436337,91.78993265787457,0
31.44362285587202,79.9941661928693,0
24.050608060764603,92.98805992471155,0
16.43366675635387,90.87791656371427,0
15.090346146650182,79.88230163652491,0
13.170976296920866,82.96473812240014,0
25.473715641786292,77.23662198230149,0
23.047487987390287,90.01679442161732,0
14.971234131061419,79.17833937120507,0
24.67573310598454,92.33321916128342,0
28.411897443593432,96.51264356503488,0
27.510296624801164,74.63364077789475,0
27.090840328774384,84.07137361710396,0
13.092717295852992,91.90475677267821,0
10.666495362995786,91.59259837007576,0
25.578931215327103,90.90327674642461,0
17.504304593699995,81.11826323123795,0
19.067418952503928,83.61469761684046,0
9.268564646921202,86.97432221139495,0
14.847683234915095,95.99677549213119,0
9.330291790496448,80.60764388684964,0
29.981045308126703,94.78742350415774,0
14.452508003079128,79.22226600739657,0
22.120202581879497,96.35707826091365,0
9.45981043515778,88.76693007424838,0
24.794884472238017,83.84463763581746,0
16.39741038416545,87.4129091603056,0
30.43859094478899,79.29783758784684,0
16.45268864185554,75.51297137791731,0
30.512881756501827,75.52477413217784,0
32.83797153895141,81.08676104265199,0
28.66776209938704,90.97132673255867,0
29.142948468748735,87.2838890871151,0
14.589576999896238,75.25180141114724,0
22.593179690783607,93.09928299330375,0
10.150439043525186,87.12667403941514,0
10.826057359409077,95.68525170686323,0
32.9047697834784,88.76506785063113,0
16.485627659118226,76.9800088508614,0
26.781450800152903,84.08918741698231,0
28.209796448864566,88.24872976814859,0
29.464171550840454,73.48241724054054,0
32.873890114036534,73.16447894681578,0
14.406097494582825,75.89028652332051,0
9.49330815558778,78.8010488535877,0
18.55073553627577,83.03607237255196,0
11.684873310121702,84.41433169272618,0
9.055508784103168,76.09561852503468,0
17.310856763809063,88.84139796420017,0
27.649831351419742,87.00217017007198,0
22.336197096688462,79.8200099813397,0
16.14707970359853,73.13471027026357,0
24.48945244555954,74.65811749787738,0
14.174599008005426,82.13484778998165,0
8.859030994995125,76.47527362050374,0
27.176374667868757,81.78070436909299,0
23.74210322486365,87.76507671157513,0
27.126286779053935,85.83795903934734,0
9.45880162531265,78.3132637612113,0
28.95362016155186,80.99511928691608,0
23.639109866764827,87.42816442299394,0
22.268167832303735,93.30446964259973,0
23.76337566497456,90.74177205332917,0
29.620729049146583,85.98467628484163,0
22.843137933029453,81.43485939308943,0
22.696932543740083,81.50052764981926,0
32.70416404173727,93.74639470340855,0
26.99018486323827,73.74379889286476,0
19.310379007839984,96.3310845237378,0
25.785269683846217,88.62674382517663,0
18.014358092142583,89.02581518682877,0
14.097841146311115,73.71414073122173,0
23.085311321368717,87.22575326253619,0
31.17773345713689,84.35094577343473,0
31.201117566682903,75.32785142387281,0
16.8584857339256,79.42618107657356,0
21.395792840286298,94.00583057605317,0
13.676781370630488,85.90345370852768,0
32.825110719455736,82.65199366260211,0
32.47063972159596,74.53989423478971,0
24.371409215685006,89.8110839467206,0
28.154818100254296,89.54275451965748,0
25.973411992116326,87.42845984128462,0
22.995097279248302,84.95767489980088,0
9.810751541423882,83.13690457458844,0
19.61495988824332,86.93391426781929,0
24.988784738123144,78.36610656215987,0
25.055836337642624,95.21870400963154,0
17.620939260999954,86.82733762441886,0
31.50769949736486,80.21827324553125,0
12.595312627047576,83.51533848912004,0
20.728576463268638,91.9909936912965,0
25.38195495976067,76.65720507288809,0
25.534649881343164,79.78123972049092,0
24.35016096299001,88.98701635782486,0
15.231427970743447,80.32056922627477,0
12.322973274110065,91.6771343662364,0
24.040009134228026,75.91529618213758,0
23.14515605960246,90.96729591347048,0
12.88837613100134,74.43679643813067,0
25.730123759146203,73.10930101867778,0
19.624916327603746,94.19412708706527,0
24.817188511617488,86.64984386156691,0
28.95966393729114,81.1856856995047,0
12.653231702961104,78.3470410124979,0
8.975372996286785,87.4961254932807,0
27.53660969802771,84.92766619496577,0
23.399051488926922,96.41715244450747,0
25.595801903512857,96.2176014132965,0
28.97890752057549,87.92796801308393,0
28.115663316852448,83.35322371951214,0
31.9773288273717,84.50243193945761,0
21.597477090493634,89.05775004045667,0
20.438814222211647,75.22775526104725,0
18.323486511109213,80.6268043841427,0
12.261533973659478,74.60155817941909,0
22.493159198632213,74.55605022074337,0
15.273542606212022,77.47197996085293,0
31.00982830525121,84.36225905684663,0
22.751652755652234,91.49316375820412,0
22.987329493859864,84.36803567315083,0
17.17647164219673,80.79642314648392,0
9.77756794313177,74.77013446451053,0
9.28308895300128,85.91076522433175,0
18.847331931167723,79.26777841372966,0
10.573206064790108,87.44966227825628,0
23.329431508884127,96.07408276506547,0
30.02469675696912,75.45963685829786,0
30.07212362096923,77.85971573389834,0
24.604328582355656,84.0727881037631,0
13.66691242022979,95.86995744547312,0
29.585645981196564,91.1845078924054,0
30.149758329322943,94.19426217977077,0
13.310852763485194,80.75447966090864,0
26.51870123512976,96.4276444517939,0
15.505742542707008,75.25771180668248,0
28.111496027008833,74.07066252554469,0
32.864355030435185,93.1794221080879,0
9.241134315270717,94.88553457777816,0
30.42507660721575,74.96612811099675,0
23.71493022973636,75.5099450134627,0
32.281712731187476,73.59930006386055,0
19.865188437983512,75.29758365405355,0
29.204413584766506,77.79530207823788,0
10.031693144222956,95.90478341925743,0
16.69664648435316,88.70970913441342,0
10.144592509565067,91.34504908010754,0
32.32959640861179,91.28758631987262,0
28.461580303588335,85.54836996188111,0
29.330429184520362,91.79587035980842,0
31.416677083656936,86.99430103080536,0
10.586348835941447,80.29811598245048,0
17.925628510604557,86.16823552542436,0
10.242736876929868,85.51110703102879,0
13.656196863627137,92.41401503345523,0
14.109816607942708,96.18215725598515,0
19.965270663001913,82.59547397434623,0
15.067150763186781,90.98406862122157,0
10.974071185740389,75.18462667360863,0
12.598586836914901,91.30406042610032,0
12.104842059342312,81.65207870149214,0
32.27424334108975,73.74728878712716,0
27.052767550818047,81.45755241289297,0
32.144421451079644,87.34749331468973,0
19.248016647233772,75.64857102460837,0
15.306660560637912,94.80862674508684,0
28.00532191863511,74.65870073675163,0
16.47621631047598,94.95081168370487,0
15.819929096534487,89.64481081438225,0
14.186513344690788,80.65918526148698,0
11.675062378834813,82.1123631456503,0
14.771641719700062,90.4464597046541,0
17.18612127694091,87.12913751373851,0
24.96943860310735,88.79976646469368,0
10.035864125750335,82.07461054892181,0
13.649207634689693,84.42321215269595,0
28.267402675428073,96.3759582010541,0
12.096204743080802,77.90250938476743,0
16.876556308753884,82.75769055330107,0
29.626240943823724,79.75713598457287,0
12.291679790329226,91.02503765598371,0
10.528545672572104,90.99887574793551,0
20.342152728918457,79.7719508773331,0
15.894083838029474,74.7472154273999,0
22.26848568115511,73.08168562208206,0
28.13993972830351,82.98610978577179,0
11.857497978174637,82.57869024129178,0
22.69079489678746,96.34077982979548,0
20.8543435117858,83.99440217956689,0
12.026763841113041,78.91422905315704,0
23.748341140581303,94.02761425095045,0
15.191182147506446,84.500693514288,0
20.422662260672062,87.07448777864651,0
10.51720042961374,75.08715100057465,0
19.73267678550102,81.92585512162098,0
15.992853594420154,95.28928453253282,0
28.59364850347253,86.84426143977943,0
9.899428631551096,81.01129337165663,0
18.731858270148614,87.70519027965096,0
19.704524830529415,94.48428499323802,0
26.21535444351465,79.33258327896527,0
22.534199941703843,84.83516224716709,0
24.80379792473176,95.63370989422836,0
27.48645980125437,76.91385393684514,0
29.566256770016594,89.94303564478957,0
16.17388526951508,87.43887335418405,0
21.64846536114598,88.99099482290558,0
29.026610194778414,81.17122808884798,0
32.67417068476578,80.2822428212957,0
30.23343205064463,89.09895173237004,0
17.580508786976825,77.94108771335063,0
13.274532563637539,82.80051007263228,0
20.460720258427948,77.2895036390876,0
26.621657498918438,73.00721908296349,0
20.538304031724508,95.90432491000473,0
20.309006090177025,83.08735068792863,0
28.98075021887228,95.88747512172672,0
17.3347178754211,76.15027885834128,0
29.507436385859712,86.7933462016222,0
18.44359418958655,77.59422747074366,0
16.524556065861958,91.61933989176228,0
19.596045146931317,91.46765780849478,0
27.12981200249888,75.49041609611173,0
11.585256401048614,94.52364775410068,0
13.30512852398923,77.44318230542373,0
31.74590321436677,87.40307452558359,0
12.793992293423504,96.27515968062582,0
22.373971967163463,93.81732315679182,0
22.656976935841598,95.58307747636646,0
20.466384794893127,80.9659853395419,0
24.25506088353898,75.3230121615119,0
14.12107483828052,77.2936039717445,0
22.006022599629194,84.72512730856654,0
17.597751978089995,91.69446627913098,0
24.668364735856244,76.38431141310001,0
11.957027284460224,88.5161838032891,0
22.450910104717078,80.51313528791545,0
13.032828324286942,80.93273316686995,0
15.3133669486489,88.56823212510355,0
13.849554620611176,83.92767741042685,0
12.973415005852937,92.14213691004201,0
28.674974211160226,76.5215595433146,0
15.485910680861227,91.61634352265003,0
31.15188510013396,74.33879287282417,0
32.19730096208968,77.42947462418448,0
22.46026580838604,88.43090899647986,0
12.000442949841116,93.16330500326205,0
17.655758780083467,78.82521824653382,0
27.991621648323402,80.59917632217694,0
17.480943364696728,85.59710426777873,0
10.633089904783144,77.8465597893273,0
22.10671419538257,92.12125681743424,0
29.149042357762482,91.22800141693719,0
27.94751485806629,76.26856003805062,0
12.784992346555576,83.85221446787351,0
24.93940695821773,91.25635927190555,0
13.893382657052111,80.84053690435546,0
13.837287261987615,87.8823109721487,0
29.856140791561316,74.00495842959424,0
14.605702156425785,87.30097331716624,0
14.937341371130795,76.44381482543065,0
8.523736441220601,92.58377032349406,0
29.773032158253194,81.27193063959032,0
27.866144367461338,79.51264708213543,0
26.832298031219374,74.0033133566465,0
12.221418090493891,82.25183934582428,0
19.701891197580345,81.61842959291276,0
17.085973898260335,79.58993902201729,0
10.798179503639641,94.51626449244824,0
20.38104776955517,90.68737040504413,0
30.995958824970806,74.33136287690078,0
9.486183472780295,89.82455724303806,0
15.626430621965948,85.36327429879906,0
13.576765851496106,94.25708356086552,0
14.324281078262064,80.26001224468834,0
30.695418624265983,86.47897089648507,0
19.93991468084863,84.73132634689823,0
19.896692893440434,84.46481429158591,0
27.08410690278791,83.66831595903194,0
12.281101564829838,77.70506280833514,0
20.408765851090884,90.80120756462291,0
19.00975349722099,83.55476835328683,0
23.086747788447934,95.62955833521679,0
32.9210139970851,79.01874618399319,0
27.30082754364865,89.06405368325031,0
18.22526531596438,95.2058006097532,0
28.719965750217852,88.60491008228699,0
12.677165666836427,93.55249528995357,0
9.251824252440791,92.50991017079727,0
13.501232955085968,81.3830709338704,0
16.822003010249553,87.09706472365815,0
20.978222164350182,76.5297215372134,0
23.53171591562213,85.55913420219319,0
30.748447250368123,78.29531487414448,0
20.96047204531493,90.51615553197519,0
20.750953728667994,85.38135121029691,0
9.734915214813705,82.59987356905215,0
9.360459112105351,79.20893793844358,0
21.969330223201197,96.58620385914799,0
19.20986939434454,74.516761850967,0
29.00395241810469,73.8465791792572,0
12.432222390481648,77.98189684116377,0
9.117686841200994,95.92849206254895,0
19.47511823225455,96.12289874753,0
14.307963453412928,88.40181648185722,0
9.719561373015583,93.76280669978324,0
26.205394578182243,77.90343455972109,0
11.233329746257121,95.95157684510785,0
23.36539699190488,76.20887744881921,0
15.37214796626994,75.21705713142059,0
12.745252242963325,75.4809975408219,0
17.782843880772802,86.454351927617,0
28.082320630377588,91.40269643023116,0
18.0842866845759,81.53899850401412,0
26.844604944593158,96.09094452945588,0
11.572660165577554,83.15203997807836,0
27.38197703697069,76.391332457758,0
14.29464668973166,83.90309189112361,0
25.052453999198164,88.97580633285617,0
31.20124450320447,83.73171322911668,0
17.96775815679084,86.9419072964625,0
10.123799130700226,79.17436003021722,0
8.975632319846428,88.18728042653929,0
28.703003467819073,96.28321439026715,0
21.32394150576993,73.9773522495627,0
27.442368700704286,93.9157473836407,0
14.233397919919188,86.19614751831332,0
16.936116744803662,78.81138673627477,0
9.243036139005993,95.54321820009031,0
31.991303716306305,84.31704940739232,0
24.81980957971262,80.70627868786194,0
14.992272521793737,78.62934244160543,0
25.07948746317316,87.43718303472019,0
16.26362415873825,94.55176860263578,0
29.22203075240587,78.3321329987524,0
31.64128619660943,75.69352961323675,0
30.11951361195461,72.95443005033225,0
26.558778400063197,84.90052195432992,0
15.284586067161442,96.57688192338594,0
15.385979102480299,89.35501768080081,0
32.036927719717625,80.15166284318269,0
8.7589669264348,93.68547731852635,0
25.996610236118606,91.42050137473888,0
25.757161584788832,73.17649949524876,0
23.7163714275624,92.25706109397169,0
32.69023474433469,79.96434787303937,0
16.125133399471007,76.37287944603236,0
16.811263947998267,78.19791446989996,0
10.435797030153385,83.96530272282395,0
19.322696809948184,82.9246238985778,0
14.88363729950644,79.68723926843879,0
16.894668092750557,76.90962042742515,0
28.89139167809458,90.95645434825597,0
31.356087933581698,96.38172679712794,0
13.044129732952548,91.32692083124206,0
17.605950549182232,79.85507558586407,0
31.188686759250224,78.63783586252204,0
10.017390234006749,77.99162170095627,0
10.763595110173931,76.06389395796188,0
12.483791415500498,85.9354068146039,0
23.045279277595085,87.22268438134991,0
12.182918565813203,89.60588863924316,0
32.152112976066384,89.00380906904377,0
19.41835088821287,79.76928085170827,0
20.756872057291993,80.67344202007645,0
14.532177570719922,89.03478679030519,0
20.010529417498894,81.12904110300798,0
24.674382159726548,77.87156698526782,0
26.85455744098543,81.72157910300433,0
26.920281204185677,79.28719527752764,0
22.622212883489745,74.91202188982832,0
30.595896116042468,92.57318964234285,0
28.47217887176587,93.12011148852008,0
26.997950428449826,78.04124702378002,0
9.865889411789095,74.35157644691415,0
8.675765615223513,90.3992745919513,0
13.696598513558442,77.84550795068213,0
24.713703916199535,82.17629016751104,0
18.550881369474197,74.33641220333942,0
18.336164038176438,78.19645613035755,0
30.112962365095058,91.68667164276567,0
30.381039634187367,91.96032124525857,0
30.71350980705224,77.7397113146309,0
16.173948278468245,80.80683269100808,0
25.38615189347201,76.00540666787393,0
15.142157323500324,74.57537898830805,0
13.163239933892607,96.43081660435625,0
13.017248277989271,88.41767755711224,0
16.86342776127412,85.71556564107571,0
19.009079531963522,91.03425099311424,0
28.802912686653436,92.80979659392582,0
11.436002703166105,92.01551511603077,0
26.457635316355415,73.20326608146411,0
21.488053375521126,77.25696452967095,0
15.540566184364842,88.40128241217766,0
20.54442258996304,81.75546206711893,0
15.83357471099384,96.20014238684101,0
23.066506725229594,88.65125102764583,0
19.103998748560983,95.58271988886324,0
12.523224999784343,77.60547538661375,0
11.35520752121583,93.37832109868376,0
21.860294479651735,80.46015607763408,0
30.54834882129179,96.36875218943514,0
16.90861383732865,76.56370302122914,0
26.4106009639195,85.10235834155904,0
24.594948403483464,91.68529687978871,0
31.260111250323305,83.1097180590519,0
28.559450113850154,83.95350019888883,0
22.34656675413239,96.29235300910406,0
24.555116296239206,82.93510459684326,0
30.450003800453132,87.19106130871131,0
18.265640244142695,74.10796333405918,0
16.48942453302163,92.86057650452099,0
8.77182832477064,88.24088397800978,0
28.69549339878236,82.42828536272597,0
28.070961600575473,73.19445939467982,0
11.058979189334313,86.89576786335576,0
22.596964983859998,73.1108536566241,0
19.840084938200327,72.83815526682558,0
11.40713353919526,87.47738357709757,0
32.45721429630446,77.3095597438102,0
13.751518657694962,77.377899298548,0
10.149908214477609,88.36238692516055,0
23.036353399702804,74.08790600433237,0
26.5538862942716,80.27096245186218,0
9.300177980844554,76.36712840230753,0
24.596323080879877,86.62215915744123,0
21.508495361965167,88.56459965655188,0
11.029926570022075,89.9780788503714,0
12.721507842036269,78.88596569071996,0
22.380004201214028,74.93433041954079,0
15.74602781259747,74.68277611253905,0
31.42523764124897,82.9551839585348,0
28.504721025603132,95.32787047919831,0
32.53046148643358,77.99312535135255,0
14.849988611996253,78.9219244548432,0
32.19234550667067,75.21142932500763,0
19.040250711602756,87.22672935408178,0
16.99559049529496,88.99570262234342,0
9.737516793715692,88.11620689521683,0
9.796518698395456,93.3110218760348,0
25.409487675316363,84.39017548829186,0
19.69225346817091,76.01061154489963,0
14.040350953897125,79.69956763622014,0
23.50341250391923,88.58042745392378,0
14.683594458164148,87.40651788302719,0
22.61587830512812,85.45145790195022,0
17.281106326907477,89.06930516117046,0
28.62224942953167,87.9843037745239,0
28.552492766888356,93.79180975766583,0
20.166602582881424,86.76119624992626,0
17.076197492573378,91.34619978152165,0
17.36295249134666,78.73064287003132,0
28.186580731901266,88.95546073729531,0
16.523246378549477,94.28865789027805,0
13.613852227741988,81.99289568561758,0
10.576209336860675,91.35817096986042,0
19.906308831503775,90.06505899817755,0
20.283391028066482,74.22668124200332,0
29.04616486082044,86.65386956795393,0
13.911320477299059,75.90900766707445,0
17.81312360100955,95.83913498352251,0
28.252311027789432,92.12723828797138,0
28.623992918457958,75.42177024571305,0
17.901533792615744,75.70813381687665,0
19.721440899079873,86.96254925086461,0
15.915244326168285,81.02051454307116,0
31.28453441241043,73.64052787199627,0
11.40553792242678,85.7047331096219,0
31.313710015478094,82.04319590133974,0
25.210558664742116,75.21589779667381,0
21.490916813115867,91.90137210350883,0
9.305444163526408,94.59536395396057,0
20.12375778036547,90.82225383688886,0
18.466633484205957,92.38947540595142,0
12.445392498011852,77.96364031339587,0
24.539951539259413,79.08456310785526,0
32.227205315968604,77.77405903590557,0
22.238699261281287,91.02389300428761,0
25.964939663376136,95.37721596097803,0
10.179614500451395,89.87573799838665,0
18.70889285701701,93.79518748355535,0
11.34972214124027,88.01545005425916,0
23.47472718395869,82.03878673793471,0
31.42930252332757,82.94590054216008,0
24.671062928832214,74.6027293073976,0
10.38361862200531,73.55842315268686,0
17.17015910549781,89.36716758709625,0
21.95720167361624,83.24747914804566,0
18.355739827842484,85.95646515357352,0
28.868731548859493,86.08612610840773,0
28.40533412236453,79.4131773773371,0
23.45116249450663,84.13940137115016,0
17.629129293539933,84.01721342179593,0
14.744123466651049,82.05705487055424,0
11.093656442197355,92.34788511864383,0
17.175812745369015,83.55067273895314,0
18.59911953766258,87.18088170963595,0
10.22010191367982,94.00839579669119,0
18.161606804768326,79.23769525429014,0
12.947552082305643,73.64235223706699,0
12.337777578604978,79.02489744120003,0
28.713837696956624,79.44487808526068,0
9.531516873939305,94.45926875696675,0
18.745916770835223,88.26646971815921,0
12.615990592876809,74.75468254198239,0
29.984573191430492,76.03255164646752,0
22.112957036986106,76.51578893730444,0
14.159027610357345,87.81838554966379,0
20.77908149061477,90.31800914092281,0
26.373629135966432,93.27563573312867,0
31.90888930027166,95.20388340426427,0
13.891959732337096,77.61161957384361,0
30.151915871136254,80.18446728683989,0
31.32725781396688,78.5310326446799,0
30.890468817633646,81.35078418214789,0
24.027162823468466,94.58556333136131,0
23.89054201907801,86.50160170879656,0
18.355810097036873,90.3841438520135,0
26.884372972613825,84.47810683674322,0
21.484123649342852,73.49654025475331,0
25.05355164821008,74.33784623003531,0
18.972450412070124,85.61620477228612,0
26.373875924757897,89.92220651639437,0
28.644702228287095,77.9360224469405,0
12.084342793957223,89.99649934564083,0
28.85128558257705,92.10957942870567,0
21.704001385713347,82.61582747662685,0
29.137930826850344,90.58001770559027,0
19.041907554109926,82.42851980813536,0
17.76547747249082,88.95946149736999,0
30.85725671639917,90.9985049111144,0
14.642345903317729,96.42498143142782,0
29.12685247847938,81.03259665744486,0
20.329515180045227,82.59543148127837,0
21.06406496894273,76.75253103221894,0
16.0418192355676,77.66800811178211,0
22.503782867460735,89.31763326941137,0
16.450748833767147,94.64223712626482,0
9.466895691986364,82.20413236161579,0
15.151082455116622,77.09118083848205,0
8.66358000284018,79.59706050046552,0
32.403153152056284,83.64322992204367,0
32.09522519808212,79.72921293992859,0
18.159066266118934,78.37047840144962,0
26.29753591249245,90.33159055313703,0
16.953759519898046,72.99626945297118,0
24.898583219840262,85.64733323336351,0
28.17963251733476,91.70725407405419,0
31.63138913142727,79.14778050987752,0
18.282578101561096,87.17247726428262,0
15.002824761692056,88.40412491435649,0
32.69569248400626,83.42414987761647,0
9.137175676730896,81.0607212961703,0
24.615577598948327,90.8663462260061,0
25.312629292700215,80.45784357953467,0
11.448128879732382,75.26214904532976,0
31.430465724494468,74.51907178162664,0
12.933005413876623,75.05399325626472,0
23.717931202603985,86.68627306175819,0
13.946427167386208,74.03945706686208,0
16.011243649386365,80.83095059181258,0
21.854502554719517,90.74144501126638,0
18.697326187890713,79.81724990046649,0
12.421134274174179,90.9821020760006,0
12.68273530283748,90.55734815085172,0
18.72056247574718,78.66207616732049,0
27.0036867455336,90.16107252877225,0
30.439701258903284,90.6123343932243,0
10.562515276239866,82.27195985156362,0
18.108963039558915,77.81912564656811,0
10.956179524863488,85.21975377653148,0
8.913033388601797,94.74584814185638,0
24.669620693557455,88.03729688455547,0
23.222026467311863,76.92638521753557,0
12.489363139763913,89.06436520940898,0
14.218431677007253,82.98021724058745,0
9.08681709179255,86.89243423350953,0
28.90056083928856,90.28586898597929,0
32.31365880917517,85.06920691117693,0
11.816246964893816,92.1885781316092,0
14.161337572150158,90.00235616414068,0
29.717845794276208,87.4529754064253,0
31.13576562763693,76.39952861356372,0
18.75677342466443,92.71151728835824,0
9.74418322027087,95.09125004456273,0
9.46988566939563,76.07032320846331,0
22.525951723510833,84.43339345480099,0
18.10386333286087,78.97304291332375,0
9.207585999146009,90.77295700096253,0
22.7531569842119,89.98983466881273,0
8.783831590719375,76.16364927615267,0
27.73858115351147,93.68949339574296,0
15.9921051114644,77.11805060553844,0
9.49104102227446,91.79039573233219,0
22.877715396872922,83.68914673811206,0
18.220837516569233,80.62490500062145,0
21.799307177152702,76.80000824991954,0
15.230230401147022,88.56758514024708,0
25.835140263821096,85.91397604282477,0
15.13870916869892,75.71607187219183,0
30.59305111642645,75.4925757249789,0
17.660001898170762,74.53104774791244,0
21.93778904066336,90.51688243839165,0
9.742977443464891,89.75776800169248,0
18.915379593853558,74.20060691665856,0
28.83745728017822,86.14823627608929,0
28.18497557663357,74.82544365440984,0
13.986543155837197,94.32559914546879,0
14.02954197283966,94.40587030944064,0
28.469674550692517,89.43281456924416,0
31.231864992722514,94.85991872306477,0
10.836876828778664,92.12832219764971,0
19.500027613113716,92.53508956871265,0
16.749774358779298,86.3729278969353,0
29.773506505615075,80.09606251277927,0
10.54779374605323,77.99479381496607,0
13.664326185277705,80.599376692696,0
26.886093775163154,87.77252436597706,0
20.537481184908973,78.967126575388,0
19.305817311296515,83.95294792256695,0
16.67520532691479,78.3578845001435,0
18.14482748746083,86.82374600906238,0
21.451067387986505,94.78818870091948,0
12.449020601353618,90.61977971095666,0
22.478227450279086,88.67557823740694,0
28.17968835689104,86.68275225656424,0
27.073977944618,84.42641255974033,0
12.266635223550043,77.2511545353855,0
12.153052820442754,94.11048916256163,0
15.057679128104564,78.72656808976097,0
17.32668107891316,74.9833534516288,0
18.483912915298113,90.66562888237121,0
25.108729107829,76.99050020054077,0
9.892143067050675,81.66348466931646,0
9.354625468810918,73.48289880442387,0
18.079816744523505,76.0727710849408,0
25.53533097609801,76.93307834800645,0
13.232250296513843,74.10487945433664,0
24.175908257180982,88.44298525962014,0
14.853830488607969,92.73672213006391,0
30.14957938661115,81.69727746698435,0
30.384143835097987,93.63114563899913,0
15.76873217346331,77.88878910968938,0
14.125154340656653,80.55629433311468,0
18.553482118870235,76.39819960161822,0
14.382530737796351,87.58358095118493,0
24.93010698963979,82.8056250598671,0
28.683613799328675,87.4103598037744,0
24.94740623384827,90.94322002840404,0
28.64174520124991,85.80142823777746,0
18.20392992144226,87.75192892409174,0
12.325669737370475,95.07564955750281,0
26.531520475801926,79.92953037323136,0
17.312021253126424,81.36036371017617,0
24.902922593439143,89.89635914753376,0
15.117996104763883,87.36327224534436,0
10.49173374166815,77.05995604608113,0
32.75063415613116,81.76469855106365,0
12.32284967000927,83.94764238668914,0
32.649010578803896,82.79420325150164,0
32.376900864417905,77.05381137134057,0
27.896022066796043,94.81804505187125,0
24.613549925776653,90.95854875959404,0
22.620159739131125,84.2694704305158,0
29.661475636454995,89.00018214301039,0
15.577060068660675,94.17172770057414,0
19.930442018963124,76.05149176736015,0
23.63578256361756,78.770303975586,0
18.550710083372152,85.72996305729956,0
18.948723685601884,91.83209122794183,0
22.28859770954746,96.23669907424838,0
29.282243163958192,83.63977538037722,0
13.429914897528562,81.36196363426839,0
31.33040667303966,79.77859267151355,0
25.338081502166332,76.96053044517258,0
28.615434782472192,91.65504623589433,0
22.09220098468949,95.555704255884,0
27.54672405949217,82.65742609348524,0
8.903457131088512,95.48443665027492,0
28.4959331415864,92.4222182510165,0
9.488131046470674,84.26221611710666,0
30.24305671723682,88.85650632451943,0
32.735514497756064,83.16546849259484,0
15.690093067794384,86.1114136984679,0
13.644606551742797,74.19144919737207,0
27.20104239547007,89.38592497827774,0
14.687703135164869,74.06713276023854,0
29.648307117895257,92.26240511992947,0
11.019609447777249,92.44958076304881,0
11.58411258705689,78.45376256817922,0
32.422613445568075,80.51516315543822,0
24.965645308696793,84.26838828649849,0
29.192184318581717,87.01466552274736,0
16.429211254250497,79.65072689911831,0
25.03024325791784,86.91523265069144,0
23.02156336951664,79.89912232545045,0
23.239139857698003,74.13060588513628,0
25.177977185279524,72.86967512285764,0
22.56037269364433,75.21767303009399,0
18.987213899690133,91.67115907178788,0
15.24692455748107,95.69895864151565,0
27.279638147264116,82.97457891296548,0
14.034264580352687,85.01532063171067,0
25.417866346856435,76.30561568636772,0
14.206707883367407,85.92828362488984,0
23.780866252485254,76.25339906396248,0
26.754446485875995,87.36110132073907,0
13.849654480319398,95.02823304757801,0
9.971835498244038,77.46863015717958,0
11.70668576364435,91.01199598475088,0
23.30867136253025,73.36903839670758,0
29.254689873749896,81.74922191724033,0
9.606782101881082,75.44616614239133,0
26.438716740462354,81.20112604612352,0
16.844157807476112,76.94101318631745,0
20.195373411606482,81.69702948029877,0
31.194279564426886,82.7497535357382,0
16.615862869006378,79.96588026792004,0
19.873185269117243,88.44215182025192,0
8.841957827213854,94.68524479223623,0
10.500748292820674,82.34675048213235,0
14.823629021612795,77.3887462429788,0
9.188042206860073,79.25478350307493,0
23.92851337868634,93.14128686554626,0
18.922147955347285,86.41892132330146,0
21.8956976282042,83.64226160374402,0
12.773367621938633,76.37200467830085,0
15.735633330651492,83.51646834110701,0
24.721052643895405,79.43975128341162,0
32.08436905020521,95.2640353673629,0
9.739159228076993,93.85716710323581,0
30.254559083730705,74.80702570605777,0
22.59754676882101,85.10982610975,0
22.280971305209,78.1676193219262,0
20.726600289685294,82.58915360649655,0
10.202661837593077,93.68522531949121,0
10.702933702341845,85.3684021600053,0
23.18447606348478,80.7663940978301,0
16.835363333610033,77.758841489142,0
30.91116872884941,91.86338615204328,0
18.43836100732383,87.67783130920961,0
12.007289888047314,83.95305738153498,0
25.964098427631022,77.98730007662009,0
15.672653309252032,80.767134059557,0
21.341885106797122,95.66115475232836,0
25.551672938372093,85.19164000663905,0
30.49586346521255,82.34922427106218,0
27.856286375869644,85.22335434339577,0
25.027246876605908,91.35541686202104,0
25.10716512823415,80.90670812648997,0
31.61107808474567,77.06407992826607,0
15.732997196773248,86.73547777521937,0
8.534939831652364,88.64647308240517,0
15.150006675224418,89.77766927185623,0
13.829565481863245,93.80758714480687,0
24.6724514999677,81.64629840138899,0
23.985574618300845,74.60352600939963,0
23.002501760331846,95.62556599102454,0
8.904508485081646,83.1661291147339,0
26.30748138374998,87.64782158046991,0
16.409697305466697,88.67269057838821,0
24.751131193213055,85.82072895750855,0
22.101671060624426,77.6962076381269,0
16.87865137605609,90.78771164281956,0
11.794673951814977,91.94497784111954,0
10.81386880763836,85.97457132947153,0
28.81681392274689,84.44101265724413,0
30.938755082232923,75.52210494307431,0
24.378226381475024,74.80819513197179,0
11.034056821149669,80.89375457807436,0
18.32690629167087,80.21002890824988,0
26.31141721144723,95.51385715103376,0
27.55415342673549,91.46574732904301,0
11.395154202351673,88.52077304499616,0
8.508528278267518,85.13350523242354,0
25.901040746927464,76.79413428760559,0
17.217296791861212,96.10429312979505,0
14.723239884237483,81.73835268108647,0
8.822786300884527,75.35515159612724,0
21.704071604120927,84.5657110315428,0
29.296316476043117,93.61737372110068,0
31.897010360177447,93.9338491101041,0
22.325554551136218,73.07057313003791,0
21.07300136293872,93.91015433936045,0
10.585198448319652,79.27291209012921,0
21.913468529787693,73.73734195992739,0
17.788401718441783,92.9934279418155,0
18.002045352584652,87.00438471725191,0
14.376853083518862,86.48544081924693,0
10.827213554485061,92.16801538328623,0
16.19935826853544,91.529714074965,0
10.868235169899805,94.00085517902713,0
12.828315967530072,85.96913988067355,0
32.62251451743608,95.84694201318396,0
19.354580447371802,96.52545494534333,0
21.498234592599736,75.58415794601835,0
29.845070728706254,93.03517446889907,0
32.823591324233945,84.7091133675785,0
22.74001824436226,82.03655923667753,0
28.35167002354551,87.40533550127161,0
16.492998221208367,74.14191063797111,0
15.975280239811472,84.86716931265981,0
18.343429254124032,93.54339271511816,0
24.93312138939706,77.89152560316657,0
25.169654198719158,82.9608584338031,0
16.207198142187124,95.17636973564056,0
11.761302338340785,83.01261499568832,0
23.95344862267682,81.34140549660371,0
11.642013820459475,83.29765995216047,0
22.63690139129845,85.17647043489235,0
25.443946870280982,87.85575400376533,0
26.910609967516514,83.573009163153,0
29.82653026579362,92.27183268353618,0
20.718795753162212,85.51615605206531,0
26.343412443806407,80.8679390618826,0
23.630476831984872,88.4737893511103,0
13.066279106985071,89.89680894703406,0
9.135222879708992,86.0953570166044,0
15.457427806988814,74.15737172974983,0
19.32845037570344,76.85401882813761,0
23.579997450212375,79.60177969666107,0
29.267217556137602,79.5381628125553,0
13.300890973653255,88.84209365182942,0
11.57421092349078,73.24633924904073,0
32.039849494882546,90.80053748664407,0
11.146662496292478,79.12669138403628,0
20.194462399547668,80.19040400794064,0
22.809609155797,85.37781353164229,0
21.73032779119213,77.9501897702184,0
10.609030730236118,93.86671884749894,0
9.900605552855165,74.84193343388527,0
11.084109311352476,83.38921752313144,0
22.810194235580425,93.03228207027848,0
21.802878585397465,87.47132052677351,0
14.21667214346187,79.76919049103151,0
24.084798303162792,82.82682859107756,0
28.537138382217485,89.63426073193668,0
9.523304123151583,95.98059006717727,0
20.674123003902306,94.07306973417485,0
25.343522160829743,80.96203414779703,0
14.670254263652257,96.57428566874273,0
16.024786492380784,72.89293794290174,0
23.49529387199042,73.46730066106245,0
30.438984330227626,92.42323959463607,0
28.289403361255346,77.55824581468838,0
22.7501730209338,74.2562759035045,0
26.342741472176883,78.45544781171193,0
17.4182161200402,82.95396037492858,0
24.16274484442103,90.20259529093467,0
19.893815208941582,87.67348667211786,0
13.146785541669864,78.46671228510104,0
25.647060737397183,84.7912068145398,0
22.098891821095158,94.86051829495645,0
17.26676538553109,92.21295250201842,0
30.766361619966958,80.50390220844204,0
9.01907370332247,96.19495017474239,0
16.22023365706545,89.68011482123546,0
9.897051458924892,74.29627490041449,0
27.22947081300834,73.64659536215478,0
25.65607760977052,76.8189042435666,0
16.600737403806107,90.1380668712188,0
25.010194851389983,77.18389938738952,0
18.178164123502416,84.98681844042545,0
26.978549846035648,75.02980803062799,0
19.60077734196355,94.73367217091236,0
18.577314015417677,80.99840766040737,0
31.337657601892097,94.43002648165796,0
14.635258837225255,95.30480637115724,0
11.44958848977475,72.95540893536345,0
22.784681602531197,83.85948665491938,0
32.18253142690327,73.39650373089243,0
17.7361375671152,94.44337568538202,0
10.02296631383101,85.15158611870191,0
16.79498296970356,74.59374382168187,0
20.86467228947797,75.43493416102274,0
12.462591775547853,81.93996396732554,0
24.581292022624538,95.19430419131795,0
32.87684766015401,89.30606627869588,0
19.54108043013632,93.46550100438233,0
17.171681986932,81.53398623450187,0
18.294592065995147,73.8383183626395,0
11.320112713827111,96.00575226809515,0
30.08088659742426,73.21834923806259,0
18.639495851761602,95.37089678454211,0
17.966583200541812,81.58685781699904,0
24.62007873627676,73.0497292347354,0
19.30401936625415,89.21674173415525,0
24.340257309351074,96.15389959088422,0
10.008544566282394,95.79881786534332,0
28.382188413753383,76.6410384722337,0
31.478682914414385,77.12459158000314,0
24.35324887931433,86.27367516220133,0
31.822133159512063,87.98225574310935,0
12.20636670205958,90.41333246900369,0
20.168209473552206,77.11989085650914,0
23.20632894175001,95.64124342949076,0
22.71613637237122,88.01640620456472,0
18.31309601699779,92.97573045992532,0
16.76516468808568,85.66721712911382,0
11.605332831056382,82.67247476159717,0
18.075710761213646,96.07396771351262,0
12.48061203823009,86.6684651388537,0
26.44395368056665,93.44775752847218,0
13.608272844012141,95.50518985204576,0
9.93817928098981,88.88813359988778,0
21.998789910046682,85.87846188718227,0
23.045692009472432,72.89308525011698,0
29.803416325593147,73.76227520062562,0
22.599999213568417,77.591303487868,0
16.94581573108605,77.23793108301366,0
28.120571246868316,78.8747184208914,0
21.703570579794373,80.06928932456822,0
10.444122737600834,81.38182765015273,0
22.328133966531905,82.82153095847589,0
30.685258066455837,75.16327913739588,0
18.187332890577768,73.81803974373292,0
15.745250844519477,88.85456052075132,0
12.011881566172026,85.60220093606829,0
12.206689284147501,83.38354748175392,0
19.077805468837887,87.91404944295437,0
23.05668506026,92.51463474608565,0
10.476731773260072,82.99188019543678,0
31.455837551467987,88.07307347692335,0
26.951190673498452,95.51185189767807,0
28.74159613473732,82.9515952361901,0
10.466262449200942,88.15871861247368,0
20.154109189113235,77.0251496169889,0
23.897196896170485,86.15423841610497,0
28.746828623040976,96.17265974365378,0
27.643268831411206,85.14938558505594,0
15.27492806926796,94.89442505924627,0
31.487871645150165,82.50720351351627,0
11.544805639561266,96.58968800371527,0
29.882075342620055,86.59939104048678,0
32.222060202602655,73.81582711138091,0
12.83458250171615,86.77877630564159,0
26.143547474407953,79.34644162120418,0
9.491713068474846,73.58280524582075,0
18.40984075889937,92.35212101364608,0
21.11750126427917,79.37398572105037,0
22.68947945116779,91.77348104468727,0
31.36714554391621,79.67129486756257,0
24.92685478240749,77.43596159185712,0
20.26252929159702,95.99665622825023,0
28.283312395891734,81.41943985313989,0
31.723628376094673,87.12687841541322,0
9.046722468714242,87.33175028666416,0
32.50491554767909,86.15307891680726,0
10.611472695221146,94.58629270607258,0
28.398392189196983,88.86638395037028,0
15.354684836860581,82.42145020449891,0
11.73613907236793,93.34078485683472,0
19.250829153588292,77.12018937265415,0
24.23579839822944,85.76652001179396,0
17.8121605942612,95.43990858462165,0
9.840485641940978,87.6987728989276,0
23.149040056186767,92.25963160868619,0
30.54811051166181,88.36927114995503,0
17.867444916833875,92.7929813141424,0
13.79149812644383,95.2955746521128,0
19.31730421152905,79.30713588336386,0
28.547398491601122,84.3322017467845,0
28.690357921246523,89.51922308047861,0
22.869124056783164,78.21839892647371,0
17.13197661391994,72.90714606039178,0
28.041717820846515,80.97399292795437,0
22.05547534317833,95.87580271242311,0
28.68038064282797,89.3550698621912,0
23.930551968559207,82.36413175846504,0
27.66612761070901,77.39429202704339,0
23.127103692781517,81.28717256495415,0
18.62277546493454,76.85298457781178,0
31.90468472660239,75.34039603901414,0
21.72396298371251,94.39694131607186,0
23.28650779964579,96.56124998443838,0
13.892976631322853,76.7166857024203,0
23.78869707488783,74.10755617978083,0
22.468745335039227,80.6596359822938,0
13.022278179158986,83.80053866122174,0
9.963135569986237,77.68582075579535,0
23.268673395288463,79.98573085837742,0
27.160227518592286,77.59176820541892,0
21.291353323330142,91.24285559246358,0
14.046481370104448,89.77433477366837,0
24.786936533155526,87.92622885226757,0
10.464283364401373,82.028262703806,0
19.299141491792305,94.45166492811751,0
12.497854024515561,95.89183019377788,0
13.013012996118096,76.94345092679889,0
13.44861323694698,78.11891583281515,0
17.952726115204015,85.32356056901412,0
9.757072600051043,74.98196526579522,0
18.223500383924655,83.20032818017702,0
21.005740476056435,86.66060607653564,0
20.311776305007527,85.23886573883057,0
17.856911670505028,80.6876689642609,0
29.003127205319394,85.72388159288626,0
12.057242755461589,95.63633589069883,0
20.85893482540936,77.71429849597375,0
10.023079966888476,88.39952198292333,0
10.24568705250417,73.8426750414921,0
22.52389970390581,74.39072116880861,0
22.33223389739263,85.9472552955656,0
29.952902471268963,75.30785947410192,0
22.133306227296664,73.34152541136221,0
9.697102860349673,86.25725395991485,0
10.901521483041991,89.55442340949084,0
9.584044307021863,77.6300468867231,0
13.032986957202183,88.71921352062668,0
21.727780120554737,77.15383992314781,0
24.27525792345976,87.41450424143471,0
9.621151660516345,82.6173083514584,0
31.612207594283227,88.37495604036685,0
29.07685772584402,96.49940746467264,0
15.752252734209527,95.13675558499762,0
10.393009223093047,72.91143876321702,0
12.657106445835376,93.88975161592082,0
11.608273270491933,74.39249223937433,0
11.518865792981224,95.49933767885187,0
21.17314873675239,79.51911840204477,0
14.51236544237941,81.90486681163411,0
17.254996285770662,74.99119398098013,0
32.67549452674994,75.4824550257396,0
25.221495678184624,90.11151408740442,0
31.68571850903836,95.29186912570223,0
11.989584812790799,87.35001083583876,0
17.841167310644167,89.8522352561575,0
22.056569014847057,90.95023946874821,0
10.38251987180479,79.06650077613132,0
8.610052285097687,73.8863130317629,0
24.882492094351605,72.85408570667695,0
24.18360269751897,81.15764942729156,0
18.5408997806338,78.5582054910562,0
20.466863847542786,74.29314107947624,0
18.654573911642032,77.08365393391854,0
9.09407814356665,75.77353117530484,0
16.698907079075315,94.59064087344035,0
12.832841853594223,76.14893833519972,0
10.911694200675223,85.60966795959483,0
31.87475487369266,86.92998271646432,0
23.146563101670424,85.74872852739526,0
26.3045072633333,75.16780487831963,0
16.210234260647606,80.39935256906497,0
18.110018693761326,74.03012818147968,0
14.29441878878442,82.22948665713172,0
10.876071297322031,77.29960489004537,0
12.880453636026662,86.18067324634919,0
27.986291882189505,89.30366747015728,0
25.056182946504826,85.47804467459699,0
21.865990016808922,83.14767265954816,0
20.111391426623328,82.03101401039567,0
31.037348614550936,92.84823669040534,0
10.284259177206629,78.03214688897378,0
15.361183113356308,90.28954261981805,0
17.054673667707917,90.84340436789208,0
27.61777629389129,82.78968382109939,0
32.74899346337635,79.88754050317826,0
14.385923959157513,84.0120058319219,0
29.861894138428667,75.02870825133634,0
28.794940420968217,73.90298796900018,0
13.994818967504076,75.4665143755588,0
18.26109238097669,77.26499089409293,0
18.51364400165034,84.81278544379381,0
32.39987743588591,93.02548180136678,0
12.925888794368039,78.41959959112563,0
28.026443189701943,95.07354725163596,0
16.670113774196295,95.54365147447278,0
26.358583587993216,95.63880357172714,0
18.76614301074281,92.74993394272616,0
22.633659219530415,81.47133378554949,0
28.843520148814704,74.53993602113803,0
28.148748856248787,86.35176003208986,0
29.669331339358145,86.11041462601004,0
9.963873859619923,93.04545957085745,0
25.410447469037614,96.52174618369907,0
11.926835102364194,84.90755162581895,0
18.663746784985698,81.02801055774556,0
21.90652266320972,77.23539031920102,0
18.34430274939247,72.92377274130627,0
21.19879366319616,84.93032096553056,0
32.846975101769836,86.03511620606872,0
11.810330898976286,92.44937959656384,0
25.005142571182134,84.82231203273174,0
18.179720916359635,94.62849433985338,0
11.756414472001522,87.76271670433499,0
12.384770847004777,92.81596465533369,0
31.692861055333964,76.34022172876506,0
29.991198969877956,93.1730774360371,0
30.6614059164891,88.88311559200426,0
32.725012859380534,76.86235526405171,0
13.595681141124174,77.3273319656372,0
17.18904212061902,94.86733952301292,0
24.852809465584834,73.57647331484074,0
20.324189942200668,83.82138854415174,0
18.726540142355674,80.27262252541121,0
17.246973790333538,88.64345751747618,0
22.566094159303248,81.38927060080113,0
12.451230382759444,82.97305255533503,0
20.029570033729875,96.18669421889646,0
22.02579406490296,91.47274124832445,0
22.4364882445714,94.16985781594349,0
13.639444204536431,83.2554149329856,0
26.63704318800459,78.38231370083058,0
9.123241666358801,82.61501770624636,0
17.17420496113406,89.85799439123814,0
27.563721898657434,75.4147851549095,0
22.280320509596407,79.2487446210951,0
14.886419350796515,73.9197930610604,0
25.481339860671724,83.10270092655534,0
22.365756361075746,92.50907157402447,0
27.955262708103177,73.39668544525567,0
26.460061570924196,88.88739317593169,0
23.409077480686342,95.010072706702,0
20.431048419622027,78.45020507922116,0
11.760623387456391,89.32334326124322,0
14.890585734580416,96.02442377980422,0
18.74387973310351,95.71911774991119,0
23.145086960747467,78.402621399588,0
21.05459852086137,75.19815061224644,0
15.546408006131166,76.33976469463921,0
8.665663724632607,89.5233475641656,0
20.627943945276193,90.08814232154019,0
15.483918189801203,88.86151504591005,0
26.4498795438571,80.810750071067,0
9.092642508968368,76.85149675091004,0
22.7916350786241,86.63608004126073,0
31.502381183656908,84.32481411166509,0
12.767556684337624,90.16135743610218,0
20.02736340077835,83.31726393172288,0
10.740672263430206,80.87172887279009,0
23.789457220190826,79.79654699140443,0
21.953985055942304,77.84411982394515,0
18.457289316199038,79.13630734287541,0
21.241910534124077,75.06719369056432,0
30.40575212898915,81.06736419052162,0
13.302077630346172,73.68014275609548,0
9.058894506461069,77.24758308504329,0
29.553114464471932,90.58837924666153,0
22.603307937359805,80.55816478702654,0
30.261254557962516,88.71867974672134,0
23.087591220515115,89.87685621852555,0
28.29518379010512,86.64618047230991,0
19.002136842055094,95.63387863012758,0
26.822385958868217,73.31993369820442,0
30.807938094631368,90.3951133228808,0
22.481331389946174,95.6359951950736,0
12.92328150829733,93.33819802819868,0
15.072901343901334,76.80663715975929,0
13.359480827728028,80.5903365369463,0
14.537023587959439,76.91517994370852,0
15.99168078403514,87.12526312010769,0
22.066387074683412,89.76505069669334,0
22.868908295660965,80.35829400812719,0
18.92462431938044,85.65390526638016,0
23.53883892466564,89.25872274687828,0
10.500167137634374,82.84062773853269,0
10.651921296679626,93.14163700426913,0
12.704547384420682,91.1783216788524,0
21.16132284619423,74.34903722167579,0
13.734392307701835,87.59705857191173,0
15.426727225510593,78.41205776632891,0
18.285034190786583,86.08272201453644,0
28.336827607692534,95.59080340678844,0
8.846347343584492,93.73793569515855,0
24.368231416938244,82.44010112528008,0
24.844444259593153,79.74977157016627,0
28.014177663449516,78.39015929709106,0
31.289371853165242,85.4874489395536,0
8.999625601468074,75.52949175814729,0
12.263797170270685,85.88646911826481,0
30.151659954267515,72.84125087556853,0
19.706653093768466,80.51961161541153,0
22.29736159803092,78.04562796404119,0
24.701580062996122,95.93197587356141,0
25.093327007707046,90.12345969920298,0
31.26464164100379,81.13393928949701,0
32.857309122896595,75.01992703814419,0
26.0969316742663,85.11332835021003,0
15.522879920470764,77.8912009897672,0
29.99488469366245,85.58064833558888,0
9.709951520116327,92.69754796596126,0
14.151705686503277,87.47009818473863,0
30.42556146523947,87.89853821811735,0
14.765009455592669,85.69018140261781,0
13.89696801277806,94.88555272934246,0
11.881355500962485,94.99595022085354,0
29.49075679061996,85.01625502696679,0
20.721220259735986,80.08892708447154,0
24.99139568951484,83.75120496400598,0
14.346744609345597,77.25101294060043,0
27.022186556201035,87.95938819235532,0
27.07018281956872,84.71554330167932,0
16.142684248525946,75.26884575263044,0
18.53830650974057,77.51503710208365,0
13.629261444678255,84.22842892729192,0
32.35934219725339,93.94094353844744,0
24.276000307526303,86.29395469566177,0
31.33311388140762,89.03527400911321,0
15.917678249516921,80.88098661345258,0
27.604711894757642,86.41348530806528,0
27.2131391339947,83.46058012962209,0
25.40080238751247,88.50186062945929,0
32.09258167317551,74.0135873987836,0
18.119988747845497,84.5538386251501,0
11.700422966195136,79.85640066171376,0
24.91362115315853,80.57521282153546,0
26.32046876926527,95.68672432613053,0
22.553079683750468,77.15904146564066,0
13.559106219537998,80.21953048736293,0
20.8286294266436,84.94886437630211,0
16.13271219834153,93.3561780431923,0
18.94823701407386,82.72945217325147,0
24.2666214470324,90.5192140091485,0
26.708931692935046,93.19778905432756,0
14.179642830703202,80.19027329433628,0
18.407460282372888,82.1599746171327,0
15.081790618377502,81.29828004114304,0
13.3591642180468,92.6378729062748,0
27.641257754762158,73.86529634186412,0
30.7154009697308,80.15229367229567,0
17.550343220038723,88.98464832257199,0
26.85704350086089,86.27140355016681,0
30.41602563424422,83.1965418163629,0
29.173548437613597,85.66442000973628,0
12.972819271075789,77.51353256817899,0
31.864287893889397,83.06386780509081,0
17.707737947127143,84.75388911934542,0
16.793405026946147,94.26473124686734,0
10.032603151651934,79.01938269713659,0
20.38210212819287,93.47049195270704,0
11.17033076397056,88.14739955603072,0
14.578124197366328,73.29376820039981,0
16.248796850215264,90.06129823318632,0
28.26258340227482,73.65590807960587,0
29.890746652415487,96.55484067903394,0
15.895227034051432,93.58496374317885,0
29.444819563440127,78.9378667710418,0
27.183642381252405,81.89073103603488,0
12.090665137406853,81.28901269844701,0
25.368249907487893,81.67400335539546,0
31.589082297396388,80.38692934428329,0
25.17817304724936,87.59725159888895,0
16.607200746233293,76.72023838412485,0
20.73394660633283,92.95036035635403,0
24.278991428993564,92.1509264950475,0
20.977969406542677,84.15346450282384,0
11.437513287417463,93.11103066706242,0
16.129642294097557,78.6934532123095,0
28.105529678896424,73.22769292410878,0
29.54708566887276,87.55141032465326,0
11.861199308437353,83.71126520909978,0
31.768908869382166,86.31237769720273,0
16.538954333905068,94.22069385469334,0
24.68415436643138,95.90118737853017,0
26.87038443792438,87.91436367082807,0
28.33878423275656,90.999898625974,0
31.606805299307105,74.80478520384803,0
16.150537141654887,76.63576682326566,0
29.475972844411764,90.26541270283093,0
11.724104021858476,83.07931506239407,0
25.727724360711996,83.42690290855427,0
26.629870757928394,80.15673601599516,0
25.06051665065879,87.26925249735925,0
14.670322872375824,77.21785200010487,0
29.83101758327782,87.73492843385864,0
12.631983639115306,76.94724931303007,0
9.81775622216216,74.3290504482981,0
26.03117067507653,80.67455344166375,0
20.120815255490196,78.31241760906443,0
29.246180874091138,93.9743373433412,0
17.87188459917436,74.11781479413357,0
12.617820753045397,77.01426404256001,0
28.93707445410368,85.8732462666435,0
21.91436806951257,84.26259854886749,0
13.12870334954332,73.9011306393392,0
26.102464638724577,72.98216355793187,0
20.991237271231963,96.33311526114905,0
23.267541647020593,88.4948323073861,0
19.764776835296296,81.50897588860369,0
28.74819826694739,84.00940511836967,0
28.769049847033024,79.15544263723832,0
25.83391801630455,81.02014813129499,0
11.082105317402458,88.26174947293678,0
28.99597716162382,93.82720963577671,0
24.896624984607747,77.19321050920969,0
25.531923184413515,92.816566208147,0
17.3732849305706,75.7034825530158,0
29.98333588131917,77.9279682116031,0
26.22428201425594,73.69455773354667,0
18.46736448111271,94.64836892323302,0
30.156766236843097,83.7476752534789,0
9.66051206735324,74.65854476080189,0
31.989454696118102,95.6583790447118,0
25.095670831853518,93.73627637550253,0
23.928529293270884,90.77674750524723,0
15.11592774298915,95.03333085412194,0
14.584278268944132,78.0502730111374,0
31.516644382180807,92.72152085350329,0
15.79279595641002,89.23659650553245,0
27.448749355854666,93.51645858834016,0
18.10940000142964,91.78212351461514,0
11.908924809800528,81.05874705064426,0
8.76948884527201,91.24614030576035,0
21.80074024569171,79.05797830001035,0
32.34023759760605,80.63252035380138,0
17.523574672092625,75.37848586487227,0
17.231857378073684,95.07151419951204,0
16.911884980377636,79.73761786479125,0
21.22156081176405,85.20431825783771,0
19.27059415326599,82.1262308574078,0
29.998846869479216,95.66317111713462,0
20.854637365543546,80.7862467964604,0
20.909275074913207,91.34487756722673,0
11.887371180284443,93.1749826304512,0
32.51024654973332,83.18028445401262,0
14.613125553031987,81.81289732523291,0
10.299624820621824,90.61160070355952,0
24.70448762883595,94.54344450137692,0
23.049029247528992,90.7826806721466,0
18.647311506801262,78.2168541028378,0
18.819417446475367,93.95805547559517,0
27.68220956605986,82.03692418801921,0
13.287871090001621,86.5281912044914,0
28.541676781105835,92.60406147907888,0
24.35280259682282,77.29474421989302,0
18.740711956352257,91.48687411206912,0
19.69468664341101,87.00275908219005,0
14.776139312860707,94.07790087272272,0
26.87744754605216,76.9037180162665,0
21.034250538930145,82.82497228797693,0
16.34434175956735,92.63757017361488,0
23.065729076603425,73.26736243407048,0
32.82763476195278,75.48075535753273,0
19.138640749924026,96.39256951009638,0
30.99478037575347,79.4850376816837,0
16.9344826401188,96.03492993778983,0
13.49619510398476,81.40632455984131,0
18.734004371576553,90.73358234521321,0
13.872149989276442,88.4696844082203,0
8.513323190222241,86.64468194956697,0
30.85581094105507,85.42517530882111,0
29.118721372721048,92.88986861623259,0
26.637552166277793,78.40308254988294,0
12.606488173449018,83.34371066387432,0
10.158959015389149,86.99749276926192,0
26.19149490479856,78.77438398428006,0
31.193019548844752,80.75750837684738,0
19.023201538800212,84.0288909736508,0
11.417674380001266,73.4468458055385,0
21.02248006779135,74.99832987764317,0
17.027661997099443,89.13989024856286,0
17.66251644680417,83.02228432022838,0
23.683181191234233,93.39815752040468,0
26.06177699114547,89.34803571443996,0
11.20916457591925,73.00236470744754,0
9.377035173491604,87.4919959900814,0
32.79333976354871,75.04087255644124,0
14.19194419351869,91.40171505516635,0
9.822536821990603,96.4150076751512,0
13.145300380317726,85.45611622167569,0
9.459285945714809,89.0649026789768,0
18.077382441457097,78.45940197519236,0
28.10567021231615,83.22769142798975,0
16.84234563680544,93.19115228033083,0
19.356530706169572,76.79545363882895,0
25.008335482551658,79.1312893824147,0
20.937026446320445,83.41424685677046,0
29.547760747489505,89.76650081986581,0
29.65986681691711,81.75842867174941,0
8.749837209922532,94.89666252006703,0
27.510811076596326,75.05830419491977,0
19.760753268870964,81.63749138584649,0
32.6592576192644,89.6880599948056,0
20.310256907766004,78.18972286097146,0
32.61176273342999,88.43718041166844,0
26.937409257286113,76.7191264342196,0
14.579713315346282,74.14226126809872,0
21.657557793838507,75.69060466947964,0
32.73973722451009,94.9502894215747,0
29.45213872444159,85.94541397825112,0
10.885870779134567,91.76865335542908,0
25.760234965492465,80.72923523465218,0
16.948227168871327,86.91933336467586,0
8.678313034169689,84.59316696408699,0
18.36241279012451,95.32533615868239,0
14.241429074164188,90.60752518703907,0
28.507872728866687,90.20203250245478,0
16.746753835023622,73.9130642691778,0
28.719248701469276,85.89586508204248,0
8.522382081223336,83.9274877671437,0
16.02596482360447,94.89928105225762,0
14.398006520111615,78.93621827880004,0
14.212436258789609,79.23361120758385,0
10.173170637928248,82.60270397603361,0
13.078108416601632,78.60357069216784,0
22.076542177988248,75.88507066817618,0
15.623992109921758,93.2225668704598,0
18.702244304263345,86.10077442728586,0
17.712389259042,93.31655659047506,0
29.900913759440876,92.59689884295392,0
20.54777813836882,85.84986327586458,0
16.57151969763892,74.79072126934774,0
11.116282524536953,94.59953312692025,0
31.79372679411764,82.4340613988295,0
9.978763231220825,82.18202054641282,0
15.777599889463914,80.01740600950734,0
15.78775842359618,83.77683962831158,0
16.333271402606343,78.80330942946419,0
12.520326213057555,81.73386670654176,0
11.499670517649644,92.67119641014966,0
24.01476279499736,80.05138213081165,0
11.53259814538874,83.9756501681273,0
10.230543140183476,93.61313034954483,0
30.719719365662755,74.06353035546856,0
13.151490340847461,93.97798762025744,0
28.566023532709693,78.02777295414356,0
21.80986345679647,88.96395197909015,0
10.409348645636202,86.67871019649868,0
31.843681574864924,85.97374192125777,0
14.539567092598311,93.26888182924549,0
29.503789157377568,75.22769810852756,0
12.630800109165119,81.0714356482649,0
29.36451197540387,85.6240545266248,0
8.830879037957095,92.12441353520259,0
21.007523661803255,77.96250983250921,0
27.300673314136652,91.92540475518794,0
31.339259867786403,82.32396910328605,0
30.714166133553846,77.30710253067792,0
28.526327508725387,90.8792138882819,0
30.200997870487186,74.97359286764657,0
13.373527310710008,85.06492206410218,0
15.44870622786998,74.33023486069084,0
15.565556427084793,81.2949858060615,0
17.716957791461006,87.1197500969365,0
18.114257263198173,86.0493264159097,0
21.8080183073202,82.44341074629475,0
12.412687523012414,83.02414163561,0
25.390813246817494,78.20835922761351,0
12.600429635771341,83.66301134159863,0
16.086764366550472,95.50429609599634,0
20.801498934280907,93.05681942619196,0
27.960073073005923,76.26715912478018,0
26.568603147897925,73.51851175249242,0
24.27433408378416,95.03455744462059,0
12.312390140162062,85.35019475273837,0
21.868834675558386,85.61417616381354,0
10.643574741516627,91.39659201920222,0
17.724510822715445,80.30151753634664,0
18.60752172648619,84.2826060075012,0
9.480134136531454,95.87112635069445,0
15.1996739365744,88.8118075723938,0
31.848597543481638,76.46981406079576,0
31.799337690605284,75.98132111571961,0
17.11302759755121,77.6725720443171,0
9.56045672763508,91.06313386398936,0
12.88199972375281,79.84174414056619,0
31.65638599384139,95.2881105522901,0
11.956429387999991,76.84998440637095,0
27.15591849091009,73.03705833277552,0
11.162244544441277,78.45505567874541,0
32.474051015435066,78.40499250478452,0
17.828394131351534,82.85647019050721,0
27.442136356390165,94.7218557875051,0
16.875235854576257,93.74086197516024,0
23.837986927682223,83.6871039277096,0
13.197586278952654,82.59207755907438,0
12.07420102194183,86.02298427797645,0
31.419092819752315,78.60557764628008,0
30.92043060095812,74.05190411138766,0
30.18335371418336,95.17025707448187,0
23.7833887723804,77.25437155527041,0
28.24895204647811,77.53296305765595,0
10.193938816781772,84.05768904665284,0
16.6846785054302,84.5136781138217,0
16.16967524996862,73.24837594995026,0
24.032803923775226,76.33196055476168,0
17.201704424134025,81.81249269230038,0
12.134913377622507,89.08754839458392,0
23.0759129152822,78.2476158105331,0
28.39832237064786,82.88049680164555,0
17.84077700540592,86.07859852379957,0
11.73831421239653,93.964834648318,0
13.311698137100981,80.57248543754842,0
14.308079428936445,75.9892137906154,0
15.832488408338474,84.45794147978023,0
24.207429658931474,90.58721640919762,0
23.185293752911136,75.42500703938678,0
25.50885945632161,82.9202329184388,0
28.63312851350579,73.60846659331145,0
13.492422928138147,84.30750395591977,0
19.9636473551891,79.9088888332149,0
28.069936307228254,92.92955259145816,0
12.9079797789564,87.14540305242372,0
11.191078938411492,83.61659523395898,0
30.090909398870494,82.52149885409565,0
16.88350534432066,84.64776624625426,0
25.210648376035927,73.77225515747337,0
9.12689329077296,94.06484746372257,0
25.361509886625576,96.5767920577358,0
16.228248656860927,77.13028920762719,0
9.869194763518486,75.67554030663507,0
23.401868469510703,76.22774774077048,0
14.389179715654752,88.54702728405576,0
17.95517303771117,88.55687843517612,0
10.47588687534582,92.9966155990341,0
12.102098935545865,90.70874958947182,0
15.785585522530186,83.51557233977849,0
10.700067512681166,87.40017046298502,0
30.753833910350217,89.19596806387372,0
8.65547121656465,85.01657093624485,0
20.325598696416606,84.13365118601938,0
11.517978683408643,88.16778000565213,0
16.022543979359806,86.08168124490217,0
31.125892499724493,88.1402787833227,0
12.457012021892231,87.40015647353984,0
32.09730392553636,89.93190876177533,0
13.534107821658194,88.11316666801498,0
26.61981730955526,85.18336799692766,0
21.859844657861778,89.04150712604718,0
30.110320645615644,83.51062728772546,0
22.038530695327662,78.56313362987564,0
21.56387304007869,72.84326454530002,0
13.281651759358674,86.14095282636262,0
12.567770366839143,86.87163653197827,0
30.892144467480797,95.95174041820113,0
16.51491084621638,81.41546411983293,0
17.59552938363457,82.19290206395117,0
27.065740415835833,77.61388187472465,0
16.783215836998714,74.48875863537863,0
31.760988012965818,91.20818979665952,0
26.530954365693525,78.7538293786607,0
23.09941292320202,87.30611817089621,0
30.022795465360893,89.1837872206258,0
9.719354623788243,84.02855696766649,0
14.78628713464354,93.67341943779633,0
19.86584340996655,83.37522999764468,0
14.051510625312552,79.5925161757052,0
26.67694706148135,94.14155980585818,0
30.958550496230743,93.32135539449484,0
18.85795579638341,76.71491220761165,0
16.864037855400568,73.42757187705446,0
31.992730264894732,74.9518482300493,0
19.372871021823435,79.63153163507572,0
20.45231504407494,95.95675995932811,0
17.09648808037926,86.10647943444545,0
30.72262507708792,81.6959996050159,0
22.403968725184463,93.96777727855093,0
27.123159590615778,83.59762930757736,0
28.33537668156785,80.3146035409967,0
16.857112219089565,95.21776276232269,0
19.100345119128754,93.03455324623874,0
29.230885428502127,92.89529514478966,0
17.37994075641444,85.00581635426913,0
27.89888040089963,91.60420467309471,0
31.490610874731168,77.07948917782907,0
23.729092251358132,86.4566144743822,0
26.621311547452144,96.23259873891828,0
28.17150588240574,79.73654811665817,0
29.14705906233482,91.72119400550658,0
18.15657600052696,84.48665787050342,0
9.759838709272547,73.75718136638966,0
18.323219589241535,90.97522928718209,0
24.963626210400015,76.82274193325266,0
19.507153237359503,87.8434269294907,0
26.80048295901942,74.84896657597018,0
17.226730661853196,95.3522254706907,0
24.010793447880758,79.754771871585,0
13.060902522607329,78.20110117540099,0
26.810406098732543,75.88393947572602,0
21.83587744435246,95.3316269583361,0
13.491854517032078,89.75828360988243,0
15.637427789715524,90.46673252372474,0
26.791826047101438,84.69916898192683,0
20.294849241986768,84.11167194610623,0
32.13244695798108,86.13802325292404,0
25.974019137892185,78.6880113714366,0
31.88487616235596,96.07307316825889,0
18.939408144033127,91.77425207978922,0
20.111647093184757,82.6418869415336,0
30.43947092403112,76.41258577113783,0
21.331603389811264,91.50643344980791,0
25.78238549485954,75.71531825000417,0
14.666858111475996,77.31709930979467,0
19.418642546505836,77.84531491509406,0
11.522922296358423,86.06777967990796,0
13.538642361506898,91.5475008306399,0
8.53082001097849,80.29261119506506,0
9.466789139846425,74.82529269062367,0
32.37699588883876,83.86908773266568,0
14.427034021837674,90.62027670736097,0
24.708504419150884,78.08680406043318,0
29.001981491467063,78.04539546311153,0
21.957130350433808,95.36078742669201,0
12.248185192148364,95.52569614759797,0
26.29132202176116,96.39020110454507,0
23.168341651994247,92.03800941981586,0
26.367870671680578,77.289730362458,0
27.308099282763408,77.85629033291737,0
32.331238539451135,80.90947708034024,0
22.516509731064403,80.38350068490304,0
16.852033747617085,95.58221612644702,0
24.345901413855806,91.59552877151266,0
10.179376529144127,90.0464768810567,0
30.425844805040725,77.23685478977654,0
11.423544437387827,94.46320256437494,0
16.515024150205768,92.51918135546534,0
28.431574721286246,76.7054342293644,0
23.096558626418975,93.55005320052392,0
18.121947169141816,79.2910849491719,0
20.07098885233247,74.73482183914957,0
29.379276576917746,88.4469218585753,0
16.812058273096415,88.37507865117773,0
29.748135531205783,75.06961185481526,0
10.660376750333159,80.40062502310138,0
27.480333069179167,96.44611894489655,0
29.20831416439585,88.96127177587724,0
12.948499383787798,90.1909032431904,0
19.018578348159032,77.87856873130877,0
12.54995089626141,74.68511912401918,0
25.765904570936442,79.40188958982843,0
21.583132589036097,78.7351955961801,0
24.02493998795785,78.39345324193842,0
13.306783279089514,77.39853514164685,0
13.67946712298078,86.49310530885975,0
9.52131028295553,80.62088584076457,0
16.37396793397209,92.34001981129694,0
22.17900325373973,77.18886310041098,0
29.462013515813886,83.87119726884633,0
24.79683976681521,73.13466153570282,0
19.141914639491354,84.27724341149325,0
31.78682053111725,74.13887905277863,0
26.074650592076026,96.0868382763752,0
31.226168884203318,91.63167231534914,0
21.3936070610263,84.47792210120296,0
9.798019030579932,86.91425739625153,0
26.241702490342774,90.87391215994758,0
11.470487114074098,77.35003723718854,0
15.902769441228738,86.33722803288293,0
21.512868044806318,92.19398066332081,0
22.293110565922007,91.09970493339242,0
23.176445227766038,91.92688503385563,0
12.568404617554712,93.74415950903658,0
17.782499059809396,95.133544806761,0
23.58215367000556,82.46402195152767,0
32.194671452711056,86.35057847444287,0
26.27946904467329,91.63327689164083,0
31.041487840350115,89.40678857707888,0
27.124074787005753,96.51053698324756,0
22.959896129923177,73.13513327742753,0
13.197764193329764,81.2644014989416,0
24.7909341425569,79.50012574998384,0
23.73322462509259,79.05463444282749,0
23.222508316731098,78.10742007750089,0
20.47032697976431,89.69210057373832,0
21.419707338984942,74.82742726430214,0
16.6762152152251,90.46549321978446,0
21.19149128691744,89.31836748471241,0
13.332891079778026,78.78056703730026,0
28.173388617223793,78.82888833112338,0
13.045201525556077,87.78121786910044,0
10.582997949906758,90.9550334063127,0
19.16266781738105,93.67659776584394,0
19.198590658686435,95.78113521132482,0
15.267231620861043,86.6509313588541,0
22.140572579819807,94.44248992116727,0
16.982976458687883,92.05833337066915,0
31.292174537646467,94.10946945270449,0
31.042498568365197,73.08630251915561,0
20.77772675771674,95.80541900041374,0
16.516029349175994,84.08315932269846,0
26.511528583387403,91.81239317907108,0
9.404456351319944,75.83793623991689,0
20.103554562927602,82.23594286739939,0
16.722153587284282,79.27235131239821,0
30.990982054867473,79.75322159386745,0
8.800940402265063,75.74393159054841,0
22.009749901896203,91.99287553839582,0
26.597773945431953,73.02953816042879,0
20.35387608293276,80.24953304321204,0
10.59366491122949,76.96181214562802,0
32.25921259512344,86.83315649593177,0
21.159684807393198,78.86266238320225,0
23.5086865818296,78.97565491588409,0
14.286744482548457,84.43570314741591,0
20.316753927519528,88.34851831502655,0
18.989341786800907,75.697484801829,0
11.10064258026421,78.69415969513545,0
28.962239204231288,95.99219561977402,0
14.365149786531312,82.26478360136606,0
13.269446362118911,87.07007039081537,0
20.839754810259222,78.56007640687005,0
27.283687663849584,84.48620833249667,0
10.020762165245074,74.57410632683683,0
22.595756934407014,73.63663024005352,0
11.419378465805988,83.96896249917201,0
9.39830411531374,82.30065673285922,0
9.795998327218628,76.06830421832393,0
28.881434436009037,89.17970166330186,0
11.389142502127719,96.4482385112475,0
9.61055667040908,82.22893686853675,0
19.203061777167125,87.67879839074419,0
29.12150719593957,95.73573271327153,0
14.91685033470663,92.60642684817374,0
18.807703278079902,83.84560763120112,0
9.482847479141395,90.36742102428157,0
19.47608899509635,75.860099316422,0
22.615422217779184,85.00150983868693,0
22.451633957818153,79.453280570414,0
16.62698038460688,76.64643512068855,0
16.21437260618452,82.95826366902702,0
17.46647436755552,89.45072077003462,0
10.937839640012134,83.67152153440816,0
27.231146997912333,85.45482675726342,0
29.636307983444034,86.69927382388809,0
23.181548688103273,96.26030672330162,0
25.625748891961038,75.10100404804297,0
15.473655553574822,79.61210527455127,0
23.913739134188233,93.5093131142079,0
19.636580215487644,74.53012966344888,0
20.28058814632233,93.66231572973075,0
27.015742013822447,85.29153816353123,0
15.393362818890086,82.52938879094043,0
16.275589774618737,80.18227887510452,0
31.091264862423884,79.88317319438863,0
9.881002351633628,80.08995308415663,0
20.368928883925747,93.87461746254525,0
30.802060047168567,90.04139246347994,0
23.41530770568818,88.7540577563116,0
21.853245510118676,91.82587212601305,0
14.607539491105182,78.93080619125715,0
16.891951819373247,87.52367167677069,0
29.318241456326064,83.76261439657682,0
22.166143275277978,91.4376278939393,0
21.079861245396224,80.17217360875374,0
10.93991677424919,88.12209712506724,0
8.899250313068737,93.81293961469893,0
32.04486231419874,82.38377387060125,0
17.71530272786891,74.39561800319744,0
23.240677154967408,85.09547800255848,0
10.454742030108129,81.04630573823846,0
25.19218773052912,88.81363347019916,0
31.284823355789015,95.45139705220814,0
22.56784840018431,84.37071229629035,0
11.588023510576544,83.9084124805716,0
22.715767082183664,88.39365200167022,0
27.225071967514765,75.27353648132954,0
18.434111205411302,78.84489675900818,0
29.996969179048122,94.68827489792258,0
24.35123553737008,88.7592860567544,0
30.471068354251152,73.12957163150354,0
23.73629583285535,77.68115981678865,0
11.714360505151705,89.06627795006355,0
16.07170032781161,91.00807925085697,0
13.436425619528656,92.80461634975606,0
30.704991524557315,79.76555476011067,0
27.07981864810008,94.97514020131136,0
25.028157918582913,85.97388822876545,0
15.85859102905031,89.392485117914,0
13.002894629565752,87.01647385601659,0
26.983368625004758,75.73165717227641,0
20.08863000583841,95.7390352450908,0
14.022470753008948,75.73488371469021,0
23.568177039480574,78.87765060483098,0
9.492893564339614,92.18010034770583,0
16.47417289983219,87.53686469436015,0
19.951832154992854,92.76389550303904,0
12.121518073836908,85.08798729459086,0
32.557017037267315,81.78483807970588,0
13.614780118531828,94.7565118811288,0
11.691527888932256,73.67258393717381,0
13.47892163050713,93.191982885797,0
27.291356855887123,78.30473827623729,0
18.90034467635933,93.01595138290486,0
22.31751877715038,76.12344982127905,0
9.020906462658976,86.62317321966565,0
9.348729612053337,93.95329802237023,0
19.396638469049055,84.08338511607825,0
28.45379724001471,90.5835279342423,0
30.128886605741016,91.9668724297036,0
10.625502559898885,90.34372580792437,0
21.65677922421654,94.839463523292,0
30.812535172276874,83.447590841607,0
17.98363955632039,76.93121678675789,0
28.769125946117178,73.9477709831989,0
11.773165833062786,78.67714017377013,0
31.353889187351236,76.2187017811546,0
26.860570164924226,86.09297067196226,0
31.498965610828257,77.21262125528239,0
25.033503477074838,73.73642163369608,0
17.383569687984057,73.6663346888583,0
31.42195123720976,92.60724883052613,0
15.238231600742616,86.89055661831678,0
16.620772523947185,81.33468386103397,0
27.199892894389336,74.48071916344531,0
31.20756462956445,96.14870400766154,0
13.509879958498018,87.48198389192322,0
27.99811287077835,77.17736008457162,0
26.54605536774332,88.97656659702298,0
10.065898708873364,90.98384438473653,0
17.965330974836967,83.03115989022855,0
15.414052457776073,93.32298198338606,0
15.94466389906755,76.3980904258681,0
32.51531059679985,79.4479787501648,0
24.206998403036337,75.03533716195953,0
26.03632823048546,77.83001425704926,0
32.36072493958582,78.49308154804885,0
17.720568921138295,94.65622654317488,0
28.09195328145065,74.66911125578402,0
19.120779051061348,82.98526668274172,0
29.745302025276153,85.4846829019053,0
12.920164775014392,94.20530563007516,0
31.654101835642436,96.56234228805837,0
13.85106666612929,90.74593068969583,0
16.47540027744928,95.92179095826037,0
26.977046367777703,91.548559762063,0
18.124868804104818,95.74112988342878,0
23.362756185677632,89.64798218936053,0
19.36605838177701,74.70848290647722,0
26.6394500509263,82.37829121666367,0
14.08454933742048,88.20348768761123,0
9.93555814084385,81.15929755034887,0
15.83326520215197,79.31813957343823,0
20.09231117226261,86.55604275813181,0
12.6115062520894,95.03402329494979,0
17.173360722578828,73.6423376002918,0
18.276978706145435,91.12311803224145,0
9.909518609584989,90.01596699023028,0
22.754496786142298,95.75900432608246,0
30.107016082331086,94.96758426081426,0
12.213952773863797,90.95649654505391,0
23.108664036554458,85.19923054284625,0
24.743394046207563,77.67263858444214,0
18.74962445023279,85.7903029588226,0
25.63141258522863,91.030763012121,0
18.539501101213265,94.13331495702704,0
20.833058635884797,91.61071870456189,0
8.687369044539558,77.4583546602787,0
25.402376816442455,87.08664586638423,0
24.660437164667343,80.71778275075009,0
9.445682512780566,73.02866567547953,0
17.501932863250385,77.57629797076646,0
32.41968953865697,75.50502213521408,0
18.783864074058773,92.87269565029936,0
20.76731198516892,78.96393671419693,0
30.731947369892183,79.58750098690456,0
26.026209792661973,95.66337232105057,0
22.724281391230008,81.83467918546293,0
27.993390388181382,73.0377119490093,0
19.666829931972742,75.64974743209797,0
20.11184307753562,75.25713436715307,0
17.93670098095012,74.65429338249199,0
32.11864614633732,86.93363755549963,0
25.53539355420657,77.31743190638535,0
10.540421387301928,81.40985645526223,0
29.584737210445795,93.33215056013144,0
20.244992578237927,82.91201088744639,0
10.187026069176396,94.60999579771087,0
21.934093497674965,84.66425481444604,0
18.696614481445216,82.3048784867543,0
29.94596340693424,90.67452695560802,0
13.490150087026999,74.55163006718797,0
28.693381581623527,74.93977360374667,0
22.128788159335187,88.33148806922652,0
9.841582157466194,84.40243354917891,0
32.24416522083144,91.62746125087216,0
21.027912544808046,94.62379205151521,0
15.612165535960123,82.05561822987212,0
19.97258886070822,87.008645025819,0
29.460129677991638,84.72993009859611,0
15.954743700584611,96.17938219023179,0
13.21371375858742,92.59569993417954,0
11.660219126224968,94.51586871997766,0
15.782707464505457,78.86474995962045,0
27.559702642325547,91.20156959946385,0
20.026798581320612,79.12980424404428,0
14.063797485324635,77.77917752567774,0
12.566686856842448,95.29029600656986,0
16.634375600938355,73.26909356884978,0
31.46452723023605,95.79317498632079,0
16.88587569314173,76.36308097232143,0
32.641758641874034,92.31842782552877,0
20.359065415474785,79.37857860745395,0
12.883684468587365,81.15891229374925,0
30.273018062352023,77.9700003962633,0
19.75151543538729,86.74923681403637,0
25.840818336745357,81.09685088544774,0
32.53398774842724,88.46050969244669,0
9.733262696495842,73.18202649489615,0
10.869449667430167,74.34211727051218,0
26.10424131354855,75.18220182926822,0
15.391082778661486,82.78477177182353,0
13.00916244604424,92.20791469187517,0
9.469154074840965,93.95496435513631,0
9.041362938363346,78.6378782080405,0
27.423844319956046,86.48391634006794,0
11.791185228614525,91.10249555287768,0
19.93140441123561,79.68586153040276,0
23.306225243973536,82.5470294038188,0
18.96985894145763,85.28411538553864,0
9.169831924874403,76.02055853208041,0
27.64404899721019,73.42807839451233,0
8.764553402751737,76.4474533384488,0
27.116206242557887,87.73343669018153,0
30.325881500365888,74.56218074893282,0
19.079476969820124,77.32573224847874,0
21.58788807236806,80.85302057592922,0
20.157638826241367,74.66340635128603,0
18.013824351956153,77.37341682104213,0
30.182269168592462,94.50472864248485,0
30.341244633012707,73.26896775732907,0
16.70976987602366,88.36620468684671,0
23.530265456802372,81.96138866046013,0
31.146604141366012,88.82371266729666,0
32.00513198094573,86.82488998397862,0
20.938613284714183,78.13048905906152,0
19.567588554999617,92.97960084520608,0
15.314618749347511,84.52146412764495,0
31.92730171037791,92.39218255212606,0
11.995880095074467,82.47572059768291,0
22.669557987399344,96.25258841509229,0
15.408796660094081,91.15307179549772,0
15.322287272705172,95.80654303875656,0
18.3987464382113,85.05442536867746,0
32.90233528768437,84.08699163332598,0
9.8502772038029,90.79511010173485,0
22.638105740015163,93.7672014995322,0
10.524523580918961,95.76358422277048,0
12.281800727008932,80.53633116773088,0
19.243680287760235,91.82481089562765,0
20.97527598749876,77.82448508837159,0
14.828533789397566,85.79836491926807,0
16.236939201873994,77.0912689644002,0
10.631863865745583,81.08022869536993,0
15.913629726121016,94.98299128535754,0
31.581347621803147,87.86550446710126,0
16.686858308049203,86.926371514031,0
22.45033661459419,75.6840012724062,0
30.72377100654748,80.5703080205443,0
8.658811923309681,86.21278913523304,0
28.307944871059007,77.26579029742919,0
31.670792630767167,91.87049981854281,0
10.738321266928946,95.95430081048536,0
12.450982526850083,77.92242521889254,0
21.636679254949172,83.6404531594813,0
8.854517149321234,90.61206391091397,0
14.80019190042983,79.51376003229169,0
19.497219699664512,73.28279470349315,0
25.431412037656514,85.69471293381244,0
26.414515426925014,95.58394977122805,0
32.819991524641246,82.12489807770338,0
15.529962651807011,82.81193322427946,0
21.65328658100698,95.8768117215187,0
21.53369295654459,89.34650268924955,0
18.41527350304151,89.93132219572922,0
12.639394636697705,86.20613490625271,0
32.38121489744747,96.01269396337668,0
29.349229964920305,89.20981971259346,0
20.679083153596654,94.11816229006287,0
23.241467531135243,89.46009522792815,0
14.058410760326133,90.31090967189445,0
21.789254435494037,79.72351320697673,0
25.481755405853974,80.03462676391662,0
21.090237422823034,91.45055581186473,0
32.694541300694155,79.87339135360733,0
23.439210252776313,86.20775538692091,0
17.568454301904602,78.74600251885037,0
12.671160974655349,75.44028191460997,0
17.89920710318837,92.55670847098737,0
16.981916820924766,87.15910424424682,0
19.05425118889272,77.25938426320725,0
27.601998699909082,85.71411042716015,0
20.33323886053022,79.53514473302205,0
27.90081763783467,80.5105100303899,0
22.587965263113972,81.17857064064563,0
16.86249509990117,74.31698500295046,0
28.29073015760315,96.28297013410678,0
14.327774128250269,73.56026665081346,0
13.988116575520035,88.5820201827406,0
20.829776926243383,81.6475727572381,0
14.878770070418401,88.18951274366881,0
8.729720093044149,81.29094797255074,0
24.34182187641131,88.84994652343056,0
20.990753259639927,90.1709129464148,0
19.389122329354855,89.24996319131621,0
32.125054393710194,75.52267152396067,0
22.45876895738265,88.44861049375598,0
11.913715961615466,73.49519410208981,0
22.41009866668707,82.68566003882393,0
29.70734596804774,83.13115979319102,0
22.749575564503864,83.9318369428737,0
26.044584052182152,89.5897352341309,0
17.59458448717012,80.16235766648283,0
10.76576857913614,80.31560071901913,0
19.691552515188008,74.25110934539249,0
18.1425578963663,89.16112659576763,0
29.684889423640662,86.32812755795295,0
14.467128699955126,81.12850476122877,0
32.11933215693006,89.59842060148091,0
31.90938048930611,85.60274671269123,0
14.555942826292457,83.98113820535258,0
17.008612419747195,84.98295622487556,0
30.38086604624427,87.95947889843924,0
32.11659650244781,88.52263740890464,0
19.338351795457648,79.68891818117825,0
16.347822255689046,76.16027436517392,0
21.357118523711158,76.5385980291877,0
25.30587969231192,88.03192000040403,0
15.187130138778016,93.59059659682514,0
26.4954272963139,82.55866045100461,0
9.711748597496143,90.82245773260561,0
17.942483848220355,92.62915133524115,0
17.14102091169938,93.7741338252666,0
16.216815857663768,87.25675454183519,0
20.50046367115968,93.30145871605811,0
16.341387417145445,73.17649455210257,0
32.31887765866541,89.77497141528457,0
18.548827994438017,74.46608153225263,0
19.369460059031077,84.62678910672237,0
22.589335129561405,84.06355930359419,0
32.52493095353659,80.2066331707823,0
14.408656918388436,93.53183646037883,0
25.14743861282338,76.86712083606636,0
25.995015842191172,81.20082470751393,0
23.34109304098904,91.24073507938088,0
10.671218792609789,73.53378503015784,0
25.039732639463637,88.83089451444147,0
10.073229700890026,92.24604398592109,0
23.067989125442942,95.00464370402904,0
26.571337272067964,93.67209876486271,0
13.66051476670734,80.41329804450015,0
29.063586457747746,86.76947570373304,0
9.249140520119756,74.64967952394342,0
29.117096012233908,78.94878910476989,0
19.750872533823284,75.05271718428324,0
13.822154259016123,80.31338129592562,0
11.775180586533542,93.64568586998924,0
31.79138912542004,81.07474049724526,0
10.282565121060443,86.18699584784602,0
13.370443387457598,83.1272968838576,0
17.00300446399489,83.73524234638175,0
23.656417935508017,95.8927708427887,0
21.814020774241396,79.86025377254077,0
11.57649951731221,87.74464649982211,0
15.584105478603286,82.81022181791991,0
14.33906048953604,74.2652493230672,0
13.72335693577428,84.459336746752,0
18.549583173138696,92.17332584147393,0
25.7030694229949,75.16058006495335,0
13.81885682537866,74.46632112933862,0
17.463557137337897,76.46711161175158,0
18.055560349945445,91.00810088792207,0
32.356790034504456,90.04615766714883,0
31.8245860173624,86.26126788660832,0
28.050369262457032,83.95688907845212,0
14.410064827038248,93.95848561543747,0
10.169523990377876,91.06280411350215,0
16.247856914371546,92.13996941689547,0
15.023978392317112,92.17139675924295,0
20.864529306926215,88.11111077786427,0
27.503034550234062,83.7137701911805,0
29.471490650525276,93.39547988345586,0
29.142771092960444,94.85559753599873,0
25.292816180035786,74.0369024407122,0
16.148452537629968,95.63496320237402,0
9.995337343193459,79.4080539746123,0
25.642835176615087,93.60240887464707,0
8.747806523995957,82.06581366574619,0
18.501669339176782,75.64499725054569,0
16.55255001053024,74.72466677319177,0
25.44285781369387,76.53559154385879,0
27.22258705741193,78.75887971651181,0
15.934997148302209,84.43999352969539,0
28.330987586417756,89.510544552321,0
15.68641232433363,96.2933715254033,0
19.408870275752115,83.32075567713817,0
26.26450661759965,85.14628646997264,0
25.431688473811505,85.23272645566512,0
32.623303749292,85.65218591080658,0
14.007119562426727,85.13570906473933,0
24.684256332124477,73.01840664834008,0
23.39867250412698,72.85056403009624,0
30.85817803932173,75.13470942538811,0
12.326772994058446,75.22732813189482,0
26.869725419482236,89.591467090354,0
22.38719265869579,77.68807737817085,0
15.216227825028987,94.11057604464915,0
20.09539468952871,94.91747162660751,0
16.65995051397375,96.0432660616908,0
22.656950951754656,95.16685659154565,0
22.41250495430737,84.94610908787936,0
23.936990773914406,76.986677539408,0
21.177695477908912,92.00348954535218,0
9.757446307994439,93.96100662224204,0
14.19512439778212,93.07672078645504,0
20.524447265356066,83.12696597082015,0
16.084976566979094,90.87177265771862,0
12.947179140517733,75.13263461972926,0
20.820738025832938,73.76763502302423,0
16.39209687822501,90.74231904857453,0
14.811809057890043,82.93622651108225,0
19.840175777879956,96.51122827464758,0
11.763117873501258,75.1248982222816,0
31.167075660561245,93.18001859740957,0
29.700567593619624,84.23678802936392,0
25.79073054981489,92.50203543799569,0
11.101948632309167,92.26341302444933,0
27.457834066341213,94.6171536109079,0
28.24135902544456,79.90062073519603,0
27.25969071251275,95.42202856942379,0
11.2912852340612,76.4203399754365,0
24.234610843343788,74.76098724662477,0
28.885359074723162,83.0852684367905,0
22.60907979764519,92.5299564573047,0
24.29565672914405,84.08056351757057,0
19.702865346423852,92.55290013977644,0
21.420946025960163,90.18165726944102,0
9.34739971773565,77.79550609439603,0
24.113835557375566,95.4001795723027,0
10.497047877217394,74.25655922056656,0
19.13259127417998,94.19546481049332,0
15.655597422401396,80.05759525609363,0
21.829331347669715,84.71687051807223,0
11.766343738028505,82.86472245617854,0
25.400503195646678,76.90048386236529,0
27.925170521037096,81.33614956976292,0
12.497553397443426,77.40282324958362,0
11.055524879269457,77.66356600295676,0
12.06185377868218,77.26289116449689,0
29.930775490331825,84.4518741959038,0
21.408292954215995,91.80640263898547,0
19.92017863546996,86.35536218307716,0
11.114111596301946,94.07468556617599,0
24.37255902736282,87.96415385524318,0
29.707833597989897,89.2210957775452,0
28.735421698303583,88.70368596709928,0
23.79856242168269,83.51008513896862,0
10.34638828652845,89.22106498390468,0
11.252967338139982,74.46908041853162,0
9.71210260794889,93.28057728941181,0
14.796460340333372,91.32741038934832,0
11.821178919954,78.64785882429275,0
14.859201391183163,91.09457858082037,0
17.912450843074936,73.11049113492521,0
23.41562648735028,74.3602671857327,0
28.901210029956964,91.38490056049469,0
25.857430522690535,90.80511747026817,0
11.255558810478512,92.18029422750661,0
26.48192646331944,72.91619876536926,0
15.226803721273805,84.74269337461426,0
24.117372769299152,89.59002169127152,0
16.835446429255875,76.50924189866856,0
32.874963937962455,88.27951620549504,0
15.325271412166067,77.1264497711161,0
31.238553158952143,84.1371230743788,0
9.109693891836672,88.36937654983434,0
25.523736780778123,76.282306955089,0
26.223177815704616,77.21923964119041,0
28.93552071743118,77.67689572872551,0
32.30752140460226,78.49241476102382,0
32.335917000008294,78.2032237940209,0
10.10210005105553,82.2170874788881,0
28.5804133994435,88.37472133232893,0
24.293276812453016,83.23802490301267,0
24.318487322648714,91.28364626760562,0
11.642601570928967,89.93362161638777,0
24.387974496006365,75.82181354633704,0
32.50397054120627,73.97230622711704,0
30.778070002455536,93.71126059381777,0
19.233122240680324,74.71009328509825,0
9.483468844327696,76.3411132294289,0
17.35644820965426,73.33644216317225,0
28.691566927045308,87.7687374007571,0
25.64121918115547,86.67439783279939,0
19.726805207045956,96.30539655035396,0
9.853580025495656,93.92531154247636,0
18.934271340375467,82.59072700808048,0
19.963261264864006,81.65610050883495,0
31.186854242648835,79.87686120800726,0
24.165689784690287,76.43795670611667,0
16.11960088799143,76.09695289044708,0
21.338171605001705,75.9588695123432,0
10.12111539260719,75.52630876352809,0
32.26182219672285,78.53553614685788,0
17.30189496827246,80.11057168321928,0
20.179228755529046,95.70247405301347,0
17.18524752559388,86.58161183314508,0
25.177470889086678,96.32187404492208,0
24.68216184355954,81.6770776290798,0
25.97883777387736,83.7045330044333,0
15.056918609140244,80.53696809802263,0
16.217677190851315,77.16363249737334,0
24.517978900940065,95.30965256685754,0
9.479784577000892,96.30318280095341,0
23.10559447520088,73.87869137093597,0
29.74926392275617,76.38888797839273,0
30.265496838305182,82.89263029703413,0
19.47509362356614,77.24566964142998,0
19.725829042189737,81.47265160854681,0
10.387676302186122,75.88298587758969,0
24.89056891990424,83.6779903853878,0
28.56624984128817,79.27792119642672,0
14.483242514476473,81.18754647693491,0
18.797647024718394,75.05486636910314,0
28.99562239907212,83.00223991161133,0
29.930602220432206,96.21859239191365,0
14.447215241743292,80.63825524190284,0
21.95493646860472,93.67525648237348,0
13.209238154839575,92.88412377204278,0
10.99606887499634,95.47581168471031,0
30.761020359026965,91.62018233410618,0
28.547885012390225,88.51297678359987,0
27.07089983219037,93.20279690698959,0
9.69884845648569,74.61042510723918,0
29.115042660147743,83.82842880908548,0
19.206583449077506,96.36140585951334,0
16.870449731797493,91.13190182597808,0
21.854937773924675,95.714292356943,0
10.738993132910023,91.37079306417546,0
26.988142580905055,93.63841866745265,0
22.733194840684163,89.63033846168835,0
13.06506174146929,90.91529596554427,0
13.105168526098335,85.26515987307577,0
13.007874190906353,94.81346466729562,0
9.900006517850763,92.45177062205869,0
22.864190057620068,92.90045165822801,0
29.032474385685752,88.83229204290704,0
8.935155055083914,80.06084496046962,0
9.704669343788007,73.65776312341187,0
22.497141386828567,95.08528726789231,0
28.523172309767098,86.76367156705314,0
16.488061298241206,79.90759543277386,0
17.046773596068608,76.36006241575075,0
23.072967915580314,92.55853037206066,0
15.205164207780589,92.72511346814767,0
9.157661762026873,92.20105320778157,0
26.46502775740018,88.16742875471073,0
23.788675667564185,81.52348088301723,0
22.6921849787699,80.04871107826007,0
26.622699847421558,73.01316931499466,0
24.999642087791692,92.65577033890642,0
13.536247640723799,74.89107055779242,0
17.11678872098649,87.8263194593052,0
11.587896977037916,84.8103600711353,0
11.679410717289036,85.34875698361729,0
25.023209057501624,94.87239214010542,0
29.478260215006678,73.56218038769224,0
32.02159585709348,91.22218233237217,0
23.854552297210667,74.04874736408536,0
13.004275840966187,73.71784922249162,0
11.088186122743542,83.04246651386359,0
28.36088156176084,74.31117419745331,0
22.643348559129564,91.59719455775675,0
23.608795262320857,85.41717396902058,0
27.594238274883992,73.50084633554128,0
25.684648205867795,73.77372778854873,0
28.888618636257945,87.3957224287933,0
9.880748600743797,92.00116026014783,0
26.765250938519657,83.2324955227351,0
29.28903864731099,86.01278470791196,0
15.496351341843962,91.8515916948893,0
24.150086986107294,87.34424173467367,0
16.180884395801215,78.1605220625075,0
31.9053003725086,87.40485258577252,0
9.32411662565429,87.7673825947923,0
22.668660838365366,90.28689142765379,0
12.57446707182952,87.59108018635418,0
25.90307183280226,95.88491617688452,0
12.803729083894662,77.50647889456026,0
14.256787890876224,95.45277206102227,0
20.58230980630086,85.62611970101118,0
30.851742195391267,88.80722348649931,0
13.678698012336811,75.17745087904653,0
12.030701853550177,81.87013403378815,0
27.045057490836932,91.1266402114598,0
20.734928816681247,89.63941830506208,0
30.777252843542684,73.76512611023175,0
12.088697613656914,85.82264678112071,0
24.283945837226337,74.91119985195208,0
14.195627271048512,96.51854115038063,0
12.336500771313414,94.17205901785823,0
25.199884464016662,73.31138182847788,0
26.943713032219392,94.69899490691839,0
16.06610393403939,81.22666648284174,0
19.449055058542562,89.93917235786414,0
18.411033902283865,83.33496893755347,0
32.543217122657715,88.40907187072338,0
15.645677820669967,80.91167126313601,0
15.70840562996404,80.4888903124015,0
17.167277162809143,82.9142904514157,0
22.297445674287935,76.27513207199357,0
14.670518463218235,92.5969988121986,0
30.86285489808538,81.11119139642229,0
14.996892510354414,82.33613653302865,0
30.387216068820535,94.09487506228271,0
11.035056955884896,84.63296581183363,0
24.54369083268881,85.76692835511344,0
30.660027375465667,95.58151084027448,0
12.629320808979141,93.92040684473713,0
32.15823311866775,76.84411087053621,0
19.569018707788004,84.07565673563097,0
31.605960379366827,95.9338194807883,0
25.038456918251356,81.67468139467412,0
15.873747372155881,81.65579737989005,0
13.106886150234047,77.45271929906433,0
15.926214514436065,75.53126926078275,0
10.77963880081479,90.43444696383327,0
12.021614773343746,91.1421466894004,0
11.064008642241683,95.87946024106073,0
18.837767467570643,91.2228010055895,0
27.9390150267311,78.60316073867877,0
11.960935395481934,73.7645830597537,0
11.690729299292283,96.27048776148371,0
24.222911544408767,80.91484461978655,0
13.323782776653964,80.23682177105292,0
10.891809345354185,94.37820078759827,0
12.582894126127549,86.73937700359048,0
31.06902933358746,77.9250862969363,0
28.571423644099028,93.97682772675299,0
17.155464562637444,96.45912729527825,0
24.525569781793315,74.87311631352502,0
21.630219830118463,93.33771946862083,0
25.04588719569341,82.10677667060376,0
25.181364626643898,85.28645434397319,0
23.864001896969633,94.58915515806017,0
15.007048115295147,95.9834101454633,0
9.460472329089361,79.05101710820047,0
19.634558700093876,77.87698517127463,0
30.26895861364587,74.72641326681355,0
22.417201064516686,86.18460911884586,0
28.838128991088986,73.13338922952693,0
32.72724929859838,82.6158469810251,0
12.503946496911874,74.55660391940586,0
25.403781809445086,82.45698981998888,0
24.9767503189819,73.76019318305696,0
32.44224774115575,92.69409362322278,0
32.58012843924358,77.80290094860125,0
25.279242966612053,80.62577200050096,0
14.45783509995712,93.52333298832602,0
28.011736670656013,90.57637104571812,0
11.121861712787014,78.02429741208202,0
27.57560799472995,74.52125907057788,0
30.738443333394187,89.8480394205011,0
17.858115637991638,82.11122520899178,0
23.910438831333614,91.04809513420687,0
19.013600722352336,83.41093989932958,0
19.199768631404726,81.04701818729593,0
16.088288597619005,83.55165848504419,0
27.122061321431154,90.63096027756191,0
31.372990605150463,94.2892808936644,0
31.48471336477821,73.99434198854986,0
12.77664286057767,85.28738509895356,0
29.872550725548905,73.59123571664594,0
26.518832041889873,83.96124924098098,0
14.683088451681911,93.88603915746198,0
10.151139987891053,81.41812896995214,0
15.053353609838359,95.00899056545741,0
30.7875872502445,87.82283100443149,0
23.9725584406737,95.0495808368673,0
26.118844920953357,90.83588829616738,0
14.788476967569974,75.27205238267207,0
26.078142130499387,78.31268010200827,0
9.194618756790657,82.19378798988319,0
17.67464106283653,76.85935191381009,0
23.815626021349885,84.59220206392524,0
12.076046166335395,84.03168692681282,0
28.60884912784016,95.5758225462845,0
14.248191530842625,83.13555898034375,0
24.439117123188367,91.51345941217932,0
18.40432867923336,95.23421425955513,0
23.065569824951893,93.68857822129104,0
11.132154452521323,77.77739411740838,0
8.92085687930331,84.61882595312116,0
30.723014747192884,81.08838093756889,0
15.093231760722112,82.32921185763134,0
28.527600812819628,81.3994770691427,0
32.91594838360914,92.48320390449135,0
13.671783221412152,83.57388646124814,0
14.984318436814839,85.27745231683853,0
24.697491085977063,96.19930211789607,0
32.087932785384275,74.23746791876124,0
30.875663054751577,84.42664422126981,0
20.790029148278208,91.23812115984397,0
27.92758228734735,76.40831704033826,0
11.823239965404124,87.36865462979421,0
32.38076600853338,78.51060323707493,0
32.061178679634494,93.46038823237541,0
12.506700398639673,80.59698743294881,0
15.820899978883313,80.64372553530362,0
10.953967532099028,87.05111441965167,0
15.14421914280869,77.17970881201727,0
28.436713753687386,79.59204039952601,0
17.747773018868827,82.72854193176941,0
10.666788943903146,81.22880061790217,0
16.866307451061008,85.30561409433932,0
32.47712250560256,87.08554666154929,0
23.8871944804754,86.30054307197325,0
18.672109047967794,88.3837363797272,0
12.575321093701639,80.13630508904883,0
32.594198232313715,75.81941642397649,0
28.556225944473844,90.92257009605324,0
15.382590519788542,93.06461560775266,0
10.219138533850796,78.92822470481968,0
9.890802803099781,82.50141909370372,0
11.4478985785462,84.67928136101106,0
22.692492344519763,85.50678014094065,0
31.191931714804447,88.51043755130178,0
20.640258694686526,73.79997688272115,0
29.095911060211968,89.98620272783583,0
19.398130045891538,74.28488652315363,0
25.814249922759082,83.95836904969966,0
26.383066037004248,92.51443781757933,0
12.75667428015965,83.55189430178494,0
17.330132992650228,76.35898252085232,0
24.07327051575909,96.26088042140992,0
10.234474692132798,93.98133260257082,0
17.338049526681516,91.17269587259483,0
21.56974084514721,82.6066406732275,0
32.839603542123406,77.18644207360506,0
20.09780408370336,95.22232556974544,0
28.43917979267504,85.48355059127083,0
19.060606078508986,93.10211457071252,0
27.958855805693013,80.95399184766862,0
23.05021213945991,80.79194031364975,0
30.162019347900298,96.27294224633852,0
18.544654789747582,85.23313945032035,0
23.267332518171713,76.15913303569525,0
23.895378618256622,78.03944663454782,0
18.70195511073312,84.28348000105528,0
12.032460935569778,73.82063427092585,0
10.792876572369149,83.8213657383511,0
8.9149645965343,82.78351369658263,0
29.843012649495122,91.3636962104841,0
14.283450401002732,81.25984825855087,0
13.673627023423897,96.2017163246187,0
26.484735082495163,77.11321420004091,0
16.32386392106955,86.879527789849,0
20.867433136214952,74.94503305639046,0
12.476954543127968,90.28110623309368,0
31.948644614354187,96.49228743173612,0
29.306835044673747,92.31129875461315,0
29.60500915404196,86.0395176293713,0
18.442835765063514,84.35007196715107,0
27.127717764092125,92.68963445855309,0
12.02181478293092,95.09288085682665,0
8.718288852598471,96.360222312178,0
8.995597677639061,82.25018300269468,0
22.83496151825817,96.40095605549055,0
19.63036077589669,76.5217438746164,0
21.159804913395227,78.84593446495636,0
8.690058030149807,74.92876830266593,0
18.83149234380455,79.27896636152242,0
26.04590253686562,91.0923191682806,0
19.32014609581811,93.11565871296149,0
26.391528209886424,91.35313463788204,0
14.199042197271647,87.83371841622528,0
28.367989761662976,85.04585540052025,0
22.879645371471188,89.68211201926883,0
13.655464090685086,82.11434398255375,0
14.289448056234818,92.83910842691593,0
23.84681835258444,88.93183182847017,0
28.778254718384787,89.42261794229834,0
18.659087020606417,85.56889798425905,0
14.816517669489908,93.88475723511448,0
29.683703014523346,78.80938865486344,0
24.854012638327234,81.88374517544736,0
19.451835268867654,91.32337322968982,0
20.42427123660222,84.54071296688947,0
13.496545871476162,93.97963157525896,0
23.816829675161454,81.05646762112485,0
17.269718950072395,81.60239816690577,0
32.82545429669329,93.96824616562206,0
20.235798745452882,83.86508462809478,0
20.375066834771502,85.0972341020717,0
22.32816393720687,80.7318353779601,0
30.898662071126914,79.3963722157175,0
28.066990238610465,88.42612356354007,0
19.52619626994228,75.66262931936791,0
26.061316664220186,93.74295046676393,0
22.82601649194806,91.36052672713129,0
20.533369837313078,77.350775530346,0
13.20490587133591,89.33251172400804,0
19.838975239037566,87.15679777376279,0
14.511660675244123,77.2028532820723,0
16.699766983016254,82.54652389507896,0
31.76591111501253,89.4568542754763,0
21.527141018521295,88.01602891285854,0
23.932642326607663,85.48078226068404,0
21.76857641171433,91.10358000319056,0
11.66777519194316,90.85424674384431,0
17.68684998605649,87.51929920357642,0
10.929326480248848,91.54591593830007,0
23.722831664767803,80.76753880509723,0
19.42225062420065,93.79001558295082,0
27.509313030327412,87.449088700646,0
13.89255755352211,92.38807560415705,0
12.527145774847556,85.81514358032459,0
18.43205212192644,78.01001002083456,0
31.13873523078251,85.72303219643328,0
25.859147881874733,81.64481144657724,0
18.739584811718817,89.41534082526996,0
21.141653476994087,84.13705109754515,0
10.564599841506592,92.71541446474886,0
32.5550977666401,88.95284017088137,0
24.784135779839175,89.10692165283552,0
15.478498004725958,77.97946686160189,0
22.815584873523733,96.24221332319702,0
11.181779542552205,92.84784246302073,0
32.09741014786041,91.5938837001068,0
12.77673330299881,80.67116171389013,0
24.33529554751295,85.56165234517451,0
14.502767284774905,76.0736101996853,0
26.033524957906508,85.62936912483293,0
27.4808931131589,76.28278595460769,0
24.955407500073747,85.97605354797278,0
23.516336579966953,88.25406941894514,0
30.3054776624638,82.09916462753583,0
10.428159829708765,84.67870191439914,0
16.590053035889483,93.65678440120635,0
14.571961003780618,75.39413769450962,0
32.63906921598577,91.6588312793389,0
18.018249036286498,76.87477141620664,0
26.40113889638058,73.68343227513792,0
25.231531880951742,77.22760261402725,0
13.687658345328927,91.02341110342851,0
14.345066583527224,82.45461596492123,0
15.377883057493378,93.58219798371367,0
18.54916654249893,85.30157448112962,0
14.230942464798755,73.339229481053,0
8.98774657453185,89.8727954361837,0
29.98610802558845,75.43389091863341,0
32.091869861778896,91.60280560577512,0
16.85030634138588,76.81163339397129,0
16.775483113148777,81.03378046487806,0
8.680988709441637,90.93361420237738,0
25.122247117075176,95.52754434707782,0
28.66835393352528,81.6524843524727,0
12.088544797335693,92.55560332842799,0
12.40747509124102,77.35182311084647,0
27.804801849821672,92.02658574325214,0
23.56008706976487,88.46291473961445,0
9.603453994257125,77.39827766922483,0
23.71288976894289,80.0114205118187,0
16.052796408584484,75.94666046674277,0
17.513535455821703,81.92705987964574,0
27.30772792599695,77.65790371678423,0
28.31409050469974,88.14160364066868,0
18.286103735726783,96.48636922470075,0
31.641077935423247,73.09541043186961,0
18.435239141174716,85.68755122960188,0
27.359131171359685,86.46717651780158,0
20.326015021251287,94.57469945999597,0
30.42914225055045,84.85631814847747,0
30.67897371803926,85.7537748514661,0
10.642849495851312,84.03846368165786,0
31.380727338118078,79.21149032266533,0
28.670672892726955,74.14342423535884,0
27.834781486357898,82.53869541417029,0
13.414844329720706,74.06158144394199,0
28.172040688583742,85.91545406037903,0
15.569996950151616,85.51334055877291,0
31.76581497781863,76.00680049626165,0
9.72556414374505,95.01326510903328,0
12.169167398298963,94.10598446485135,0
21.637680504032794,77.33287799217014,0
22.57095558058615,80.98611502893597,0
24.264948582494988,87.41534572949266,0
8.922232670597184,75.08756756081475,0
31.963813240754085,81.25094076910877,0
9.59679930116028,78.78790347977798,0
12.001928665522092,94.60583846710121,0
8.850069117997808,93.10580895047615,0
22.352750295190585,86.6139781559317,0
31.27750042364623,85.197744280874,0
24.77289733652617,94.9679311915405,0
28.600395822330263,95.0084516045469,0
8.832158626856497,95.88701113203346,0
21.745980609800423,75.79448160539366,0
19.732161933895206,76.63201058572822,0
20.694590364739053,88.92103753379415,0
10.271515631110507,85.69980417443944,0
25.22445372587218,73.24913053926764,0
20.79845287204073,74.28498244457732,0
27.195803097317537,93.95264243589912,0
20.360535212512154,93.4953065502551,0
12.15628085978225,81.31529535689602,0
24.34083091449314,94.02335686219092,0
12.718149174237203,86.94353213199219,0
29.81517655087577,91.99625181347544,0
23.482552732232122,82.98564643855032,0
12.347331731069229,75.5092522239461,0
32.01195992953368,83.13553945208693,0
21.168356121694337,83.69675182777276,0
10.288252607496435,85.92620857425698,0
23.817569097062016,75.32318049818763,0
14.691917896082611,96.41248822090759,0
28.13721794747702,78.62183374735638,0
28.482295949960225,77.536574072166,0
32.41762607528852,85.35146058321729,0
20.765458833037243,85.59918580049789,0
19.61966242365279,83.28061578190514,0
26.910695324326504,91.1864689331463,0
11.743246433135496,85.10984780968235,0
21.865663658106186,87.32494039050069,0
21.849350508990604,90.04022958240908,0
10.693073011446558,73.40528986025105,0
18.716637467865446,86.39521979833583,0
29.348438916728504,93.86012787071893,0
29.418507171058145,73.22348580105843,0
10.931562565518792,82.4559499208411,0
10.723548348409556,94.86083600399083,0
14.923862488729362,81.21729053167795,0
29.873098139022375,83.73077364062382,0
11.656099722498103,96.17773320776715,0
26.093007749649104,77.55494064349898,0
10.978651005504943,74.36307531357951,0
23.727321036677694,93.27036662222277,0
17.20437948280845,93.48565361932829,0
27.776243138781282,84.048582743933,0
14.215442558920337,85.05158500573114,0
14.264097338325026,90.39289557769644,0
25.93824435197439,79.1220852485919,0
29.84652410124133,73.21169176060263,0
11.604790045297559,84.23005276254827,0
29.673544609511858,93.25821839686394,0
23.0052829673699,94.1372542738896,0
11.612329544298875,95.57503686986797,0
18.950076808349152,93.74986889648143,0
12.43663602854758,86.61899715103497,0
25.613101920129957,83.39453227887732,0
27.042402660454762,91.25688494283139,0
11.09175630229428,90.42294412626947,0
20.8697573346421,85.62145195891594,0
28.40421186992792,74.88856301438653,0
31.372660328266356,94.85735761908545,0
21.049958235036897,83.65634397605294,0
31.71743450478258,81.45963804639003,0
21.59146612951056,87.79804537828561,0
18.13550188345458,88.85202528969542,0
29.224324011790905,77.82549261540314,0
20.54840678386978,92.73508056619355,0
20.033543166497996,79.71223244541486,0
20.483189201729612,77.25401303615102,0
29.189687630842684,82.4849417128055,0
28.827150385368405,90.20244793238177,0
18.363365899477827,95.79482902025951,0
16.648306666183284,92.07661746496312,0
20.52264708198838,95.19702266757484,0
22.497195926932104,76.15699939565468,0
27.899367691336714,86.08716208299784,0
20.389651882537247,79.72081248409262,0
16.66651939215045,92.52357609941083,0
11.116778062920305,88.80797892610644,0
14.34134143384005,95.92029520244296,0
31.69305804767106,78.8755174196206,0
15.959544549085006,84.37489760149393,0
12.632003813289192,84.7428779019948,0
19.759268077598406,78.50374698715801,0
16.00810091891375,86.85826072605664,0
9.366508888231854,83.36311533791884,0
16.40028928285804,83.44490832132455,0
21.79710807177807,81.44542166656802,0
21.9828223089331,73.21254877444788,0
17.216386878957813,85.23938155094385,0
19.432717815911104,80.79097654552442,0
32.089624971543834,72.84092303161954,0
17.724151799938745,80.14092832946591,0
14.814719672692693,79.44299697941767,0
14.454226499157144,82.17659166302082,0
19.68823860244335,75.94859129531321,0
27.058327482906797,84.89627911492644,0
13.538841376182353,89.29490525624234,0
25.831654037767358,87.81276267052485,0
9.024342103349813,91.94504862769354,0
18.73981325441816,83.57077319782715,0
27.45753635521494,85.16787499749184,0
16.781004810638112,92.103298183369,0
22.276514765416152,82.99207688750147,0
13.51419870908698,89.51295982661114,0
26.630302125827406,83.15637846770365,0
9.784644839869108,82.75483382071099,0
29.3303125262633,90.90823984504664,0
13.348534206217085,76.97196308397577,0
29.86410933941616,80.87044985833369,0
17.117965821829596,78.14652407138445,0
26.15862956913869,81.35907819809023,0
16.304549017572132,78.29419235469537,0
30.633799689839357,86.60380964916544,0
11.60076805071842,91.81210303577684,0
12.867952236554203,91.53693991142683,0
20.549564842353526,81.48742596867864,0
10.509045603627118,96.34960122780475,0
13.294405609709576,86.94780062006264,0
31.558364614592243,82.31829857064409,0
32.3575992447312,92.70176014300328,0
17.69755040951449,90.18611423205206,0
31.0581514807148,90.64801494375385,0
21.814596947018106,77.4791248352656,0
15.095978417442042,83.95921992929527,0
25.66319152543109,93.32763697195158,0
24.60082120351717,84.80948063384308,0
32.66621304338779,89.0809310450179,0
14.981303197062939,86.80684405662252,0
24.922185281551194,92.86406927139504,0
9.778408204597818,79.58423625918391,0
11.283473243820993,86.51023701858243,0
8.603480541329061,75.74343277323032,0
32.918644323345994,89.24182420632015,0
28.102541803053867,90.23596338547148,0
27.722731334430982,73.82935766329811,0
20.957347373945833,88.89852176685633,0
15.836628036476561,82.68231463643124,0
15.46068482995818,82.80652872426532,0
17.69051366320445,77.4337373779842,0
26.979925055158155,82.70301251733696,0
21.688498400891973,81.95972443253795,0
10.400241091282949,90.38889919076621,0
8.94811921199425,91.24178400200164,0
11.007143110125341,87.26145002470443,0
31.30011789257533,94.9749898032157,0
24.07572084940798,89.1471292002194,0
28.091604785167128,73.62361467113419,0
19.898529130884665,92.30401982629095,0
17.341124401583162,77.57737452901809,0
11.155352895073207,86.59941852274014,0
29.90160000620584,83.91898642311936,0
27.635708833775823,82.80489158028713,0
12.613900916853673,93.99152843746842,0
21.019249821229792,83.22206204752234,0
20.411439155452307,74.60326939450512,0
23.775038255106118,95.34678135952815,0
31.617483287889755,94.72531741943136,0
22.668138113368457,89.10426129942493,0
21.70206541400269,83.94894026308353,0
9.736867259984049,75.02026954540274,0
10.044232626896314,91.63538607517579,0
13.083543276065914,74.6064547884538,0
9.300845383444,74.44273098207832,0
26.663457866858458,85.60336793180531,0
26.174425315931416,76.62178350256146,0
11.830820731053032,72.99353980845615,0
28.928201404195036,82.88285339998407,0
12.288278100657408,76.07632531283065,0
15.86370218328344,76.63100124722396,0
14.58879941305387,74.64056464471284,0
17.60102097266362,77.69230850958805,0
14.727695665944257,89.84352555197293,0
20.44993433506508,92.06819056277594,0
18.458323848669608,83.58328071161993,0
32.60378939343648,84.86937621682186,0
9.873725338203743,73.58694094055805,0
11.980421435038501,74.45976006268728,0
9.797999675601025,78.94159256626875,0
23.793347547528555,85.75846499182819,0
9.839114699426444,90.4165044882266,0
28.93701449079908,87.21322533338687,0
21.011386912442255,82.1451584118904,0
21.379432602164222,75.62652284959609,0
22.224183973222246,91.39790713649138,0
12.679738568188913,81.47040554279435,0
13.336173607952265,90.33324580006176,0
16.29458462251614,85.02234124485565,0
23.0033574105393,90.39533718596333,0
13.639702684818197,94.40996861929878,0
11.34906860205066,94.73708519905894,0
32.20195034830379,85.54915633515256,0
9.044662694947009,84.98733258074725,0
28.112890468235655,79.13469054636724,0
27.754778966539575,95.08873229110159,0
15.766947009822408,83.71149757774674,0
12.064617698593029,83.11120446890536,0
25.54187478908183,75.83434439515882,0
24.207711038019582,84.77361855397032,0
27.625588616691097,86.17217346228709,0
31.40485440707267,80.85068446535321,0
25.407438677254383,74.51533561193277,0
12.314301955511374,95.2721396902601,0
14.453629885804382,91.22125118634831,0
29.077550250476527,92.78132071153095,0
13.619877690040664,81.54378900196431,0
10.27906587373425,90.92312930508376,0
25.684717235767614,84.36510742259067,0
18.3390972721854,77.59683335608973,0
30.97887182132998,75.77173318616009,0
24.38963300175519,81.02436413105004,0
10.716174610085393,76.08429802884557,0
31.658263452216865,96.57597832208384,0
14.822790605558751,73.98057623085701,0
16.743868905690128,83.31211005926316,0
18.33260189921703,83.57280243207832,0
9.758882196222489,79.96685175977467,0
20.63468987281167,86.41206095736558,0
18.301092764558838,91.47264294418287,0
17.073527423866167,80.72431221724712,0
27.383654083334946,86.88800106172322,0
28.12444563472151,89.84721708411898,0
12.254740171947248,93.97553913491086,0
17.460438375084635,92.70766819294867,0
17.626570042608193,87.29193276529082,0
12.205832537736809,82.05624443669366,0
28.009237283567316,84.78964079169701,0
25.78115003978384,91.11129965297658,0
13.157670110582453,93.70183223813774,0
17.46460807663115,75.28030797363247,0
11.091964018575815,81.97203859199324,0
23.851120220149618,91.28704337888311,0
11.472170578627809,83.08613135179061,0
32.5882722605693,80.71907561628322,0
27.57518718115218,82.60214325593239,0
18.038979425564207,87.16184084961793,0
22.638645855058215,96.61255093194286,0
30.7664257608576,84.54651092446767,0
22.04112025140683,77.7732718264238,0
12.769735779640126,76.68650078180634,0
17.757243401172996,73.81774965949676,0
29.100780787898437,86.11364749559257,0
24.242061614247756,85.7745035368178,0
24.40109552648068,77.6956457062683,0
29.67905948644251,89.36368695670672,0
30.34221052540235,90.45354670393652,0
10.824378363833388,81.00172051109311,0
21.797532513299274,96.39034252902505,0
26.594011181739397,81.71987242860524,0
26.99498853574329,90.92243035265102,0
23.326237978630907,83.58784661232335,0
12.58139832419231,91.69720772481747,0
27.98400844572403,91.11816687173325,0
26.095805056474305,88.70722844355892,0
10.611561415183948,93.1597978873178,0
19.835887093372886,95.17012276831451,0
12.75700873362657,86.61756309849387,0
16.750330414730982,78.4630861277979,0
8.949391295227496,82.29993474384402,0
18.28545018682037,90.8630073525533,0
21.937993186059828,88.30553223994869,0
23.640487206467633,77.04246772707648,0
24.712891846595262,74.02939511135632,0
28.933389370599564,89.06923790095547,0
13.770252379253055,78.78711156959321,0
11.450430690269215,84.70549426492575,0
29.305754815377377,90.58781566848036,0
12.332895447155632,86.20529628716397,0
32.31535592052758,74.79274207492489,0
29.085964295785644,77.22773674746948,0
20.741207591145923,78.03119741367107,0
32.478052833862044,78.94865221285784,0
10.88611099729201,86.27044868050609,0
15.909867870493667,84.80776105669122,0
24.095795793090026,77.64627121376319,0
17.05635929035452,74.41782477099153,0
31.182385109745447,76.8909047801507,0
10.110632115415846,96.24534513261679,0
21.926633832012545,83.96452053108094,0
22.939118563656837,93.45899289884143,0
24.45003493613147,93.01633561318715,0
14.752179725269093,84.98759905301328,0
17.41196252352892,89.63410188983899,0
29.113863881663498,77.39848011078263,0
13.26906772776406,89.1986353479213,0
28.70323027434185,79.29434762388082,0
27.123475247195323,74.80277820657567,0
25.936951908815885,91.21614585106408,0
22.40048227064943,93.78858018331627,0
29.701081838965898,80.05190686435755,0
19.0618016775852,88.38909436794322,0
32.115828349999376,84.41580312368525,0
19.552697092042283,81.53033172843074,0
11.995179911496987,88.17597907746439,0
18.01934568565617,95.3678333888399,0
31.752194376014536,73.7920373518733,0
16.316652387881845,94.68526394847962,0
29.71024102594899,87.31032722742722,0
30.03147872736234,92.02978860527635,0
17.060747211996713,81.94867589012772,0
10.541266259802276,84.0429912736117,0
26.204408391949322,93.49482935514905,0
16.116166437298197,82.68607186236163,0
27.62993463028311,85.53850922069653,0
19.3191971313758,73.29029446836564,0
20.359951680241117,76.5853521576103,0
27.50746743218302,88.08657345904656,0
17.846634783839214,89.87906379768945,0
19.33073741790131,86.67988249667495,0
17.69586855651468,76.2213809175385,0
17.47971695019001,83.41357436789824,0
21.353517532595376,81.26348611819725,0
28.261926908770626,84.61005162377073,0
17.343621239977374,93.53002385266316,0
21.312195567343725,91.28096861453919,0
24.88964813363576,74.80909601232767,0
15.08857745574386,94.00570538476552,0
15.286005718742903,84.04118608675815,0
31.30549630950648,90.51913934818093,0
26.179414398120457,76.14351060578001,0
22.60500769988687,88.77778254498043,0
24.32771765650353,78.43587656618051,0
9.223388731367354,83.24633650105318,0
23.604348732920563,73.21096598342501,0
20.952042422336035,76.41899906855102,0
21.837189283073055,75.00172383533427,0
17.28635944543526,78.51725494862045,0
10.497699628336518,75.19069968169116,0
13.229902918168927,89.28227942165027,0
31.728803640804358,73.5008729894274,0
18.489871913317366,87.51647433932476,0
19.906065444650665,76.15942841686771,0
9.795163945667968,95.31161097243964,0
9.425297043068278,95.02431443343674,0
26.024245396076566,78.1782079588573,0
21.650222884614685,87.43745179749143,0
20.93243263015851,73.47624196435126,0
14.445860932668852,94.993232778514,0
26.697598668840016,85.26061970736268,0
12.61679471385432,73.83854338977754,0
13.146751523953291,80.9636336585399,0
19.760229888749947,74.63910816465909,0
15.499888422664313,82.16459939982474,0
14.551823423031852,88.7588986770107,0
24.267087181910288,83.9964932647791,0
24.407137078295122,81.9450385818466,0
28.645814796868564,75.64635400154327,0
18.70990819253825,78.6409328687704,0
10.292811089423164,75.19368035005546,0
15.191816368000786,92.03417947867496,0
23.07082049880262,86.98396454505243,0
25.842424004713187,80.96935751719502,0
8.687485915298396,78.18952332857137,0
21.164454841841554,88.03376637221176,0
9.424379382789946,83.6896693109303,0
22.410678712253826,82.33603924001592,0
30.99672083772026,86.92393674835249,0
32.160484292109736,84.5054474061251,0
21.71025744687104,80.0347579570909,0
19.698989882259944,86.1194578301159,0
31.58891205373625,88.7487145659602,0
24.960050585179488,73.44500244475667,0
10.092880513101253,83.90082970159797,0
19.88267751855905,74.18280575754679,0
14.375531621247024,77.24738231245523,0
19.98229691439571,86.15391818322081,0
19.63208674353705,93.4314571760792,0
22.726105175486786,93.8270639403589,0
17.221554252604975,74.47470531073739,0
12.519925809849868,82.78742397173716,0
20.810640949255628,86.68953761536262,0
28.784685351206434,76.31089469586416,0
24.72563833567598,91.03267293227233,0
16.772087842042847,90.52802231994366,0
31.357028484537622,94.31596281861711,0
30.787570995256807,73.01153234501886,0
13.620911402059832,77.96825130877454,0
9.470514623257761,92.5029048648712,0
26.61353055916677,88.77446197027191,0
28.721363026880525,94.10285637599901,0
32.14693958611867,74.17081548936368,0
30.24117649918626,87.0218330369477,0
23.175262401352963,86.35718445063037,0
21.453796830047146,73.65882544564248,0
9.18776891265086,85.03527441528857,0
14.532124595941653,87.32077062037017,0
19.733426469627446,77.36374859051976,0
23.85838155988688,79.31684598286121,0
22.118118325897257,88.05469111297917,0
26.64594812971933,83.95866378716605,0
15.340816338572303,93.23682317515288,0
22.306202336021343,80.9608189467993,0
10.66056756103726,79.1580504824122,0
18.611160744442046,96.25688299928851,0
26.829735192802588,94.50153796316827,0
25.44342725796197,73.49975028518476,0
32.70327452084795,91.15876794734797,0
15.295001607174795,75.43631609145055,0
20.67557270800547,73.46385899808726,0
16.556241568957198,79.32555799851689,0
19.269085495903706,79.22200319146427,0
29.43796111019146,92.3155871051402,0
25.218926910768538,89.72884548456076,0
30.060555781474207,96.17935294699811,0
13.478341179672555,89.74897856162467,0
29.838783715033713,82.76719855269847,0
9.967414095540004,89.44935308420882,0
30.21096118753119,96.60431163926303,0
16.54508871483187,89.71633779606506,0
16.191278523608943,90.94337360195905,0
21.015049199753427,95.14980338849497,0
31.483231521441773,75.51527399741755,0
9.674791898684017,89.58878597527251,0
17.11068095589969,93.06522449744205,0
29.428725375240596,95.53104985669295,0
18.18102787231048,77.83219144897633,0
13.371993768307995,84.80688559790642,0
18.882967511629396,89.01193884071705,0
17.924527205747765,78.70113498897169,0
30.865938703767277,87.10537178167492,0
27.117292657151715,78.94185580428979,0
20.844739866310153,80.74834137314109,0
32.64777894189747,83.32104025573476,0
19.871734416165285,85.40829382202764,0
9.93018103201132,83.50786336823138,0
14.913576178157216,84.55134604449988,0
19.15838027172196,79.91820854719722,0
12.339973759569315,76.59409167931165,0
31.651145287681864,73.93679358170442,0
27.23732513434817,77.47530067167764,0
15.06043495791396,86.66423381444082,0
22.93761077305289,91.52509288550814,0
26.128480111683096,76.83889433316523,0
31.497610958875818,75.3939523056903,0
30.040873861099186,90.64837262394477,0
21.090852853683117,80.07461493434933,0
27.42792354164147,95.46250368429864,0
22.23762320562257,89.81576080572087,0
22.007039183531703,80.58880667838743,0
11.310240027523529,79.70284398122071,0
11.588569037129734,85.27754883384758,0
21.441127490373397,74.69375172752045,0
15.074462771443201,75.61110593334035,0
9.021584119191504,76.9962699224327,0
26.1624306682508,91.25387914508104,0
9.301231893817283,85.04325671369789,0
23.046842586480874,73.06107878320587,0
21.677068078389546,88.84437269593245,0
32.17014546673638,82.89658442959373,0
20.3342184399489,84.97171474082496,0
10.061181941558868,77.90711314713971,0
21.982226259478736,85.94616024111602,0
29.050743396316584,96.12087679449911,0
32.854863467451715,74.55804843561096,0
19.018496315552433,79.56891743681686,0
16.330766872692813,78.59471136157684,0
30.651913185038616,78.72688494007775,0
13.17868315588832,81.82562356194566,0
23.539037619400347,92.28680414115587,0
18.416962785172252,94.54255670447824,0
9.511175270329534,77.62377411554613,0
16.989965126087665,85.73588380818791,0
14.98572968999229,87.97259329063438,0
25.264894875060648,85.23300674313737,0
31.681073805355958,83.14385622935805,0
15.054572869920584,77.37999333108992,0
28.327053477228546,84.43287515581412,0
9.859888309667836,82.36149824155473,0
21.650866358351855,91.75002590981165,0
10.23089548422143,90.98915586560125,0
31.320635894430502,75.99969906255343,0
27.22517131113772,74.91693416251522,0
24.577572074184033,94.43054755263799,0
28.63065508487388,85.55871771686618,0
24.32282652659616,93.23175879653336,0
32.17331342566473,74.1939438515975,0
25.945514527403027,85.34462057830585,0
31.09167563698523,85.65199923681152,0
21.138227327958088,93.30082717313341,0
11.366963749549864,75.13336857875342,0
21.40801109266826,78.5339534418713,0
11.606524858785253,82.4882381501447,0
22.97886164712736,93.4231854359406,0
20.292207168334293,95.16214291137238,0
23.713583591658498,96.44397999865302,0
8.753165853799965,95.64568117562368,0
13.266569702672426,72.95095948119808,0
20.508051468769686,73.94532540374793,0
31.722913744225757,76.32367739238992,0
17.877060035795978,81.11510065265666,0
18.87265677480022,92.5679312071479,0
25.963542915195504,94.06158197512656,0
23.25483565262207,77.25759562639549,0
15.808761849475916,87.56227202587502,0
18.541573531608876,94.64976975821872,0
13.824886305740268,83.84988141221474,0
32.10192347384604,75.27463326254457,0
11.69839718678849,83.70898545898322,0
17.589534005178688,81.75630853725436,0
9.138870056694609,86.56220249636071,0
13.92452888719789,83.25294997417215,0
27.570035264615825,73.222466449296,0
13.421289652869824,96.47428989781531,0
10.463249639419232,85.74993748241573,0
20.095840811627102,84.08555420104338,0
8.751266974666187,95.53673444938335,0
28.233263469098482,77.31481017774048,0
27.350272807725275,92.04646466111453,0
30.85916393798737,79.0192854956006,0
29.378496050796052,91.83725118618571,0
25.19368437496835,79.27408498570593,0
9.78595773042298,73.59962081223146,0
27.628102918462183,85.11842627173053,0
29.158566739872903,77.49214965089773,0
28.02459122884079,90.85206960978546,0
20.926889621247525,88.07498209610468,0
14.19618151348904,94.79834600239118,0
29.15415001513162,91.45064408339188,0
26.268030584478993,77.11335789230202,0
32.46192684930793,91.85941924946209,0
12.31042002822366,88.08777662444837,0
14.01941850291282,88.735693312028,0
13.680744202940279,92.62375678768265,0
27.864799931896343,86.47092555378883,0
13.072809036202841,83.90396720862708,0
10.135880261340047,87.96645241109962,0
32.89666575439379,79.90317810183764,0
9.113914532017889,77.15671589181102,0
28.90781122420794,87.48903210657043,0
17.431511866768908,78.37688947819264,0
29.063426534394708,74.71209414964011,0
22.053850324515402,72.8226938548085,0
30.529254015054505,87.29217972951835,0
31.129151316073624,81.4314259709746,0
8.729992331428344,90.72028637339272,0
10.349647902636706,81.74158338635486,0
14.622549292410646,84.38011943458675,0
24.855163611689314,82.50125283644711,0
30.202972477082866,88.29818294854607,0
19.741418004359005,81.28835076611213,0
23.33251286353307,95.75458144185501,0
13.111705693968094,95.09699725137196,0
28.16831907879375,92.99908541781473,0
32.13383719827521,94.7197235487121,0
15.068048724226864,83.50247846953775,0
20.593426176811292,85.58066859334122,0
10.611081213117668,90.47701039492298,0
22.16415331926605,89.38312637570004,0
20.787780226299024,94.01449989381041,0
12.035500274362457,89.86368703430895,0
19.304820283896326,96.56682978924363,0
16.667962942389117,81.10661804559257,0
21.252995477653894,92.64125201793595,0
22.811822135766143,89.41857359520499,0
8.71527434042651,89.26981415788114,0
27.0946175556613,80.56689283303533,0
25.922466636693827,91.51286393745167,0
17.453970861002652,94.2453732234847,0
9.800687337365446,78.01263402185849,0
26.946279544951388,87.70113479405498,0
31.837013056141366,82.14532444948185,0
14.373249867903894,96.36835486425545,0
16.40955567661023,84.20940324114777,0
12.997231120748285,78.24527591850374,0
22.598888186694253,81.90064796541756,0
12.289630210586171,88.37588169485339,0
17.207472649120525,74.6210121653856,0
25.531650805823688,87.17986740003195,0
22.18807242870539,94.97981038685586,0
17.946754615652853,93.05467363609392,0
18.771970525599507,74.4206505819569,0
22.23679593401759,96.45981828215731,0
8.651018340705056,89.4445739941956,0
10.42530606308758,76.67303155821274,0
30.03165912529328,73.10509840195799,0
10.409897441146194,76.88734390722628,0
25.770776365940442,92.76453248515065,0
30.978825698075305,73.32468234010372,0
15.11896481880046,78.36019872887528,0
17.556675185645446,90.83919684899816,0
22.403136416542118,86.76343794439667,0
30.04267197013865,91.44462914418523,0
31.512916486737566,90.57361988845197,0
26.570899370780417,74.01420213816591,0
10.623382388701199,94.05813518725364,0
24.851224970974393,78.21460353072362,0
18.529051969462824,85.98449566533374,0
20.004197413577337,88.14851270128483,0
13.17428707976838,96.05131112784721,0
27.81531291956302,84.43136567418026,0
19.595286092949003,74.1818394275471,0
15.875588254878064,95.12354421083694,0
17.88707471253773,86.76718306771393,0
29.37566475309559,89.45567490764923,0
26.801358964890674,85.31272240225913,0
15.158819791187176,92.68268245856406,0
11.377647489143166,73.59833119652268,0
14.662592310206039,79.1989689232251,0
30.99636916621278,83.99074247824481,0
22.712526265682783,74.63325515007575,0
21.53751924806225,89.61550715226159,0
23.074118341429184,82.18171652617833,0
17.447666516905926,79.30109498522698,0
28.22059107511226,72.88994253737216,0
21.28854158838856,89.94699691474625,0
11.359233291866463,92.66057354475933,0
11.660069599773411,82.21450261093905,0
21.620046554523146,86.24222668963748,0
31.38260522333251,78.23019260727784,0
16.038982143796023,87.62258868136706,0
29.74548513337455,73.09846484495621,0
27.17007815417888,84.44298242251914,0
14.56035868846546,88.14654440796383,0
9.395365842172643,94.6695250976038,0
10.9952995422713,81.88822491994404,0
26.300542011150306,91.02691114360942,0
13.384519403133524,87.03904752591558,0
17.575713319470232,94.87951701076531,0
20.76129783124767,82.29395220502026,0
26.22664060008085,80.40642293214074,0
11.273341775532282,93.93030169089057,0
18.43288679668561,73.98189544296412,0
20.35521749067059,76.05652115549317,0
21.71695912422345,74.7713592332022,0
28.49544995144278,92.88200048208445,0
12.700852874531332,73.06203824729931,0
28.23828461825567,93.32356644435552,0
25.430667511671835,83.55314377918255,0
22.08438826151977,72.90533259111889,0
25.593073757455166,82.37174386905936,0
18.570915188881223,77.25679651533949,0
11.888005991520124,87.67503324158614,0
24.768453973383174,88.98346346922968,0
21.32239470756774,84.4164052626554,0
24.123892853080285,73.77417630061477,0
16.763073298252703,88.43041117444498,0
30.657122353478698,92.85649832805733,0
22.853722383682708,89.95875709406099,0
10.59365157883437,92.56888084753334,0
19.493808062885286,77.58316857874723,0
26.981047529347165,93.97186851208023,0
27.903751244932522,80.480181793057,0
20.587835542770073,73.12863766221898,0
30.361127269872263,92.88870686439215,0
15.04532226077199,95.23208880691882,0
18.536256459199045,88.41682634107104,0
30.455143692479055,78.31947155271777,0
30.39798670134907,78.80295416485455,0
25.25565318228678,83.91799848696446,0
29.487552099690866,94.18478401551592,0
29.634448748254464,92.47402507360609,0
16.338610995954525,79.74474696578152,0
12.863353755626342,92.06006886005544,0
14.354156139249712,94.71903138842617,0
18.716257002573386,82.98714158134045,0
14.642901234054326,81.5005128072417,0
16.337333117215525,91.90853647345986,0
11.804497763431844,85.41526432399507,0
15.741610775168505,89.10465076660677,0
22.485260016588946,87.6376253965083,0
19.29963005289904,76.44943024156916,0
16.97605043204039,92.9220070127622,0
26.739153660509977,77.47045316223941,0
30.330900093340993,95.00498427857248,0
26.991627245207397,78.77502362907815,0
16.616575986989346,90.28151070859953,0
26.690062294843045,79.58648736512346,0
12.219747853819882,80.3752364941594,0
11.69066958053829,80.18992801046676,0
16.94938611796867,90.61508693725423,0
28.235131895382658,86.06598171592874,0
14.524597116932702,93.83055835355589,0
10.052681704950672,80.12733441326695,0
11.724656781087743,89.28424344744514,0
29.481798319034404,90.73546684671344,0
23.987325455067378,76.4159391875622,0
14.691973005437298,82.3466072363693,0
22.070344711105065,84.30426923207133,0
21.39340309962076,81.2775951155144,0
24.516171683143995,80.47825682992848,0
14.203159846556286,89.15157204612872,0
29.619989985699483,77.94878027689383,0
16.06380772352453,89.69845495180785,0
25.46127635878667,95.07074236396963,0
8.901606986535052,86.26554737296833,0
17.609570151185864,87.36633676368001,0
17.097952194444595,74.45062840303265,0
21.7818627002544,93.39069813349313,0
10.28429127035749,79.60535242884036,0
27.80597722626669,87.45244748304276,0
13.8268647239547,96.11989901251162,0
25.043775771730523,86.98704130863123,0
28.12546195832654,90.06315881761078,0
22.231082507024617,83.41153142158943,0
26.60313809093138,74.24667128899499,0
24.67307985967757,91.79849805685454,0
17.19125151397789,73.64274156317218,0
28.263370235915502,89.49054438623507,0
15.70557565418611,73.35520970785888,0
22.459104391966584,93.33899575779402,0
26.713401205323535,76.5624498739405,0
17.763411795485716,85.05311633933266,0
15.902585756471376,87.02627885561638,0
19.726862715371237,83.7025992196699,0
28.485750016632053,80.92229151773661,0
31.2202231031443,83.94707774104475,0
21.82091635406553,80.22358972951892,0
24.663454177723033,83.24018102137359,0
30.569367879154214,81.35438922665391,0
10.91469010971645,86.28952891456282,0
14.176074160281821,78.47392469823826,0
25.821979165851893,96.34712877586078,0
28.62694459194435,84.73405658043704,0
29.439888129258563,77.43205054884065,0
18.646371739699404,84.16735728300526,0
10.689819228350578,93.43684281503685,0
19.200169730575645,73.32866937059974,0
14.143248553723685,88.9881138059294,0
15.619971477404464,85.85534743605282,0
27.369670671785663,76.84628416698592,0
10.352454469728677,92.27172564927537,0
28.720653658314347,81.59179073524739,0
18.953184290133056,79.80424762341066,0
23.066066502993152,92.52524784891962,0
10.697447562552007,88.01130635696683,0
16.747449175473758,94.19497380381428,0
10.698636714753132,87.80557595305578,0
31.992559070543983,90.44665714657384,0
28.22436773995232,92.72334459992102,0
19.733866166400794,74.11272428245664,0
13.969055286967887,91.28543303758495,0
31.30652158733131,87.42043367086535,0
16.924218579585915,74.4643200720168,0
12.439667984800415,84.91756550469458,0
22.262526801166295,74.7726363586378,0
31.558553611047024,90.33070283499394,0
8.601329163297212,85.82044338894949,0
14.323748379923355,95.51188317091537,0
12.686388270413666,87.23775656723488,0
11.273640441975235,77.84678186939254,0
22.43405260783406,87.42896879624463,0
29.55748486765357,90.01412009239954,0
20.1607266371931,90.00589755833556,0
32.79905386506264,92.21452889723446,0
25.095893853085556,93.13055922666094,0
10.316986398184637,74.64916130473381,0
32.7567483770191,80.9818980627611,0
18.470202612389507,89.16829995674493,0
15.52730860049805,84.67968776846088,0
22.13344075289431,77.34905383079457,0
15.940198390207367,85.96823810656198,0
10.619419497214402,82.509601716004,0
8.54266390659984,82.09541040252762,0
19.488419197112744,92.08786548105587,0
28.94736258597083,82.51347477639308,0
22.48602622525722,73.43932066558123,0
32.91245570874085,74.19185397268404,0
15.513731565647,93.19469270894116,0
15.357623346896947,95.679186298527,0
12.40950499426548,89.19893607544319,0
12.514873424131505,81.48426739176354,0
15.473186449115076,95.15540535234297,0
27.872133924885176,88.58931041147673,0
30.630016880119697,92.91113139593757,0
32.323344739561264,91.04267424029887,0
14.181229494292683,81.83593129672599,0
30.032623333854666,84.20629360017324,0
16.525092994133985,77.24087663022786,0
11.263799822824241,79.76168117892186,0
29.757300424768395,91.3348745249545,0
12.531171776027604,90.0572291740384,0
19.005993255072305,83.88421116615528,0
15.523771047932563,74.86908585704414,0
26.503277038023825,74.16529910874856,0
19.582033550372763,81.72132700137779,0
32.669989634733824,83.8520236956877,0
9.844871563696815,87.31125494626129,0
17.17868458855203,72.96400051343,0
20.27772631657355,96.37251576212577,0
20.796331397347526,81.4740441150296,0
16.224206743185043,93.00067484643131,0
26.318770043679436,85.54582148880318,0
29.872634349364056,75.91496209729901,0
31.435094531782738,91.7976934294206,0
28.171409767912508,89.70884295329918,0
29.282381630952614,85.36653480480874,0
21.954317711929548,85.05982048701631,0
28.679303979346237,74.89218733504032,0
15.920569213525752,88.42374845447273,0
18.240238694929182,94.50414218220008,0
16.24807370453037,75.02944613089714,0
19.923264354848392,79.08309892849942,0
15.482785590376215,94.29136851623771,0
31.99421305113708,79.57907165837759,0
16.148707292112206,88.3783882247213,0
10.902421590203883,85.54228507733524,0
21.374780835635107,87.0066827583744,0
9.90236809996635,82.70847327419175,0
11.207688568625013,79.95160393358688,0
13.8661529255168,73.96496934960223,0
19.849086459545592,90.52910987562427,0
19.08951552452925,90.57226185894686,0
28.039482961640473,88.77793049481481,0
26.568735541950453,88.1329337010776,0
18.92019249815732,78.6118419303335,0
16.658182470168892,73.3414812561784,0
16.237223819765923,92.0631454672755,0
27.4118639424589,84.50237400490018,0
9.779596463188241,80.11460709594742,0
8.820934463460222,75.23626323774072,0
27.93818499211809,74.30275619248708,0
20.161619538406903,81.11521076381582,0
11.704423989206168,91.96843056948123,0
14.26124949587079,94.68219021977754,0
31.283290610378337,94.15907849578481,0
29.500311913642577,94.71259467346101,0
25.8435955140582,94.42034357436702,0
20.285665673408523,85.36150344642923,0
21.216182367013033,78.03327950391481,0
32.32718824248158,91.80914564973834,0
32.0957926677729,77.897512254268,0
13.765517498727217,79.1710880107646,0
28.318227292854672,78.36274658511147,0
13.325240505837119,85.0700414226446,0
13.723225617331899,80.47146954796192,0
25.020700410953253,76.47959944110474,0
18.399540493294765,83.59851210661186,0
31.25985462199187,93.61521262975323,0
10.68175520710657,86.3930454992639,0
21.00130003182759,93.72064182093385,0
30.941783378770374,77.47276426198673,0
30.589885005626684,76.78476222249533,0
12.330853561450747,86.51266177971902,0
17.462551365035715,83.84029085605418,0
23.62922301616505,88.52668559881184,0
12.400844829456922,91.72772830646039,0
32.15078896346252,90.69639118962536,0
30.84965097820092,95.24256192149917,0
12.5853756287013,82.2910651297233,0
11.466883670919994,77.72309157955459,0
10.593798086855102,85.92545734896088,0
30.720065218617165,75.44603787514448,0
13.23685341787706,79.68637800043125,0
18.67513719250551,77.75883437440781,0
19.47054111176683,82.25076603475269,0
23.138046907629253,75.45730974051449,0
10.25984480969285,73.5675783832603,0
14.046139240145937,88.44624805609035,0
31.25853523084111,87.3381184979404,0
30.69482158814639,89.67388995793827,0
27.590050984745965,88.53177565018368,0
8.981634773225462,75.5305923372867,0
16.494603959100537,79.73941577333815,0
23.845066435179476,75.89322937525851,0
15.229034373960861,92.87872562652755,0
30.723558613710956,90.59155068657114,0
23.98991872830105,77.6073924121066,0
10.264030444369626,80.93528459171883,0
30.709365652969332,95.8223700851788,0
31.90030789613273,86.95506180299779,0
10.405829111938722,91.88316410231079,0
21.510164962623037,79.10880133255313,0
15.917158959895692,77.81037480722364,0
18.10249479506886,91.47275122773067,0
12.895586294453869,89.13853879368901,0
22.62663337359935,89.02201143551561,0
31.905502768812497,85.96645280746908,0
20.794842642851233,86.22699847553781,0
10.532886942285671,90.32475814010465,0
23.65071454430379,79.23763536976426,0
16.817397572900695,81.20810227689799,0
29.41292792920494,93.5611580251426,0
19.124373903485463,80.16286695748514,0
13.217700065913085,85.81586891943122,0
13.175349118662954,89.53772254083728,0
27.284104078044493,96.61540030054795,0
14.994499771331384,83.1727810799281,0
27.246716087860214,83.0014024978949,0
13.53637763982573,92.86958293515913,0
16.36465830877266,91.98666836691032,0
19.87684981524844,90.21472795881279,0
31.54442990629635,83.83792760624655,0
31.26442234824161,80.52174215165907,0
13.56042468504938,87.30196662293048,0
17.256933715651137,93.67035253365722,0
12.156714440869287,93.85019975401798,0
20.96367329827587,75.39259496495002,0
19.757064028893772,83.0075307684355,0
30.507979040092174,83.8734562693734,0
31.22226531047712,96.08426360924157,0
17.87604279051311,88.95106656751072,0
20.518004535802056,82.50509645578602,0
30.39748680660091,73.42987807160034,0
28.21084069175631,86.27001462224203,0
8.597079889671274,75.09684704444554,0
16.324925172323166,92.67582590504875,0
18.809208395057876,90.72523099007441,0
14.118377395807942,83.77315932125434,0
13.382122864076795,83.02801718398713,0
9.430628250219751,94.17306791718191,0
24.2214650442111,79.67702698466617,0
14.91933948603377,78.73809006164974,0
9.786307510271781,95.16962132951156,0
14.149225612307365,92.07577401521752,0
28.09375539408211,92.34669972580991,0
29.30458269962191,77.45661382019881,0
20.30620665277293,76.22104654223034,0
32.39091442368985,78.45291076146816,0
13.406377001614405,91.2411872276822,0
13.767721452384425,78.52426026202706,0
15.636353218440764,90.1677649538089,0
12.727209422222774,78.8068538903053,0
17.773418040606735,82.22050125053522,0
30.754028381957305,96.21632301790093,0
23.537057455013297,78.637901806776,0
18.56917643327896,81.7700152198227,0
31.329863380272776,79.97769025548986,0
9.691470288101355,75.41941769079894,0
13.643571500454861,84.47274786866662,0
22.32906317391772,81.82524991852648,0
23.542059072290147,89.35315632390312,0
9.473932069974042,92.27453751951285,0
18.351612208632567,85.76682848530066,0
24.362739539813056,73.57602243616446,0
25.55748001974471,87.54461159130581,0
24.093731655927392,74.12822532921221,0
16.33722658797111,87.48352028178526,0
10.79191711517852,89.11848067291656,0
18.93958890778412,77.51789037035331,0
11.65248135721148,92.31623911146181,0
31.652574880315647,94.50033237612416,0
20.113369606594063,92.16722238466294,0
16.256528342904407,80.07344501672029,0
27.224018265986444,86.7761149809718,0
20.66969368090129,94.5891354792485,0
16.080060991495788,80.44378639584848,0
28.339309538945542,92.33246818387033,0
29.687135668825086,73.03508098778778,0
24.94535547866044,72.8963195694197,0
9.65483886899908,90.89647969873542,0
22.33966992489316,90.93780798653204,0
27.150522447235858,91.59322430545917,0
11.84173284570089,94.95129064812161,0
14.092841274515509,75.61657692086067,0
30.061872572269877,78.3325266071463,0
8.999231712646464,94.3251027495343,0
26.89241472222006,77.02908445334288,0
20.079235217185488,89.05180291139035,0
19.41975848417794,85.43859866144172,0
8.681103984078035,74.79014926844086,0
28.520792079255216,79.60096883176881,0
17.296155287576408,85.19836041363946,0
21.71545869029142,93.10198734947255,0
25.05019615427969,89.65435702381437,0
25.668829945605374,87.61510152413899,0
31.856671924516867,84.61889727352931,0
21.485245564766934,79.92047569461192,0
18.270543770154454,75.64844588276647,0
31.80107225315271,82.54865541737888,0
24.190703210666115,73.48845946230693,0
15.789813831172872,77.8342531843395,0
11.596545620109191,83.10593014292976,0
29.086361725368164,82.7755224928694,0
17.353715472206936,73.86407188959278,0
24.63911601496899,86.83366152648254,0
20.007016433063633,85.89621236123453,0
13.366446634328602,74.66898305779564,0
23.203394996167397,95.26403357243187,0
9.989903622665741,75.17557439260061,0
18.603270223846923,93.16112647407161,0
21.858322423945218,72.81687400141557,0
19.157806157808665,93.814574803701,0
26.793376159483216,73.27898127120329,0
28.729049105672708,90.8512539335576,0
27.34464866415601,81.42052271128492,0
9.455746938252148,90.38473673043745,0
13.249186596331977,82.3741253097442,0
21.61390055687081,74.49765383342057,0
31.339907665367704,91.08206147689725,0
28.900794561651395,74.50586184379861,0
29.085873412793845,94.76305748202952,0
18.996630045000412,84.22112762234812,0
20.004318259443437,90.02327958902217,0
12.351427637297341,82.17178992736474,0
9.266587214495198,77.98132722071956,0
31.634971033158784,90.88170229071858,0
14.386951500601176,91.48174520025151,0
14.36829930337008,94.77673614254054,0
10.544231233516193,81.76512233795886,0
31.18568723886962,84.86218435687466,0
22.667299713723224,81.454749397462,0
24.79951199274491,78.9300243192726,0
30.772167145191027,90.6898599280693,0
16.949218370364814,80.89582583409171,0
23.68749660092429,83.0027491886269,0
9.455417382673263,82.42003730187899,0
13.06951745201077,89.77631753521777,0
28.810157687792042,94.66009374979896,0
17.071888655502235,84.0367922572067,0
17.711015344024343,91.36057381811776,0
21.53933211766257,88.06954658358937,0
8.513664307749378,74.25249259305019,0
14.399938992311267,75.087029009748,0
13.593639745771068,73.7122148502524,0
14.625583177591775,83.68524148125894,0
28.191253462415702,92.47116255017743,0
15.33854308727836,80.26328704013449,0
13.185502175882343,81.95546654940904,0
20.82392826627703,94.46204905811913,0
29.650325842861164,92.73423778603086,0
14.402512499520146,88.64275929468914,0
10.425950230967825,79.16148173487987,0
17.212621050563346,75.59598733698682,0
26.768455074871078,73.19182347213312,0
21.95786515882903,75.35717692005754,0
28.457170843883468,79.77554542490131,0
31.94489372063628,85.94634677878092,0
27.867796984439472,74.33319413014317,0
23.25508774674489,76.05276871559435,0
20.55717202411055,77.12061322552974,0
9.486426914441635,87.85553375529773,0
32.54889607428507,87.47003263928111,0
17.87393576698785,85.92195967609304,0
12.225805783370587,78.77336026371927,0
24.7915008658345,81.64500256143128,0
15.45124616629564,75.11145879275692,0
22.814849141265647,78.2010038514846,0
22.839020071511293,94.18178774323898,0
19.39430038210385,96.1336973947028,0
28.929171398778983,88.22877864045259,0
14.979343757706411,94.63694472127305,0
19.46519776629386,88.111699914768,0
21.640391341260504,73.59983165028834,0
24.71617384238848,96.54011462695507,0
27.655536792939976,75.16532572333949,0
18.150566344216156,89.06162438984555,0
24.28685354525059,78.82894594358164,0
12.186305741871067,82.1416648219439,0
31.28681127315155,88.18770083214345,0
17.863621100910635,83.2012555012396,0
26.325637420945924,78.77442290175404,0
9.004589370479943,80.77189113888122,0
13.519276712893824,80.94097168779074,0
20.404300898041058,95.64878612812115,0
29.95825023391776,91.82263111307059,0
21.385478171351988,83.7264870012624,0
31.218970617637254,77.56677452700188,0
20.32405211056421,92.11792013813913,0
20.48652570434541,76.55165155748595,0
11.432478192945302,77.8201192224295,0
28.11188514589078,81.52343336877884,0
14.539670784248035,93.76855693890346,0
30.479948228444393,75.94703615297362,0
30.753783978922193,75.71961377088077,0
31.54722065021626,84.56990338932539,0
21.213907583166886,79.39019647509046,0
25.045142782772388,86.34959852909748,0
27.522279959835153,83.56192618156592,0
11.707684112254276,83.1648715666868,0
23.185579769633605,75.47531776973348,0
9.345471267731927,76.16756730006422,0
20.66035126156669,92.3574842374956,0
12.289661643658933,93.90032159245943,0
12.975494617327504,78.39677279903684,0
17.423713885289505,75.51073244754623,0
19.069640082229107,74.08122756624853,0
23.7281653948518,87.29166101570682,0
10.325620570089248,89.84040752370902,0
20.809965054223756,81.68524465185327,0
12.96822124341553,88.99101235369822,0
22.52656987059528,89.78340246360837,0
24.075772898303505,95.07783907939029,0
22.104866409993853,74.3539914587505,0
26.53993609780958,77.38752173625134,0
16.70471115934925,74.44094546965295,0
27.19477098071949,93.47443048674678,0
19.077697938743974,91.67916940405959,0
20.333518910445655,86.49040027832285,0
24.33704941833367,74.80133253084145,0
8.956163880715755,79.31643590799658,0
24.48095815392469,79.89752184942427,0
23.61612560162506,86.15950018034428,0
16.075495961370116,78.95292903561896,0
10.603220932050128,74.54650582248182,0
10.728788945149965,90.20726234620977,0
31.056630497429524,79.92990896422641,0
25.342762796051197,83.57948417057587,0
17.220398481685685,91.91632121724409,0
22.978605554369967,86.27350761092612,0
28.915813636691844,94.27417109726028,0
9.574154211254633,84.6055333772749,0
14.287314753626692,95.22267055268182,0
30.239041745567818,94.04282173076724,0
8.73163775212136,86.53367756002594,0
13.426757474741212,95.04334546850612,0
31.931021559428608,80.50149673807704,0
23.489528419706915,81.51459526059142,0
14.898849577586205,73.89222496652923,0
10.143971080069802,86.83701253595271,0
9.19632438924209,89.99684207963736,0
14.485441289344543,91.22520509033501,0
30.037221744696197,76.37627969513696,0
18.666069175943385,83.3839015043036,0
26.1012280638016,77.0202045259362,0
30.936007214202405,88.5732226620438,0
18.473774013111843,76.569838271242,0
13.179543906913324,94.3355486968842,0
21.13788634019979,78.30037814716677,0
30.686849088346065,79.74711482108798,0
28.1538497960578,93.06761393681113,0
10.115608639941712,83.72455473739025,0
25.42320285088504,73.38078803886494,0
22.47582520381468,84.58445614689471,0
30.671693710686128,74.822281520296,0
11.49926886150805,96.26828160564469,0
21.55109668008703,86.81107795482014,0
29.98780883515682,78.91694903497071,0
18.522214823000166,86.23031576218902,0
20.280040509451013,74.63952816851076,0
10.228712316052196,91.85306420572766,0
15.301169030138775,94.8394234547013,0
16.433540947974492,93.6280009166519,0
31.591485236030216,80.94595905066747,0
15.411656544604101,80.56528640435222,0
19.764053812019974,73.6448549706782,0
24.90374320047603,88.31783780584023,0
12.46895095932101,85.54434728150754,0
20.388665674280254,83.74547601118623,0
29.679883244264147,76.80630883452106,0
23.80355874180126,73.03963148081719,0
24.848766930400572,74.55499536399103,0
11.592130417787397,78.12745794664826,0
31.607459741921936,73.60195203834411,0
11.745772395120573,84.78104718144147,0
27.428419774330727,80.2872681901599,0
14.975662083560822,77.1063835063536,0
31.309893043806234,90.66726913031451,0
26.092097630395557,77.67701379503293,0
26.918953275759968,89.17978908687891,0
13.858087713832813,81.12469060629977,0
19.328603521693065,84.99493665924828,0
23.597271355484967,95.04271698599786,0
27.313643425957835,73.69875614268808,0
11.04688581739327,84.7196423120261,0
32.01262570375219,93.15133696836223,0
30.250562082457805,86.80780863318427,0
15.110782428644146,79.4011474380462,0
28.602905991960277,82.27736918438109,0
21.16734153991075,89.00505320642499,0
19.78695736372739,94.01767342813578,0
22.69737722594526,74.51267409453129,0
26.334618035604855,80.54822590812473,0
18.544419161585843,78.35144656538532,0
23.87585190194072,79.11689241060832,0
25.5878238287278,78.07742753358539,0
25.876244757862004,77.47164205737845,0
9.776999990284962,75.91935490979436,0
29.50629165249972,95.04479044400017,0
19.70017468047721,76.24231805794388,0
14.91703852697822,77.6758817044477,0
14.412643679717249,78.6725180141601,0
20.304933370256393,95.02242886487838,0
30.16778581376549,90.80130782139321,0
17.748553965717953,91.61041923012837,0
26.819108631335894,75.3035521680321,0
10.872482429612155,92.72010624831185,0
20.135005302450203,82.52763435205372,0
32.72875864145522,79.06670913292642,0
27.32498068822987,86.51677950592565,0
13.64973394281018,92.38377574498399,0
20.75500394433956,91.3474090306246,0
14.2138382616222,93.99828416607198,0
18.510909925180584,94.90618336367802,0
27.560580361551978,78.47863645870972,0
27.34420271191643,82.90057734843482,0
14.078910450529468,73.15777172654715,0
31.032195984990018,93.74411747406818,0
22.98068621045976,76.4895058649443,0
17.787063574128574,93.31922527506303,0
20.767072034840652,80.65145125178707,0
23.286061692068824,81.57391038885804,0
22.182566000768333,73.74114858375283,0
20.38775339721834,80.5917288943079,0
20.840276332831046,93.95938716739082,0
12.81646932213927,73.41772460620881,0
28.357997883118898,82.48321851677979,0
21.73975300411093,73.5570526526965,0
11.70927761113392,81.64032991873484,0
27.22042867635289,76.91967485709853,0
31.281825785497062,78.81423731923148,0
31.64483833932136,93.70309001273138,0
17.520681366326194,83.19082466930759,0
11.817647360285358,79.32799770191939,0
21.169190527399547,86.84028540734947,0
31.31952282704564,78.98501497807743,0
12.991533917546276,85.81440227581962,0
14.681341137903036,78.46437494817584,0
18.439484257273016,88.9779626424414,0
17.86620179705809,84.510772561891,0
27.91665521354009,91.1887764680119,0
19.652877670908154,95.38501195067445,0
12.678628585930115,75.56654690606739,0
15.034122820358533,80.77710081155895,0
20.942383007234646,80.4172250287996,0
12.109198181258906,76.40881607687635,0
23.446879874703228,92.10094589966269,0
22.325612092653532,90.90045662335726,0
25.963695012858835,84.34255143772941,0
31.41031178706315,85.61257996879294,0
30.788718677218505,74.22710837888064,0
31.614765480457287,86.03484683692308,0
14.48472120485901,91.64951368798705,0
11.721134136990006,86.47100898533665,0
15.890595821965267,79.12583181485219,0
30.3693728725881,88.70228232777147,0
32.24924965351194,81.41570447919932,0
29.495963835041167,85.78167424155666,0
11.194855075204401,84.41730502368202,0
31.647796061653075,81.88439625872871,0
18.847890831270515,89.92432410504964,0
8.73517290160867,93.85254847256516,0
19.312819831399835,72.9335980240179,0
9.632973181648412,95.03675266871562,0
21.791473378198347,84.98749379017723,0
16.776634658006785,89.4923073808057,0
20.070971125829928,93.17994442789976,0
23.48387460208774,83.93015990447351,0
29.72740956079282,92.68830389670856,0
24.674087699484346,77.03821759944542,0
19.10900434838083,76.59891131895974,0
28.521515585320103,88.46237453360295,0
30.625751146947444,93.52559493184404,0
11.432800051257887,94.05610578266298,0
21.499729613597623,88.13547327350338,0
15.456709106826938,85.32018469116207,0
9.657202516803086,80.69920390002147,0
24.83638833416468,96.14104609446004,0
12.486518732401521,90.52685214327653,0
28.350200589842288,85.47475777778028,0
29.35114839671928,87.29677321201727,0
30.839664329231113,82.17736296944332,0
14.98711127441214,95.77970987607438,0
30.585962620062887,86.41993559825035,0
16.33965752171135,95.13605719179742,0
21.99810299954818,72.99023408292953,0
9.741374420731557,86.44346371673342,0
9.579531399199881,89.88406314264344,0
26.10220120460346,90.54813774017703,0
19.363774170170316,94.35490905862491,0
14.767472886843926,72.91429214266336,0
13.158444590202297,72.81736032930024,0
24.870747967847038,84.05300207293963,0
8.517585326802608,73.50691544771931,0
28.19089508027548,96.01086893250218,0
10.44337344469965,78.09635883527736,0
13.184727759419317,84.06255535065212,0
17.941230654546374,74.26504574266572,0
20.34998660831358,85.23826685719631,0
17.178192436300844,81.8553776411107,0
16.340864319515816,73.8727521229,0
32.050499953507746,80.78803465298104,0
24.177744944574936,82.12868742429947,0
9.080105408045474,96.37724398861147,0
19.014411022746287,77.75878239403619,0
29.87902431913315,85.77944420105057,0
15.870555554204884,96.31520252750069,0
10.817225821263511,91.66564777668427,0
27.030596988051272,96.4592855170755,0
23.30908326576173,95.86244610295176,0
22.43711274513921,84.46430566091958,0
9.816333963656891,89.38860035720496,0
11.939331248342423,75.43889572884558,0
23.71294852709424,83.31223447057849,0
13.583675540338556,92.07036265853742,0
20.8192051201655,84.84036666787432,0
21.815989370156707,89.53914073661248,0
15.432168578400471,90.56411648135337,0
31.672150674546188,78.84401473927703,0
29.084153923439104,93.65787920421099,0
26.15105648460701,83.75680989013215,0
10.41270320920622,77.8135217896396,0
11.099901695651338,93.4130530346959,0
20.543488647260325,82.7568006119478,0
12.433047055425847,90.67270593608846,0
32.40097151076935,85.85690149319929,0
12.379482325862899,81.90098429695578,0
20.4137112637533,92.09078662754959,0
17.401084772858198,86.72437894691613,0
24.12417668266781,82.10788146033101,0
11.659368240553245,75.4187721215989,0
19.017843078843626,94.12798444211052,0
15.217184344125297,73.65394889224294,0
30.190255567932766,93.35999680186868,0
9.49904500262728,81.37935239634545,0
30.82469364745596,88.03067908642478,0
28.852859051901824,94.7649451431656,0
15.775656685410082,76.421284072866,0
27.785443471703225,86.30728116936135,0
9.270139204741948,91.00888061312219,0
32.12253958905668,90.84582103838717,0
21.369353241239445,85.32358167689146,0
15.915125508499713,87.68310339222037,0
17.363524405505224,90.84446784294657,0
10.129664920814205,92.83242528116075,0
32.67168878910847,90.94651004836052,0
9.467445987780032,81.23753994572664,0
24.503254901021762,96.53925317119817,0
19.321177418900863,83.15400543623414,0
31.684144407631337,73.39194805922683,0
14.516085170063123,81.44257197209168,0
21.50348716365947,75.85171696977814,0
20.288864691139743,75.70076814805027,0
25.67461520932507,79.5121989590025,0
10.168862535161589,74.08024721896903,0
13.240891205516078,89.20138474287647,0
13.748317463169357,74.57100441852485,0
26.536400580543123,77.64935471605706,0
13.127308833077688,75.0212276037645,0
22.514763018199723,74.31337775534278,0
13.764901395393832,79.1840486501491,0
29.55213909988791,86.42509333337811,0
31.519751974766457,95.7764346753639,0
21.171470470112624,93.65448140419258,0
17.112583811709523,93.6634633574854,0
14.224414148041559,77.00124941320338,0
9.72363110623015,79.11632834156612,0
24.486857988682054,91.34303291151535,0
21.5408585652629,74.4716648627148,0
31.565078686809606,86.06313795524491,0
18.18646918313904,78.7108447844612,0
25.45472310472416,78.6053781868098,0
20.45901570644301,96.39637499056785,0
21.026959319055216,90.82667904280486,0
15.047908214723712,92.73509279099224,0
19.619513366535543,86.42708645803779,0
20.0062489722942,93.54633813984128,0
25.76684227706228,88.17713865440538,0
31.482005714670414,95.33571024994289,0
16.551133616086485,79.50752184161284,0
9.538483876521754,86.98268319693997,0
20.629309336960127,89.23993319096365,0
21.805722630731008,82.16442954753745,0
12.62177653444201,93.75331493560115,0
27.08139495085298,96.13634996820313,0
32.563724631783614,84.565010982058,0
31.60741626132296,82.10975161097872,0
13.321903514319402,84.0452519023143,0
29.887683621632668,93.11119209399465,0
25.714357818487912,88.17661217952462,0
19.59254402466663,73.87542676547532,0
21.711681830814335,85.71731315521933,0
29.258445527810323,73.22137595917896,0
20.234612332545744,91.34462876688406,0
17.62300921495258,80.62585683169418,0
20.554873843547234,84.04690781192991,0
22.65246672870156,91.82418075523607,0
13.125817927515264,73.91533904280605,0
30.511583242142912,76.58400773148902,0
24.9741461090238,82.2840172746886,0
23.974762525559864,78.28348701689201,0
10.937877675754972,80.85415239541071,0
23.264145629333573,96.57373472557505,0
11.462125892061746,92.46071105128163,0
10.429893062211526,93.85316040100761,0
21.38683970628215,95.11860622899756,0
18.345427459268194,80.92639574839747,0
22.888902807588742,79.88221611736151,0
10.686943682851235,78.38198726378326,0
19.03412499309648,92.57266608818128,0
12.776775487265208,88.98806007620837,0
32.61674866977095,78.43220934563777,0
22.213332488195412,81.78485221775546,0
25.297762474803157,84.87313659506523,0
16.455806671316928,85.38329476015576,0
10.821684918124536,93.96805425576336,0
32.34248568955137,81.86990051770611,0
15.499379749835764,94.43935847570674,0
18.8588855033419,83.31744205214986,0
24.380079553901545,90.57890926592717,0
9.110985753730084,94.95670647136501,0
28.297578336474793,94.4167810114892,0
21.61318446273763,74.16541620918672,0
15.302965335627537,77.70684408647072,0
10.01249381516406,84.1635165303905,0
12.476645583361485,83.08381075337368,0
30.368119579595664,88.06765008002812,0
25.26326017396694,95.30084022224565,0
14.611387312958975,75.4855965206449,0
10.110013619798982,83.5672110233298,0
25.375393095825338,77.39036234259527,0
22.48828643404346,94.09613652930283,0
18.38777850813794,95.77392604370814,0
17.38863809587286,84.20628124492407,0
24.862389223539623,91.50555198398672,0
32.21541144657013,89.40682515870438,0
12.799453959227192,81.25339309198202,0
23.09177741775835,93.93662204393615,0
18.86809020477583,96.04180312406086,0
19.417720613344564,86.09071150539846,0
14.715080997717063,86.2781747376324,0
28.66090411112014,79.89260930056224,0
20.35967964052643,86.72523850781958,0
21.77994354759471,83.27636807793618,0
15.951270319266381,80.0039702898847,0
12.948274995982949,74.40902433143012,0
10.6060566436204,78.82589038451833,0
25.94945151293733,77.51996216458443,0
13.300611684323858,85.7142675352452,0
25.362205135921144,87.13387336044089,0
18.042347414107972,87.2981869550431,0
18.6626778173828,82.0511929367852,0
19.96698730766363,82.83800691836684,0
17.488704821795125,92.67078991897117,0
10.96532421465906,84.14750319204441,0
16.0702373009716,96.32610128178764,0
24.71885169219648,83.27577073070975,0
24.76892196735851,88.27452175936867,0
15.498531548323584,74.00852666750508,0
19.74534234321354,88.36401438518648,0
13.232540577567868,93.07999565605019,0
13.645913854373102,95.24724405787077,0
9.070680978473888,96.55339995253004,0
13.654085735816249,86.50773213865057,0
14.065074209031202,83.54005407697385,0
15.3367742031121,86.23269179411469,0
11.61959766995929,76.55809119435914,0
24.1211593791173,93.19244361799667,0
10.343072394187374,94.4642354367755,0
11.785543250202606,83.5149054802769,0
24.255341222979048,79.48588721108663,0
16.80366212931495,76.16241858720035,0
25.798723095692303,89.08836098121428,0
22.12234151943843,80.24301884582017,0
14.760849031193157,94.46351231554128,0
24.403625030268195,88.78475698723946,0
11.347650863776535,88.18177605929752,0
21.609085939336175,86.12757216064938,0
15.05033274540462,94.99642045284739,0
23.260019421662815,87.75924117985062,0
29.789263353789075,96.47581954117024,0
32.90506501465813,85.6027147043474,0
23.35179936597567,89.71559998012663,0
18.392329924591813,74.14771972871608,0
14.008244924439074,87.84967905959695,0
14.787102829291987,91.01404091136362,0
20.218004926853883,91.34412699241827,0
17.47818277870875,91.14407948168645,0
17.503040744008786,96.03148458129715,0
17.628803135238456,96.50248742138115,0
17.87523976296705,74.60926316112611,0
28.94142237012322,95.10412613591124,0
24.402657114349097,79.70061668874818,0
23.50826175009808,89.21976174026162,0
16.668900100014127,80.85913998650041,0
28.48430124331002,95.84949492702702,0
9.444778433282163,75.2260723922945,0
29.776161810912733,84.65970191658414,0
21.031201380605562,83.00032913574141,0
18.23465713664058,80.57136528456405,0
20.6506108897075,88.1781731393374,0
24.808760726716855,75.9296345121026,0
8.81956127091217,89.87157668557742,0
29.794594245046532,96.15513329998599,0
19.418961441622905,91.96418446086766,0
16.884405539670027,93.28451224807705,0
11.884293041002234,81.3716200942153,0
19.24129729745662,80.54429961225685,0
20.629984558651238,85.11922694347274,0
18.366460475326377,73.89814506900962,0
25.083398375413964,95.31629340411945,0
18.787771094484103,76.23269282576587,0
31.989478099342442,94.3081545024718,0
23.144555269385023,74.79939963089565,0
28.229650325533996,92.39429926444357,0
11.178690806338684,76.42737670772553,0
18.2112359021651,73.71732564748942,0
16.73495928604587,89.93888179004642,0
22.41683786973207,79.48196938430974,0
29.53964791324008,89.82000291168242,0
10.421113659958133,86.02479756682925,0
10.280347673911457,75.39995261630644,0
29.27597058582697,95.00136382483137,0
13.70643673231367,83.5780556553747,0
24.841433347370604,90.29499311117505,0
21.767054497877687,84.73764246217067,0
28.85040336952101,87.19795064381913,0
11.562954371032463,80.0178398270145,0
11.677602173516343,77.5796160060199,0
22.107531163603376,85.72684320597622,0
31.62216682608738,83.290096840612,0
18.643699298410617,82.09719445033892,0
16.493024499471687,88.8217712849823,0
23.325581490461293,89.24886783786519,0
31.233090600159223,73.9027504602034,0
28.948935753396384,80.87422390816013,0
32.82150820389939,82.61266276477902,0
9.058993948861971,75.11627853642655,0
11.26422969068896,78.42575470508417,0
23.393442220584788,74.03897189932225,0
28.54956868598086,96.52772304882345,0
15.474596846899184,90.34522555557314,0
14.350278864440533,74.89148621646905,0
27.728905356440613,73.29159095673478,0
9.884850578797616,89.93408096680744,0
17.52959406858404,83.26565093100157,0
20.8616820122377,91.5413121424296,0
22.19375569101554,94.79533123080836,0
26.303502765054894,87.0774578785812,0
17.17454367095452,77.26411932920286,0
23.472004126836218,91.43173313004276,0
22.805009962713918,95.56516967985512,0
21.88277481868173,86.62346661062443,0
24.150966719194336,89.04628380565104,0
14.844574587066141,80.84399292227765,0
10.57524243091828,81.89279308088734,0
11.420873930134253,90.29992654199141,0
13.992986798539619,94.89758670182904,0
20.724631719862675,87.78426053663733,0
29.034784239257164,91.61395415236751,0
25.636193706180237,76.8957332877698,0
27.779336229230964,77.85575631354385,0
17.080020210998235,85.47601689337642,0
18.39105663398438,77.01284747711794,0
18.12307960711326,87.92726578334798,0
13.194096075631586,79.75308862538952,0
10.002936025746774,91.65406321010957,0
22.940335501937497,92.04874061798684,0
32.66844452887354,83.85120797251216,0
12.58243316500991,77.11418354767916,0
9.648009846521848,88.20771777320071,0
27.547089941357875,96.4454655668438,0
14.676948394768583,87.63195109503722,0
28.771030384265877,73.66121274636498,0
25.700754376881918,73.22122961393022,0
31.604945038124534,80.43657848126998,0
18.495432619337166,77.47066018075239,0
24.675754957115984,92.16637109379366,0
19.8614091425177,92.92237143103631,0
23.909300727928795,78.96661553554071,0
19.48879906632267,80.56234989974219,0
13.114939281070573,78.43399457080146,0
20.912684128859652,94.43599008922536,0
21.417938976259162,84.77641953739356,0
28.305997735956986,88.43060734302107,0
26.47216416088812,82.70116872069727,0
24.72025029196793,87.83249030455589,0
11.277148806455017,81.9958251938243,0
26.108138149402535,80.8964589451417,0
20.727250485603065,87.91500489329152,0
30.345299644685895,86.88132272494613,0
30.9747412666134,79.79772253916475,0
9.854924701763366,76.36514160718642,0
28.551159204306927,81.58445966812329,0
9.428500521441395,82.69439668142243,0
17.475543136424662,87.77702171802963,0
21.752933575309292,94.58231730074972,0
12.124997632726844,73.67097644237664,0
26.735775418142268,78.61050585168235,0
8.711833617776723,77.42142910184967,0
12.625647678678119,84.7679695709149,0
22.6931822317547,83.03968360683336,0
25.956007440565855,90.16620174624765,0
30.895904586784994,78.58086289693523,0
25.738855508406786,86.96313279727687,0
24.915340874409225,93.85209973603611,0
18.139181407640756,94.49063332187562,0
8.539148858735333,95.63594664606607,0
11.442552381917366,91.21906179776322,0
21.563758872345744,94.3789792159613,0
24.997176439136794,78.39313829565509,0
18.70355102861234,77.5134458730034,0
26.35391043292678,72.9639662873408,0
21.253762881608097,89.63783133992116,0
10.319460269588966,95.1284281926414,0
13.197590338909608,77.25999874479527,0
29.023927087241354,87.97365519125475,0
26.213074955931226,90.58098254502671,0
30.36147937123922,94.89385214999203,0
11.379000798468578,88.20974768673257,0
32.69301147734398,95.90995239822513,0
13.622335679270808,81.01537129255303,0
8.79549015395276,81.1404900541842,0
32.86887443378906,85.73737350454343,0
15.372737447238594,81.93979390002437,0
24.82351094047899,72.84344329709381,0
12.823073673747167,90.23130152394322,0
22.679302107869177,90.70614629123688,0
30.587963468199085,90.59323982625517,0
16.32789521467793,81.02364507425534,0
24.87808702962868,85.24400587085566,0
13.097142519044304,81.37963792895951,0
23.767804979144216,73.1912896406456,0
16.725254403325973,86.20011003461813,0
13.666336675175492,75.75595557232165,0
16.156948517135486,74.71509903115854,0
12.87579917301861,90.7961876228218,0
30.536211894928343,73.03582072024751,0
18.20868587062645,95.64127573281903,0
14.498489229644672,85.07653997962936,0
19.459708448904358,96.21285044715846,0
16.33656573321542,74.19028822618277,0
26.689502641829222,86.70199060523952,0
32.22889068496531,81.12616978113334,0
19.20632896994483,92.89086970934974,0
29.537691057083578,81.40937890140997,0
22.3284395905452,79.01110753104786,0
12.348107964564727,93.22585900852533,0
25.375574558976126,81.72912466362243,0
21.047922012313037,73.2102624609111,0
24.39821688286363,82.1013819231616,0
30.237537768862587,88.3921632787091,0
19.264968985308116,78.86521304844531,0
30.518175117999384,83.09412668430448,0
26.842147033185924,74.15975643053035,0
20.441483603996385,86.81063087159892,0
23.240898767910092,90.81513509584185,0
16.45978417086673,82.6495173349436,0
32.531196484527406,82.814268249621,0
24.807188612812347,74.91130235873513,0
9.578695220935474,77.61724550063329,0
16.48520405645846,76.49196166752537,0
23.731633833700375,84.27737307308561,0
9.883664155376486,85.40985184973776,0
9.09112641238042,95.40157247417496,0
19.499187428664392,74.55297295206606,0
16.63341581394302,87.09097074580367,0
19.212800151609216,85.3442137240873,0
14.923809558859539,85.09981756339586,0
12.53085062097064,93.59740563463123,0
25.339442000061382,77.70289619339222,0
21.075682842189828,73.78021747580432,0
13.396352195517885,88.81473164958749,0
16.313442505497314,81.02690190733553,0
22.96211722198086,73.22827527231377,0
10.271910395315897,78.79413443962791,0
12.109176000325037,80.17385594925385,0
10.296731467126406,87.49499685458242,0
28.347847946520893,76.91836908312891,0
26.88465020763516,82.64336986922663,0
26.90672217883005,84.29612581331199,0
26.00333588935954,83.74288145000494,0
24.85687347284722,95.99677985116506,0
20.157846986473913,73.89285078699766,0
24.19480470239436,95.44985578292092,0
9.444722097582817,86.6640807902336,0
23.686449090998533,91.75393876241026,0
27.506693160563565,83.05615402801513,0
20.728549942886143,83.61433158722299,0
17.239697358547247,93.74423269735402,0
15.28365929887095,94.13963074802375,0
24.207600130313985,78.4921308955631,0
25.428781265959245,77.55298888036023,0
29.78032433935983,84.62371318659189,0
16.868958868086207,94.24301637597767,0
27.30872660268067,80.48403013373529,0
22.218354357630112,88.33246183746328,0
30.0702105876085,89.66895585470502,0
21.39908134350647,91.34794503265394,0
21.150388945537415,86.23523867760034,0
22.621870183619507,82.39102812336044,0
26.809085210023603,95.83191688636941,0
32.06941555948715,87.3638730621008,0
10.304492208060768,90.1549547033493,0
9.812866795114278,81.0227446456453,0
31.406543695908383,88.75944241707522,0
21.449480767947108,78.94706682352823,0
23.526193006082423,78.64469143247733,0
20.290510700670332,89.82538461679626,0
10.79527124421865,85.22270424857972,0
27.267622680513774,89.07673772518702,0
26.75802162682067,79.22420806179844,0
16.120831977707883,87.0637196996429,0
15.987377167730065,83.37853471270029,0
28.971248286562584,87.0217454515294,0
10.275034461129318,79.73467449255338,0
30.02792421579685,89.84273475275961,0
14.776493039125363,91.99681651142104,0
22.990860409900378,78.99751083549779,0
31.36853602283432,79.96658109666957,0
25.07026820052819,88.55005589564854,0
18.62982776569575,89.36977619841474,0
25.34898818259372,89.57248701523233,0
16.909149939083562,89.06297436516664,0
15.279548282495483,82.16134435481379,0
32.85080892201898,82.2100538755637,0
26.845107639393376,78.8761189902621,0
24.254443658895042,76.54334810868563,0
17.185385985039147,89.29816754969391,0
9.708483992332159,75.02810972790517,0
9.266312341252037,95.13616804821079,0
22.04312241327061,92.49099124505577,0
27.11969464646311,93.22473083012297,0
21.63274812785401,94.39519007102591,0
29.043145110199667,82.53744047543798,0
9.32418893687288,92.9674883443021,0
17.465344896929956,76.5725744383405,0
14.297994401550152,73.32474113707654,0
19.43199027031523,91.4959510078246,0
10.275501826168373,74.59023540855026,0
31.811526110002454,96.34398883704867,0
13.960576549004431,88.87484420906065,0
31.034258774052752,90.74739713203387,0
18.909808887904223,78.66152201106799,0
32.57825754084368,88.85267840016782,0
22.040121383069877,73.83846686798547,0
31.242475869936783,92.75619501396791,0
8.638421906713091,76.84785782342684,0
26.782791536556942,89.41198467417769,0
11.920318530888299,74.4392118372127,0
10.855559519892754,84.27275223586362,0
18.8775557761325,76.83981361544939,0
31.31198770875411,90.17587634644211,0
21.75504832017956,78.46539395386256,0
21.390395066681037,80.96298045237018,0
11.954647770689633,86.31891778793667,0
8.52706104947117,79.59393641239458,0
28.294670904484455,81.80852389441074,0
10.646702512884232,92.2275702821805,0
23.988950483764043,77.07607254329554,0
30.84640565329733,74.76652995989313,0
13.603900395551001,80.62694035753353,0
24.756427478350886,82.91293051226863,0
10.429915080778173,85.72896396472994,0
23.253916980301273,81.67604790718875,0
12.511652691800673,91.61547288627747,0
26.482736221346897,73.74560617336984,0
15.865062792660584,83.08888770149443,0
19.825657918374993,81.91013031680613,0
23.14829273846169,88.22684795979754,0
12.690966405255026,95.8143054595351,0
26.621568761051222,84.96035946464389,0
15.899477382815531,96.30475804016592,0
24.685573920428915,80.00535989678099,0
12.373689351087073,73.54439893044983,0
25.31439031796578,76.75355733569651,0
11.638648447355493,82.21651076799861,0
18.89670151343379,80.3406796464492,0
14.5455487044572,75.12013466367165,0
26.78612403170483,83.1101377192672,0
14.90773108296953,80.85925547578165,0
30.042875587409398,75.72878038869236,0
30.28962933008269,79.85936484929783,0
13.305668279386982,93.91349481072398,0
23.50037509829135,80.0005857544219,0
10.650197073409615,89.80712939036556,0
18.07069526140983,87.38092713789715,0
25.929975505490354,82.97969668845816,0
24.613556880959315,78.50014826307435,0
23.76549130676188,81.59488756747147,0
15.40856697994672,86.90620498508241,0
17.74067398321063,81.16012380325607,0
11.022138619087205,77.9256876726409,0
26.06921917088274,75.58220902215982,0
20.81477745820984,93.75471853000018,0
25.818697212377273,83.29233482967888,0
14.587984276284924,87.69426590947593,0
16.43186984220916,84.48503785073311,0
16.670666321348133,93.5832931734457,0
9.136511611124993,85.83075541728275,0
16.837544434336394,84.25579495629292,0
28.12771996739231,94.8221137536531,0
30.423431158724448,89.94364679887302,0
21.16476218059416,75.46524561364271,0
19.63296901828479,77.04023272379078,0
9.260639679101423,91.54907711277471,0
29.981498740017123,92.70918914074278,0
8.825539955818469,85.78923424982476,0
31.582390492539815,86.00979818392831,0
20.456414575950262,87.8543640803487,0
16.859199293675992,83.26383222823105,0
31.08092479212401,89.0034698701765,0
9.103504558920706,75.39218815095138,0
22.70852211598327,95.69533820571759,0
21.914927205592544,90.66895349691411,0
13.864467960306712,87.8362997850432,0
18.982941208374513,80.34039747344404,0
24.438699304219753,76.6414783491687,0
26.267258470807583,82.55501038652072,0
8.52528658477043,88.5601139507976,0
31.3895224046651,87.89666512139696,0
12.5261520575182,81.91930200104305,0
14.212755558002293,87.41043234559706,0
14.942863626144694,92.18296715890054,0
9.43149847765159,73.43527971153432,0
11.513207824995716,83.53774621659915,0
32.59842666013974,90.86894772721654,0
16.20664378313407,85.81193824800624,0
11.323896289134105,88.31964074382803,0
11.12093670028107,85.11037138546627,0
26.079896071888342,96.4237416786876,0
29.379796096503462,74.10991260805471,0
14.78359089954029,84.500142892862,0
9.01847273784662,74.9859168621882,0
13.956537237400383,76.61362512927563,0
9.888119417481764,81.92875830486935,0
19.04694900557781,95.7526653040745,0
14.123313180867916,95.3503774994418,0
21.109260088732064,80.8114942632298,0
14.699119232157056,88.04041520640234,0
31.47949741271583,85.51693359316747,0
30.634588505484324,92.22674200015545,0
22.351472227167704,87.74753057038271,0
17.164243285875692,72.8155103582504,0
17.81692418576631,90.97891918853712,0
18.566874089848984,90.59022854890037,0
26.278203499316263,84.94482016008806,0
19.538626291432053,94.30591500985084,0
29.43258334320707,94.43750564675331,0
31.5663855597086,85.2826267863585,0
16.712939841164832,87.2842953319755,0
22.202201695175205,96.5343885665403,0
10.829442531434832,79.92371951611743,0
13.404041774783629,80.53788667360654,0
18.60628187485015,77.16092441470269,0
13.544081107044072,94.13802236871938,0
29.916925323617818,90.53404879651124,0
12.373767638916934,75.32461219661957,0
19.63685552601669,96.18311274944229,0
23.30139967138163,90.21200974977032,0
25.405888847297796,93.05846672362125,0
17.863879099492728,73.95585906189092,0
29.73468726259376,84.83145302029025,0
22.388426922828828,89.44151144492847,0
19.242333025416876,85.73580397204518,0
10.150065846282262,88.68083620265402,0
19.85737154684646,92.28119216500225,0
28.553461913938364,81.72160075046683,0
23.517351593338585,93.0143407418408,0
28.83254594960207,76.68815611825957,0
20.573538146148742,79.25867122339088,0
11.40109126614176,73.8414590820876,0
8.840918122148398,81.48566055195815,0
15.913623934554742,81.85426867121376,0
25.555524267153615,91.98113274442508,0
27.809116453222416,88.35903252774834,0
15.731256669529042,83.20685528057709,0
20.61364853058955,88.33482744774082,0
18.793202406566046,74.06614964623891,0
18.534402359915347,77.10134884534934,0
14.158247917455215,87.73568018376058,0
11.838511142710123,88.07896240840203,0
13.311706952185697,91.23985797276222,0
9.859218363780977,82.40399333362285,0
13.346930900014833,90.01184394046749,0
8.73250107940098,89.0934917236899,0
23.827961433215485,95.74567090028206,0
16.23494318427377,77.93125374034857,0
32.275902063396806,85.94371603315807,0
13.239130739198654,87.13612129078899,0
16.954308374432337,96.58499926366959,0
17.247704296378412,77.59922968961958,0
8.71419766664889,85.2661124217951,0
29.004625497207293,81.05137248860092,0
9.28921193179076,85.32979676910857,0
31.470766640181203,78.3359457990041,0
30.295836447625746,73.94304074576432,0
21.587385987116072,86.44096083110546,0
21.78457734247428,80.80541543717678,0
24.475675271873442,77.14110449099216,0
17.96110245872164,80.52165753716034,0
24.31556007779492,73.98274775920547,0
9.601202856521194,95.4373340721246,0
9.827839340411472,86.64528940382974,0
19.67519144988808,92.20726018721874,0
21.931774336108184,82.88296688057513,0
30.191870379470195,94.3153355778688,0
11.064013369793171,84.31619039006736,0
28.600162785578902,86.47381230790366,0
13.637982288552042,84.51797862119791,0
18.132892270423707,90.26716235174533,0
16.24048811124089,86.30027223216584,0
18.28118585846891,79.2756429769358,0
12.183485864585741,76.27446004447485,0
20.806992970287205,87.23992155196538,0
28.087127613560263,84.45574487872375,0
19.291821743614364,75.09445963447509,0
20.490542949764595,82.22823798419174,0
29.238110324753343,85.06513747429598,0
25.75256869518656,92.49591777401716,0
20.4866554395592,74.62129034595338,0
14.80174647646324,81.10636921748288,0
30.121263085058764,92.39504194609081,0
22.600946604269133,88.2469759561989,0
13.909095781121659,79.7127378384248,0
15.080769245291599,92.93497653122724,0
28.123531621335424,84.5536806450266,0
9.585990915532898,84.67410733923313,0
32.73867594019678,96.0597886296076,0
11.691492466053528,95.35815610293568,0
27.95098644826468,81.3453349805374,0
18.14978560279308,76.15636431568078,0
20.5296850946129,80.56287260538986,0
30.016821758752684,73.53523601168283,0
18.592736861802646,73.30393540875612,0
21.635546224598535,82.22596840801155,0
9.711874861099512,95.2130082226307,0
8.56511279251549,93.55450545928062,0
14.486779564605243,84.98577244263225,0
25.130365779596175,86.26623446273697,0
11.469556444716982,72.95076285114612,0
11.286304481017263,77.94008471273197,0
24.33057488282561,90.77334328715665,0
25.899451874487397,76.27698996160208,0
12.866264164866273,93.49950401116628,0
10.451641989088424,88.12556582945592,0
31.476071522239273,78.27142873069639,0
14.874303807665786,76.5644564158197,0
29.349945856504533,87.75179431591876,0
29.597726577318262,94.25634756709766,0
27.37589965465701,89.91199740024572,0
12.63137653767794,81.10759063191122,0
28.579488619887023,86.79374654724141,0
27.295983405835642,80.20801810730104,0
23.082163385632274,96.5969431495006,0
16.7436135465692,90.63763125875133,0
14.9192983018138,87.43650762102047,0
11.484804829306519,82.8863224606346,0
20.95810431429266,87.52627809928956,0
22.80221225549055,80.94258931424294,0
17.28428739999635,73.49670514971656,0
20.117966251172682,82.21564506282478,0
17.386269163891036,94.9620989035034,0
24.163734731705045,87.72028231103681,0
30.520167742916833,74.80829135244407,0
12.511372819031116,93.87915359968862,0
17.82332152215257,79.21078906191948,0
11.948358230284752,78.61308852277072,0
23.771428815016492,79.88254968652156,0
26.30973950917207,86.5513519049936,0
31.26885061802563,85.77726527516715,0
15.318956710975197,84.50892633179762,0
31.7157732367246,89.89239521008093,0
10.052907942915681,80.34553218092599,0
23.2358119173628,91.42864968959475,0
30.33735332414558,91.44189313390082,0
21.44785489759524,88.6132852046661,0
24.85596800273126,89.07511163913297,0
28.81817172340061,84.27417399725269,0
12.178970456060224,88.68926571959089,0
9.450339801112682,74.70928334740313,0
29.973605094109416,93.08296501386505,0
16.199719325924875,74.13195131523149,0
11.657963834827454,76.35069175715255,0
19.94949337001104,86.54153057509257,0
23.12082872929551,90.41317871396171,0
9.26420521562462,74.62487360597065,0
15.221840187486215,94.73078325753181,0
9.308883397710046,95.9888490842759,0
18.774065800080365,87.23577387441395,0
30.36973572343208,84.26679500014055,0
32.508118497487686,90.46040166759487,0
24.067052081401492,80.62693005342689,0
12.455623283524488,84.5529867351998,0
30.632278530538954,94.62093963957895,0
21.1166347971416,95.5614481109686,0
12.26295714428757,94.88087412352063,0
31.020065817857684,79.05778221937435,0
27.00823138618926,78.34405084407824,0
26.378975876033152,79.89620428116828,0
25.82883493349236,83.31609815729962,0
13.40088553760039,80.2891003718531,0
13.661413597893386,81.7186422349888,0
25.318672809877526,87.58543215863588,0
13.87429494537508,90.96347493729347,0
19.22191248615218,90.32144156132111,0
27.607420828317018,92.19904381371465,0
27.65506461746554,73.5757362945873,0
19.57826105980434,73.94593126719703,0
27.8562556864195,91.60288481935707,0
28.9903091798462,85.50087534746991,0
24.500046269545074,86.57369393731969,0
14.086859850008564,74.06147166605723,0
15.200252320172162,78.88793183100725,0
16.197470554610433,88.00724140087894,0
11.36060604410889,93.26463609336903,0
15.179439130998059,94.6407564552417,0
13.62508363671769,84.72333222679791,0
19.628744992888056,85.79598143601885,0
30.69549179851218,92.64248737110489,0
11.059609296652521,85.60909983096678,0
26.099629627251808,85.11470754984953,0
25.294004677020013,94.35746019496108,0
10.84648225096871,91.61597334375486,0
31.040722093294157,94.45241689512652,0
22.39216504829822,78.00545822364273,0
17.391424193483857,85.29366902988987,0
26.985505618636395,92.8668152711908,0
14.793681908323787,75.45567302051042,0
9.477686069376963,77.16567359059235,0
29.009512370477673,92.04894080187648,0
19.453920098415338,87.37982860106327,0
24.058390361193368,77.41000258211436,0
13.911299066224935,84.07896956175973,0
25.044652540410404,89.04408681249645,0
27.369004360948857,87.9000733698361,0
20.065555175618492,82.98126880125358,0
23.59516428078542,94.22133951692545,0
19.65310000956174,85.1719624004681,0
30.345100177266872,84.85303182450846,0
20.667754117482943,74.29154274764326,0
29.06814646206265,94.7630563829813,0
28.080031659476646,77.0262363609584,0
18.533963630833703,85.38816667448252,0
14.127370526494271,91.94058834818215,0
18.425943708835913,77.9389448272441,0
28.687343135759896,85.3650398019059,0
14.067483857403,78.53965170646744,0
21.316631591183167,90.89608300217097,0
28.19591614395454,86.24515957896193,0
17.141125521509487,93.18830793177085,0
14.507093063141216,88.25434564268048,0
11.176823399508091,90.07938991726584,0
27.90984903250591,85.88516187987548,0
10.924991485250922,81.961860103961,0
15.136007687742321,88.2396905947239,0
29.39300358994683,94.43375397851304,0
16.9699572655767,82.72969732639373,0
32.27347524419754,80.29487644079914,0
32.43684727884348,82.05728621760873,0
15.06016189779138,83.1753118068124,0
9.508631684859179,74.56081817398248,0
25.728270918229384,84.67624882010581,0
19.522689780331206,84.57798038015892,0
10.968569356981167,86.818988230879,0
25.788342690627125,81.44740681125201,0
9.2691951856833,87.40617558115594,0
29.761495619088542,93.71780166795203,0
11.894232732756631,95.5570571457018,0
11.617248249660364,86.7039587220991,0
12.79840499883247,73.82349222892948,0
31.961360673310317,95.88477015977617,0
25.4377732596991,89.61444512857919,0
28.080507371201143,80.8080183960343,0
18.21963026808166,76.31298492565702,0
16.72189306179421,76.22396586035144,0
14.234824449168684,76.80310682060576,0
20.247144030161532,73.89447646710013,0
21.98566432705566,94.28770725565003,0
23.938271212108102,85.68394244900104,0
14.787650284436666,89.47391671047309,0
31.67774195642795,92.52485067502198,0
12.65396612477221,91.65426290106886,0
32.09292848230312,93.82230108199289,0
8.87062451060953,95.83759820414107,0
20.25881050206514,83.26275708388552,0
16.649966969493228,95.43479218644637,0
19.477185629434864,90.02936287026178,0
22.44571174462606,74.49194636771574,0
19.146624439535145,89.04118119705593,0
18.640013513893855,89.15863734970776,0
25.259646665547372,81.68815260088688,0
28.859628015044024,86.73489167590635,0
14.612785823707245,73.09965743634675,0
23.394925892700723,80.71544442252817,0
22.800598067917413,74.29137933683315,0
17.5382685905157,85.2340899549651,0
20.379266199276223,92.27104025449788,0
16.1716052020546,77.7244236169743,0
11.972191052520103,85.36665290591546,0
13.729667036919404,77.66647437537102,0
11.084847379915642,75.68281362905826,0
25.191095718744066,84.97515321336732,0
24.64540939962621,74.69384583149862,0
31.725424779415206,86.7930569781976,0
26.32947179158448,73.55557254917869,0
9.778947578392339,75.350136968601,0
30.104616321801657,85.9036696352625,0
29.57778953943496,86.88954434999934,0
19.3354506577492,73.49961184572386,0
22.81691980141812,86.46027682193682,0
32.347552937257916,92.77230818712229,0
21.508800366837363,90.0061796309995,0
30.61939334505272,75.93271428676415,0
10.535919831864758,86.9149527420538,0
13.174036229316634,88.81427912349184,0
19.27279378260441,73.69588890964602,0
22.789900899376107,93.1733521382424,0
28.443358617428068,94.3856332517831,0
32.64513011635319,93.0568040840039,0
18.005101986771187,92.44207035412973,0
9.665859330648084,90.54540050574542,0
28.07562177778705,87.89005343683121,0
23.26919605428091,88.96604136038874,0
13.35699646264931,92.00790916117833,0
20.593487359537985,88.58205792214385,0
26.63799214205288,80.61192178933017,0
27.324345279188364,81.76026537231584,0
20.710477414901757,94.16636611919233,0
15.962349486513137,73.21713731081223,0
32.290504478333816,89.44680376388368,0
24.709772062233547,95.54054798709828,0
18.478586959058873,89.62316133962675,0
15.357822633487311,96.4722485031059,0
26.364265528631357,89.17835597189779,0
14.422875840416024,73.62760434705596,0
12.701629410718635,92.49869488918664,0
21.44846139268609,79.5858807081786,0
15.590441291752995,83.42909215087906,0
23.86818157937633,80.23968758542188,0
11.388316755816836,79.20315290886712,0
24.504084864524778,83.08027325720211,0
15.427023354892617,81.82669707152654,0
8.513711440022814,87.887828621548,0
11.608069181251434,92.16875171623835,0
31.310436091150997,79.88249455759934,0
29.692081246357397,77.89770695282921,0
14.213454032114317,88.68673587134714,0
27.518763496260625,88.76827232807884,0
23.371554125144655,94.26335319424099,0
32.22119221733681,73.18912995991762,0
17.632737075790715,93.11842764106461,0
25.151798352201276,85.21335822288087,0
10.059576941408174,87.60126753536169,0
18.1857385215288,74.98484293173959,0
32.04809782768908,83.10906221118847,0
21.67186771996016,78.22104524778852,0
15.538958121750639,78.86201070644505,0
11.445280654331238,84.8108402207213,0
25.690781386034615,92.15219940585267,0
24.257766941310848,90.51720581280038,0
17.640871601268646,86.87984381593107,0
31.733606350873217,85.65180111343479,0
9.050060362998035,82.98266981245334,0
15.925941097257056,95.96747751045768,0
31.004014751138016,86.14639067151681,0
16.346317556087413,78.85585328143391,0
14.668810968695766,78.28743024874373,0
21.555597950464037,87.36440343725504,0
28.62834379647289,85.25681569368513,0
11.027038476378333,72.99276690642688,0
31.540152278998306,92.57143906097173,0
27.926668795437067,89.57302673163599,0
12.934641250538487,88.56612656157648,0
25.897887977651784,74.44700857646198,0
17.9100247280535,81.42921344359311,0
18.33343877407121,95.07879089502534,0
27.638885507554747,93.34575725519036,0
32.02287138100993,79.60761774648711,0
11.601225936202468,76.54870922437823,0
18.781267171299547,83.50124686700276,0
20.254314433863016,81.28099934790228,0
17.698832369286826,89.05173408643945,0
17.378323202168495,95.81808036369635,0
9.784389957753808,81.45172599073533,0
25.25139977839997,74.29091381301106,0
19.161895792151498,94.17961605027291,0
13.265429368451617,73.71299541313446,0
28.438611816241256,95.49265512199842,0
28.10955274787949,88.63160100241653,0
20.387425933207403,95.2289447509313,0
15.79714848895997,77.56293592523602,0
24.09257940989826,73.77846810846613,0
15.545616907070382,84.43265181771345,0
14.272044816653008,83.53780256082702,0
26.349896158940673,80.70156527904754,0
9.49268321432152,95.60908846873905,0
10.822406801245698,92.3933184943424,0
8.673572624850847,88.5602396744835,0
12.243268300788829,76.686779721243,0
10.192792640587898,90.29204406261009,0
32.8292935383343,90.11798714763006,0
15.561683874440224,82.92939130631608,0
12.153505713627746,94.82651625483922,0
14.393879924617597,76.78485765696479,0
31.371745159272102,79.17418981125256,0
21.212191401743667,74.31472546933392,0
17.41810929173888,91.74734982249497,0
29.839524742022455,87.61215471874952,0
18.155035642163334,80.30750116616443,0
16.690040267428163,76.70952492061774,0
13.570454346369889,73.76532566303554,0
17.735102236566647,76.77932680672002,0
16.242488957541447,83.6011603417666,0
25.050276093241905,78.69421265334411,0
15.58055717704103,78.97526739582526,0
22.605326926938837,93.65495070895128,0
10.117130786790923,85.0737380370831,0
13.179831760307357,90.17130490812963,0
31.391862809293627,81.50319597134225,0
17.72179508745443,84.21741528029298,0
24.727150015931016,77.24765469961896,0
14.73803818464312,75.67098295935753,0
11.610450971958596,93.52942256435291,0
9.93747818396547,95.17519695418756,0
15.967209098748148,74.68570543698867,0
12.358497015239587,81.11882931240959,0
12.757815911329843,95.6240671663189,0
27.088592766605323,74.78938876228045,0
8.894607657215811,88.13311427667112,0
22.131754081479812,95.95584501135747,0
17.775757433386374,96.0987458522481,0
20.879774786054853,84.02823898292374,0
22.254365478374737,76.6841803058595,0
16.161482687353306,77.62066072484522,0
15.715528213000606,93.9888542386891,0
26.42041312880525,94.514566345351,0
29.787880850152277,87.28171011865199,0
13.211399238298814,91.0503902038958,0
10.892022382227948,90.42555385631951,0
30.435577493082675,88.56594344022928,0
17.053638334581645,92.5050532857351,0
21.973175268992073,89.12744840529082,0
17.28927366528996,85.52286135452168,0
11.580379127692304,78.45088362402643,0
22.90163688565802,90.5197583298514,0
21.333838470818172,84.0809619917546,0
13.465700539446736,79.82780902742874,0
19.544245020363192,91.9019883295147,0
27.972454656038117,89.39664141598878,0
22.928367974084544,95.12538974360828,0
21.892676240315694,88.26519723994738,0
25.671485396738902,78.62427754200819,0
27.868796636629774,94.32172360333604,0
23.873370068540098,75.17835120980308,0
12.236306914035325,88.43119687767964,0
25.853077325598306,91.64342362156566,0
25.051201441504148,81.25927391887244,0
9.10438113352959,95.52532361116512,0
18.56431895550641,93.06343241211215,0
16.639767706995055,79.82368114722527,0
24.85752414349551,72.98903599764375,0
13.78668743785379,79.8722220852942,0
22.939256695740553,79.5068524747216,0
30.811955725023893,93.99750148635331,0
27.99333398984077,95.83442120432376,0
31.013497382123198,74.48651334958431,0
32.40684557518976,84.02994117632436,0
8.768385594612331,85.86401823807783,0
23.71763501564867,75.02151203032257,0
18.59098341536304,81.7968484348563,0
14.65811001954556,85.57176350634946,0
32.468480178556966,88.55092797163906,0
23.497005180223667,89.557855430318,0
27.889166198128315,76.06532120813021,0
10.598464788278001,92.16390687410994,0
12.988560471666924,88.96401829722915,0
27.031058637657416,93.9763200046817,0
9.044777664507247,83.50715360886039,0
28.459237516141464,94.09095036506349,0
8.848469371939798,93.4215819150755,0
24.55727393601805,83.24701347791645,0
17.42484602592352,81.88364189606749,0
23.442951929319676,95.01759928068722,0
25.50767599983662,89.83592029882341,0
16.87240599692302,94.9088774519403,0
11.144657007566916,91.78362847377005,0
10.208811367089346,87.31546455244381,0
22.89197418922366,75.56768700054475,0
21.22428449334447,79.74898149375467,0
26.635324147687562,95.8753996870523,0
20.957577807808335,80.41420230533717,0
18.82561031169289,75.02968303084047,0
18.230674635272884,89.65471095618682,0
9.153718171747153,90.28444575085712,0
16.703440070236145,79.6055889127032,0
32.34613207007774,79.8963822059632,0
29.84353317416455,83.97275884216762,0
16.552520646293587,73.32824456136535,0
22.864115703389388,91.60145754054537,0
29.20218647792406,80.35865154989833,0
19.28547946486228,93.13562726590146,0
8.946381558664278,91.9182762620229,0
10.327624400778024,88.55595456986171,0
20.973629563107345,80.54402012469106,0
32.18540279972831,85.10180464189501,0
25.438754665566627,83.39985706782235,0
10.239837802024745,80.87749489442369,0
13.132735352925524,93.00166585348038,0
27.34660427699429,84.32068654435193,0
29.059135235646842,92.63471336819414,0
23.59437445931979,75.31450881464157,0
24.247194414882614,76.16697444931232,0
9.199892983972992,96.07723885483516,0
28.743833099283904,86.80290934950237,0
27.760642166966647,84.94593835806657,0
14.834462376469174,85.26463737295543,0
25.816525612966302,77.93455223885438,0
13.755395215751784,89.92018083151862,0
9.492803413089481,74.82793080776463,0
13.420344694177476,86.45901323120572,0
12.870616593425677,86.39818657079019,0
16.756948132966944,94.57421460335914,0
18.728004700455443,85.33669722630538,0
20.928351551138952,76.07264617631752,0
20.152033091487773,86.44543204266988,0
15.11874504308324,74.98380024548008,0
9.220243537282949,77.6613604547316,0
23.2868034207999,73.5501235286729,0
18.173465027644355,85.02983449018517,0
15.80255832168584,74.82202629979862,0
29.681979554702558,83.98469585181654,0
26.746265426225968,95.02076618803626,0
29.45787692324229,89.94535659512621,0
20.59725691904182,74.65249314233677,0
11.705647965055933,78.14741770402635,0
25.512317278708892,88.84784605747271,0
13.540931970058638,94.11028454968684,0
19.284388500247395,73.59321550891431,0
10.095359782868162,92.15208468415307,0
28.665142335454846,86.18499070079154,0
11.583757087068744,85.81067298434567,0
30.56506643495294,95.61281933290529,0
29.615779649433662,90.60919116687407,0
19.85476540407965,93.04886647383081,0
26.688255806639127,81.23731678109286,0
23.63712843687558,86.00762723119013,0
28.122128543392172,87.46088759244036,0
19.054202479498365,80.46567076112805,0
27.700394806398094,86.38579058182896,0
19.80284118320429,78.44371791148538,0
31.489962789419415,76.22294353033462,0
20.386948998562545,81.71286800209435,0
19.806808987196657,90.41027830141026,0
27.682403505556124,94.6217996033272,0
28.57402331397605,83.70661424671395,0
22.050641570274326,88.11364709511811,0
12.89916674958517,75.2625760727446,0
19.932323121118714,94.34269277984869,0
32.15201824642968,86.34665284936679,0
26.898741896765145,91.38755109460297,0
28.31964480480182,91.72330983476425,0
9.30950925252316,78.91570886280869,0
19.934795607502142,85.40792133727298,0
24.300877573291373,95.67630417644077,0
28.780528362295975,74.94349145638537,0
9.711239620517794,89.07134022681944,0
29.327778306728817,95.71878486799719,0
21.901943685648675,79.96554660964667,0
13.32698204748093,93.31858506393908,0
16.256431674826693,95.03772940724105,0
15.393636274195886,90.59589687654707,0
21.47349958178059,78.31689274762725,0
9.770151044834726,80.7612855736007,0
12.379871265795382,73.66203658061606,0
28.357024318250097,92.6044808504108,0
11.746502997796435,93.03677974898797,0
14.208257510679033,87.87287091947903,0
19.580919203117258,81.20237379925588,0
21.13795856834473,74.63819313463266,0
27.15822988291346,90.73806212899508,0
19.43344248723991,90.10641039434502,0
27.799462048236897,94.53645793077801,0
23.610292114729948,90.20177989116914,0
11.270130409254364,92.53881228951309,0
12.326023096643413,90.56895629712687,0
19.181906610479366,87.82470506631125,0
18.201419884519535,82.97458355331734,0
26.668131994478188,94.28682922778967,0
22.691724359515717,88.30755795971575,0
17.98755537950518,82.29342001521455,0
12.678433766292379,74.79671110421053,0
14.04805615898864,79.7305110908662,0
22.56383712971268,85.75437754754876,0
18.849863745251117,79.37174144238085,0
21.084387388659824,78.07660258027155,0
12.67641027991818,85.3655212914141,0
24.698625941848455,76.85253015077842,0
29.330217174339246,91.86541466052442,0
14.807702488283986,84.34118679303909,0
20.512540458571646,86.47184702504285,0
32.33409520764832,76.31835514614471,0
16.646887157669077,80.53691277999994,0
23.041212938860102,82.57278805127972,0
10.710721269558496,92.05118052295944,0
23.309111855158065,91.14521917618296,0
10.696947897252661,78.11807859672793,0
31.936181365983316,87.47930055938434,0
25.98715028888889,78.60563349436481,0
27.757823143565503,96.33738192605509,0
25.704850135202093,95.47737013213754,0
22.911342781953426,86.21953185409157,0
19.49646516335963,89.44875577185846,0
29.472722620582786,91.88970609620493,0
31.877569344907037,89.97480687491885,0
20.69625678473809,89.47080453039604,0
31.25962606302847,95.6304566695199,0
22.755123551043184,87.00974207757085,0
21.657294200074993,87.9583967568398,0
19.608081844548916,93.02862713711957,0
13.619430380769387,88.7580541158039,0
8.59862713965956,90.25893265588034,0
14.406335423778234,78.38451548867694,0
20.95727645424052,81.64850783658513,0
17.78793456704355,76.31640477529157,0
19.461598551660096,84.85060686381992,0
32.459168036299,83.6593166799011,0
17.062843926260232,96.54964316189287,0
19.551911596845542,87.36096613155006,0
11.768766989287636,91.53293455271763,0
9.6790995115665,80.7616177368503,0
27.44640996949302,92.60667346955658,0
22.446165936276387,87.45325220579915,0
27.087261599270946,89.40327736307282,0
12.16803279519957,79.81921668787945,0
22.474146019984627,85.87131275158687,0
14.70275160166824,87.90445571156943,0
14.077968635116546,86.83448342249166,0
8.789289812941075,94.59814817154553,0
11.691224872726792,94.19529713171272,0
16.06135431466643,95.92638744487459,0
11.362429368374768,88.69941906433253,0
32.58642267174263,95.94853031665195,0
16.04583374237349,92.62887815657967,0
11.690815113884682,79.25738763925024,0
13.370172107023077,82.98575591561972,0
22.86186437549606,78.48507336197886,0
10.071979503436662,72.90942470393423,0
29.57190254489543,77.28650641980812,0
31.991483346880685,72.90617317953618,0
14.534346544102867,89.94719093790944,0
19.500922245247185,82.94048864451402,0
9.048390687883657,80.25118220410425,0
24.15650930500205,90.94431484171798,0
18.617524048397094,92.62908705924437,0
15.103696419225281,96.02912907331935,0
13.559575588091114,88.09436039973689,0
24.48166293980998,83.7974383709444,0
18.673478861045837,80.07713786073633,0
12.895783422691277,78.10238300632744,0
25.33860485408237,77.87877502204512,0
22.30912529223339,82.5513537846228,0
29.480017474446377,96.42164209292488,0
11.377013896952473,72.82982456394349,0
27.696929467618894,77.50451686744752,0
24.957778046118882,77.29470172323974,0
11.316809568562388,89.88245840451229,0
25.47810637510453,81.2013471243891,0
19.29214605823464,83.69582348487263,0
31.58812294497757,76.34789722474704,0
11.966499103602501,82.45154395250032,0
24.20836559565081,75.26644912991246,0
17.83727340155535,85.50002935463213,0
31.877056514534914,75.14118624214177,0
16.567097602698915,91.62967848137234,0
32.00824386115685,86.29897804467153,0
30.52570328774256,90.04550270875902,0
15.111628594947181,82.77340839334724,0
28.13351343016918,81.89192644721004,0
32.824453524863316,75.14762678571974,0
14.678828935509696,85.28129189723734,0
19.1756404737259,85.05860804524653,0
21.21269242529562,83.95392836262242,0
15.711187465860604,90.43953166566669,0
8.88060703380598,92.62950667960628,0
13.884223172678265,90.68406783637485,0
15.393815365662427,76.23461100636507,0
19.342274258995854,87.61929995854055,0
12.686791549301768,74.72180760009364,0
29.836176176583386,89.34685208647375,0
25.724554764743658,81.90020684080737,0
10.588717758619651,75.9639940761113,0
24.47270905662682,87.42762019325392,0
31.862560922144752,81.25468207215467,0
8.581559878819977,73.5410431676934,0
14.56328974160487,85.60161608017766,0
31.168192969959215,94.78937551497789,0
31.274252795306175,87.00792617922978,0
26.107408571785285,95.94225638309345,0
27.21081096533274,76.05808592393642,0
10.742161302119683,86.33953175561145,0
21.05870126020211,91.81101372417218,0
14.163969934556794,85.3214108090144,0
28.29865711221685,86.68666923017568,0
11.805954672210436,87.37356642354675,0
19.954143704758515,90.15838388783416,0
31.4316492184698,90.9321877774899,0
13.046547311253516,91.15981722138478,0
32.39432720038834,88.60457845599447,0
32.79230621334452,77.94746582478763,0
22.078192871678382,82.43341956194202,0
12.663350865506668,91.28736178771209,0
16.22833600684445,95.5083940584417,0
18.875607360429534,74.6890448652712,0
16.062724817292995,85.5593912086255,0
15.362032255081896,80.24993335378497,0
32.25355401402317,78.17560796378784,0
12.253566475420048,84.85168395192548,0
26.41860720029088,87.23908713227445,0
8.5177989251283,73.04215425624326,0
23.068966571867477,91.38441620692856,0
30.87880534808974,92.32899961756424,0
15.5402914485442,95.79608240295772,0
13.039071593983998,77.11021000105623,0
24.42443051056837,86.96442309339511,0
25.912382328152376,82.96646463786021,0
25.312262001023363,80.78097769319581,0
16.30678582562579,86.27592586545416,0
14.667579223006388,91.43623414470738,0
31.855175735652963,73.35833352190069,0
31.058480893976743,95.88867736594088,0
19.67729656445555,92.09090972918999,0
29.17524970927122,90.6927345187458,0
19.555344109088928,90.91256707486494,0
18.873071788526325,82.0721367657809,0
12.336562294188356,90.70384907214256,0
18.92233601288215,82.01760522765454,0
21.633670090274702,94.2056335993995,0
9.05742456336058,77.0287555628216,0
19.354811212254038,79.76961684801282,0
27.591652493129338,85.93557330194136,0
25.11724917826617,80.40917738698306,0
24.02087685753351,82.90960882244383,0
30.722794956658653,84.53294673816802,0
8.948192505269239,93.19729505901387,0
22.113129786189287,85.26549898431713,0
27.738016720338656,81.43883171326239,0
21.729374320535,78.70752579513719,0
16.4186155012642,82.5391310135312,0
11.83556707061582,85.08798529570495,0
30.185652788102644,90.57277122468892,0
20.00569687605653,75.69139173799043,0
29.954897527893436,78.08550285474935,0
22.81665289320928,81.84818511705645,0
24.97427232721393,81.38975350557982,0
28.151083535318108,82.13611702779772,0
24.607018510858595,91.7014082769648,0
18.229884821523065,80.5268675378585,0
21.05277963127633,84.75853629059071,0
28.12139294845413,87.66328522710062,0
17.633827287670726,78.33713494742071,0
17.98727146877051,89.91997698163858,0
10.844917094937408,85.83495669581987,0
30.84562361283608,83.4463274272905,0
10.731252476601767,92.08858707553748,0
24.33966401625242,78.60655964715046,0
18.599655928510025,93.8358797238349,0
18.414641672900746,86.16677436650252,0
25.105178334720755,87.31254668405829,0
10.146477920266799,93.64263255065529,0
23.008471001408466,92.27425518168376,0
27.363912195057956,87.13130325027046,0
28.736078425609527,90.74115936502913,0
12.672818824963727,83.12583609442284,0
30.426375582303983,85.84129986821837,0
24.533515520451303,74.28724657301385,0
30.046233756569507,74.94880945579054,0
20.360293000504814,92.55620290099289,0
21.74642138108352,74.23014428027562,0
30.95440441735844,76.84250186933217,0
30.487203486396545,91.75643723616784,0
19.45367650154548,72.83678243731283,0
15.210042726606357,79.53289471582039,0
18.110587897698295,86.71411131355228,0
17.978548954857192,86.98578737894225,0
15.514225647721815,91.31171552172574,0
15.067576642201676,84.85443542981069,0
29.53841245788442,84.93718179521379,0
10.21408825236265,90.07746933619458,0
25.057779714824903,84.68059664786006,0
12.728741619723781,87.29626715666976,0
16.922003262299498,94.18342670705509,0
10.010907445578386,82.36712113942299,0
15.101624546438343,81.97843829967286,0
27.275723955810342,72.893993298129,0
30.123426510284844,87.41376227215642,0
13.918365724518377,73.5183003422577,0
19.829488351454852,84.81211095741993,0
19.994990734249264,91.95644873680465,0
29.844015049032826,85.90185037140027,0
27.138411564878048,79.2289142342674,0
21.039195822117286,91.52635406565598,0
24.890133562116837,79.23083882092581,0
29.203610603902312,90.26129340090786,0
8.740757781991261,87.33834412104791,0
18.347979698123886,76.85671913412442,0
30.66632020066865,94.35864670078917,0
26.58921209323757,77.58636260430319,0
21.766156718411388,96.36928228914807,0
21.44383640965996,72.98354584764535,0
17.001728312160463,79.08243056317131,0
21.22099164218939,77.56771200081197,0
24.51488260736371,73.14265077138123,0
18.725893028683537,90.24548793265824,0
25.950282063784627,89.31836653438853,0
29.54254722245789,91.67354613056322,0
12.285806713730128,78.92089941767897,0
19.536379946616147,83.38809391400954,0
18.47327648768375,88.5014703975741,0
25.29844495837453,83.27937221233272,0
14.61055063383455,89.41121576874013,0
24.145291105297275,87.90294237639343,0
29.93960917255884,75.53899935353304,0
18.720240362508406,91.40433250323292,0
30.75846068526959,89.96713934760335,0
32.764847565353065,88.42340179173502,0
14.199878075508966,79.18987637402088,0
31.719889801383637,82.1701368831578,0
31.914010473153027,79.47397765421388,0
10.894184272386529,78.23313677922722,0
8.874101953203196,91.98320575033381,0
12.442491197752757,88.00433546934732,0
32.834432737142365,86.27208521158758,0
12.904095596684591,78.1889120946539,0
20.782020180094648,94.6667821907575,0
29.229565358652287,77.36112652808679,0
9.006067728379037,91.73544537390073,0
23.271840278269558,95.82374318039294,0
15.273858275765813,90.11989829862455,0
29.56947934561522,96.44717393337535,0
15.431044071068513,88.30952316716468,0
25.28112626900905,77.98672844781501,0
24.97494437496841,77.66197132235965,0
13.917545002503381,80.53662586462626,0
9.357715003269643,72.97924931111544,0
18.50330541581556,89.0391658492064,0
15.57104272671359,79.20585932940608,0
28.266281839734795,92.21712968762384,0
28.055903888916525,81.36057112099414,0
19.670148681468916,84.23615540986157,0
23.321256045122055,95.80032236190513,0
23.266235785180143,78.57505883215143,0
28.710320603401875,89.98089396283703,0
18.888053397388333,90.78711024126868,0
15.235298358726503,78.07095562489387,0
14.981001089565016,84.7370773770438,0
21.603758963743992,81.1469988752543,0
19.477791072092558,91.18680455193386,0
19.257304730006297,87.62938988961442,0
10.733719894207912,84.1415570153729,0
26.058983551023992,91.3643390116439,0
13.728091132467911,78.40801091253368,0
13.318181080414691,90.75149611016943,0
18.589003175819304,93.41206335626921,0
14.071045023861654,93.72745060409967,0
22.767954898530164,91.46695796379689,0
17.580412964392465,82.523374803503,0
19.472015272022617,96.18408104437897,0
21.62762228319447,81.84674779809507,0
13.478937471814255,88.01369552795683,0
12.311861659782956,76.6443040984827,0
30.011236601699906,96.15172343957666,0
19.101062490050218,89.56977859211813,0
18.572768257325023,90.74567905018651,0
9.37757053538573,74.37549136403447,0
20.670370471138114,90.98471466144335,0
22.0428407103702,91.25387523862102,0
22.156929042573253,88.8028568196868,0
25.776334620437446,79.75919359314022,0
12.842601201043031,84.46788871985319,0
14.668085583917236,75.43868727746282,0
28.309090233734693,84.0368986862689,0
31.641509772870812,78.61438269731613,0
11.82780467821878,81.1206928343853,0
20.66238996334372,76.68064011714866,0
13.738827079107363,78.28656307046413,0
9.975007386931512,74.63242248817436,0
16.457884117606817,94.71022656270662,0
12.017210113899678,85.43735323200512,0
25.84721083866998,82.25500986181221,0
21.543508142673105,85.54730963854324,0
12.020796681546347,87.76771041278798,0
8.733494912588506,94.75730453011151,0
28.246237016800457,77.06376641321734,0
12.811156989593268,79.84592226623268,0
23.314036711997545,96.0407900249864,0
16.736771833756812,81.6467475563022,0
22.807709198147663,73.34664078711872,0
16.217314391742036,76.32455050322275,0
10.631193192300428,73.43656364623199,0
13.953117630491406,96.37728329857855,0
13.100927699909708,79.44877072281984,0
18.96173921549422,94.79691965888301,0
24.585726582234372,96.51925172854182,0
14.950987775870756,87.0903338421967,0
8.80257456652669,73.59982757822323,0
21.1823242521103,74.75200824284654,0
23.302871192822987,84.27502293140127,0
32.0249641797022,82.47951737007266,0
22.905035689585418,87.24118138108753,0
20.015714810494607,83.25745261078714,0
22.512561484366394,95.04771206363222,0
31.170858865667505,85.54041737525309,0
28.7401178615575,89.32551501621876,0
16.39622307326527,94.15274346063804,0
14.302487752588164,76.3061800895555,0
14.922351504470772,78.27895142751115,0
20.827776979965968,75.3645093997806,0
26.680470569199066,76.13396772096199,0
20.79842337572341,85.01294018374047,0
10.163639793392448,80.4560362319271,0
26.18054100841178,82.88426777987273,0
28.192823589524252,96.20031334350516,0
15.578485052566478,76.54026853397812,0
24.728410737998892,85.68498612981864,0
18.92687508766132,75.16339380945925,0
30.223663526532555,80.39216149232931,0
29.151599717390248,85.3686736578085,0
21.34094944517008,95.3466151521015,0
25.397136191470686,82.12374021156856,0
30.082745256896807,74.35477850240304,0
20.615189423528584,82.05072742299035,0
16.15862619910512,76.27926073544315,0
26.915348896573164,78.28502141646261,0
13.882684716823384,87.5248099482189,0
17.997277783399063,74.41470650517873,0
29.652333516768586,83.87349912443645,0
26.20109725214965,87.31937250665261,0
18.370473607536496,82.85297382938373,0
13.752706030991629,73.26485422648108,0
17.20196374298422,96.27243933814277,0
15.446748727038274,81.54967838295559,0
12.808589578113454,91.34562430757927,0
26.66296982561137,80.5623907355863,0
14.664342663971114,84.11855169530465,0
19.600381854033536,82.0579219795534,0
17.932024050709938,80.9645677890036,0
32.49407387272888,73.32973081463587,0
18.05983009461322,81.38076688194928,0
10.46127325275055,93.98620194953497,0
10.701685654382432,89.24617058330345,0
22.936369734773663,76.27168234825791,0
