Station,Latitude,Longitude,time,rainfall,rainfall_3h,rainfall_6h,rainfall_24h,previous_water_level,risk
Dowlaiswaram (State Govt Site),16.93833333,81.7825,2021-04-05 12:00:00,0.5,9.5,9.5,9.5,12.993333333333334,0
Dowlaiswaram (State Govt Site),16.93833333,81.7825,2021-04-05 17:00:00,0.5,10.0,10.0,10.0,12.993,0
Dowlaiswaram (State Govt Site),16.93833333,81.7825,2021-04-14 23:00:00,5.0,6.0,15.0,15.0,12.993,0
Dowlaiswaram (State Govt Site),16.93833333,81.7825,2021-04-15 00:00:00,1.0,6.5,16.0,16.0,12.993,0
Dowlaiswaram (State Govt Site),16.93833333,81.7825,2021-04-15 01:00:00,0.5,6.5,16.5,16.5,12.993,0
Dowlaiswaram (State Govt Site),16.93833333,81.7825,2021-04-22 13:00:00,8.0,9.5,15.5,24.5,12.993,0
Dowlaiswaram (State Govt Site),16.93833333,81.7825,2021-04-22 14:00:00,1.5,10.0,16.5,26.0,12.993,0
Dowlaiswaram (State Govt Site),16.93833333,81.7825,2021-05-07 10:00:00,19.0,28.5,35.0,45.0,12.993,0
Dowlaiswaram (State Govt Site),16.93833333,81.7825,2021-05-07 11:00:00,8.5,29.0,38.5,53.5,12.993,0
Dowlaiswaram (State Govt Site),16.93833333,81.7825,2021-05-07 12:00:00,0.5,28.0,38.0,54.0,12.993,0
Dowlaiswaram (State Govt Site),16.93833333,81.7825,2021-05-09 11:00:00,29.0,38.0,66.5,83.0,12.993,0
Dowlaiswaram (State Govt Site),16.93833333,81.7825,2021-05-11 15:00:00,3.5,33.0,62.0,86.5,12.994,0
Dowlaiswaram (State Govt Site),16.93833333,81.7825,2021-05-11 16:00:00,11.0,43.5,71.5,97.5,12.993,0
Dowlaiswaram (State Govt Site),16.93833333,81.7825,2021-05-11 17:00:00,4.5,19.0,57.0,102.0,12.993,0
Dowlaiswaram (State Govt Site),16.93833333,81.7825,2021-05-15 19:00:00,1.0,16.5,49.5,103.0,12.993,0
Dowlaiswaram (State Govt Site),16.93833333,81.7825,2021-05-17 03:00:00,10.0,15.5,59.0,113.0,12.993,0
Dowlaiswaram (State Govt Site),16.93833333,81.7825,2021-05-21 00:00:00,9.0,20.0,39.0,122.0,12.993,0
Dowlaiswaram (State Govt Site),16.93833333,81.7825,2021-05-21 01:00:00,0.5,19.5,36.0,122.5,12.993,0
Dowlaiswaram (State Govt Site),16.93833333,81.7825,2021-05-21 11:00:00,2.0,11.5,27.0,124.5,12.994,0
Dowlaiswaram (State Govt Site),16.93833333,81.7825,2021-05-21 12:00:00,0.5,3.0,23.0,125.0,12.994,0
Dowlaiswaram (State Govt Site),16.93833333,81.7825,2021-05-21 13:00:00,14.0,16.5,36.0,139.0,12.994,0
Dowlaiswaram (State Govt Site),16.93833333,81.7825,2021-05-21 14:00:00,5.0,19.5,31.0,144.0,12.994,0
Dowlaiswaram (State Govt Site),16.93833333,81.7825,2021-05-21 15:00:00,2.5,21.5,24.5,146.5,12.994,0
Dowlaiswaram (State Govt Site),16.93833333,81.7825,2021-05-21 16:00:00,0.5,8.0,24.5,138.0,12.994,0
Dowlaiswaram (State Govt Site),16.93833333,81.7825,2021-05-21 17:00:00,0.5,3.5,23.0,138.0,12.994,0
Dowlaiswaram (State Govt Site),16.93833333,81.7825,2021-05-22 17:00:00,3.0,4.0,25.5,140.5,12.994,0
Dowlaiswaram (State Govt Site),16.93833333,81.7825,2021-05-22 18:00:00,1.5,5.0,13.0,137.0,12.993,0
Dowlaiswaram (State Govt Site),16.93833333,81.7825,2021-05-31 23:00:00,24.5,29.0,32.5,160.5,12.993,0
Dowlaiswaram (State Govt Site),16.93833333,81.7825,2021-06-02 06:00:00,0.5,26.5,30.5,160.5,12.993,0
Dowlaiswaram (State Govt Site),16.93833333,81.7825,2021-06-03 06:00:00,1.0,26.0,31.0,153.5,12.994,0
Dowlaiswaram (State Govt Site),16.93833333,81.7825,2021-06-03 07:00:00,7.5,9.0,38.0,159.5,12.993,0
Dowlaiswaram (State Govt Site),16.93833333,81.7825,2021-06-03 08:00:00,8.5,17.0,43.5,149.0,12.994,0
Dowlaiswaram (State Govt Site),16.93833333,81.7825,2021-06-06 11:00:00,0.5,16.5,42.5,141.0,12.993,0
Dowlaiswaram (State Govt Site),16.93833333,81.7825,2021-06-09 21:00:00,30.0,39.0,48.0,170.5,12.993,0
Dowlaiswaram (State Govt Site),16.93833333,81.7825,2021-06-09 22:00:00,10.0,40.5,57.5,151.5,12.994,0
Dowlaiswaram (State Govt Site),16.93833333,81.7825,2021-06-09 23:00:00,2.5,42.5,59.0,150.5,12.994,0
Dowlaiswaram (State Govt Site),16.93833333,81.7825,2021-06-10 00:00:00,1.0,13.5,52.5,140.5,12.994,0
Dowlaiswaram (State Govt Site),16.93833333,81.7825,2021-06-10 02:00:00,1.5,5.0,45.5,137.5,12.994,0
Dowlaiswaram (State Govt Site),16.93833333,81.7825,2021-06-10 03:00:00,2.0,4.5,47.0,138.5,12.994,0
Dowlaiswaram (State Govt Site),16.93833333,81.7825,2021-06-10 17:00:00,17.5,21.0,34.5,146.0,12.994,0
Dowlaiswaram (State Govt Site),16.93833333,81.7825,2021-06-10 18:00:00,14.0,33.5,38.5,151.0,12.993,0
Dowlaiswaram (State Govt Site),16.93833333,81.7825,2021-06-10 19:00:00,17.0,48.5,53.0,167.5,12.993,0
Dowlaiswaram (State Govt Site),16.93833333,81.7825,2021-06-10 20:00:00,6.0,37.0,58.0,171.5,12.994,0
Dowlaiswaram (State Govt Site),16.93833333,81.7825,2021-06-10 21:00:00,0.5,23.5,57.0,171.5,12.994,0
Dowlaiswaram (State Govt Site),16.93833333,81.7825,2021-06-11 01:00:00,1.5,8.0,56.5,159.0,12.993,0
Dowlaiswaram (State Govt Site),16.93833333,81.7825,2021-06-11 02:00:00,2.0,4.0,41.0,156.0,12.993,0
Dowlaiswaram (State Govt Site),16.93833333,81.7825,2021-06-11 04:00:00,4.5,8.0,31.5,158.0,12.994,0
Dowlaiswaram (State Govt Site),16.93833333,81.7825,2021-06-11 05:00:00,0.5,7.0,15.0,158.0,12.994,0
Dowlaiswaram (State Govt Site),16.93833333,81.7825,2021-06-15 19:00:00,6.5,11.5,15.5,164.0,12.994,0
Dowlaiswaram (State Govt Site),16.93833333,81.7825,2021-06-15 20:00:00,0.5,7.5,15.5,161.5,12.994,0
Dowlaiswaram (State Govt Site),16.93833333,81.7825,2021-06-17 17:00:00,9.0,16.0,23.0,169.0,12.993,0
Dowlaiswaram (State Govt Site),16.93833333,81.7825,2021-06-17 18:00:00,6.0,15.5,27.0,150.5,12.994,0
Dowlaiswaram (State Govt Site),16.93833333,81.7825,2021-06-17 19:00:00,11.0,26.0,33.5,161.0,12.994,0
Dowlaiswaram (State Govt Site),16.93833333,81.7825,2021-06-23 06:00:00,4.5,21.5,37.5,164.5,12.994,0
Dowlaiswaram (State Govt Site),16.93833333,81.7825,2021-06-27 11:00:00,2.5,18.0,33.5,159.5,12.993,0
Dowlaiswaram (State Govt Site),16.93833333,81.7825,2021-06-27 15:00:00,2.5,9.5,35.5,153.5,12.993,0
Dowlaiswaram (State Govt Site),16.93833333,81.7825,2021-06-30 19:00:00,0.5,5.5,27.0,153.5,12.994,0
Dowlaiswaram (State Govt Site),16.93833333,81.7825,2021-06-30 20:00:00,15.5,18.5,36.5,139.0,12.994,0
Dowlaiswaram (State Govt Site),16.93833333,81.7825,2021-06-30 21:00:00,0.5,16.5,26.0,129.5,12.994,0
Dowlaiswaram (State Govt Site),16.93833333,81.7825,2021-06-30 22:00:00,1.0,17.0,22.5,128.0,12.994,0
Dowlaiswaram (State Govt Site),16.93833333,81.7825,2021-07-01 14:00:00,2.5,4.0,22.5,129.5,12.994,0
Dowlaiswaram (State Govt Site),16.93833333,81.7825,2021-07-01 15:00:00,4.0,7.5,24.0,132.0,12.994,0
Dowlaiswaram (State Govt Site),16.93833333,81.7825,2021-07-02 02:00:00,33.0,39.5,56.5,163.0,12.993,0
Dowlaiswaram (State Govt Site),16.93833333,81.7825,2021-07-02 03:00:00,20.0,57.0,61.0,165.5,12.993,0
Dowlaiswaram (State Govt Site),16.93833333,81.7825,2021-07-02 04:00:00,14.0,67.0,74.5,165.5,12.993,0
Dowlaiswaram (State Govt Site),16.93833333,81.7825,2021-07-02 05:00:00,10.0,44.0,83.5,158.5,12.994,0
Dowlaiswaram (State Govt Site),16.93833333,81.7825,2021-07-02 06:00:00,0.5,24.5,81.5,153.0,12.993,0
Dowlaiswaram (State Govt Site),16.93833333,81.7825,2021-07-03 14:00:00,0.5,11.0,78.0,153.0,12.993,0
Dowlaiswaram (State Govt Site),16.93833333,81.7825,2021-07-04 14:00:00,6.0,7.0,51.0,157.5,12.994,0
Dowlaiswaram (State Govt Site),16.93833333,81.7825,2021-07-04 15:00:00,1.0,7.5,32.0,156.5,12.994,0
Dowlaiswaram (State Govt Site),16.93833333,81.7825,2021-07-07 12:00:00,0.5,7.5,18.5,152.5,12.994,0
Dowlaiswaram (State Govt Site),16.93833333,81.7825,2021-07-08 02:00:00,0.5,2.0,9.0,152.5,12.994,0
Dowlaiswaram (State Govt Site),16.93833333,81.7825,2021-07-10 04:00:00,0.5,1.5,9.0,146.5,12.994,0
Dowlaiswaram (State Govt Site),16.93833333,81.7825,2021-07-11 01:00:00,7.0,8.0,15.5,153.0,12.994,0
Dowlaiswaram (State Govt Site),16.93833333,81.7825,2021-07-11 02:00:00,15.0,22.5,24.5,159.0,12.994,0
Dowlaiswaram (State Govt Site),16.93833333,81.7825,2021-07-11 03:00:00,6.0,28.0,29.5,159.0,12.994,0
Dowlaiswaram (State Govt Site),16.93833333,81.7825,2021-07-11 04:00:00,6.0,27.0,35.0,154.0,12.994,0
Dowlaiswaram (State Govt Site),16.93833333,81.7825,2021-07-11 05:00:00,1.0,13.0,35.5,150.5,12.994,0
Dowlaiswaram (State Govt Site),16.93833333,81.7825,2021-07-12 00:00:00,5.0,12.0,40.0,153.0,12.994,0
Dowlaiswaram (State Govt Site),16.93833333,81.7825,2021-07-12 01:00:00,0.5,6.5,33.5,151.0,12.994,0
Dowlaiswaram (State Govt Site),16.93833333,81.7825,2021-07-12 02:00:00,0.5,6.0,19.0,151.0,12.994,0
Dowlaiswaram (State Govt Site),16.93833333,81.7825,2021-07-12 07:00:00,19.5,20.5,32.5,155.0,12.994,0
Dowlaiswaram (State Govt Site),16.93833333,81.7825,2021-07-12 08:00:00,27.5,47.5,54.0,182.0,12.994,0
Dowlaiswaram (State Govt Site),16.93833333,81.7825,2021-07-12 09:00:00,14.5,61.5,67.5,195.5,12.994,0
Dowlaiswaram (State Govt Site),16.93833333,81.7825,2021-07-12 10:00:00,26.5,68.5,89.0,219.5,12.994,0
Dowlaiswaram (State Govt Site),16.93833333,81.7825,2021-07-12 11:00:00,2.0,43.0,90.5,217.5,12.994,0
Dowlaiswaram (State Govt Site),16.93833333,81.7825,2021-07-12 22:00:00,11.0,39.5,101.0,195.5,12.994,0
Dowlaiswaram (State Govt Site),16.93833333,81.7825,2021-07-12 23:00:00,66.0,79.0,147.5,241.5,12.994,0
Dowlaiswaram (State Govt Site),16.93833333,81.7825,2021-07-13 01:00:00,8.0,85.0,128.0,235.5,12.994,0
Dowlaiswaram (State Govt Site),16.93833333,81.7825,2021-07-13 06:00:00,1.0,75.0,114.5,226.5,12.994,0
Dowlaiswaram (State Govt Site),16.93833333,81.7825,2021-07-13 07:00:00,2.5,11.5,90.5,228.5,12.994,0
Dowlaiswaram (State Govt Site),16.93833333,81.7825,2021-07-13 08:00:00,1.0,4.5,89.5,229.0,12.994,0
Dowlaiswaram (State Govt Site),16.93833333,81.7825,2021-07-13 09:00:00,0.5,4.0,79.0,223.5,12.994,0
Dowlaiswaram (State Govt Site),16.93833333,81.7825,2021-07-13 17:00:00,2.5,4.0,15.5,225.0,12.994,0
Dowlaiswaram (State Govt Site),16.93833333,81.7825,2021-07-13 18:00:00,1.5,4.5,9.0,226.0,12.994,0
Dowlaiswaram (State Govt Site),16.93833333,81.7825,2021-07-13 19:00:00,2.0,6.0,10.0,227.5,12.994,0
Dowlaiswaram (State Govt Site),16.93833333,81.7825,2021-07-13 20:00:00,1.0,4.5,8.5,228.0,12.994,0
Dowlaiswaram (State Govt Site),16.93833333,81.7825,2021-07-13 21:00:00,1.0,4.0,8.5,222.0,12.994,0
Dowlaiswaram (State Govt Site),16.93833333,81.7825,2021-07-14 00:00:00,1.0,3.0,9.0,208.0,12.994,0
Dowlaiswaram (State Govt Site),16.93833333,81.7825,2021-07-14 01:00:00,7.0,9.0,13.5,209.0,12.994,0
Dowlaiswaram (State Govt Site),16.93833333,81.7825,2021-07-14 02:00:00,0.5,8.5,12.5,203.5,12.994,0
Dowlaiswaram (State Govt Site),16.93833333,81.7825,2021-07-14 05:00:00,0.5,8.0,11.0,203.0,12.993,0
Dowlaiswaram (State Govt Site),16.93833333,81.7825,2021-07-14 13:00:00,9.5,10.5,19.5,207.5,12.994,0
Dowlaiswaram (State Govt Site),16.93833333,81.7825,2021-07-14 19:00:00,0.5,10.5,19.0,207.5,12.994,0
Dowlaiswaram (State Govt Site),16.93833333,81.7825,2021-07-14 22:00:00,11.5,21.5,29.5,218.5,12.994,0
Dowlaiswaram (State Govt Site),16.93833333,81.7825,2021-07-14 23:00:00,3.0,15.0,25.5,202.0,12.994,0
Dowlaiswaram (State Govt Site),16.93833333,81.7825,2021-07-15 01:00:00,0.5,15.0,25.5,175.0,12.994,0
Dowlaiswaram (State Govt Site),16.93833333,81.7825,2021-07-15 02:00:00,1.5,5.0,26.5,162.0,12.993,0
Dowlaiswaram (State Govt Site),16.93833333,81.7825,2021-07-15 03:00:00,0.5,2.5,17.5,136.0,12.994,0
Dowlaiswaram (State Govt Site),16.93833333,81.7825,2021-07-15 04:00:00,0.5,2.5,17.5,134.5,12.994,0
Dowlaiswaram (State Govt Site),16.93833333,81.7825,2021-07-15 22:00:00,0.5,1.5,6.5,124.0,12.994,0
Dowlaiswaram (State Govt Site),16.93833333,81.7825,2021-07-15 23:00:00,1.5,2.5,5.0,59.5,12.994,0
Dowlaiswaram (State Govt Site),16.93833333,81.7825,2021-07-16 00:00:00,1.5,3.5,6.0,53.0,12.994,0
Dowlaiswaram (State Govt Site),16.93833333,81.7825,2021-07-16 01:00:00,13.5,16.5,18.0,65.5,12.994,0
Dowlaiswaram (State Govt Site),16.93833333,81.7825,2021-07-17 02:00:00,5.5,20.5,23.0,68.5,12.994,0
Dowlaiswaram (State Govt Site),16.93833333,81.7825,2021-07-17 11:00:00,6.0,25.0,28.5,73.5,12.994,0
Dowlaiswaram (State Govt Site),16.93833333,81.7825,2021-07-18 07:00:00,36.5,48.0,64.5,109.5,12.994,0
Dowlaiswaram (State Govt Site),16.93833333,81.7825,2021-07-18 08:00:00,11.0,53.5,74.0,118.0,12.994,0
Dowlaiswaram (State Govt Site),16.93833333,81.7825,2021-07-18 10:00:00,0.5,48.0,73.0,117.0,12.994,0
Dowlaiswaram (State Govt Site),16.93833333,81.7825,2021-07-20 18:00:00,9.0,20.5,68.5,124.0,12.994,0
Dowlaiswaram (State Govt Site),16.93833333,81.7825,2021-07-20 19:00:00,4.0,13.5,67.0,127.0,12.994,0
Dowlaiswaram (State Govt Site),16.93833333,81.7825,2021-07-20 20:00:00,1.5,14.5,62.5,127.5,12.994,0
Dowlaiswaram (State Govt Site),16.93833333,81.7825,2021-07-20 22:00:00,1.5,7.0,27.5,128.0,12.994,0
Dowlaiswaram (State Govt Site),16.93833333,81.7825,2021-07-20 23:00:00,2.5,5.5,19.0,123.5,12.994,0
Dowlaiswaram (State Govt Site),16.93833333,81.7825,2021-07-21 00:00:00,2.5,6.5,21.0,125.5,12.994,0
Dowlaiswaram (State Govt Site),16.93833333,81.7825,2021-07-21 01:00:00,0.5,5.5,12.5,125.5,12.994,0
Dowlaiswaram (State Govt Site),16.93833333,81.7825,2021-07-21 02:00:00,3.5,6.5,12.0,119.5,12.994,0
Dowlaiswaram (State Govt Site),16.93833333,81.7825,2021-07-21 03:00:00,4.5,8.5,15.0,123.5,12.994,0
Dowlaiswaram (State Govt Site),16.93833333,81.7825,2021-07-21 04:00:00,1.5,9.5,15.0,113.5,12.994,0
Dowlaiswaram (State Govt Site),16.93833333,81.7825,2021-07-21 05:00:00,1.5,7.5,14.0,112.0,12.994,0
Dowlaiswaram (State Govt Site),16.93833333,81.7825,2021-07-21 07:00:00,1.0,4.0,12.5,112.5,12.994,0
Dowlaiswaram (State Govt Site),16.93833333,81.7825,2021-07-21 08:00:00,1.0,3.5,13.0,112.0,12.994,0
Dowlaiswaram (State Govt Site),16.93833333,81.7825,2021-07-21 09:00:00,0.5,2.5,10.0,112.0,12.994,0
Dowlaiswaram (State Govt Site),16.93833333,81.7825,2021-07-21 10:00:00,2.5,4.0,8.0,114.0,12.994,0
Dowlaiswaram (State Govt Site),16.93833333,81.7825,2021-07-21 11:00:00,4.0,7.0,10.5,117.5,12.994,0
Dowlaiswaram (State Govt Site),16.93833333,81.7825,2021-07-21 12:00:00,1.5,8.0,10.5,117.5,12.994,0
Dowlaiswaram (State Govt Site),16.93833333,81.7825,2021-07-21 13:00:00,5.0,10.5,14.5,121.0,12.994,0
Dowlaiswaram (State Govt Site),16.93833333,81.7825,2021-07-21 14:00:00,0.5,7.0,14.0,108.0,12.994,0
Dowlaiswaram (State Govt Site),16.93833333,81.7825,2021-07-21 16:00:00,0.5,6.0,14.0,103.0,12.994,0
Dowlaiswaram (State Govt Site),16.93833333,81.7825,2021-07-21 17:00:00,2.0,3.0,13.5,99.0,12.994,0
Dowlaiswaram (State Govt Site),16.93833333,81.7825,2021-07-21 18:00:00,6.5,9.0,16.0,69.0,12.994,0
Dowlaiswaram (State Govt Site),16.93833333,81.7825,2021-07-21 19:00:00,25.0,33.5,39.5,83.0,12.994,0
Dowlaiswaram (State Govt Site),16.93833333,81.7825,2021-07-21 20:00:00,27.0,58.5,61.5,109.5,12.994,0
Dowlaiswaram (State Govt Site),16.93833333,81.7825,2021-07-21 21:00:00,15.0,67.0,76.0,115.5,12.994,0
Dowlaiswaram (State Govt Site),16.93833333,81.7825,2021-07-21 22:00:00,5.5,47.5,81.0,117.0,12.994,0
Dowlaiswaram (State Govt Site),16.93833333,81.7825,2021-07-21 23:00:00,9.0,29.5,88.0,124.5,12.993,0
Dowlaiswaram (State Govt Site),16.93833333,81.7825,2021-07-22 00:00:00,0.5,15.0,82.0,123.5,12.994,0
Dowlaiswaram (State Govt Site),16.93833333,81.7825,2021-07-22 01:00:00,0.5,10.0,57.5,121.5,12.994,0
Dowlaiswaram (State Govt Site),16.93833333,81.7825,2021-07-22 02:00:00,0.5,1.5,31.0,119.5,12.994,0
Dowlaiswaram (State Govt Site),16.93833333,81.7825,2021-07-22 03:00:00,0.5,1.5,16.5,119.5,12.994,0
Dowlaiswaram (State Govt Site),16.93833333,81.7825,2021-07-22 05:00:00,0.5,1.5,11.5,116.5,12.994,0
Dowlaiswaram (State Govt Site),16.93833333,81.7825,2021-07-22 06:00:00,4.5,5.5,7.0,116.5,12.994,0
Dowlaiswaram (State Govt Site),16.93833333,81.7825,2021-07-22 07:00:00,8.5,13.5,15.0,123.5,12.994,0
Dowlaiswaram (State Govt Site),16.93833333,81.7825,2021-07-22 08:00:00,1.0,14.0,15.5,123.0,12.994,0
Dowlaiswaram (State Govt Site),16.93833333,81.7825,2021-07-22 11:00:00,0.5,10.0,15.5,122.5,12.994,0
Dowlaiswaram (State Govt Site),16.93833333,81.7825,2021-07-22 12:00:00,2.5,4.0,17.5,124.0,12.994,0
Dowlaiswaram (State Govt Site),16.93833333,81.7825,2021-07-22 13:00:00,5.0,8.0,22.0,128.5,12.994,0
Dowlaiswaram (State Govt Site),16.93833333,81.7825,2021-07-22 14:00:00,2.5,10.0,20.0,128.5,12.994,0
Dowlaiswaram (State Govt Site),16.93833333,81.7825,2021-07-22 15:00:00,1.0,8.5,12.5,125.5,12.994,0
Dowlaiswaram (State Govt Site),16.93833333,81.7825,2021-07-22 19:00:00,0.5,4.0,12.0,124.5,12.994,0
Dowlaiswaram (State Govt Site),16.93833333,81.7825,2021-07-23 14:00:00,22.0,23.5,33.5,141.5,12.994,0
Dowlaiswaram (State Govt Site),16.93833333,81.7825,2021-07-23 15:00:00,50.5,73.0,81.5,191.5,12.994,0
Dowlaiswaram (State Govt Site),16.93833333,81.7825,2021-07-23 19:00:00,4.0,76.5,80.5,195.0,12.994,0
Dowlaiswaram (State Govt Site),16.93833333,81.7825,2021-07-23 20:00:00,0.5,55.0,78.5,193.5,12.994,0
Dowlaiswaram (State Govt Site),16.93833333,81.7825,2021-07-25 19:00:00,1.5,6.0,79.0,188.5,12.994,0
Dowlaiswaram (State Govt Site),16.93833333,81.7825,2021-07-25 20:00:00,3.0,5.0,81.5,166.5,12.994,0
Dowlaiswaram (State Govt Site),16.93833333,81.7825,2021-07-25 23:00:00,19.0,23.5,78.5,158.5,12.994,0
Dowlaiswaram (State Govt Site),16.93833333,81.7825,2021-07-26 00:00:00,4.0,26.0,32.0,147.5,12.994,0
Dowlaiswaram (State Govt Site),16.93833333,81.7825,2021-07-27 21:00:00,0.5,23.5,28.5,142.5,12.994,0
Dowlaiswaram (State Govt Site),16.93833333,81.7825,2021-07-27 22:00:00,0.5,5.0,28.5,134.0,12.994,0
Dowlaiswaram (State Govt Site),16.93833333,81.7825,2021-07-28 21:00:00,3.0,4.0,30.0,136.5,12.994,0
Dowlaiswaram (State Govt Site),16.93833333,81.7825,2021-07-30 13:00:00,13.0,16.5,40.0,149.0,12.994,0
Dowlaiswaram (State Govt Site),16.93833333,81.7825,2021-07-30 19:00:00,0.5,16.5,21.5,149.0,12.994,0
Dowlaiswaram (State Govt Site),16.93833333,81.7825,2021-08-01 12:00:00,1.5,15.0,19.0,150.0,12.994,0
Dowlaiswaram (State Govt Site),16.93833333,81.7825,2021-08-07 19:00:00,1.0,3.0,19.5,150.5,12.994,0
Dowlaiswaram (State Govt Site),16.93833333,81.7825,2021-08-07 20:00:00,0.5,3.0,19.5,146.5,12.994,0
Dowlaiswaram (State Govt Site),16.93833333,81.7825,2021-08-09 07:00:00,2.0,3.5,18.5,140.0,12.994,0
Dowlaiswaram (State Govt Site),16.93833333,81.7825,2021-08-10 03:00:00,6.5,9.0,12.0,145.5,12.994,0
Dowlaiswaram (State Govt Site),16.93833333,81.7825,2021-08-10 04:00:00,79.5,88.0,91.0,224.5,12.994,0
Dowlaiswaram (State Govt Site),16.93833333,81.7825,2021-08-10 05:00:00,2.5,88.5,92.0,224.5,12.994,0
Dowlaiswaram (State Govt Site),16.93833333,81.7825,2021-08-10 06:00:00,0.5,82.5,91.5,220.0,12.994,0
Dowlaiswaram (State Govt Site),16.93833333,81.7825,2021-08-10 07:00:00,3.0,6.0,94.0,220.5,12.994,0
Dowlaiswaram (State Govt Site),16.93833333,81.7825,2021-08-10 08:00:00,1.5,5.0,93.5,221.0,12.994,0
Dowlaiswaram (State Govt Site),16.93833333,81.7825,2021-08-13 03:00:00,0.5,5.0,87.5,221.0,12.994,0
Dowlaiswaram (State Govt Site),16.93833333,81.7825,2021-08-13 16:00:00,25.0,27.0,33.0,224.0,12.994,0
Dowlaiswaram (State Govt Site),16.93833333,81.7825,2021-08-13 17:00:00,18.0,43.5,48.5,191.5,12.994,0
Dowlaiswaram (State Govt Site),16.93833333,81.7825,2021-08-13 18:00:00,1.0,44.0,49.0,188.5,12.994,0
Dowlaiswaram (State Govt Site),16.93833333,81.7825,2021-08-14 10:00:00,37.5,56.5,83.5,225.5,12.994,0
Dowlaiswaram (State Govt Site),16.93833333,81.7825,2021-08-14 11:00:00,77.5,116.0,159.5,301.5,12.994,0
Dowlaiswaram (State Govt Site),16.93833333,81.7825,2021-08-14 12:00:00,1.5,116.5,160.5,300.0,12.994,0
Dowlaiswaram (State Govt Site),16.93833333,81.7825,2021-08-14 13:00:00,3.5,82.5,139.0,284.5,12.994,0
Dowlaiswaram (State Govt Site),16.93833333,81.7825,2021-08-14 14:00:00,2.5,7.5,123.5,283.0,12.994,0
Dowlaiswaram (State Govt Site),16.93833333,81.7825,2021-08-15 18:00:00,1.0,7.0,123.5,283.5,12.994,0
Dowlaiswaram (State Govt Site),16.93833333,81.7825,2021-08-15 19:00:00,0.5,4.0,86.5,283.5,12.994,0
Dowlaiswaram (State Govt Site),16.93833333,81.7825,2021-08-15 20:00:00,0.5,2.0,9.5,281.0,12.994,0
Dowlaiswaram (State Govt Site),16.93833333,81.7825,2021-08-15 23:00:00,2.5,3.5,10.5,270.5,12.994,0
Dowlaiswaram (State Govt Site),16.93833333,81.7825,2021-08-16 00:00:00,4.0,7.0,11.0,274.0,12.994,0
Dowlaiswaram (State Govt Site),16.93833333,81.7825,2021-08-16 01:00:00,0.5,7.0,9.0,273.0,12.994,0
Dowlaiswaram (State Govt Site),16.93833333,81.7825,2021-08-17 00:00:00,6.0,10.5,14.0,278.0,12.994,0
Dowlaiswaram (State Govt Site),16.93833333,81.7825,2021-08-17 01:00:00,3.0,9.5,16.5,280.5,12.994,0
Dowlaiswaram (State Govt Site),16.93833333,81.7825,2021-08-17 02:00:00,3.0,12.0,19.0,281.5,12.994,0
Dowlaiswaram (State Govt Site),16.93833333,81.7825,2021-08-17 03:00:00,1.0,7.0,17.5,276.0,12.994,0
Dowlaiswaram (State Govt Site),16.93833333,81.7825,2021-08-17 06:00:00,0.5,4.5,14.0,197.0,12.994,0
Dowlaiswaram (State Govt Site),16.93833333,81.7825,2021-08-18 00:00:00,0.5,2.0,14.0,195.0,12.994,0
Dowlaiswaram (State Govt Site),16.93833333,81.7825,2021-08-19 00:00:00,19.0,20.0,27.0,213.5,12.994,0
Dowlaiswaram (State Govt Site),16.93833333,81.7825,2021-08-19 01:00:00,4.0,23.5,28.0,214.5,12.994,0
Dowlaiswaram (State Govt Site),16.93833333,81.7825,2021-08-19 03:00:00,0.5,23.5,25.5,213.5,12.994,0
Dowlaiswaram (State Govt Site),16.93833333,81.7825,2021-08-20 00:00:00,7.0,11.5,31.5,220.0,12.994,0
Dowlaiswaram (State Govt Site),16.93833333,81.7825,2021-08-20 01:00:00,27.0,34.5,58.0,222.0,12.994,0
Dowlaiswaram (State Govt Site),16.93833333,81.7825,2021-08-20 02:00:00,4.5,38.5,62.0,208.5,12.994,0
Dowlaiswaram (State Govt Site),16.93833333,81.7825,2021-08-20 03:00:00,1.0,32.5,44.0,208.5,12.994,0
Dowlaiswaram (State Govt Site),16.93833333,81.7825,2021-08-20 04:00:00,0.5,6.0,40.5,171.5,12.994,0
Dowlaiswaram (State Govt Site),16.93833333,81.7825,2021-08-20 05:00:00,1.0,2.5,41.0,95.0,12.994,0
Dowlaiswaram (State Govt Site),16.93833333,81.7825,2021-08-20 06:00:00,3.0,4.5,37.0,96.5,12.994,0
Dowlaiswaram (State Govt Site),16.93833333,81.7825,2021-08-20 07:00:00,6.0,10.0,16.0,99.0,12.994,0
Dowlaiswaram (State Govt Site),16.93833333,81.7825,2021-08-20 08:00:00,1.0,10.0,12.5,97.5,12.994,0
Dowlaiswaram (State Govt Site),16.93833333,81.7825,2021-08-21 05:00:00,4.0,11.0,15.5,100.5,12.994,0
Dowlaiswaram (State Govt Site),16.93833333,81.7825,2021-08-21 06:00:00,1.0,6.0,16.0,101.0,12.994,0
Dowlaiswaram (State Govt Site),16.93833333,81.7825,2021-08-21 08:00:00,20.5,25.5,35.5,121.0,12.994,0
Dowlaiswaram (State Govt Site),16.93833333,81.7825,2021-08-21 09:00:00,28.0,49.5,60.5,146.5,12.994,0
Dowlaiswaram (State Govt Site),16.93833333,81.7825,2021-08-22 21:00:00,0.5,49.0,55.0,143.0,12.994,0
Dowlaiswaram (State Govt Site),16.93833333,81.7825,2021-08-22 22:00:00,7.5,36.0,61.5,150.0,12.994,0
Dowlaiswaram (State Govt Site),16.93833333,81.7825,2021-08-23 02:00:00,0.5,8.5,58.0,144.5,12.994,0
Dowlaiswaram (State Govt Site),16.93833333,81.7825,2021-08-25 19:00:00,1.5,9.5,58.5,143.0,12.994,0
Dowlaiswaram (State Govt Site),16.93833333,81.7825,2021-08-25 20:00:00,0.5,2.5,38.5,140.5,12.994,0
Dowlaiswaram (State Govt Site),16.93833333,81.7825,2021-08-25 23:00:00,0.5,2.5,11.0,140.0,12.994,0
Dowlaiswaram (State Govt Site),16.93833333,81.7825,2021-08-30 21:00:00,23.5,24.5,34.0,163.0,12.994,0
Dowlaiswaram (State Govt Site),16.93833333,81.7825,2021-08-30 22:00:00,1.0,25.0,27.5,163.5,12.994,0
Dowlaiswaram (State Govt Site),16.93833333,81.7825,2021-08-30 23:00:00,0.5,25.0,27.5,145.0,12.994,0
Dowlaiswaram (State Govt Site),16.93833333,81.7825,2021-08-31 00:00:00,0.5,2.0,26.5,141.5,12.994,0
Dowlaiswaram (State Govt Site),16.93833333,81.7825,2021-08-31 01:00:00,1.5,2.5,27.5,142.5,12.994,0
Dowlaiswaram (State Govt Site),16.93833333,81.7825,2021-08-31 02:00:00,0.5,2.5,27.5,136.0,12.994,0
Dowlaiswaram (State Govt Site),16.93833333,81.7825,2021-08-31 05:00:00,2.0,4.0,6.0,111.0,12.994,0
Dowlaiswaram (State Govt Site),16.93833333,81.7825,2021-08-31 06:00:00,0.5,3.0,5.5,107.0,12.994,0
Dowlaiswaram (State Govt Site),16.93833333,81.7825,2021-08-31 09:00:00,17.5,20.0,22.5,123.5,12.994,0
Dowlaiswaram (State Govt Site),16.93833333,81.7825,2021-08-31 10:00:00,0.5,18.5,22.5,123.5,12.994,0
Dowlaiswaram (State Govt Site),16.93833333,81.7825,2021-09-01 07:00:00,28.5,46.5,49.5,151.0,12.994,0
Dowlaiswaram (State Govt Site),16.93833333,81.7825,2021-09-01 08:00:00,2.5,31.5,51.5,150.5,12.994,0
Dowlaiswaram (State Govt Site),16.93833333,81.7825,2021-09-01 14:00:00,0.5,31.5,50.0,145.0,12.994,0
Dowlaiswaram (State Govt Site),16.93833333,81.7825,2021-09-03 12:00:00,88.5,91.5,138.0,232.5,12.994,0
Dowlaiswaram (State Govt Site),16.93833333,81.7825,2021-09-04 05:00:00,0.5,89.5,121.0,229.0,12.994,0
Dowlaiswaram (State Govt Site),16.93833333,81.7825,2021-09-04 12:00:00,18.5,107.5,139.0,246.5,12.994,0
Dowlaiswaram (State Govt Site),16.93833333,81.7825,2021-09-04 13:00:00,9.0,28.0,119.5,235.0,12.994,0
Dowlaiswaram (State Govt Site),16.93833333,81.7825,2021-09-04 15:00:00,3.0,30.5,120.0,210.0,12.994,0
Dowlaiswaram (State Govt Site),16.93833333,81.7825,2021-09-04 16:00:00,0.5,12.5,120.0,210.0,12.994,0
Dowlaiswaram (State Govt Site),16.93833333,81.7825,2021-09-05 15:00:00,7.5,11.0,39.0,210.0,12.994,0
Dowlaiswaram (State Govt Site),16.93833333,81.7825,2021-09-05 16:00:00,25.0,33.0,63.5,234.5,12.994,0
Dowlaiswaram (State Govt Site),16.93833333,81.7825,2021-09-05 17:00:00,5.0,37.5,50.0,238.0,12.994,0
Dowlaiswaram (State Govt Site),16.93833333,81.7825,2021-09-05 18:00:00,2.0,32.0,43.0,239.5,12.994,0
Dowlaiswaram (State Govt Site),16.93833333,81.7825,2021-09-05 19:00:00,2.5,9.5,42.5,241.5,12.994,0
Dowlaiswaram (State Govt Site),16.93833333,81.7825,2021-09-05 20:00:00,1.0,5.5,43.0,219.0,12.994,0
Dowlaiswaram (State Govt Site),16.93833333,81.7825,2021-09-05 22:00:00,1.0,4.5,36.5,219.0,12.994,0
Dowlaiswaram (State Govt Site),16.93833333,81.7825,2021-09-05 23:00:00,1.5,3.5,13.0,220.0,12.994,0
Dowlaiswaram (State Govt Site),16.93833333,81.7825,2021-09-06 02:00:00,1.0,3.5,9.0,220.5,12.994,0
Dowlaiswaram (State Govt Site),16.93833333,81.7825,2021-09-06 03:00:00,6.5,9.0,13.5,225.5,12.994,0
Dowlaiswaram (State Govt Site),16.93833333,81.7825,2021-09-06 04:00:00,0.5,8.0,11.5,225.5,12.994,0
Dowlaiswaram (State Govt Site),16.93833333,81.7825,2021-09-06 05:00:00,5.5,12.5,16.0,229.0,12.994,0
Dowlaiswaram (State Govt Site),16.93833333,81.7825,2021-09-06 06:00:00,2.5,8.5,17.5,231.0,12.994,0
Dowlaiswaram (State Govt Site),16.93833333,81.7825,2021-09-06 07:00:00,42.5,50.5,58.5,256.0,12.994,0
Dowlaiswaram (State Govt Site),16.93833333,81.7825,2021-09-06 08:00:00,7.0,52.0,64.5,262.5,12.994,0
Dowlaiswaram (State Govt Site),16.93833333,81.7825,2021-09-06 09:00:00,31.5,81.0,89.5,265.5,12.994,0
Dowlaiswaram (State Govt Site),16.93833333,81.7825,2021-09-06 10:00:00,5.5,44.0,94.5,268.5,12.994,0
Dowlaiswaram (State Govt Site),16.93833333,81.7825,2021-09-06 11:00:00,3.5,40.5,92.5,271.5,12.994,0
Dowlaiswaram (State Govt Site),16.93833333,81.7825,2021-09-06 12:00:00,3.5,12.5,93.5,186.5,12.994,0
Dowlaiswaram (State Govt Site),16.93833333,81.7825,2021-09-06 13:00:00,7.0,14.0,58.0,193.0,12.994,0
Dowlaiswaram (State Govt Site),16.93833333,81.7825,2021-09-06 14:00:00,8.0,18.5,59.0,182.5,12.994,0
Dowlaiswaram (State Govt Site),16.93833333,81.7825,2021-09-06 15:00:00,0.5,15.5,28.0,174.0,12.994,0
Dowlaiswaram (State Govt Site),16.93833333,81.7825,2021-09-06 16:00:00,0.5,9.0,23.0,171.5,12.994,0
Dowlaiswaram (State Govt Site),16.93833333,81.7825,2021-09-06 23:00:00,0.5,1.5,20.0,171.5,12.994,0
Dowlaiswaram (State Govt Site),16.93833333,81.7825,2021-09-07 00:00:00,0.5,1.5,17.0,164.5,12.994,0
Dowlaiswaram (State Govt Site),16.93833333,81.7825,2021-09-08 21:00:00,22.5,23.5,32.5,162.0,12.994,0
Dowlaiswaram (State Govt Site),16.93833333,81.7825,2021-09-08 22:00:00,1.0,24.0,25.5,158.0,12.994,0
Dowlaiswaram (State Govt Site),16.93833333,81.7825,2021-09-09 14:00:00,0.5,24.0,25.5,156.5,12.994,0
Dowlaiswaram (State Govt Site),16.93833333,81.7825,2021-09-10 06:00:00,0.5,2.0,25.5,154.5,12.994,0
Dowlaiswaram (State Govt Site),16.93833333,81.7825,2021-09-14 23:00:00,0.5,1.5,25.5,154.0,12.994,0
Dowlaiswaram (State Govt Site),16.93833333,81.7825,2021-09-16 07:00:00,2.0,3.0,27.0,155.0,12.994,0
Dowlaiswaram (State Govt Site),16.93833333,81.7825,2021-09-16 08:00:00,0.5,3.0,5.0,154.0,12.994,0
Dowlaiswaram (State Govt Site),16.93833333,81.7825,2021-09-17 13:00:00,2.5,5.0,6.5,155.5,12.994,0
Dowlaiswaram (State Govt Site),16.93833333,81.7825,2021-09-17 14:00:00,3.5,6.5,9.5,152.5,12.994,0
Dowlaiswaram (State Govt Site),16.93833333,81.7825,2021-09-20 15:00:00,63.0,69.0,72.0,215.0,12.994,0
Dowlaiswaram (State Govt Site),16.93833333,81.7825,2021-09-20 16:00:00,1.5,68.0,73.0,211.0,12.994,0
Dowlaiswaram (State Govt Site),16.93833333,81.7825,2021-09-21 10:00:00,9.0,73.5,80.0,217.5,12.994,0
Dowlaiswaram (State Govt Site),16.93833333,81.7825,2021-09-21 16:00:00,29.0,39.5,108.5,204.0,12.994,0
Dowlaiswaram (State Govt Site),16.93833333,81.7825,2021-09-21 17:00:00,5.0,43.0,111.0,202.0,12.994,0
Dowlaiswaram (State Govt Site),16.93833333,81.7825,2021-09-22 15:00:00,15.5,49.5,123.0,186.0,12.994,0
Dowlaiswaram (State Govt Site),16.93833333,81.7825,2021-09-22 16:00:00,0.5,21.0,60.5,181.0,12.994,0
Dowlaiswaram (State Govt Site),16.93833333,81.7825,2021-09-22 17:00:00,5.5,21.5,64.5,183.0,12.994,0
Dowlaiswaram (State Govt Site),16.93833333,81.7825,2021-09-22 18:00:00,2.5,8.5,58.0,182.0,12.994,0
Dowlaiswaram (State Govt Site),16.93833333,81.7825,2021-09-22 20:00:00,0.5,8.5,29.5,175.5,12.994,0
Dowlaiswaram (State Govt Site),16.93833333,81.7825,2021-09-24 02:00:00,0.5,3.5,25.0,168.0,12.994,0
Dowlaiswaram (State Govt Site),16.93833333,81.7825,2021-09-24 03:00:00,9.0,10.0,18.5,176.5,12.994,0
Dowlaiswaram (State Govt Site),16.93833333,81.7825,2021-09-25 09:00:00,1.5,11.0,19.5,177.5,12.994,0
Dowlaiswaram (State Govt Site),16.93833333,81.7825,2021-09-25 10:00:00,5.5,16.0,19.5,182.5,12.994,0
Dowlaiswaram (State Govt Site),16.93833333,81.7825,2021-09-26 14:00:00,0.5,7.5,17.5,182.5,12.994,0
Dowlaiswaram (State Govt Site),16.93833333,81.7825,2021-09-26 15:00:00,0.5,6.5,17.5,160.5,12.994,0
Dowlaiswaram (State Govt Site),16.93833333,81.7825,2021-09-26 16:00:00,13.5,14.5,30.5,173.0,12.994,0
Dowlaiswaram (State Govt Site),16.93833333,81.7825,2021-09-26 17:00:00,6.5,20.5,28.0,179.0,12.994,0
Dowlaiswaram (State Govt Site),16.93833333,81.7825,2021-09-26 18:00:00,6.0,26.0,32.5,184.5,12.994,0
Dowlaiswaram (State Govt Site),16.93833333,81.7825,2021-10-27 15:00:00,1.5,14.0,28.5,185.5,12.994,0
Dowlaiswaram (State Govt Site),16.93833333,81.7825,2021-11-26 05:00:00,6.0,13.5,34.0,189.5,12.994,0
Dowlaiswaram (State Govt Site),16.93833333,81.7825,2022-01-12 12:00:00,1.5,9.0,35.0,190.5,12.994,0
Dowlaiswaram (State Govt Site),16.93833333,81.7825,2022-01-12 13:00:00,4.0,11.5,25.5,192.0,12.994,0
Dowlaiswaram (State Govt Site),16.93833333,81.7825,2022-01-12 14:00:00,0.5,6.0,19.5,189.0,12.994,0
Dowlaiswaram (State Govt Site),16.93833333,81.7825,2022-01-12 19:00:00,1.0,5.5,14.5,127.0,12.994,0
Dowlaiswaram (State Govt Site),16.93833333,81.7825,2022-01-13 08:00:00,11.0,12.5,24.0,136.5,12.994,0
Dowlaiswaram (State Govt Site),16.93833333,81.7825,2022-01-13 12:00:00,1.5,13.5,19.5,129.0,12.994,0
Dowlaiswaram (State Govt Site),16.93833333,81.7825,2022-01-14 01:00:00,1.0,13.5,19.0,101.0,12.994,0
Dowlaiswaram (State Govt Site),16.93833333,81.7825,2022-01-26 19:00:00,2.0,4.5,17.0,98.0,12.994,0
Dowlaiswaram (State Govt Site),16.93833333,81.7825,2022-03-15 04:00:00,47.0,50.0,63.5,129.5,12.994,0
Dowlaiswaram (State Govt Site),16.93833333,81.7825,2022-03-24 17:00:00,240.0,289.0,302.5,369.0,12.994,0
Dowlaiswaram (State Govt Site),16.93833333,81.7825,2022-04-18 14:00:00,1.0,288.0,292.5,364.5,12.994,0
Dowlaiswaram (State Govt Site),16.93833333,81.7825,2022-04-18 15:00:00,0.5,241.5,291.5,362.5,12.994,0
Dowlaiswaram (State Govt Site),16.93833333,81.7825,2022-04-25 13:00:00,10.0,11.5,300.5,372.0,12.994,0
Dowlaiswaram (State Govt Site),16.93833333,81.7825,2022-05-08 12:00:00,0.5,11.0,299.0,372.0,12.994,0
Dowlaiswaram (State Govt Site),16.93833333,81.7825,2022-05-10 07:00:00,7.5,18.0,259.5,370.5,12.994,0
Dowlaiswaram (State Govt Site),16.93833333,81.7825,2022-05-10 12:00:00,0.5,8.5,20.0,369.5,12.994,0
Dowlaiswaram (State Govt Site),16.93833333,81.7825,2022-05-10 19:00:00,2.0,10.0,21.0,366.0,12.995,0
Dowlaiswaram (State Govt Site),16.93833333,81.7825,2022-05-10 22:00:00,1.0,3.5,21.5,366.5,12.994,0
Dowlaiswaram (State Govt Site),16.93833333,81.7825,2022-05-11 00:00:00,4.0,7.0,15.5,370.0,12.994,0
Dowlaiswaram (State Govt Site),16.93833333,81.7825,2022-05-11 02:00:00,1.5,6.5,16.5,358.0,12.995,0
Dowlaiswaram (State Govt Site),16.93833333,81.7825,2022-05-11 03:00:00,1.5,7.0,10.5,353.0,12.995,0
Dowlaiswaram (State Govt Site),16.93833333,81.7825,2022-05-11 08:00:00,1.5,4.5,11.5,348.5,12.995,0
Dowlaiswaram (State Govt Site),16.93833333,81.7825,2022-05-11 15:00:00,2.5,5.5,12.0,349.5,12.994,0
Dowlaiswaram (State Govt Site),16.93833333,81.7825,2022-05-11 17:00:00,5.0,9.0,16.0,348.5,12.994,0
Dowlaiswaram (State Govt Site),16.93833333,81.7825,2022-05-11 18:00:00,6.0,13.5,18.0,353.0,12.994,0
Dowlaiswaram (State Govt Site),16.93833333,81.7825,2022-05-11 20:00:00,3.0,14.0,19.5,352.0,12.995,0
Dowlaiswaram (State Govt Site),16.93833333,81.7825,2022-05-11 22:00:00,0.5,9.5,18.5,352.0,12.995,0
Dowlaiswaram (State Govt Site),16.93833333,81.7825,2022-05-11 23:00:00,1.0,4.5,18.0,352.0,12.994,0
Dowlaiswaram (State Govt Site),16.93833333,81.7825,2022-05-12 11:00:00,4.5,6.0,20.0,345.5,12.994,0
Dowlaiswaram (State Govt Site),16.93833333,81.7825,2022-05-19 00:00:00,0.5,6.0,15.5,344.5,12.995,0
Dowlaiswaram (State Govt Site),16.93833333,81.7825,2022-05-19 07:00:00,1.0,6.0,10.5,344.5,12.995,0
Dowlaiswaram (State Govt Site),16.93833333,81.7825,2022-05-24 18:00:00,0.5,2.0,8.0,343.0,12.994,0
Dowlaiswaram (State Govt Site),16.93833333,81.7825,2022-05-24 20:00:00,2.0,3.5,9.5,298.0,12.994,0
Dowlaiswaram (State Govt Site),16.93833333,81.7825,2022-05-24 21:00:00,26.5,29.0,35.0,84.5,12.995,0
Dowlaiswaram (State Govt Site),16.93833333,81.7825,2022-05-24 22:00:00,9.0,37.5,39.5,92.5,12.994,0
Dowlaiswaram (State Govt Site),16.93833333,81.7825,2022-05-24 23:00:00,3.0,38.5,42.0,95.0,12.995,0
Dowlaiswaram (State Govt Site),16.93833333,81.7825,2022-05-25 00:00:00,7.5,19.5,48.5,92.5,12.994,0
Dowlaiswaram (State Govt Site),16.93833333,81.7825,2022-05-25 03:00:00,1.0,11.5,49.0,93.0,12.994,0
Dowlaiswaram (State Govt Site),16.93833333,81.7825,2022-05-28 14:00:00,50.5,59.0,97.5,136.0,12.994,0
Dowlaiswaram (State Govt Site),16.93833333,81.7825,2022-06-06 03:00:00,7.5,59.0,78.5,143.0,12.995,0
Dowlaiswaram (State Govt Site),16.93833333,81.7825,2022-06-06 04:00:00,0.5,58.5,70.0,141.5,12.995,0
Dowlaiswaram (State Govt Site),16.93833333,81.7825,2022-06-06 05:00:00,2.5,10.5,69.5,143.0,12.994,0
Dowlaiswaram (State Govt Site),16.93833333,81.7825,2022-06-06 06:00:00,6.0,9.0,68.0,145.0,12.995,0
Dowlaiswaram (State Govt Site),16.93833333,81.7825,2022-06-06 07:00:00,5.0,13.5,72.0,148.5,12.994,0
Dowlaiswaram (State Govt Site),16.93833333,81.7825,2022-06-06 08:00:00,1.5,12.5,23.0,148.5,12.994,0
Dowlaiswaram (State Govt Site),16.93833333,81.7825,2022-06-10 12:00:00,46.0,52.5,61.5,193.0,12.994,0
Dowlaiswaram (State Govt Site),16.93833333,81.7825,2022-06-15 22:00:00,5.0,52.5,66.0,195.5,12.995,0
Dowlaiswaram (State Govt Site),16.93833333,81.7825,2022-06-19 06:00:00,5.0,56.0,68.5,195.5,12.995,0
Dowlaiswaram (State Govt Site),16.93833333,81.7825,2022-06-20 01:00:00,3.0,13.0,65.5,192.5,12.994,0
Dowlaiswaram (State Govt Site),16.93833333,81.7825,2022-06-20 03:00:00,6.0,14.0,66.5,195.5,12.995,0
Dowlaiswaram (State Govt Site),16.93833333,81.7825,2022-06-20 07:00:00,0.5,9.5,65.5,195.5,12.994,0
Dowlaiswaram (State Govt Site),16.93833333,81.7825,2022-06-21 21:00:00,5.5,12.0,25.0,200.0,12.995,0
Dowlaiswaram (State Govt Site),16.93833333,81.7825,2022-06-21 22:00:00,144.0,150.0,164.0,339.5,12.995,0
Dowlaiswaram (State Govt Site),16.93833333,81.7825,2022-06-22 00:00:00,4.5,154.0,163.5,343.5,12.995,0
Dowlaiswaram (State Govt Site),16.93833333,81.7825,2022-06-22 01:00:00,3.0,151.5,163.5,345.5,12.994,0
Dowlaiswaram (State Govt Site),16.93833333,81.7825,2022-06-22 02:00:00,3.0,10.5,160.5,348.0,12.994,0
Dowlaiswaram (State Govt Site),16.93833333,81.7825,2022-06-22 03:00:00,8.5,14.5,168.5,354.5,12.994,0
Dowlaiswaram (State Govt Site),16.93833333,81.7825,2022-06-22 04:00:00,6.0,17.5,169.0,334.0,12.994,0
Dowlaiswaram (State Govt Site),16.93833333,81.7825,2022-06-22 05:00:00,2.0,16.5,27.0,327.0,12.994,0
Dowlaiswaram (State Govt Site),16.93833333,81.7825,2022-06-22 23:00:00,8.5,16.5,31.0,332.5,12.994,0
Dowlaiswaram (State Govt Site),16.93833333,81.7825,2022-06-23 00:00:00,0.5,11.0,28.5,325.5,12.995,0
Dowlaiswaram (State Govt Site),16.93833333,81.7825,2022-06-25 02:00:00,4.0,13.0,29.5,328.5,12.995,0
Dowlaiswaram (State Govt Site),16.93833333,81.7825,2022-06-26 01:00:00,0.5,5.0,21.5,278.5,12.994,0
Dowlaiswaram (State Govt Site),16.93833333,81.7825,2022-06-26 02:00:00,3.0,7.5,18.5,274.0,12.994,0
Dowlaiswaram (State Govt Site),16.93833333,81.7825,2022-06-26 22:00:00,2.5,6.0,19.0,276.0,12.995,0
Dowlaiswaram (State Govt Site),16.93833333,81.7825,2022-06-27 00:00:00,0.5,6.0,11.0,274.0,12.994,0
Dowlaiswaram (State Govt Site),16.93833333,81.7825,2022-06-27 01:00:00,3.0,6.0,13.5,271.0,12.994,0
Dowlaiswaram (State Govt Site),16.93833333,81.7825,2022-06-27 02:00:00,0.5,4.0,10.0,266.5,12.994,0
Dowlaiswaram (State Govt Site),16.93833333,81.7825,2022-06-28 01:00:00,2.0,5.5,11.5,267.0,12.995,0
Dowlaiswaram (State Govt Site),16.93833333,81.7825,2022-06-28 04:00:00,4.5,7.0,13.0,225.5,12.995,0
Dowlaiswaram (State Govt Site),16.93833333,81.7825,2022-06-28 05:00:00,4.0,10.5,14.5,224.5,12.994,0
Dowlaiswaram (State Govt Site),16.93833333,81.7825,2022-06-28 06:00:00,0.5,9.0,14.5,220.0,12.994,0
Dowlaiswaram (State Govt Site),16.93833333,81.7825,2022-06-29 07:00:00,1.0,5.5,12.5,218.0,12.995,0
Dowlaiswaram (State Govt Site),16.93833333,81.7825,2022-06-30 00:00:00,0.5,2.0,12.5,212.5,12.994,0
Dowlaiswaram (State Govt Site),16.93833333,81.7825,2022-06-30 01:00:00,159.0,160.5,169.5,371.0,12.995,0
Dowlaiswaram (State Govt Site),16.93833333,81.7825,2022-06-30 02:00:00,5.5,165.0,170.5,371.0,12.995,0
Dowlaiswaram (State Govt Site),16.93833333,81.7825,2022-07-01 00:00:00,15.0,179.5,181.5,242.0,12.995,0
Dowlaiswaram (State Govt Site),16.93833333,81.7825,2022-07-01 01:00:00,72.5,93.0,253.5,310.0,12.995,0
Dowlaiswaram (State Govt Site),16.93833333,81.7825,2022-07-01 03:00:00,3.0,90.5,255.5,310.0,12.995,0
Dowlaiswaram (State Govt Site),16.93833333,81.7825,2022-07-01 04:00:00,0.5,76.0,255.5,307.5,12.995,0
Dowlaiswaram (State Govt Site),16.93833333,81.7825,2022-07-03 00:00:00,12.0,15.5,108.5,311.0,12.994,0
Dowlaiswaram (State Govt Site),16.93833333,81.7825,2022-07-03 01:00:00,2.0,14.5,105.0,307.0,12.994,0
Dowlaiswaram (State Govt Site),16.93833333,81.7825,2022-07-03 02:00:00,1.0,15.0,91.0,306.0,12.995,0
Dowlaiswaram (State Govt Site),16.93833333,81.7825,2022-07-03 03:00:00,0.5,3.5,19.0,298.0,12.994,0
Dowlaiswaram (State Govt Site),16.93833333,81.7825,2022-07-03 04:00:00,2.5,4.0,18.5,300.0,12.995,0
Dowlaiswaram (State Govt Site),16.93833333,81.7825,2022-07-03 09:00:00,0.5,3.5,18.5,296.5,12.995,0
Dowlaiswaram (State Govt Site),16.93833333,81.7825,2022-07-03 19:00:00,1.5,4.5,8.0,297.5,12.995,0
Dowlaiswaram (State Govt Site),16.93833333,81.7825,2022-07-05 00:00:00,13.5,15.5,19.5,308.0,12.995,0
Dowlaiswaram (State Govt Site),16.93833333,81.7825,2022-07-05 02:00:00,1.5,16.5,20.0,307.0,12.994,0
Dowlaiswaram (State Govt Site),16.93833333,81.7825,2022-07-05 04:00:00,0.5,15.5,20.0,307.0,12.994,0
Dowlaiswaram (State Govt Site),16.93833333,81.7825,2022-07-05 19:00:00,38.5,40.5,56.0,342.5,12.995,0
Dowlaiswaram (State Govt Site),16.93833333,81.7825,2022-07-05 20:00:00,30.5,69.5,86.0,372.5,12.995,0
Dowlaiswaram (State Govt Site),16.93833333,81.7825,2022-07-05 23:00:00,0.5,69.5,85.0,371.0,12.995,0
Dowlaiswaram (State Govt Site),16.93833333,81.7825,2022-07-06 17:00:00,1.0,32.0,72.5,367.5,12.995,0
Dowlaiswaram (State Govt Site),16.93833333,81.7825,2022-07-07 11:00:00,103.0,104.5,174.0,466.5,12.994,0
Dowlaiswaram (State Govt Site),16.93833333,81.7825,2022-07-07 13:00:00,103.0,207.0,276.5,569.0,12.994,0
Dowlaiswaram (State Govt Site),16.93833333,81.7825,2022-07-07 14:00:00,3.0,209.0,241.0,571.0,14.6135,0
Dowlaiswaram (State Govt Site),16.93833333,81.7825,2022-07-07 23:00:00,8.5,114.5,219.0,579.0,12.994,0
Dowlaiswaram (State Govt Site),16.93833333,81.7825,2022-07-08 03:00:00,1.0,12.5,219.5,421.0,12.994,0
Dowlaiswaram (State Govt Site),16.93833333,81.7825,2022-07-08 04:00:00,1.5,11.0,220.0,417.0,12.994,0
Dowlaiswaram (State Govt Site),16.93833333,81.7825,2022-07-08 07:00:00,0.5,3.0,117.5,402.5,12.994,0
Dowlaiswaram (State Govt Site),16.93833333,81.7825,2022-07-08 12:00:00,7.5,9.5,22.0,337.5,12.994,0
Dowlaiswaram (State Govt Site),16.93833333,81.7825,2022-07-08 13:00:00,2.5,10.5,21.5,337.0,12.994,0
Dowlaiswaram (State Govt Site),16.93833333,81.7825,2022-07-08 19:00:00,0.5,10.5,13.5,337.0,12.994,0
Dowlaiswaram (State Govt Site),16.93833333,81.7825,2022-07-08 20:00:00,1.5,4.5,14.0,326.5,12.994,0
Dowlaiswaram (State Govt Site),16.93833333,81.7825,2022-07-08 21:00:00,7.5,9.5,20.0,332.0,12.994,0
Dowlaiswaram (State Govt Site),16.93833333,81.7825,2022-07-08 22:00:00,52.0,61.0,71.5,383.0,12.994,0
Dowlaiswaram (State Govt Site),16.93833333,81.7825,2022-07-08 23:00:00,2.0,61.5,66.0,384.5,12.996,0
Dowlaiswaram (State Govt Site),16.93833333,81.7825,2022-07-09 07:00:00,1.5,55.5,65.0,383.5,12.994,0
Dowlaiswaram (State Govt Site),16.93833333,81.7825,2022-07-09 08:00:00,1.5,5.0,66.0,384.5,12.994,0
Dowlaiswaram (State Govt Site),16.93833333,81.7825,2022-07-09 09:00:00,13.0,16.0,77.5,396.0,12.994,1
Dowlaiswaram (State Govt Site),16.93833333,81.7825,2022-07-09 10:00:00,6.5,21.0,76.5,389.0,12.994,1
Dowlaiswaram (State Govt Site),16.93833333,81.7825,2022-07-09 12:00:00,1.0,20.5,25.5,388.5,19.022,1
Dowlaiswaram (State Govt Site),16.93833333,81.7825,2022-07-09 20:00:00,68.5,76.0,92.0,456.5,12.994,1
Dowlaiswaram (State Govt Site),16.93833333,81.7825,2022-07-09 21:00:00,41.0,110.5,131.5,459.0,12.994,1
Dowlaiswaram (State Govt Site),16.93833333,81.7825,2022-07-09 22:00:00,20.5,130.0,150.5,449.0,12.994,1
Dowlaiswaram (State Govt Site),16.93833333,81.7825,2022-07-10 15:00:00,1.5,63.0,139.0,450.0,12.994,0
Dowlaiswaram (State Govt Site),16.93833333,81.7825,2022-07-10 16:00:00,5.5,27.5,138.0,454.5,12.994,1
Dowlaiswaram (State Govt Site),16.93833333,81.7825,2022-07-11 00:00:00,1.5,8.5,138.5,353.0,12.994,1
Dowlaiswaram (State Govt Site),16.93833333,81.7825,2022-07-11 01:00:00,1.5,8.5,71.5,251.5,19.205,1
Dowlaiswaram (State Govt Site),16.93833333,81.7825,2022-07-11 03:00:00,3.0,6.0,33.5,251.5,12.994,1
Dowlaiswaram (State Govt Site),16.93833333,81.7825,2022-07-11 05:00:00,1.0,5.5,14.0,244.0,12.994,1
Dowlaiswaram (State Govt Site),16.93833333,81.7825,2022-07-11 10:00:00,3.5,7.5,16.0,246.5,12.994,1
Dowlaiswaram (State Govt Site),16.93833333,81.7825,2022-07-11 12:00:00,219.0,223.5,229.5,464.0,12.994,0
Dowlaiswaram (State Govt Site),16.93833333,81.7825,2022-07-11 13:00:00,3.0,225.5,231.0,466.5,12.994,0
Dowlaiswaram (State Govt Site),16.93833333,81.7825,2022-07-11 14:00:00,7.0,229.0,236.5,466.0,12.994,0
Dowlaiswaram (State Govt Site),16.93833333,81.7825,2022-07-11 15:00:00,2.0,12.0,235.5,465.5,12.994,0
Dowlaiswaram (State Govt Site),16.93833333,81.7825,2022-07-11 21:00:00,7.5,16.5,242.0,472.5,12.994,0
Dowlaiswaram (State Govt Site),16.93833333,81.7825,2022-07-11 23:00:00,0.5,10.0,239.0,471.5,12.994,0
Dowlaiswaram (State Govt Site),16.93833333,81.7825,2022-07-12 01:00:00,1.0,9.0,21.0,465.0,12.994,0
Dowlaiswaram (State Govt Site),16.93833333,81.7825,2022-07-12 03:00:00,1.5,3.0,19.5,414.5,12.994,0
Dowlaiswaram (State Govt Site),16.93833333,81.7825,2022-07-12 04:00:00,0.5,3.0,13.0,413.0,12.994,0
Dowlaiswaram (State Govt Site),16.93833333,81.7825,2022-07-12 10:00:00,1.5,3.5,12.5,413.0,12.994,0
Dowlaiswaram (State Govt Site),16.93833333,81.7825,2022-07-12 11:00:00,4.0,6.0,9.0,415.5,12.994,0
Dowlaiswaram (State Govt Site),16.93833333,81.7825,2022-07-12 12:00:00,0.5,6.0,9.0,403.0,12.994,0
Dowlaiswaram (State Govt Site),16.93833333,81.7825,2022-07-12 13:00:00,1.0,5.5,9.0,397.5,12.994,0
Dowlaiswaram (State Govt Site),16.93833333,81.7825,2022-07-13 06:00:00,0.5,2.0,8.0,397.0,12.994,1
Dowlaiswaram (State Govt Site),16.93833333,81.7825,2022-07-16 07:00:00,3.0,4.5,10.5,331.5,12.994,1
Dowlaiswaram (State Govt Site),16.93833333,81.7825,2022-07-16 08:00:00,6.5,10.0,15.5,297.0,276.994,1
Dowlaiswaram (State Govt Site),16.93833333,81.7825,2022-07-16 10:00:00,1.5,11.0,13.0,278.0,12.994,1
Dowlaiswaram (State Govt Site),16.93833333,81.7825,2022-07-16 19:00:00,4.5,12.5,17.0,281.0,12.994,1
Dowlaiswaram (State Govt Site),16.93833333,81.7825,2022-07-16 23:00:00,0.5,6.5,16.5,276.0,13.004,1
Dowlaiswaram (State Govt Site),16.93833333,81.7825,2022-07-17 01:00:00,0.5,5.5,16.5,275.0,15.102,0
Dowlaiswaram (State Govt Site),16.93833333,81.7825,2022-07-17 03:00:00,0.5,1.5,14.0,274.0,12.998,0
Dowlaiswaram (State Govt Site),16.93833333,81.7825,2022-07-17 04:00:00,1.5,2.5,9.0,272.5,12.998,0
Dowlaiswaram (State Govt Site),16.93833333,81.7825,2022-07-17 17:00:00,1.0,3.0,8.5,272.5,12.998,0
Dowlaiswaram (State Govt Site),16.93833333,81.7825,2022-07-17 18:00:00,3.0,5.5,7.0,272.0,12.998,0
Dowlaiswaram (State Govt Site),16.93833333,81.7825,2022-07-17 19:00:00,21.0,25.0,27.5,74.0,12.997,0
Dowlaiswaram (State Govt Site),16.93833333,81.7825,2022-07-17 20:00:00,3.5,27.5,30.5,74.5,12.998,0
Dowlaiswaram (State Govt Site),16.93833333,81.7825,2022-07-17 21:00:00,1.0,25.5,31.0,68.5,12.998,0
Dowlaiswaram (State Govt Site),16.93833333,81.7825,2022-07-17 22:00:00,10.5,15.0,40.0,77.0,12.999,0
Dowlaiswaram (State Govt Site),16.93833333,81.7825,2022-07-17 23:00:00,77.0,88.5,116.0,146.5,12.999,0
Dowlaiswaram (State Govt Site),16.93833333,81.7825,2022-07-18 00:00:00,19.0,106.5,132.0,165.0,13.001,0
Dowlaiswaram (State Govt Site),16.93833333,81.7825,2022-07-18 01:00:00,6.5,102.5,117.5,170.5,13.256,0
Dowlaiswaram (State Govt Site),16.93833333,81.7825,2022-07-18 02:00:00,4.5,30.0,118.5,173.5,12.999,0
Dowlaiswaram (State Govt Site),16.93833333,81.7825,2022-07-18 04:00:00,0.5,11.5,118.0,173.5,12.998,0
Dowlaiswaram (State Govt Site),16.93833333,81.7825,2022-07-20 02:00:00,32.0,37.0,139.5,204.0,12.996,0
Dowlaiswaram (State Govt Site),16.93833333,81.7825,2022-07-22 05:00:00,5.0,37.5,67.5,205.0,12.993,0
Dowlaiswaram (State Govt Site),16.93833333,81.7825,2022-07-22 08:00:00,23.5,60.5,72.0,228.0,12.995,0
Dowlaiswaram (State Govt Site),16.93833333,81.7825,2022-07-22 09:00:00,36.0,64.5,101.5,263.0,12.995,0
Dowlaiswaram (State Govt Site),16.93833333,81.7825,2022-07-22 10:00:00,61.5,121.0,158.5,324.0,12.995,0
Dowlaiswaram (State Govt Site),16.93833333,81.7825,2022-07-22 11:00:00,9.5,107.0,167.5,330.5,12.995,0
Dowlaiswaram (State Govt Site),16.93833333,81.7825,2022-07-22 12:00:00,0.5,71.5,136.0,324.5,12.995,0
Dowlaiswaram (State Govt Site),16.93833333,81.7825,2022-07-24 11:00:00,10.5,20.5,141.5,333.5,12.995,0
Dowlaiswaram (State Govt Site),16.93833333,81.7825,2022-07-26 05:00:00,9.0,20.0,127.0,338.0,12.995,0
Dowlaiswaram (State Govt Site),16.93833333,81.7825,2022-07-26 06:00:00,0.5,20.0,91.5,338.0,12.994,0
Dowlaiswaram (State Govt Site),16.93833333,81.7825,2022-07-26 08:00:00,3.0,12.5,33.0,340.5,12.994,0
Dowlaiswaram (State Govt Site),16.93833333,81.7825,2022-07-26 09:00:00,0.5,4.0,24.0,340.5,12.995,0
Dowlaiswaram (State Govt Site),16.93833333,81.7825,2022-07-27 11:00:00,16.0,19.5,39.5,355.0,12.995,0
Dowlaiswaram (State Govt Site),16.93833333,81.7825,2022-07-27 18:00:00,70.5,87.0,99.5,424.5,12.995,0
Dowlaiswaram (State Govt Site),16.93833333,81.7825,2022-07-28 03:00:00,0.5,87.0,91.0,422.0,12.995,0
Dowlaiswaram (State Govt Site),16.93833333,81.7825,2022-07-29 12:00:00,2.5,73.5,93.0,403.5,12.995,0
Dowlaiswaram (State Govt Site),16.93833333,81.7825,2022-07-29 13:00:00,5.0,8.0,95.0,405.0,12.995,0
Dowlaiswaram (State Govt Site),16.93833333,81.7825,2022-07-31 01:00:00,11.5,19.0,106.0,415.5,12.995,0
Dowlaiswaram (State Govt Site),16.93833333,81.7825,2022-07-31 02:00:00,60.5,77.0,150.5,465.5,12.994,0
Dowlaiswaram (State Govt Site),16.93833333,81.7825,2022-08-02 14:00:00,2.5,74.5,82.5,391.0,12.995,0
Dowlaiswaram (State Govt Site),16.93833333,81.7825,2022-08-04 21:00:00,0.5,63.5,82.5,372.5,12.995,0
Dowlaiswaram (State Govt Site),16.93833333,81.7825,2022-08-05 04:00:00,1.0,4.0,81.0,367.0,12.994,0
Dowlaiswaram (State Govt Site),16.93833333,81.7825,2022-08-05 05:00:00,2.0,3.5,78.0,364.5,12.994,0
Dowlaiswaram (State Govt Site),16.93833333,81.7825,2022-08-05 07:00:00,1.0,4.0,67.5,365.0,12.994,0
Dowlaiswaram (State Govt Site),16.93833333,81.7825,2022-08-05 12:00:00,0.5,3.5,7.5,333.5,12.994,0
Dowlaiswaram (State Govt Site),16.93833333,81.7825,2022-08-05 14:00:00,5.5,7.0,10.5,334.0,12.994,0
Dowlaiswaram (State Govt Site),16.93833333,81.7825,2022-08-05 15:00:00,3.5,9.5,13.5,314.0,12.994,0
Dowlaiswaram (State Govt Site),16.93833333,81.7825,2022-08-06 07:00:00,4.0,13.0,16.5,282.0,12.994,0
Dowlaiswaram (State Govt Site),16.93833333,81.7825,2022-08-06 08:00:00,1.5,9.0,16.0,222.0,12.994,0
Dowlaiswaram (State Govt Site),16.93833333,81.7825,2022-08-06 20:00:00,63.5,69.0,78.5,276.0,12.994,0
Dowlaiswaram (State Govt Site),16.93833333,81.7825,2022-08-06 21:00:00,58.5,123.5,136.5,334.0,12.994,0
Dowlaiswaram (State Govt Site),16.93833333,81.7825,2022-08-06 22:00:00,14.5,136.5,145.5,338.0,12.994,0
Dowlaiswaram (State Govt Site),16.93833333,81.7825,2022-08-06 23:00:00,5.0,78.0,147.0,334.0,12.994,0
Dowlaiswaram (State Govt Site),16.93833333,81.7825,2022-08-07 00:00:00,1.0,20.5,144.0,334.5,12.994,0
Dowlaiswaram (State Govt Site),16.93833333,81.7825,2022-08-07 03:00:00,0.5,6.5,143.0,332.0,12.994,0
Dowlaiswaram (State Govt Site),16.93833333,81.7825,2022-08-07 05:00:00,1.0,2.5,80.5,332.5,12.994,0
Dowlaiswaram (State Govt Site),16.93833333,81.7825,2022-08-07 07:00:00,0.5,2.0,22.5,317.0,12.994,0
Dowlaiswaram (State Govt Site),16.93833333,81.7825,2022-08-07 09:00:00,1.5,3.0,9.5,248.0,12.995,0
Dowlaiswaram (State Govt Site),16.93833333,81.7825,2022-08-07 11:00:00,1.0,3.0,5.5,248.5,12.994,0
Dowlaiswaram (State Govt Site),16.93833333,81.7825,2022-08-07 12:00:00,12.5,15.0,17.0,258.5,12.994,0
Dowlaiswaram (State Govt Site),16.93833333,81.7825,2022-08-07 13:00:00,15.0,28.5,31.5,268.5,12.994,0
Dowlaiswaram (State Govt Site),16.93833333,81.7825,2022-08-07 14:00:00,1.0,28.5,31.5,258.0,12.994,0
Dowlaiswaram (State Govt Site),16.93833333,81.7825,2022-08-07 16:00:00,0.5,16.5,31.5,198.0,12.994,0
Dowlaiswaram (State Govt Site),16.93833333,81.7825,2022-08-07 20:00:00,11.0,12.5,41.0,206.5,12.994,0
Dowlaiswaram (State Govt Site),16.93833333,81.7825,2022-08-07 21:00:00,8.5,20.0,48.5,214.5,12.994,0
Dowlaiswaram (State Govt Site),16.93833333,81.7825,2022-08-08 06:00:00,1.5,21.0,37.5,215.0,12.994,0
Dowlaiswaram (State Govt Site),16.93833333,81.7825,2022-08-08 09:00:00,1.5,11.5,24.0,214.5,12.994,0
Dowlaiswaram (State Govt Site),16.93833333,81.7825,2022-08-08 10:00:00,40.0,43.0,63.0,253.5,12.994,0
Dowlaiswaram (State Govt Site),16.93833333,81.7825,2022-08-09 05:00:00,1.5,43.0,64.0,254.5,12.994,0
Dowlaiswaram (State Govt Site),16.93833333,81.7825,2022-08-09 08:00:00,1.5,43.0,54.5,250.5,12.994,0
Dowlaiswaram (State Govt Site),16.93833333,81.7825,2022-08-09 09:00:00,13.5,16.5,59.5,260.5,12.994,0
Dowlaiswaram (State Govt Site),16.93833333,81.7825,2022-08-09 10:00:00,1.0,16.0,59.0,257.5,12.994,0
Dowlaiswaram (State Govt Site),16.93833333,81.7825,2022-08-09 11:00:00,0.5,15.0,58.0,256.5,12.994,0
Dowlaiswaram (State Govt Site),16.93833333,81.7825,2022-08-11 19:00:00,1.0,2.5,19.0,194.0,12.994,0
Dowlaiswaram (State Govt Site),16.93833333,81.7825,2022-08-11 21:00:00,0.5,2.0,18.0,136.0,12.994,0
Dowlaiswaram (State Govt Site),16.93833333,81.7825,2022-08-13 17:00:00,1.0,2.5,17.5,122.5,12.994,0
Dowlaiswaram (State Govt Site),16.93833333,81.7825,2022-08-13 18:00:00,0.5,2.0,4.5,118.0,12.994,0
Dowlaiswaram (State Govt Site),16.93833333,81.7825,2022-08-13 21:00:00,20.5,22.0,24.0,137.5,12.994,0
Dowlaiswaram (State Govt Site),16.93833333,81.7825,2022-08-13 22:00:00,3.0,24.0,26.5,140.0,12.994,0
Dowlaiswaram (State Govt Site),16.93833333,81.7825,2022-08-13 23:00:00,0.5,24.0,26.0,139.5,12.994,0
Dowlaiswaram (State Govt Site),16.93833333,81.7825,2022-08-14 00:00:00,10.5,14.0,36.0,149.5,12.994,0
Dowlaiswaram (State Govt Site),16.93833333,81.7825,2022-08-14 01:00:00,4.5,15.5,39.5,152.5,12.994,0
Dowlaiswaram (State Govt Site),16.93833333,81.7825,2022-08-14 02:00:00,1.0,16.0,40.0,152.5,12.994,0
Dowlaiswaram (State Govt Site),16.93833333,81.7825,2022-08-14 03:00:00,0.5,6.0,20.0,140.5,12.994,0
Dowlaiswaram (State Govt Site),16.93833333,81.7825,2022-08-14 09:00:00,1.0,2.5,18.0,126.5,12.994,0
Dowlaiswaram (State Govt Site),16.93833333,81.7825,2022-08-14 10:00:00,0.5,2.0,18.0,126.0,12.994,0
Dowlaiswaram (State Govt Site),16.93833333,81.7825,2022-08-15 14:00:00,1.0,2.5,8.5,126.5,12.994,0
Dowlaiswaram (State Govt Site),16.93833333,81.7825,2022-08-15 16:00:00,0.5,2.0,4.5,116.0,12.994,0
Dowlaiswaram (State Govt Site),16.93833333,81.7825,2022-08-15 20:00:00,1.5,3.0,5.0,109.0,12.994,0
Dowlaiswaram (State Govt Site),16.93833333,81.7825,2022-08-15 23:00:00,0.5,2.5,5.0,108.0,12.994,0
Dowlaiswaram (State Govt Site),16.93833333,81.7825,2022-09-01 20:00:00,1.0,3.0,5.0,107.5,12.994,0
Dowlaiswaram (State Govt Site),16.93833333,81.7825,2022-09-07 11:00:00,0.5,2.0,5.0,68.0,12.994,0
Dowlaiswaram (State Govt Site),16.93833333,81.7825,2022-09-07 12:00:00,112.0,113.5,116.0,178.5,12.994,0
Dowlaiswaram (State Govt Site),16.93833333,81.7825,2022-09-07 13:00:00,55.5,168.0,171.0,232.5,12.994,0
Dowlaiswaram (State Govt Site),16.93833333,81.7825,2022-09-07 14:00:00,12.0,179.5,181.5,231.0,12.994,0
Dowlaiswaram (State Govt Site),16.93833333,81.7825,2022-09-07 15:00:00,9.0,76.5,190.0,239.0,12.994,0
Dowlaiswaram (State Govt Site),16.93833333,81.7825,2022-09-07 16:00:00,2.0,23.0,191.0,240.5,12.994,0
Dowlaiswaram (State Govt Site),16.93833333,81.7825,2022-09-07 18:00:00,1.0,12.0,191.5,240.5,12.994,0
Dowlaiswaram (State Govt Site),16.93833333,81.7825,2022-09-08 05:00:00,0.5,3.5,80.0,240.5,12.994,0
Dowlaiswaram (State Govt Site),16.93833333,81.7825,2022-09-08 06:00:00,32.5,34.0,57.0,272.0,12.994,0
Dowlaiswaram (State Govt Site),16.93833333,81.7825,2022-09-08 07:00:00,28.5,61.5,73.5,300.0,12.994,0
Dowlaiswaram (State Govt Site),16.93833333,81.7825,2022-09-08 08:00:00,33.0,94.0,97.5,312.5,12.994,0
Dowlaiswaram (State Govt Site),16.93833333,81.7825,2022-09-08 09:00:00,0.5,62.0,96.0,310.0,12.994,0
Dowlaiswaram (State Govt Site),16.93833333,81.7825,2022-09-08 10:00:00,1.0,34.5,96.0,310.5,12.994,0
Dowlaiswaram (State Govt Site),16.93833333,81.7825,2022-09-08 16:00:00,0.5,2.0,96.0,300.5,12.994,0
Dowlaiswaram (State Govt Site),16.93833333,81.7825,2022-09-09 00:00:00,1.0,2.5,64.5,297.0,12.994,0
Dowlaiswaram (State Govt Site),16.93833333,81.7825,2022-09-09 01:00:00,4.5,6.0,40.5,300.5,12.994,0
Dowlaiswaram (State Govt Site),16.93833333,81.7825,2022-09-09 02:00:00,5.0,10.5,12.5,305.0,12.994,0
Dowlaiswaram (State Govt Site),16.93833333,81.7825,2022-09-09 03:00:00,7.0,16.5,19.0,311.0,12.994,0
Dowlaiswaram (State Govt Site),16.93833333,81.7825,2022-09-09 04:00:00,0.5,12.5,18.5,311.0,12.994,0
Dowlaiswaram (State Govt Site),16.93833333,81.7825,2022-09-09 05:00:00,3.0,10.5,21.0,313.0,12.994,0
Dowlaiswaram (State Govt Site),16.93833333,81.7825,2022-09-09 06:00:00,8.5,12.0,28.5,321.0,12.994,0
Dowlaiswaram (State Govt Site),16.93833333,81.7825,2022-09-09 07:00:00,9.5,21.0,33.5,329.0,12.994,0
Dowlaiswaram (State Govt Site),16.93833333,81.7825,2022-09-09 08:00:00,2.5,20.5,31.0,331.0,12.994,0
Dowlaiswaram (State Govt Site),16.93833333,81.7825,2022-09-09 09:00:00,0.5,12.5,24.5,330.5,12.994,0
Dowlaiswaram (State Govt Site),16.93833333,81.7825,2022-09-09 10:00:00,1.0,4.0,25.0,331.0,12.994,0
Dowlaiswaram (State Govt Site),16.93833333,81.7825,2022-09-09 11:00:00,1.5,3.0,23.5,220.5,12.994,0
Dowlaiswaram (State Govt Site),16.93833333,81.7825,2022-09-10 13:00:00,1.5,4.0,16.5,166.5,12.994,0
Dowlaiswaram (State Govt Site),16.93833333,81.7825,2022-09-10 15:00:00,6.5,9.5,13.5,161.0,12.994,0
Dowlaiswaram (State Govt Site),16.93833333,81.7825,2022-09-10 16:00:00,6.0,14.0,17.0,158.0,12.994,0
Dowlaiswaram (State Govt Site),16.93833333,81.7825,2022-09-10 17:00:00,2.5,15.0,19.0,158.5,12.994,0
Dowlaiswaram (State Govt Site),16.93833333,81.7825,2022-09-10 21:00:00,13.5,22.0,31.5,171.0,12.994,0
Dowlaiswaram (State Govt Site),16.93833333,81.7825,2022-09-11 19:00:00,3.5,19.5,33.5,174.0,12.994,0
Dowlaiswaram (State Govt Site),16.93833333,81.7825,2022-09-17 06:00:00,16.0,33.0,48.0,157.5,12.994,0
Dowlaiswaram (State Govt Site),16.93833333,81.7825,2022-09-18 20:00:00,5.5,25.0,47.0,134.5,12.994,0
Dowlaiswaram (State Govt Site),16.93833333,81.7825,2022-09-18 21:00:00,5.0,26.5,46.0,106.5,12.994,0
Dowlaiswaram (State Govt Site),16.93833333,81.7825,2022-09-19 01:00:00,1.5,12.0,45.0,107.5,12.994,0
Dowlaiswaram (State Govt Site),16.93833333,81.7825,2022-09-19 06:00:00,0.5,7.0,32.0,107.0,12.994,0
Dowlaiswaram (State Govt Site),16.93833333,81.7825,2022-09-19 07:00:00,14.5,16.5,43.0,121.0,12.994,0
Dowlaiswaram (State Govt Site),16.93833333,81.7825,2022-09-19 08:00:00,0.5,15.5,27.5,120.5,12.994,0
Dowlaiswaram (State Govt Site),16.93833333,81.7825,2022-09-19 14:00:00,3.0,18.0,25.0,119.0,12.994,0
Dowlaiswaram (State Govt Site),16.93833333,81.7825,2022-09-19 15:00:00,4.0,7.5,24.0,118.0,12.994,0
Dowlaiswaram (State Govt Site),16.93833333,81.7825,2022-09-19 22:00:00,0.5,7.5,23.0,111.5,12.994,0
Dowlaiswaram (State Govt Site),16.93833333,81.7825,2022-09-21 17:00:00,5.5,10.0,28.0,116.5,12.994,0
Dowlaiswaram (State Govt Site),16.93833333,81.7825,2022-09-22 10:00:00,0.5,6.5,14.0,114.0,12.994,0
Dowlaiswaram (State Govt Site),16.93833333,81.7825,2022-09-23 09:00:00,1.0,7.0,14.5,106.5,12.994,0
Dowlaiswaram (State Govt Site),16.93833333,81.7825,2022-09-23 10:00:00,12.0,13.5,23.5,109.0,12.994,0
Dowlaiswaram (State Govt Site),16.93833333,81.7825,2022-09-23 12:00:00,0.5,13.5,20.0,107.0,12.994,0
Dowlaiswaram (State Govt Site),16.93833333,81.7825,2022-09-26 09:00:00,4.0,16.5,23.5,110.5,12.994,0
Dowlaiswaram (State Govt Site),16.93833333,81.7825,2022-09-29 10:00:00,4.5,9.0,22.5,114.0,12.994,0
Dowlaiswaram (State Govt Site),16.93833333,81.7825,2022-09-29 11:00:00,6.5,15.0,28.5,119.0,12.994,0
Dowlaiswaram (State Govt Site),16.93833333,81.7825,2022-09-29 12:00:00,3.0,14.0,30.5,120.5,12.994,0
Dowlaiswaram (State Govt Site),16.93833333,81.7825,2022-09-30 18:00:00,1.0,10.5,19.5,115.0,12.994,0
Dowlaiswaram (State Govt Site),16.93833333,81.7825,2022-10-01 01:00:00,0.5,4.5,19.5,109.5,12.994,0
Dowlaiswaram (State Govt Site),16.93833333,81.7825,2022-10-01 02:00:00,1.0,2.5,16.5,108.0,12.994,0
Dowlaiswaram (State Govt Site),16.93833333,81.7825,2022-10-01 09:00:00,6.0,7.5,18.0,100.5,12.994,0
Dowlaiswaram (State Govt Site),16.93833333,81.7825,2022-10-01 10:00:00,4.5,11.5,16.0,101.5,12.994,0
Dowlaiswaram (State Govt Site),16.93833333,81.7825,2022-10-01 23:00:00,0.5,11.0,13.5,86.0,12.994,0
Dowlaiswaram (State Govt Site),16.93833333,81.7825,2022-10-03 13:00:00,1.0,6.0,13.5,81.5,12.994,0
Dowlaiswaram (State Govt Site),16.93833333,81.7825,2022-10-05 12:00:00,7.5,9.0,20.5,84.0,12.994,0
Dowlaiswaram (State Govt Site),16.93833333,81.7825,2022-10-05 13:00:00,13.5,22.0,33.0,96.0,12.994,0
Dowlaiswaram (State Govt Site),16.93833333,81.7825,2022-10-05 14:00:00,16.5,37.5,43.5,112.0,12.994,0
Dowlaiswaram (State Govt Site),16.93833333,81.7825,2022-10-05 15:00:00,41.0,71.0,80.0,138.5,12.994,0
Dowlaiswaram (State Govt Site),16.93833333,81.7825,2022-10-05 16:00:00,1.0,58.5,80.5,139.0,12.994,0
Dowlaiswaram (State Govt Site),16.93833333,81.7825,2022-10-05 20:00:00,0.5,42.5,80.0,136.5,12.994,0
Dowlaiswaram (State Govt Site),16.93833333,81.7825,2022-10-06 05:00:00,3.0,4.5,75.5,135.5,12.994,0
Dowlaiswaram (State Govt Site),16.93833333,81.7825,2022-10-06 06:00:00,1.5,5.0,63.5,136.5,12.994,0
Dowlaiswaram (State Govt Site),16.93833333,81.7825,2022-10-06 07:00:00,1.5,6.0,48.5,132.5,12.994,0
Dowlaiswaram (State Govt Site),16.93833333,81.7825,2022-10-06 09:00:00,28.0,31.0,35.5,160.0,12.994,0
Dowlaiswaram (State Govt Site),16.93833333,81.7825,2022-10-06 10:00:00,3.0,32.5,37.5,162.0,12.994,0
Dowlaiswaram (State Govt Site),16.93833333,81.7825,2022-10-06 15:00:00,8.0,39.0,45.0,158.0,12.994,0
Dowlaiswaram (State Govt Site),16.93833333,81.7825,2022-10-06 21:00:00,1.5,12.5,43.5,159.0,12.994,0
Dowlaiswaram (State Govt Site),16.93833333,81.7825,2022-10-06 22:00:00,1.0,10.5,43.0,156.0,12.994,0
Dowlaiswaram (State Govt Site),16.93833333,81.7825,2022-10-07 05:00:00,0.5,3.0,42.0,152.0,12.994,0
Dowlaiswaram (State Govt Site),16.93833333,81.7825,2022-10-07 21:00:00,1.0,2.5,15.0,146.5,12.994,0
Dowlaiswaram (State Govt Site),16.93833333,81.7825,2022-10-08 02:00:00,0.5,2.0,12.5,144.0,12.994,0
Dowlaiswaram (State Govt Site),16.93833333,81.7825,2022-10-09 03:00:00,1.0,2.5,5.5,144.0,12.994,0
Dowlaiswaram (State Govt Site),16.93833333,81.7825,2022-10-09 04:00:00,4.5,6.0,8.5,148.0,12.994,0
Dowlaiswaram (State Govt Site),16.93833333,81.7825,2022-10-09 05:00:00,11.0,16.5,18.5,158.0,12.994,0
Dowlaiswaram (State Govt Site),16.93833333,81.7825,2022-10-09 06:00:00,7.5,23.0,25.5,159.5,12.994,0
Dowlaiswaram (State Govt Site),16.93833333,81.7825,2022-10-09 15:00:00,2.5,21.0,27.0,157.5,12.994,0
Dowlaiswaram (State Govt Site),16.93833333,81.7825,2022-10-09 16:00:00,13.5,23.5,40.0,170.5,12.994,0
Dowlaiswaram (State Govt Site),16.93833333,81.7825,2022-10-09 19:00:00,47.0,63.0,86.0,216.5,12.994,0
Dowlaiswaram (State Govt Site),16.93833333,81.7825,2022-10-09 20:00:00,1.5,62.0,83.0,210.5,12.994,0
Dowlaiswaram (State Govt Site),16.93833333,81.7825,2022-10-09 22:00:00,10.0,58.5,82.0,207.0,12.994,0
Dowlaiswaram (State Govt Site),16.93833333,81.7825,2022-10-10 00:00:00,0.5,12.0,75.0,191.0,12.994,0
Dowlaiswaram (State Govt Site),16.93833333,81.7825,2022-10-10 02:00:00,11.5,22.0,84.0,161.5,12.994,0
Dowlaiswaram (State Govt Site),16.93833333,81.7825,2022-10-10 03:00:00,27.5,39.5,98.0,188.0,12.994,0
Dowlaiswaram (State Govt Site),16.93833333,81.7825,2022-10-10 04:00:00,1.5,40.5,52.5,189.0,12.994,0
Dowlaiswaram (State Govt Site),16.93833333,81.7825,2022-10-10 05:00:00,1.0,30.0,52.0,187.0,12.994,0
Dowlaiswaram (State Govt Site),16.93833333,81.7825,2022-10-10 10:00:00,2.0,4.5,44.0,187.5,12.994,0
Dowlaiswaram (State Govt Site),16.93833333,81.7825,2022-10-11 09:00:00,95.5,98.5,139.0,281.5,12.994,0
Dowlaiswaram (State Govt Site),16.93833333,81.7825,2022-10-11 10:00:00,0.5,98.0,128.0,254.0,12.994,0
Dowlaiswaram (State Govt Site),16.93833333,81.7825,2022-10-11 11:00:00,1.0,97.0,101.5,252.0,12.994,0
Dowlaiswaram (State Govt Site),16.93833333,81.7825,2022-10-12 07:00:00,0.5,2.0,100.5,244.5,12.994,0
Dowlaiswaram (State Govt Site),16.93833333,81.7825,2022-10-12 08:00:00,4.0,5.5,103.5,247.0,12.994,0
Dowlaiswaram (State Govt Site),16.93833333,81.7825,2022-10-14 09:00:00,2.0,6.5,103.5,248.0,12.994,0
Dowlaiswaram (State Govt Site),16.93833333,81.7825,2022-10-14 10:00:00,10.5,16.5,18.5,258.0,12.994,0
Dowlaiswaram (State Govt Site),16.93833333,81.7825,2022-10-14 12:00:00,1.0,13.5,19.0,258.0,12.994,0
Dowlaiswaram (State Govt Site),16.93833333,81.7825,2022-10-14 21:00:00,0.5,12.0,18.5,258.0,12.994,0
Dowlaiswaram (State Govt Site),16.93833333,81.7825,2022-10-14 22:00:00,4.0,5.5,22.0,261.0,12.994,0
Dowlaiswaram (State Govt Site),16.93833333,81.7825,2022-10-14 23:00:00,48.5,53.0,66.5,305.0,12.994,0
Dowlaiswaram (State Govt Site),16.93833333,81.7825,2022-10-15 00:00:00,41.5,94.0,106.0,335.5,12.994,0
Dowlaiswaram (State Govt Site),16.93833333,81.7825,2022-10-15 01:00:00,15.0,105.0,110.5,343.0,12.994,0
Dowlaiswaram (State Govt Site),16.93833333,81.7825,2022-10-15 02:00:00,11.5,68.0,121.0,352.0,12.994,0
Dowlaiswaram (State Govt Site),16.93833333,81.7825,2022-10-15 03:00:00,0.5,27.0,121.0,339.0,12.994,0
Dowlaiswaram (State Govt Site),16.93833333,81.7825,2022-10-15 12:00:00,7.5,19.5,124.5,299.5,12.994,0
Dowlaiswaram (State Govt Site),16.93833333,81.7825,2022-10-15 13:00:00,1.0,9.0,77.0,299.0,12.994,0
Dowlaiswaram (State Govt Site),16.93833333,81.7825,2022-10-16 01:00:00,0.5,9.0,36.0,289.5,12.994,0
Dowlaiswaram (State Govt Site),16.93833333,81.7825,2022-10-16 03:00:00,1.5,3.0,22.5,290.5,12.994,0
Dowlaiswaram (State Govt Site),16.93833333,81.7825,2022-10-18 13:00:00,0.5,2.5,11.5,279.5,12.994,0
Dowlaiswaram (State Govt Site),16.93833333,81.7825,2022-10-18 14:00:00,0.5,2.5,11.5,252.5,12.994,0
Dowlaiswaram (State Govt Site),16.93833333,81.7825,2022-10-18 15:00:00,3.0,4.0,7.0,254.0,12.994,0
Dowlaiswaram (State Govt Site),16.93833333,81.7825,2022-10-18 16:00:00,3.0,6.5,9.0,256.0,12.994,0
Dowlaiswaram (State Govt Site),16.93833333,81.7825,2022-10-18 20:00:00,1.0,7.0,9.5,255.0,12.994,1
Dowlaiswaram (State Govt Site),16.93833333,81.7825,2022-11-21 03:00:00,1.0,5.0,9.0,160.5,12.994,1
Dowlaiswaram (State Govt Site),16.93833333,81.7825,2022-11-21 04:00:00,0.5,2.5,9.0,160.5,16.301,1
Dowlaiswaram (State Govt Site),16.93833333,81.7825,2022-11-21 05:00:00,0.5,2.0,9.0,160.0,16.325,1
Dowlaiswaram (State Govt Site),16.93833333,81.7825,2022-11-23 01:00:00,3.0,4.0,9.0,162.5,16.325,1
Dowlaiswaram (State Govt Site),16.93833333,81.7825,2022-11-24 19:00:00,3.0,6.5,9.0,161.5,16.338,1
Dowlaiswaram (State Govt Site),16.93833333,81.7825,2022-11-24 20:00:00,3.0,9.0,11.0,162.5,16.387,1
Dowlaiswaram (State Govt Site),16.93833333,81.7825,2022-11-24 22:00:00,3.0,9.0,13.0,155.0,16.391,1
Dowlaiswaram (State Govt Site),16.93833333,81.7825,2022-11-24 23:00:00,1.0,7.0,13.5,155.0,16.402,1
Dowlaiswaram (State Govt Site),16.93833333,81.7825,2022-11-25 00:00:00,1.0,5.0,14.0,155.5,16.401,1
Dowlaiswaram (State Govt Site),16.93833333,81.7825,2022-12-09 13:00:00,8.0,10.0,19.0,159.5,16.401,1
Dowlaiswaram (State Govt Site),16.93833333,81.7825,2022-12-09 14:00:00,3.0,12.0,19.0,114.0,16.35,1
Dowlaiswaram (State Govt Site),16.93833333,81.7825,2022-12-09 15:00:00,23.5,34.5,39.5,96.0,16.334,1
Dowlaiswaram (State Govt Site),16.93833333,81.7825,2022-12-09 16:00:00,23.5,50.0,60.0,104.5,16.342,1
Dowlaiswaram (State Govt Site),16.93833333,81.7825,2022-12-10 05:00:00,2.5,49.5,61.5,95.5,16.342,1
Dowlaiswaram (State Govt Site),16.93833333,81.7825,2022-12-10 15:00:00,3.0,29.0,63.5,98.0,16.275,1
Dowlaiswaram (State Govt Site),16.93833333,81.7825,2022-12-10 16:00:00,2.0,7.5,57.5,92.5,16.303,1
Dowlaiswaram (State Govt Site),16.93833333,81.7825,2022-12-10 17:00:00,1.5,6.5,56.0,93.0,16.308,1
Dowlaiswaram (State Govt Site),16.93833333,81.7825,2022-12-10 18:00:00,1.0,4.5,33.5,93.5,16.305,1
Dowlaiswaram (State Govt Site),16.93833333,81.7825,2022-12-10 19:00:00,9.0,11.5,19.0,101.0,16.299,1
Dowlaiswaram (State Govt Site),16.93833333,81.7825,2022-12-10 20:00:00,48.0,58.0,64.5,148.5,16.304,1
Dowlaiswaram (State Govt Site),16.93833333,81.7825,2022-12-10 21:00:00,33.0,90.0,94.5,181.0,16.285,1
Dowlaiswaram (State Govt Site),16.93833333,81.7825,2023-02-07 11:00:00,2.0,83.0,94.5,180.0,16.298,1
Dowlaiswaram (State Govt Site),16.93833333,81.7825,2023-03-17 03:00:00,4.5,39.5,97.5,181.5,15.844,1
Dowlaiswaram (State Govt Site),16.93833333,81.7825,2023-03-17 04:00:00,1.5,8.0,98.0,182.0,14.593,1
Dowlaiswaram (State Govt Site),16.93833333,81.7825,2023-03-18 08:00:00,38.0,44.0,127.0,219.0,14.596,1
Dowlaiswaram (State Govt Site),16.93833333,81.7825,2023-03-18 09:00:00,3.0,42.5,82.0,221.5,14.556,0
Dowlaiswaram (State Govt Site),16.93833333,81.7825,2023-03-18 11:00:00,0.5,41.5,49.5,221.5,14.544,0
Dowlaiswaram (State Govt Site),16.93833333,81.7825,2023-03-18 12:00:00,0.5,4.0,48.0,219.0,14.552,0
Dowlaiswaram (State Govt Site),16.93833333,81.7825,2023-04-02 12:00:00,28.0,29.0,71.5,244.0,14.552,0
Dowlaiswaram (State Govt Site),16.93833333,81.7825,2023-04-02 13:00:00,28.0,56.5,98.0,269.0,15.364,0
Dowlaiswaram (State Govt Site),16.93833333,81.7825,2023-04-23 02:00:00,3.0,59.0,63.0,269.0,15.364,0
Dowlaiswaram (State Govt Site),16.93833333,81.7825,2023-04-23 03:00:00,3.0,34.0,63.0,271.0,14.631,0
Dowlaiswaram (State Govt Site),16.93833333,81.7825,2023-04-30 23:00:00,4.0,10.0,66.5,274.0,14.631,0
Dowlaiswaram (State Govt Site),16.93833333,81.7825,2023-05-01 00:00:00,3.0,10.0,69.0,269.0,15.092,0
Dowlaiswaram (State Govt Site),16.93833333,81.7825,2023-05-01 01:00:00,24.5,31.5,65.5,290.5,15.099,0
Dowlaiswaram (State Govt Site),16.93833333,81.7825,2023-05-01 02:00:00,95.5,123.0,133.0,362.5,15.14,0
Dowlaiswaram (State Govt Site),16.93833333,81.7825,2023-05-01 03:00:00,36.0,156.0,166.0,375.0,15.156,0
Dowlaiswaram (State Govt Site),16.93833333,81.7825,2023-05-01 04:00:00,29.5,161.0,192.5,402.0,15.158,0
Dowlaiswaram (State Govt Site),16.93833333,81.7825,2023-05-01 05:00:00,9.0,74.5,197.5,408.0,15.18,0
Dowlaiswaram (State Govt Site),16.93833333,81.7825,2023-05-01 06:00:00,3.0,41.5,197.5,409.0,15.196,0
Dowlaiswaram (State Govt Site),16.93833333,81.7825,2023-05-01 07:00:00,3.0,15.0,176.0,410.5,15.205,0
Dowlaiswaram (State Govt Site),16.93833333,81.7825,2023-05-02 07:00:00,22.0,28.0,102.5,431.5,15.205,0
Dowlaiswaram (State Govt Site),16.93833333,81.7825,2023-05-02 08:00:00,0.5,25.5,67.0,423.0,15.441,0
Dowlaiswaram (State Govt Site),16.93833333,81.7825,2023-05-02 09:00:00,0.5,23.0,38.0,375.5,15.449,0
Dowlaiswaram (State Govt Site),16.93833333,81.7825,2023-05-02 12:00:00,7.5,8.5,36.5,350.0,15.449,0
Dowlaiswaram (State Govt Site),16.93833333,81.7825,2023-05-03 06:00:00,14.5,22.5,48.0,362.5,15.497,0
Dowlaiswaram (State Govt Site),16.93833333,81.7825,2023-05-03 07:00:00,1.5,23.5,46.5,359.5,15.617,0
Dowlaiswaram (State Govt Site),16.93833333,81.7825,2023-05-03 10:00:00,54.0,70.0,78.5,412.0,15.643,0
Dowlaiswaram (State Govt Site),16.93833333,81.7825,2023-05-03 11:00:00,24.0,79.5,102.0,398.0,15.67,0
Dowlaiswaram (State Govt Site),16.93833333,81.7825,2023-05-04 12:00:00,0.5,78.5,102.0,395.5,15.713,0
Dowlaiswaram (State Govt Site),16.93833333,81.7825,2023-05-06 13:00:00,22.0,46.5,116.5,417.0,15.863,0
Dowlaiswaram (State Govt Site),16.93833333,81.7825,2023-05-19 20:00:00,1.5,24.0,103.5,418.0,16.186,0
Dowlaiswaram (State Govt Site),16.93833333,81.7825,2023-05-19 21:00:00,1.5,25.0,103.5,391.5,16.12,0
Dowlaiswaram (State Govt Site),16.93833333,81.7825,2023-05-20 12:00:00,3.0,6.0,52.5,366.5,16.12,0
Dowlaiswaram (State Govt Site),16.93833333,81.7825,2023-05-20 13:00:00,3.0,7.5,31.5,366.5,16.234,1
Dowlaiswaram (State Govt Site),16.93833333,81.7825,2023-05-29 11:00:00,12.0,18.0,43.0,375.5,16.234,1
Dowlaiswaram (State Govt Site),16.93833333,81.7825,2023-05-29 12:00:00,28.5,43.5,49.5,400.0,16.26,1
Dowlaiswaram (State Govt Site),16.93833333,81.7825,2023-05-29 13:00:00,28.5,69.0,76.5,425.5,16.272,1
Dowlaiswaram (State Govt Site),16.93833333,81.7825,2023-05-30 07:00:00,1.5,58.5,76.5,402.5,16.272,1
Dowlaiswaram (State Govt Site),16.93833333,81.7825,2023-05-30 08:00:00,1.5,31.5,75.0,308.5,16.271,1
Dowlaiswaram (State Govt Site),16.93833333,81.7825,2023-06-03 23:00:00,1.5,4.5,73.5,274.0,16.271,1
Dowlaiswaram (State Govt Site),16.93833333,81.7825,2023-06-04 15:00:00,7.5,10.5,69.0,252.0,16.27,1
Dowlaiswaram (State Govt Site),16.93833333,81.7825,2023-06-04 17:00:00,1.5,10.5,42.0,244.5,16.251,1
Dowlaiswaram (State Govt Site),16.93833333,81.7825,2023-06-04 18:00:00,1.5,10.5,15.0,243.0,16.257,1
Dowlaiswaram (State Govt Site),16.93833333,81.7825,2023-06-04 20:00:00,5.0,8.0,18.5,245.0,16.257,1
Dowlaiswaram (State Govt Site),16.93833333,81.7825,2023-06-04 21:00:00,1.5,8.0,18.5,224.5,16.251,1
Dowlaiswaram (State Govt Site),16.93833333,81.7825,2023-06-10 02:00:00,3.0,9.5,20.0,227.0,16.243,1
Dowlaiswaram (State Govt Site),16.93833333,81.7825,2023-06-20 14:00:00,1.0,5.5,13.5,227.5,16.326,1
Dowlaiswaram (State Govt Site),16.93833333,81.7825,2023-06-24 02:00:00,1.5,5.5,13.5,221.5,15.745,1
Dowlaiswaram (State Govt Site),16.93833333,81.7825,2023-06-24 05:00:00,0.5,3.0,12.5,207.5,15.582,1
Dowlaiswaram (State Govt Site),16.93833333,81.7825,2023-06-24 07:00:00,1.0,3.0,8.5,207.0,15.594,1
Dowlaiswaram (State Govt Site),16.93833333,81.7825,2023-06-24 08:00:00,1.0,2.5,8.0,154.0,15.592,0
Dowlaiswaram (State Govt Site),16.93833333,81.7825,2023-06-24 11:00:00,0.5,2.5,5.5,130.5,15.592,0
Dowlaiswaram (State Govt Site),16.93833333,81.7825,2023-06-24 18:00:00,1.0,2.5,5.5,131.0,15.591,0
Dowlaiswaram (State Govt Site),16.93833333,81.7825,2023-06-24 22:00:00,9.0,10.5,13.0,118.0,15.583,0
Dowlaiswaram (State Govt Site),16.93833333,81.7825,2023-06-24 23:00:00,9.0,19.0,21.5,125.5,15.578,0
Dowlaiswaram (State Govt Site),16.93833333,81.7825,2023-06-25 00:00:00,9.0,27.0,29.5,133.0,15.587,0
Dowlaiswaram (State Govt Site),16.93833333,81.7825,2023-06-25 01:00:00,2.0,20.0,30.5,132.0,15.587,0
Dowlaiswaram (State Govt Site),16.93833333,81.7825,2023-06-25 02:00:00,3.0,14.0,33.0,132.0,15.578,0
Dowlaiswaram (State Govt Site),16.93833333,81.7825,2023-06-25 03:00:00,1.0,6.0,33.0,121.0,15.588,0
Dowlaiswaram (State Govt Site),16.93833333,81.7825,2023-06-25 06:00:00,0.5,4.5,24.5,93.0,15.591,0
Dowlaiswaram (State Govt Site),16.93833333,81.7825,2023-06-25 19:00:00,139.0,140.5,154.5,203.5,15.581,0
Dowlaiswaram (State Govt Site),16.93833333,81.7825,2023-06-25 20:00:00,1.5,141.0,147.0,203.5,15.564,0
Dowlaiswaram (State Govt Site),16.93833333,81.7825,2023-07-03 11:00:00,25.0,165.5,170.0,227.0,15.605,0
Dowlaiswaram (State Govt Site),16.93833333,81.7825,2023-07-03 12:00:00,16.5,43.0,183.5,242.0,15.605,0
Dowlaiswaram (State Govt Site),16.93833333,81.7825,2023-07-03 13:00:00,5.0,46.5,187.5,239.5,15.564,0
Dowlaiswaram (State Govt Site),16.93833333,81.7825,2023-07-03 14:00:00,192.0,213.5,379.0,430.0,15.57,0
Dowlaiswaram (State Govt Site),16.93833333,81.7825,2023-07-04 17:00:00,10.0,207.0,250.0,438.5,15.561,0
Dowlaiswaram (State Govt Site),16.93833333,81.7825,2023-07-05 17:00:00,0.5,202.5,249.0,434.0,15.577,0
Dowlaiswaram (State Govt Site),16.93833333,81.7825,2023-07-05 19:00:00,10.0,20.5,234.0,442.5,15.582,0
Dowlaiswaram (State Govt Site),16.93833333,81.7825,2023-07-05 20:00:00,6.5,17.0,224.0,446.0,15.586,0
Dowlaiswaram (State Govt Site),16.93833333,81.7825,2023-07-05 21:00:00,10.5,27.0,229.5,455.5,15.594,0
Dowlaiswaram (State Govt Site),16.93833333,81.7825,2023-07-05 22:00:00,10.5,27.5,48.0,464.5,15.606,0
Dowlaiswaram (State Govt Site),16.93833333,81.7825,2023-07-05 23:00:00,18.0,39.0,56.0,482.0,15.606,0
Dowlaiswaram (State Govt Site),16.93833333,81.7825,2023-07-06 00:00:00,18.5,47.0,74.0,499.5,15.613,0
Dowlaiswaram (State Govt Site),16.93833333,81.7825,2023-07-06 01:00:00,7.0,43.5,71.0,505.5,15.619,0
Dowlaiswaram (State Govt Site),16.93833333,81.7825,2023-07-06 02:00:00,3.0,28.5,67.5,508.0,15.622,0
Dowlaiswaram (State Govt Site),16.93833333,81.7825,2023-07-06 03:00:00,2.0,12.0,59.0,509.0,15.623,0
Dowlaiswaram (State Govt Site),16.93833333,81.7825,2023-07-06 04:00:00,1.0,6.0,49.5,501.0,15.625,0
Dowlaiswaram (State Govt Site),16.93833333,81.7825,2023-07-12 09:00:00,19.0,22.0,50.5,511.0,15.631,0
Dowlaiswaram (State Govt Site),16.93833333,81.7825,2023-07-13 03:00:00,51.0,71.0,83.0,553.0,15.684,0
Dowlaiswaram (State Govt Site),16.93833333,81.7825,2023-07-13 04:00:00,51.0,121.0,127.0,602.0,15.666,0
Dowlaiswaram (State Govt Site),16.93833333,81.7825,2023-07-13 05:00:00,15.5,117.5,139.5,614.5,15.666,0
Dowlaiswaram (State Govt Site),16.93833333,81.7825,2023-07-13 06:00:00,13.5,80.0,151.0,627.0,15.701,0
Dowlaiswaram (State Govt Site),16.93833333,81.7825,2023-07-13 07:00:00,13.5,42.5,163.5,640.0,15.717,0
Dowlaiswaram (State Govt Site),16.93833333,81.7825,2023-07-13 08:00:00,1.0,28.0,145.5,502.0,15.717,0
Dowlaiswaram (State Govt Site),16.93833333,81.7825,2023-07-13 09:00:00,1.0,15.5,95.5,501.5,15.701,1
Dowlaiswaram (State Govt Site),16.93833333,81.7825,2023-07-15 01:00:00,2.0,4.0,46.5,478.5,15.701,1
Dowlaiswaram (State Govt Site),16.93833333,81.7825,2023-07-15 22:00:00,1.0,4.0,32.0,463.0,16.4,1
Dowlaiswaram (State Govt Site),16.93833333,81.7825,2023-07-17 00:00:00,2.5,5.5,21.0,460.5,15.996,1
Dowlaiswaram (State Govt Site),16.93833333,81.7825,2023-07-18 03:00:00,1.5,5.0,9.0,270.0,15.6,1
Dowlaiswaram (State Govt Site),16.93833333,81.7825,2023-07-18 04:00:00,4.5,8.5,12.5,264.5,15.924,1
Dowlaiswaram (State Govt Site),16.93833333,81.7825,2023-07-18 05:00:00,0.5,6.5,12.0,264.5,15.916,0
Dowlaiswaram (State Govt Site),16.93833333,81.7825,2023-07-18 06:00:00,1.5,6.5,11.5,256.0,15.906,0
Dowlaiswaram (State Govt Site),16.93833333,81.7825,2023-07-18 07:00:00,3.0,5.0,13.5,252.5,15.901,0
Dowlaiswaram (State Govt Site),16.93833333,81.7825,2023-07-18 08:00:00,2.5,7.0,13.5,244.5,15.89,0
Dowlaiswaram (State Govt Site),16.93833333,81.7825,2023-07-18 09:00:00,2.0,7.5,14.0,236.0,15.878,0
Dowlaiswaram (State Govt Site),16.93833333,81.7825,2023-07-18 10:00:00,2.0,6.5,11.5,220.0,15.899,0
Dowlaiswaram (State Govt Site),16.93833333,81.7825,2023-07-18 11:00:00,4.0,8.0,15.0,205.5,15.899,0
Dowlaiswaram (State Govt Site),16.93833333,81.7825,2023-07-18 12:00:00,4.0,10.0,17.5,202.5,15.871,0
Dowlaiswaram (State Govt Site),16.93833333,81.7825,2023-07-19 06:00:00,1.5,9.5,16.0,201.0,15.871,0
Dowlaiswaram (State Govt Site),16.93833333,81.7825,2023-07-20 01:00:00,3.0,8.5,16.5,202.0,15.916,0
Dowlaiswaram (State Govt Site),16.93833333,81.7825,2023-07-20 02:00:00,3.0,7.5,17.5,204.0,15.325,0
Dowlaiswaram (State Govt Site),16.93833333,81.7825,2023-07-20 03:00:00,13.0,19.0,28.5,198.0,15.325,0
Dowlaiswaram (State Govt Site),16.93833333,81.7825,2023-07-20 04:00:00,9.5,25.5,34.0,156.5,15.105,0
Dowlaiswaram (State Govt Site),16.93833333,81.7825,2023-07-20 05:00:00,3.0,25.5,33.0,108.5,14.913,0
Dowlaiswaram (State Govt Site),16.93833333,81.7825,2023-07-20 06:00:00,6.0,18.5,37.5,99.0,14.883,0
Dowlaiswaram (State Govt Site),16.93833333,81.7825,2023-07-20 07:00:00,1.0,10.0,35.5,86.5,14.925,0
Dowlaiswaram (State Govt Site),16.93833333,81.7825,2023-07-20 08:00:00,1.5,8.5,34.0,74.5,14.969,0
Dowlaiswaram (State Govt Site),16.93833333,81.7825,2023-07-20 09:00:00,0.5,3.0,21.5,74.0,15.074,0
Dowlaiswaram (State Govt Site),16.93833333,81.7825,2023-07-22 11:00:00,1.5,3.5,13.5,74.5,15.138,0
Dowlaiswaram (State Govt Site),16.93833333,81.7825,2023-07-22 12:00:00,1.0,3.0,11.5,73.5,16.106,0
Dowlaiswaram (State Govt Site),16.93833333,81.7825,2023-07-23 00:00:00,1.0,3.5,6.5,73.5,16.088,0
Dowlaiswaram (State Govt Site),16.93833333,81.7825,2023-07-23 23:00:00,1.5,3.5,7.0,72.5,15.972,0
Dowlaiswaram (State Govt Site),16.93833333,81.7825,2023-07-24 02:00:00,6.5,9.0,12.0,77.5,16.185,0
Dowlaiswaram (State Govt Site),16.93833333,81.7825,2023-07-24 03:00:00,10.0,18.0,21.5,83.0,16.212,0
Dowlaiswaram (State Govt Site),16.93833333,81.7825,2023-07-24 04:00:00,12.5,29.0,32.5,95.0,16.228,1
Dowlaiswaram (State Govt Site),16.93833333,81.7825,2023-07-24 05:00:00,19.0,41.5,50.5,112.5,16.219,1
Dowlaiswaram (State Govt Site),16.93833333,81.7825,2023-07-24 06:00:00,9.0,40.5,58.5,118.5,16.243,1
Dowlaiswaram (State Govt Site),16.93833333,81.7825,2023-07-24 07:00:00,11.0,39.0,68.0,127.0,16.239,1
Dowlaiswaram (State Govt Site),16.93833333,81.7825,2023-07-24 08:00:00,8.5,28.5,70.0,133.5,16.243,1
Dowlaiswaram (State Govt Site),16.93833333,81.7825,2023-07-24 10:00:00,25.5,45.0,85.5,157.0,16.243,1
Dowlaiswaram (State Govt Site),16.93833333,81.7825,2023-07-24 11:00:00,0.5,34.5,73.5,153.5,16.25,1
Dowlaiswaram (State Govt Site),16.93833333,81.7825,2023-07-24 12:00:00,5.5,31.5,60.0,155.0,16.235,1
Dowlaiswaram (State Govt Site),16.93833333,81.7825,2023-07-24 13:00:00,0.5,6.5,51.5,154.0,16.226,1
Dowlaiswaram (State Govt Site),16.93833333,81.7825,2023-07-25 13:00:00,12.0,18.0,52.5,163.0,16.213,1
Dowlaiswaram (State Govt Site),16.93833333,81.7825,2023-07-25 14:00:00,3.0,15.5,47.0,163.0,15.648,0
Dowlaiswaram (State Govt Site),16.93833333,81.7825,2023-07-25 17:00:00,1.0,16.0,22.5,151.0,15.646,0
Dowlaiswaram (State Govt Site),16.93833333,81.7825,2023-07-25 18:00:00,2.0,6.0,24.0,143.5,15.622,0
Dowlaiswaram (State Govt Site),16.93833333,81.7825,2023-07-25 19:00:00,5.5,8.5,24.0,146.0,15.607,0
Dowlaiswaram (State Govt Site),16.93833333,81.7825,2023-07-25 20:00:00,7.5,15.0,31.0,147.5,15.623,0
Dowlaiswaram (State Govt Site),16.93833333,81.7825,2023-07-25 21:00:00,10.5,23.5,29.5,157.0,15.623,0
Dowlaiswaram (State Govt Site),16.93833333,81.7825,2023-07-25 22:00:00,10.5,28.5,37.0,166.0,15.632,0
Dowlaiswaram (State Govt Site),16.93833333,81.7825,2023-07-26 00:00:00,12.0,33.0,48.0,177.5,15.632,0
Dowlaiswaram (State Govt Site),16.93833333,81.7825,2023-07-26 01:00:00,2.5,25.0,48.5,178.5,15.636,0
Dowlaiswaram (State Govt Site),16.93833333,81.7825,2023-07-26 02:00:00,34.5,49.0,77.5,212.0,15.657,0
Dowlaiswaram (State Govt Site),16.93833333,81.7825,2023-07-26 03:00:00,19.5,56.5,89.5,230.5,15.727,0
Dowlaiswaram (State Govt Site),16.93833333,81.7825,2023-07-26 04:00:00,11.5,65.5,90.5,240.5,15.772,0
Dowlaiswaram (State Govt Site),16.93833333,81.7825,2023-07-26 05:00:00,1.5,32.5,81.5,235.5,15.808,0
Dowlaiswaram (State Govt Site),16.93833333,81.7825,2023-07-26 06:00:00,1.5,14.5,71.0,227.0,15.844,0
Dowlaiswaram (State Govt Site),16.93833333,81.7825,2023-07-26 07:00:00,0.5,3.5,69.0,215.0,15.878,0
Dowlaiswaram (State Govt Site),16.93833333,81.7825,2023-07-26 10:00:00,1.5,3.5,36.0,197.5,15.908,0
Dowlaiswaram (State Govt Site),16.93833333,81.7825,2023-07-26 11:00:00,2.5,4.5,19.0,191.0,15.968,0
Dowlaiswaram (State Govt Site),16.93833333,81.7825,2023-07-26 13:00:00,0.5,4.5,8.0,180.5,15.984,0
Dowlaiswaram (State Govt Site),16.93833333,81.7825,2023-07-26 14:00:00,1.0,4.0,7.5,173.0,16.023,1
Dowlaiswaram (State Govt Site),16.93833333,81.7825,2023-07-28 02:00:00,1.5,3.0,7.5,149.0,16.057,1
Dowlaiswaram (State Govt Site),16.93833333,81.7825,2023-07-28 03:00:00,0.5,3.0,7.5,149.0,17.195,1
Dowlaiswaram (State Govt Site),16.93833333,81.7825,2023-07-31 00:00:00,3.0,5.0,9.0,146.5,17.197,1
Dowlaiswaram (State Govt Site),16.93833333,81.7825,2023-07-31 01:00:00,3.0,6.5,9.5,149.0,17.674,1
Dowlaiswaram (State Govt Site),16.93833333,81.7825,2023-07-31 03:00:00,0.5,6.5,9.5,137.5,17.674,1
Dowlaiswaram (State Govt Site),16.93833333,81.7825,2023-07-31 04:00:00,4.5,8.0,13.0,139.0,17.629,1
Dowlaiswaram (State Govt Site),16.93833333,81.7825,2023-07-31 05:00:00,1.0,6.0,12.5,139.0,17.621,1
Dowlaiswaram (State Govt Site),16.93833333,81.7825,2023-08-06 06:00:00,72.0,77.5,84.0,209.0,17.568,1
Dowlaiswaram (State Govt Site),16.93833333,81.7825,2023-08-09 03:00:00,3.0,76.0,84.0,206.5,16.223,1
Dowlaiswaram (State Govt Site),16.93833333,81.7825,2023-08-10 10:00:00,0.5,75.5,81.5,199.5,16.329,1
Dowlaiswaram (State Govt Site),16.93833333,81.7825,2023-08-13 13:00:00,0.5,4.0,81.5,189.5,16.067,1
Dowlaiswaram (State Govt Site),16.93833333,81.7825,2023-08-14 06:00:00,1.5,2.5,78.5,180.5,16.071,1
Dowlaiswaram (State Govt Site),16.93833333,81.7825,2023-08-14 07:00:00,25.5,27.5,103.0,194.0,16.029,1
Dowlaiswaram (State Govt Site),16.93833333,81.7825,2023-08-14 08:00:00,25.5,52.5,56.5,217.0,16.108,0
Dowlaiswaram (State Govt Site),16.93833333,81.7825,2023-08-15 08:00:00,8.5,59.5,62.0,191.0,16.108,0
Dowlaiswaram (State Govt Site),16.93833333,81.7825,2023-08-16 11:00:00,11.0,45.0,72.5,182.5,16.049,1
Dowlaiswaram (State Govt Site),16.93833333,81.7825,2023-08-18 03:00:00,6.5,26.0,78.5,177.5,16.115,1
Dowlaiswaram (State Govt Site),16.93833333,81.7825,2023-08-18 04:00:00,7.0,24.5,84.0,183.0,16.304,1
Dowlaiswaram (State Govt Site),16.93833333,81.7825,2023-08-18 09:00:00,16.5,30.0,75.0,198.0,16.311,1
Dowlaiswaram (State Govt Site),16.93833333,81.7825,2023-08-21 06:00:00,2.5,26.0,52.0,200.0,16.299,1
Dowlaiswaram (State Govt Site),16.93833333,81.7825,2023-08-21 07:00:00,6.0,25.0,49.5,204.5,15.904,1
Dowlaiswaram (State Govt Site),16.93833333,81.7825,2023-08-22 09:00:00,0.5,9.0,39.0,202.5,15.826,1
Dowlaiswaram (State Govt Site),16.93833333,81.7825,2023-08-22 10:00:00,0.5,7.0,33.0,202.5,15.96,1
Dowlaiswaram (State Govt Site),16.93833333,81.7825,2023-08-24 10:00:00,3.0,4.0,29.0,204.5,15.96,0
Dowlaiswaram (State Govt Site),16.93833333,81.7825,2023-08-24 11:00:00,4.0,7.5,16.5,207.0,16.103,0
Dowlaiswaram (State Govt Site),16.93833333,81.7825,2023-08-24 12:00:00,129.5,136.5,143.5,336.0,16.13,0
Dowlaiswaram (State Govt Site),16.93833333,81.7825,2023-08-24 19:00:00,75.0,208.5,212.5,408.0,16.129,0
Dowlaiswaram (State Govt Site),16.93833333,81.7825,2023-08-25 12:00:00,35.5,240.0,247.5,440.5,15.926,0
Dowlaiswaram (State Govt Site),16.93833333,81.7825,2023-08-25 13:00:00,35.5,146.0,282.5,475.5,15.852,0
Dowlaiswaram (State Govt Site),16.93833333,81.7825,2023-08-26 02:00:00,84.0,155.0,363.5,555.0,15.852,0
Dowlaiswaram (State Govt Site),16.93833333,81.7825,2023-08-26 03:00:00,7.5,127.0,367.0,561.5,16.007,0
Dowlaiswaram (State Govt Site),16.93833333,81.7825,2023-08-26 04:00:00,15.5,107.0,253.0,505.0,16.055,0
Dowlaiswaram (State Govt Site),16.93833333,81.7825,2023-08-26 05:00:00,1.5,24.5,179.5,503.5,16.094,0
Dowlaiswaram (State Govt Site),16.93833333,81.7825,2023-08-26 06:00:00,1.5,18.5,145.5,504.5,16.114,0
Dowlaiswaram (State Govt Site),16.93833333,81.7825,2023-08-26 15:00:00,1.0,4.0,111.0,505.0,16.114,1
Dowlaiswaram (State Govt Site),16.93833333,81.7825,2023-08-28 05:00:00,294.0,296.5,321.0,797.5,16.15,1
Dowlaiswaram (State Govt Site),16.93833333,81.7825,2023-09-02 00:00:00,23.0,318.0,336.5,795.0,16.406,1
Dowlaiswaram (State Govt Site),16.93833333,81.7825,2023-09-02 01:00:00,10.5,327.5,331.5,780.0,16.241,1
Dowlaiswaram (State Govt Site),16.93833333,81.7825,2023-09-02 02:00:00,10.5,44.0,340.5,782.0,16.24,1
Dowlaiswaram (State Govt Site),16.93833333,81.7825,2023-09-02 03:00:00,1.0,22.0,340.0,772.0,16.24,1
Dowlaiswaram (State Govt Site),16.93833333,81.7825,2023-09-02 04:00:00,6.0,17.5,345.0,771.5,16.265,1
Dowlaiswaram (State Govt Site),16.93833333,81.7825,2023-09-02 05:00:00,1.5,8.5,52.5,766.0,16.269,1
Dowlaiswaram (State Govt Site),16.93833333,81.7825,2023-09-02 06:00:00,1.5,9.0,31.0,751.0,16.259,1
Dowlaiswaram (State Govt Site),16.93833333,81.7825,2023-09-06 12:00:00,84.5,87.5,105.0,833.0,16.259,1
Dowlaiswaram (State Govt Site),16.93833333,81.7825,2023-09-06 21:00:00,0.5,86.5,95.0,827.5,16.0,1
Dowlaiswaram (State Govt Site),16.93833333,81.7825,2023-09-07 03:00:00,126.5,211.5,220.5,953.5,15.407,1
Dowlaiswaram (State Govt Site),16.93833333,81.7825,2023-09-07 21:00:00,1.0,128.0,215.5,954.0,15.902,1
Dowlaiswaram (State Govt Site),16.93833333,81.7825,2023-09-07 22:00:00,1.0,128.5,215.0,952.0,16.246,1
Dowlaiswaram (State Govt Site),16.93833333,81.7825,2023-09-08 00:00:00,10.5,12.5,224.0,958.5,16.246,1
Dowlaiswaram (State Govt Site),16.93833333,81.7825,2023-09-08 01:00:00,10.5,22.0,150.0,839.5,15.713,1
Dowlaiswaram (State Govt Site),16.93833333,81.7825,2023-09-08 03:00:00,1.0,22.0,150.5,765.5,15.713,1
Dowlaiswaram (State Govt Site),16.93833333,81.7825,2023-09-09 22:00:00,3.5,15.0,27.5,733.5,15.441,1
Dowlaiswaram (State Govt Site),16.93833333,81.7825,2023-09-09 23:00:00,1.0,5.5,27.5,699.0,15.438,0
Dowlaiswaram (State Govt Site),16.93833333,81.7825,2023-09-10 02:00:00,0.5,5.0,27.0,615.5,15.429,0
Dowlaiswaram (State Govt Site),16.93833333,81.7825,2023-09-10 03:00:00,1.0,2.5,17.5,609.0,15.371,0
Dowlaiswaram (State Govt Site),16.93833333,81.7825,2023-09-11 02:00:00,1.5,3.0,8.5,595.0,15.361,0
Dowlaiswaram (State Govt Site),16.93833333,81.7825,2023-09-11 03:00:00,5.0,7.5,12.5,598.5,15.919,0
Dowlaiswaram (State Govt Site),16.93833333,81.7825,2023-09-11 04:00:00,1.0,7.5,10.0,598.0,15.936,0
Dowlaiswaram (State Govt Site),16.93833333,81.7825,2023-09-11 06:00:00,6.0,12.0,15.0,603.0,15.94,0
Dowlaiswaram (State Govt Site),16.93833333,81.7825,2023-09-11 07:00:00,6.0,13.0,20.5,315.0,15.935,0
Dowlaiswaram (State Govt Site),16.93833333,81.7825,2023-09-11 08:00:00,1.5,13.5,21.0,293.5,15.935,0
Dowlaiswaram (State Govt Site),16.93833333,81.7825,2023-09-20 16:00:00,5.5,13.0,25.0,288.5,15.929,0
Dowlaiswaram (State Govt Site),16.93833333,81.7825,2023-09-20 17:00:00,5.5,12.5,25.5,283.5,15.386,0
Dowlaiswaram (State Govt Site),16.93833333,81.7825,2023-09-20 19:00:00,1.5,12.5,26.0,284.0,15.386,0
Dowlaiswaram (State Govt Site),16.93833333,81.7825,2023-09-21 01:00:00,26.5,33.5,46.5,304.5,15.222,0
Dowlaiswaram (State Govt Site),16.93833333,81.7825,2023-09-21 02:00:00,26.5,54.5,67.0,329.5,15.542,0
Dowlaiswaram (State Govt Site),16.93833333,81.7825,2023-09-22 03:00:00,29.5,82.5,95.0,357.5,15.542,1
Dowlaiswaram (State Govt Site),16.93833333,81.7825,2023-09-23 11:00:00,37.0,93.0,126.5,310.0,15.305,1
Dowlaiswaram (State Govt Site),16.93833333,81.7825,2023-09-23 12:00:00,111.5,178.0,232.5,421.0,16.257,1
Dowlaiswaram (State Govt Site),16.93833333,81.7825,2023-09-23 13:00:00,37.0,185.5,268.0,331.5,16.263,1
Dowlaiswaram (State Govt Site),16.93833333,81.7825,2023-09-23 14:00:00,1.5,150.0,243.0,332.0,16.257,1
Dowlaiswaram (State Govt Site),16.93833333,81.7825,2023-09-24 04:00:00,1.0,39.5,217.5,332.0,16.279,1
Dowlaiswaram (State Govt Site),16.93833333,81.7825,2023-09-24 05:00:00,1.0,3.5,189.0,322.5,16.389,1
Dowlaiswaram (State Govt Site),16.93833333,81.7825,2023-09-24 06:00:00,0.5,2.5,152.5,312.5,16.389,1
Dowlaiswaram (State Govt Site),16.93833333,81.7825,2023-09-24 08:00:00,1.0,2.5,42.0,312.5,15.941,1
Dowlaiswaram (State Govt Site),16.93833333,81.7825,2023-09-25 03:00:00,0.5,2.0,5.5,309.5,15.745,1
Dowlaiswaram (State Govt Site),16.93833333,81.7825,2023-09-26 12:00:00,7.0,8.5,11.0,315.5,15.985,1
Dowlaiswaram (State Govt Site),16.93833333,81.7825,2023-09-26 13:00:00,3.5,11.0,13.5,318.5,15.973,1
Dowlaiswaram (State Govt Site),16.93833333,81.7825,2023-09-28 14:00:00,4.5,15.0,17.0,322.0,16.0,1
Dowlaiswaram (State Govt Site),16.93833333,81.7825,2023-09-28 15:00:00,4.5,12.5,21.0,325.0,16.286,1
Dowlaiswaram (State Govt Site),16.93833333,81.7825,2023-09-28 23:00:00,337.5,346.5,357.5,657.5,16.286,1
Dowlaiswaram (State Govt Site),16.93833333,81.7825,2023-10-01 23:00:00,16.5,358.5,373.5,673.0,16.139,1
Dowlaiswaram (State Govt Site),16.93833333,81.7825,2023-10-02 00:00:00,16.5,370.5,383.0,683.5,16.116,1
Dowlaiswaram (State Govt Site),16.93833333,81.7825,2023-10-02 01:00:00,16.5,49.5,396.0,694.0,16.116,1
Dowlaiswaram (State Govt Site),16.93833333,81.7825,2023-10-02 04:00:00,16.5,49.5,408.0,709.0,16.116,0
Dowlaiswaram (State Govt Site),16.93833333,81.7825,2023-10-02 06:00:00,1.0,34.0,404.5,704.5,16.116,1
Dowlaiswaram (State Govt Site),16.93833333,81.7825,2023-11-04 08:00:00,19.5,37.0,86.5,718.5,16.017,1
Dowlaiswaram (State Govt Site),16.93833333,81.7825,2023-11-04 09:00:00,13.5,34.0,83.5,730.5,16.612,1
Dowlaiswaram (State Govt Site),16.93833333,81.7825,2023-11-04 10:00:00,91.0,124.0,158.0,795.0,16.603,1
Dowlaiswaram (State Govt Site),16.93833333,81.7825,2023-11-04 20:00:00,0.5,105.0,142.0,769.0,16.599,1
Dowlaiswaram (State Govt Site),16.93833333,81.7825,2023-11-04 21:00:00,0.5,92.0,126.0,740.0,16.623,1
Dowlaiswaram (State Govt Site),16.93833333,81.7825,2023-11-06 22:00:00,3.0,4.0,128.0,706.0,16.623,1
Dowlaiswaram (State Govt Site),16.93833333,81.7825,2023-11-06 23:00:00,3.0,6.5,111.5,597.5,16.68,1
Dowlaiswaram (State Govt Site),16.93833333,81.7825,2023-11-07 22:00:00,3.5,9.5,101.5,564.0,16.68,1
Dowlaiswaram (State Govt Site),16.93833333,81.7825,2023-11-07 23:00:00,3.5,10.0,14.0,566.0,16.648,1
Dowlaiswaram (State Govt Site),16.93833333,81.7825,2023-11-21 02:00:00,1.0,8.0,14.5,566.0,16.648,1
Dowlaiswaram (State Govt Site),16.93833333,81.7825,2023-11-21 03:00:00,1.0,5.5,15.0,566.0,16.586,1
Dowlaiswaram (State Govt Site),16.93833333,81.7825,2023-11-21 04:00:00,0.5,2.5,12.5,566.0,16.586,1
Dowlaiswaram (State Govt Site),16.93833333,81.7825,2023-11-21 06:00:00,0.5,2.0,10.0,565.5,16.595,1
Dowlaiswaram (State Govt Site),16.93833333,81.7825,2023-11-21 07:00:00,0.5,1.5,7.0,565.5,16.6,1
Dowlaiswaram (State Govt Site),16.93833333,81.7825,2023-11-21 08:00:00,7.0,8.0,10.5,565.5,16.6,1
Dowlaiswaram (State Govt Site),16.93833333,81.7825,2023-12-03 16:00:00,1.0,8.5,10.5,563.0,16.603,1
Dowlaiswaram (State Govt Site),16.93833333,81.7825,2023-12-03 17:00:00,1.0,9.0,10.5,559.5,15.909,1
Dowlaiswaram (State Govt Site),16.93833333,81.7825,2023-12-04 09:00:00,1.0,3.0,11.0,556.0,15.909,1
Dowlaiswaram (State Govt Site),16.93833333,81.7825,2023-12-04 10:00:00,1.0,3.0,11.5,219.5,15.987,1
Dowlaiswaram (State Govt Site),16.93833333,81.7825,2023-12-04 11:00:00,1.5,3.5,12.5,204.5,15.987,0
Dowlaiswaram (State Govt Site),16.93833333,81.7825,2023-12-04 12:00:00,1.5,4.0,7.0,189.5,16.005,0
Dowlaiswaram (State Govt Site),16.93833333,81.7825,2023-12-04 13:00:00,3.5,6.5,9.5,176.5,16.005,0
Dowlaiswaram (State Govt Site),16.93833333,81.7825,2023-12-04 14:00:00,3.5,8.5,12.0,163.5,16.01,0
Dowlaiswaram (State Govt Site),16.93833333,81.7825,2023-12-05 14:00:00,0.5,7.5,11.5,163.0,16.01,0
Dowlaiswaram (State Govt Site),16.93833333,81.7825,2023-12-05 16:00:00,1.0,5.0,11.5,144.5,16.143,0
Dowlaiswaram (State Govt Site),16.93833333,81.7825,2023-12-05 17:00:00,1.0,2.5,11.0,132.0,16.115,0
Dowlaiswaram (State Govt Site),16.93833333,81.7825,2023-12-05 18:00:00,0.5,2.5,10.0,41.5,16.115,0
Dowlaiswaram (State Govt Site),16.93833333,81.7825,2023-12-05 19:00:00,0.5,2.0,7.0,41.5,16.164,0
Dowlaiswaram (State Govt Site),16.93833333,81.7825,2023-12-05 20:00:00,2.5,3.5,6.0,43.5,16.164,1
Dowlaiswaram (State Govt Site),16.93833333,81.7825,2023-12-05 21:00:00,7.0,10.0,12.5,47.5,16.223,1
Dowlaiswaram (State Govt Site),16.93833333,81.7825,2023-12-05 22:00:00,6.5,16.0,18.0,51.0,16.251,1
Dowlaiswaram (State Govt Site),16.93833333,81.7825,2023-12-05 23:00:00,49.5,63.0,66.5,97.0,16.273,1
Dowlaiswaram (State Govt Site),16.93833333,81.7825,2023-12-06 00:00:00,49.5,105.5,115.5,143.0,16.315,1
Dowlaiswaram (State Govt Site),16.93833333,81.7825,2023-12-06 01:00:00,22.0,121.0,137.0,164.0,16.315,1
Dowlaiswaram (State Govt Site),16.93833333,81.7825,2023-12-06 02:00:00,4.0,75.5,138.5,167.0,16.333,1
Dowlaiswaram (State Govt Site),16.93833333,81.7825,2023-12-06 05:00:00,0.5,26.5,132.0,167.0,16.29,1
Dowlaiswaram (State Govt Site),16.93833333,81.7825,2023-12-06 06:00:00,3.5,8.0,129.0,170.0,16.342,1
Dowlaiswaram (State Govt Site),16.93833333,81.7825,2023-12-06 07:00:00,5.0,9.0,84.5,174.5,16.373,1
Dowlaiswaram (State Govt Site),16.93833333,81.7825,2023-12-06 08:00:00,2.5,11.0,37.5,170.0,16.475,1
Dowlaiswaram (State Govt Site),16.93833333,81.7825,2023-12-06 09:00:00,5.0,12.5,20.5,174.0,16.438,1
Dowlaiswaram (State Govt Site),16.93833333,81.7825,2023-12-06 10:00:00,5.0,12.5,21.5,178.0,16.521,1
Dowlaiswaram (State Govt Site),16.93833333,81.7825,2023-12-06 23:00:00,1.5,11.5,22.5,178.5,16.521,1
Dowlaiswaram (State Govt Site),16.93833333,81.7825,2023-12-07 01:00:00,1.5,8.0,20.5,179.0,16.209,1
Dowlaiswaram (State Govt Site),16.93833333,81.7825,2023-12-07 02:00:00,6.5,9.5,22.0,184.0,16.209,1
Dowlaiswaram (State Govt Site),16.93833333,81.7825,2023-12-07 03:00:00,9.5,17.5,29.0,192.0,16.125,1
Dowlaiswaram (State Govt Site),16.93833333,81.7825,2023-12-07 04:00:00,5.0,21.0,29.0,193.5,16.062,0
Dowlaiswaram (State Govt Site),16.93833333,81.7825,2023-12-07 05:00:00,5.0,19.5,29.0,195.0,15.924,1
Dowlaiswaram (State Govt Site),16.93833333,81.7825,2023-12-12 04:00:00,3.0,13.0,30.5,197.5,15.924,1
Dowlaiswaram (State Govt Site),16.93833333,81.7825,2023-12-12 05:00:00,3.0,11.0,32.0,199.5,16.53,1
Dowlaiswaram (State Govt Site),16.93833333,81.7825,2023-12-21 04:00:00,64.0,70.0,89.5,262.5,16.53,1
Dowlaiswaram (State Govt Site),16.93833333,81.7825,2023-12-21 08:00:00,178.0,245.0,258.0,440.0,631.128,1
Dowlaiswaram (State Govt Site),16.93833333,81.7825,2024-02-24 08:00:00,2.0,244.0,255.0,441.5,557.845,1
Dowlaiswaram (State Govt Site),16.93833333,81.7825,2024-02-24 09:00:00,2.0,182.0,252.0,441.0,15.964,1
Dowlaiswaram (State Govt Site),16.93833333,81.7825,2024-03-19 12:00:00,3.0,7.0,252.0,437.0,15.964,1
Dowlaiswaram (State Govt Site),16.93833333,81.7825,2024-03-19 13:00:00,1.0,6.0,250.0,431.5,15.859,1
Dowlaiswaram (State Govt Site),16.93833333,81.7825,2024-03-20 13:00:00,1.0,5.0,187.0,383.0,15.854,0
Dowlaiswaram (State Govt Site),16.93833333,81.7825,2024-03-20 14:00:00,1.0,3.0,10.0,334.5,15.854,0
Dowlaiswaram (State Govt Site),16.93833333,81.7825,2024-10-23 06:00:00,4.5,6.5,12.5,317.0,15.854,0
Dowlaiswaram (State Govt Site),16.93833333,81.7825,2024-10-23 07:00:00,4.5,10.0,15.0,317.5,14.99,0
Dowlaiswaram (State Govt Site),16.93833333,81.7825,2024-10-23 08:00:00,4.5,13.5,16.5,321.5,14.99,0
Dowlaiswaram (State Govt Site),16.93833333,81.7825,2024-10-23 10:00:00,2.0,11.0,17.5,320.0,14.99,0
Dowlaiswaram (State Govt Site),16.93833333,81.7825,2024-10-23 11:00:00,2.0,8.5,18.5,317.0,14.992,0
Koida,17.4825,81.38666667,2021-02-07 15:00:00,4.0,8.0,8.0,8.0,22.658,0
Koida,17.4825,81.38666667,2021-03-17 02:00:00,0.5,8.5,8.5,8.5,22.657,0
Koida,17.4825,81.38666667,2021-03-17 07:00:00,0.5,5.0,9.0,9.0,22.655,0
Koida,17.4825,81.38666667,2021-04-12 11:00:00,4.0,5.0,13.0,13.0,22.657,0
Koida,17.4825,81.38666667,2021-04-12 12:00:00,16.5,21.0,29.5,29.5,22.656,0
Koida,17.4825,81.38666667,2021-04-12 13:00:00,2.0,22.5,27.5,31.5,22.655,1
Koida,17.4825,81.38666667,2021-04-15 02:00:00,9.5,28.0,33.0,41.0,22.656,1
Koida,17.4825,81.38666667,2021-04-15 03:00:00,2.0,13.5,34.5,43.0,22.66,1
Koida,17.4825,81.38666667,2021-04-15 04:00:00,1.0,12.5,35.0,44.0,22.656,1
Koida,17.4825,81.38666667,2021-04-21 20:00:00,41.0,44.0,72.0,85.0,22.655,1
Koida,17.4825,81.38666667,2021-04-21 21:00:00,0.5,42.5,56.0,85.5,22.661,1
Koida,17.4825,81.38666667,2021-04-23 12:00:00,1.0,42.5,55.0,86.5,22.656,1
Koida,17.4825,81.38666667,2021-04-25 11:00:00,0.5,2.0,46.0,87.0,22.656,1
Koida,17.4825,81.38666667,2021-04-29 15:00:00,22.0,23.5,66.0,109.0,22.657,1
Koida,17.4825,81.38666667,2021-05-02 12:00:00,40.0,62.5,105.0,149.0,22.674,1
Koida,17.4825,81.38666667,2021-05-04 01:00:00,0.5,62.5,64.5,149.5,22.677,1
Koida,17.4825,81.38666667,2021-05-04 04:00:00,0.5,41.0,64.5,150.0,22.661,1
Koida,17.4825,81.38666667,2021-05-05 10:00:00,0.5,1.5,64.0,150.5,22.692,1
Koida,17.4825,81.38666667,2021-05-05 15:00:00,0.5,1.5,64.0,151.0,22.675,1
Koida,17.4825,81.38666667,2021-05-05 16:00:00,18.0,19.0,60.0,169.0,22.672,1
Koida,17.4825,81.38666667,2021-05-10 12:00:00,0.5,19.0,20.5,169.5,22.666,1
Koida,17.4825,81.38666667,2021-05-11 13:00:00,44.5,63.0,64.5,214.0,22.694,1
Koida,17.4825,81.38666667,2021-05-11 14:00:00,24.5,69.5,88.5,238.5,22.705,1
Koida,17.4825,81.38666667,2021-05-11 15:00:00,3.0,72.0,91.0,237.5,22.672,1
Koida,17.4825,81.38666667,2021-05-13 13:00:00,51.5,79.0,142.0,285.0,22.658,1
Koida,17.4825,81.38666667,2021-05-13 14:00:00,0.5,55.0,124.5,285.0,22.698,1
Koida,17.4825,81.38666667,2021-05-15 21:00:00,5.0,57.0,129.0,289.5,22.66,1
Koida,17.4825,81.38666667,2021-05-16 07:00:00,0.5,6.0,85.0,286.0,22.662,1
Koida,17.4825,81.38666667,2021-05-16 09:00:00,0.5,6.0,61.0,270.0,22.66,1
Koida,17.4825,81.38666667,2021-05-16 10:00:00,3.0,4.0,61.0,271.0,22.667,1
Koida,17.4825,81.38666667,2021-05-16 11:00:00,52.0,55.5,61.5,313.5,22.692,1
Koida,17.4825,81.38666667,2021-05-17 02:00:00,17.0,72.0,78.0,328.5,22.665,1
Koida,17.4825,81.38666667,2021-05-21 11:00:00,52.5,121.5,125.5,380.0,22.658,1
Koida,17.4825,81.38666667,2021-05-21 12:00:00,83.0,152.5,208.0,422.0,22.701,1
Koida,17.4825,81.38666667,2021-05-21 13:00:00,11.0,146.5,218.5,432.5,22.671,1
Koida,17.4825,81.38666667,2021-05-21 14:00:00,6.0,100.0,221.5,437.5,22.659,1
Koida,17.4825,81.38666667,2021-05-21 16:00:00,0.5,17.5,170.0,437.5,22.658,1
Koida,17.4825,81.38666667,2021-05-22 06:00:00,0.5,7.0,153.5,416.0,22.655,1
Koida,17.4825,81.38666667,2021-06-02 14:00:00,2.0,3.0,103.0,378.0,22.664,1
Koida,17.4825,81.38666667,2021-06-02 15:00:00,0.5,3.0,20.5,378.0,22.66,1
Koida,17.4825,81.38666667,2021-06-03 07:00:00,3.0,5.5,12.5,380.5,22.658,1
Koida,17.4825,81.38666667,2021-06-03 08:00:00,4.0,7.5,10.5,384.0,22.672,1
Koida,17.4825,81.38666667,2021-06-07 18:00:00,1.5,8.5,11.5,385.0,22.657,1
Koida,17.4825,81.38666667,2021-06-09 21:00:00,1.0,6.5,12.0,368.0,22.662,1
Koida,17.4825,81.38666667,2021-06-09 22:00:00,0.5,3.0,10.5,368.0,22.657,1
Koida,17.4825,81.38666667,2021-06-09 23:00:00,0.5,2.0,10.5,324.0,22.656,1
Koida,17.4825,81.38666667,2021-06-11 02:00:00,4.5,5.5,12.0,304.0,22.655,1
Koida,17.4825,81.38666667,2021-06-11 03:00:00,5.0,10.0,13.0,306.0,22.663,1
Koida,17.4825,81.38666667,2021-06-11 04:00:00,1.0,10.5,12.5,255.5,22.656,1
Koida,17.4825,81.38666667,2021-06-11 23:00:00,0.5,6.5,12.0,255.5,22.657,1
Koida,17.4825,81.38666667,2021-06-12 00:00:00,0.5,2.0,12.0,251.0,22.658,1
Koida,17.4825,81.38666667,2021-06-12 12:00:00,4.5,5.5,16.0,255.0,22.656,1
Koida,17.4825,81.38666667,2021-06-14 01:00:00,1.5,6.5,13.0,256.0,22.67,1
Koida,17.4825,81.38666667,2021-06-14 03:00:00,0.5,6.5,8.5,253.5,22.658,1
Koida,17.4825,81.38666667,2021-06-17 12:00:00,7.5,9.5,15.0,209.0,22.656,1
Koida,17.4825,81.38666667,2021-06-17 13:00:00,3.5,11.5,18.0,195.5,22.657,1
Koida,17.4825,81.38666667,2021-06-17 18:00:00,13.0,24.0,30.5,156.0,22.655,0
Koida,17.4825,81.38666667,2021-06-17 19:00:00,0.5,17.0,26.5,73.5,22.657,0
Koida,17.4825,81.38666667,2021-06-23 00:00:00,0.5,14.0,25.5,63.0,22.656,0
Koida,17.4825,81.38666667,2021-06-23 01:00:00,2.0,3.0,27.0,59.0,22.655,0
Koida,17.4825,81.38666667,2021-06-23 02:00:00,1.0,3.5,20.5,59.5,22.655,0
Koida,17.4825,81.38666667,2021-06-24 05:00:00,4.0,7.0,21.0,63.0,22.655,0
Koida,17.4825,81.38666667,2021-06-24 08:00:00,0.5,5.5,8.5,61.5,22.656,0
Koida,17.4825,81.38666667,2021-06-26 17:00:00,1.5,6.0,9.5,62.5,22.657,0
Koida,17.4825,81.38666667,2021-06-26 18:00:00,1.0,3.0,10.0,60.5,22.655,0
Koida,17.4825,81.38666667,2021-06-27 12:00:00,1.0,3.5,9.0,57.5,22.655,0
Koida,17.4825,81.38666667,2021-06-27 13:00:00,1.5,3.5,9.5,57.5,22.657,0
Koida,17.4825,81.38666667,2021-06-27 17:00:00,2.5,5.0,8.0,59.0,22.656,0
Koida,17.4825,81.38666667,2021-06-30 09:00:00,14.5,18.5,22.0,73.0,22.655,0
Koida,17.4825,81.38666667,2021-06-30 10:00:00,5.0,22.0,25.5,77.5,22.658,1
Koida,17.4825,81.38666667,2021-06-30 17:00:00,24.5,44.0,49.0,97.5,22.657,1
Koida,17.4825,81.38666667,2021-06-30 18:00:00,5.0,34.5,53.0,97.5,22.66,1
Koida,17.4825,81.38666667,2021-06-30 19:00:00,4.0,33.5,55.5,100.5,22.659,1
Koida,17.4825,81.38666667,2021-06-30 20:00:00,0.5,9.5,53.5,100.5,22.657,1
Koida,17.4825,81.38666667,2021-06-30 22:00:00,1.5,6.0,40.5,101.5,22.656,1
Koida,17.4825,81.38666667,2021-07-01 07:00:00,0.5,2.5,36.0,97.5,22.657,1
Koida,17.4825,81.38666667,2021-07-02 00:00:00,31.0,33.0,42.5,127.0,22.659,1
Koida,17.4825,81.38666667,2021-07-02 01:00:00,30.5,62.0,68.0,157.0,22.658,1
Koida,17.4825,81.38666667,2021-07-02 02:00:00,15.5,77.0,79.5,165.0,22.655,1
Koida,17.4825,81.38666667,2021-07-02 03:00:00,3.0,49.0,82.0,164.5,22.655,1
Koida,17.4825,81.38666667,2021-07-02 05:00:00,3.0,21.5,83.5,154.5,22.657,1
Koida,17.4825,81.38666667,2021-07-02 06:00:00,1.0,7.0,84.0,155.0,22.656,1
Koida,17.4825,81.38666667,2021-07-02 07:00:00,0.5,4.5,53.5,155.0,22.661,1
Koida,17.4825,81.38666667,2021-07-07 12:00:00,1.0,2.5,24.0,154.0,22.662,1
Koida,17.4825,81.38666667,2021-07-09 09:00:00,5.0,6.5,13.5,158.0,22.656,1
Koida,17.4825,81.38666667,2021-07-09 11:00:00,0.5,6.5,11.0,154.5,22.66,1
Koida,17.4825,81.38666667,2021-07-10 12:00:00,2.0,7.5,10.0,156.0,22.658,1
Koida,17.4825,81.38666667,2021-07-10 13:00:00,8.5,11.0,17.5,163.0,22.665,1
Koida,17.4825,81.38666667,2021-07-10 14:00:00,0.5,11.0,17.5,162.5,22.666,1
Koida,17.4825,81.38666667,2021-07-10 22:00:00,1.0,10.0,17.5,162.5,22.659,1
Koida,17.4825,81.38666667,2021-07-10 23:00:00,6.5,8.0,19.0,167.5,22.656,1
Koida,17.4825,81.38666667,2021-07-11 00:00:00,43.5,51.0,62.0,208.5,22.659,1
Koida,17.4825,81.38666667,2021-07-11 01:00:00,2.5,52.5,62.5,196.5,22.657,1
Koida,17.4825,81.38666667,2021-07-11 02:00:00,4.0,50.0,58.0,195.5,22.656,1
Koida,17.4825,81.38666667,2021-07-11 03:00:00,0.5,7.0,58.0,171.5,22.658,1
Koida,17.4825,81.38666667,2021-07-11 04:00:00,0.5,5.0,57.5,167.0,22.658,1
Koida,17.4825,81.38666667,2021-07-11 05:00:00,0.5,1.5,51.5,163.5,22.656,1
Koida,17.4825,81.38666667,2021-07-11 09:00:00,0.5,1.5,8.5,163.5,22.669,1
Koida,17.4825,81.38666667,2021-07-11 12:00:00,1.5,2.5,7.5,163.5,22.657,1
Koida,17.4825,81.38666667,2021-07-12 02:00:00,3.5,5.5,7.0,166.5,22.656,1
Koida,17.4825,81.38666667,2021-07-12 03:00:00,0.5,5.5,7.0,136.0,22.657,1
Koida,17.4825,81.38666667,2021-07-12 07:00:00,9.5,13.5,16.0,115.0,22.655,1
Koida,17.4825,81.38666667,2021-07-12 08:00:00,3.5,13.5,19.0,103.0,22.661,1
Koida,17.4825,81.38666667,2021-07-12 10:00:00,0.5,13.5,19.0,100.5,22.659,1
Koida,17.4825,81.38666667,2021-07-12 11:00:00,0.5,4.5,18.0,98.0,22.657,1
Koida,17.4825,81.38666667,2021-07-12 20:00:00,1.5,2.5,16.0,98.5,22.656,1
Koida,17.4825,81.38666667,2021-07-12 21:00:00,7.0,9.0,22.5,105.0,22.658,1
Koida,17.4825,81.38666667,2021-07-12 22:00:00,0.5,9.0,13.5,104.5,22.657,0
Koida,17.4825,81.38666667,2021-07-12 23:00:00,1.0,8.5,11.0,100.5,22.656,0
Koida,17.4825,81.38666667,2021-07-13 00:00:00,1.0,2.5,11.5,101.0,22.655,0
Koida,17.4825,81.38666667,2021-07-13 01:00:00,3.0,5.0,14.0,102.0,22.655,0
Koida,17.4825,81.38666667,2021-07-13 02:00:00,0.5,4.5,13.0,94.0,22.655,0
Koida,17.4825,81.38666667,2021-07-13 03:00:00,0.5,4.0,6.5,94.0,22.656,1
Koida,17.4825,81.38666667,2021-07-13 04:00:00,0.5,1.5,6.5,93.5,22.657,1
Koida,17.4825,81.38666667,2021-07-13 06:00:00,1.0,2.0,6.5,88.0,22.662,1
Koida,17.4825,81.38666667,2021-07-13 07:00:00,0.5,2.0,6.0,45.0,22.656,1
Koida,17.4825,81.38666667,2021-07-13 17:00:00,0.5,2.0,3.5,43.0,22.656,1
Koida,17.4825,81.38666667,2021-07-13 21:00:00,0.5,1.5,3.5,39.5,22.655,1
Koida,17.4825,81.38666667,2021-07-13 22:00:00,1.5,2.5,4.5,40.5,22.655,0
Koida,17.4825,81.38666667,2021-07-13 23:00:00,0.5,2.5,4.5,40.5,22.655,0
Koida,17.4825,81.38666667,2021-07-14 08:00:00,1.0,3.0,4.5,41.0,22.655,0
Koida,17.4825,81.38666667,2021-07-14 09:00:00,3.0,4.5,7.0,43.5,22.656,0
Koida,17.4825,81.38666667,2021-07-14 11:00:00,0.5,4.5,7.0,42.5,22.656,0
Koida,17.4825,81.38666667,2021-07-14 16:00:00,0.5,4.0,7.0,39.5,22.656,0
Koida,17.4825,81.38666667,2021-07-14 17:00:00,0.5,1.5,6.0,39.5,22.655,0
Koida,17.4825,81.38666667,2021-07-14 20:00:00,1.5,2.5,7.0,31.5,22.655,0
Koida,17.4825,81.38666667,2021-07-14 21:00:00,1.0,3.0,7.0,29.0,22.655,0
Koida,17.4825,81.38666667,2021-07-15 02:00:00,0.5,3.0,4.5,29.0,22.655,0
Koida,17.4825,81.38666667,2021-07-15 03:00:00,3.0,4.5,7.0,31.5,22.655,0
Koida,17.4825,81.38666667,2021-07-15 18:00:00,1.5,5.0,8.0,31.5,22.655,0
Koida,17.4825,81.38666667,2021-07-15 22:00:00,5.5,10.0,13.0,30.0,22.655,0
Koida,17.4825,81.38666667,2021-07-16 00:00:00,2.5,9.5,14.0,32.0,22.655,0
Koida,17.4825,81.38666667,2021-07-16 01:00:00,3.0,11.0,16.0,34.0,22.655,0
Koida,17.4825,81.38666667,2021-07-16 02:00:00,1.5,7.0,17.0,34.5,22.655,0
Koida,17.4825,81.38666667,2021-07-16 03:00:00,0.5,5.0,14.5,32.0,22.655,0
Koida,17.4825,81.38666667,2021-07-18 08:00:00,4.5,6.5,17.5,36.0,22.655,0
Koida,17.4825,81.38666667,2021-07-18 09:00:00,0.5,5.5,12.5,36.0,22.657,1
Koida,17.4825,81.38666667,2021-07-19 16:00:00,6.5,11.5,16.5,42.0,22.657,1
Koida,17.4825,81.38666667,2021-07-19 17:00:00,14.0,21.0,27.5,55.0,22.661,1
Koida,17.4825,81.38666667,2021-07-19 18:00:00,0.5,21.0,26.5,55.0,22.661,1
Koida,17.4825,81.38666667,2021-07-19 19:00:00,1.0,15.5,27.0,55.5,22.656,1
Koida,17.4825,81.38666667,2021-07-20 16:00:00,73.5,75.0,96.0,128.5,22.656,1
Koida,17.4825,81.38666667,2021-07-20 17:00:00,11.0,85.5,106.5,138.0,22.665,1
Koida,17.4825,81.38666667,2021-07-20 18:00:00,1.5,86.0,101.5,139.0,22.658,1
Koida,17.4825,81.38666667,2021-07-20 19:00:00,8.0,20.5,95.5,146.0,22.655,1
Koida,17.4825,81.38666667,2021-07-20 20:00:00,0.5,10.0,95.5,143.5,22.656,1
Koida,17.4825,81.38666667,2021-07-20 21:00:00,45.0,53.5,139.5,188.0,22.656,0
Koida,17.4825,81.38666667,2021-07-20 22:00:00,22.0,67.5,88.0,209.5,22.656,0
Koida,17.4825,81.38666667,2021-07-20 23:00:00,11.5,78.5,88.5,220.5,22.656,0
Koida,17.4825,81.38666667,2021-07-21 00:00:00,4.5,38.0,91.5,223.5,22.655,0
Koida,17.4825,81.38666667,2021-07-21 01:00:00,0.5,16.5,84.0,223.0,22.655,0
Koida,17.4825,81.38666667,2021-07-21 02:00:00,2.0,7.0,85.5,224.5,22.656,0
Koida,17.4825,81.38666667,2021-07-21 04:00:00,0.5,3.0,41.0,222.0,22.656,0
Koida,17.4825,81.38666667,2021-07-21 05:00:00,0.5,3.0,19.5,221.0,22.656,0
Koida,17.4825,81.38666667,2021-07-21 06:00:00,4.0,5.0,12.0,219.5,22.657,0
Koida,17.4825,81.38666667,2021-07-21 07:00:00,1.5,6.0,9.0,218.5,22.657,0
Koida,17.4825,81.38666667,2021-07-21 08:00:00,6.5,12.0,15.0,222.0,22.656,0
Koida,17.4825,81.38666667,2021-07-21 09:00:00,4.0,12.0,17.0,224.5,22.656,0
Koida,17.4825,81.38666667,2021-07-21 10:00:00,19.0,29.5,35.5,243.0,22.656,0
Koida,17.4825,81.38666667,2021-07-21 11:00:00,10.5,33.5,45.5,249.0,22.656,0
Koida,17.4825,81.38666667,2021-07-21 12:00:00,5.0,34.5,46.5,253.5,22.656,0
Koida,17.4825,81.38666667,2021-07-21 13:00:00,3.0,18.5,48.0,250.0,22.656,0
Koida,17.4825,81.38666667,2021-07-21 14:00:00,2.5,10.5,44.0,238.5,22.656,0
Koida,17.4825,81.38666667,2021-07-21 15:00:00,8.0,13.5,48.0,246.0,22.656,0
Koida,17.4825,81.38666667,2021-07-21 16:00:00,8.5,19.0,37.5,253.5,22.655,0
Koida,17.4825,81.38666667,2021-07-21 17:00:00,8.5,25.0,35.5,188.5,22.656,0
Koida,17.4825,81.38666667,2021-07-21 18:00:00,12.5,29.5,43.0,190.0,22.655,0
Koida,17.4825,81.38666667,2021-07-21 19:00:00,20.5,41.5,60.5,209.0,22.656,0
Koida,17.4825,81.38666667,2021-07-21 20:00:00,10.0,43.0,68.0,211.0,22.656,0
Koida,17.4825,81.38666667,2021-07-21 21:00:00,26.0,56.5,86.0,236.5,22.656,0
Koida,17.4825,81.38666667,2021-07-21 22:00:00,10.5,46.5,88.0,202.0,22.655,0
Koida,17.4825,81.38666667,2021-07-21 23:00:00,11.0,47.5,90.5,191.0,22.655,0
Koida,17.4825,81.38666667,2021-07-22 00:00:00,9.0,30.5,87.0,188.5,22.657,0
Koida,17.4825,81.38666667,2021-07-22 01:00:00,2.5,22.5,69.0,186.5,22.655,0
Koida,17.4825,81.38666667,2021-07-22 02:00:00,7.0,18.5,66.0,193.0,22.656,0
Koida,17.4825,81.38666667,2021-07-22 03:00:00,6.5,16.0,46.5,197.5,22.656,1
Koida,17.4825,81.38666667,2021-07-22 04:00:00,6.5,20.0,42.5,203.5,22.657,1
Koida,17.4825,81.38666667,2021-07-22 05:00:00,2.0,15.0,33.5,205.0,22.659,1
Koida,17.4825,81.38666667,2021-07-22 06:00:00,2.5,11.0,27.0,203.5,22.656,1
Koida,17.4825,81.38666667,2021-07-22 07:00:00,4.5,9.0,29.0,206.5,22.66,1
Koida,17.4825,81.38666667,2021-07-22 08:00:00,4.5,11.5,26.5,204.5,22.657,1
Koida,17.4825,81.38666667,2021-07-22 09:00:00,4.0,13.0,24.0,204.5,22.656,1
Koida,17.4825,81.38666667,2021-07-22 10:00:00,5.0,13.5,22.5,190.5,22.656,1
Koida,17.4825,81.38666667,2021-07-22 11:00:00,9.5,18.5,30.0,189.5,22.656,0
Koida,17.4825,81.38666667,2021-07-22 12:00:00,12.5,27.0,40.0,197.0,22.657,0
Koida,17.4825,81.38666667,2021-07-22 13:00:00,3.0,25.0,38.5,197.0,22.658,0
Koida,17.4825,81.38666667,2021-07-22 14:00:00,0.5,16.0,34.5,195.0,22.657,0
Koida,17.4825,81.38666667,2021-07-22 17:00:00,2.0,5.5,32.5,189.0,22.656,0
Koida,17.4825,81.38666667,2021-07-22 23:00:00,0.5,3.0,28.0,181.0,22.656,1
Koida,17.4825,81.38666667,2021-07-23 04:00:00,3.0,5.5,21.5,175.5,22.658,1
Koida,17.4825,81.38666667,2021-07-23 05:00:00,3.5,7.0,12.5,166.5,22.659,1
Koida,17.4825,81.38666667,2021-07-23 06:00:00,4.5,11.0,14.0,150.5,22.659,1
Koida,17.4825,81.38666667,2021-07-23 12:00:00,14.0,22.0,27.5,154.5,22.669,1
Koida,17.4825,81.38666667,2021-07-23 13:00:00,1.0,19.5,26.5,129.5,22.683,1
Koida,17.4825,81.38666667,2021-07-24 09:00:00,25.0,40.0,51.0,144.0,22.663,1
Koida,17.4825,81.38666667,2021-07-24 22:00:00,3.0,29.0,51.0,136.0,22.664,1
Koida,17.4825,81.38666667,2021-07-24 23:00:00,1.0,29.0,48.5,128.0,22.658,1
Koida,17.4825,81.38666667,2021-07-25 18:00:00,3.0,7.0,47.0,128.5,22.657,1
Koida,17.4825,81.38666667,2021-07-25 23:00:00,1.0,5.0,34.0,122.5,22.655,1
Koida,17.4825,81.38666667,2021-07-26 00:00:00,4.0,8.0,37.0,120.0,22.655,1
Koida,17.4825,81.38666667,2021-07-26 05:00:00,0.5,5.5,12.5,114.0,22.655,1
Koida,17.4825,81.38666667,2021-07-28 20:00:00,2.0,6.5,11.5,114.0,22.66,1
Koida,17.4825,81.38666667,2021-07-28 22:00:00,0.5,3.0,11.0,112.0,22.656,1
Koida,17.4825,81.38666667,2021-07-28 23:00:00,5.0,7.5,13.0,112.5,22.655,1
Koida,17.4825,81.38666667,2021-07-30 11:00:00,8.5,14.0,20.5,116.5,22.655,1
Koida,17.4825,81.38666667,2021-07-30 20:00:00,0.5,14.0,17.0,113.0,22.666,1
Koida,17.4825,81.38666667,2021-08-04 10:00:00,1.0,10.0,17.5,109.0,22.656,1
Koida,17.4825,81.38666667,2021-08-04 11:00:00,14.5,16.0,30.0,114.0,22.658,1
Koida,17.4825,81.38666667,2021-08-04 12:00:00,12.0,27.5,41.5,113.5,22.666,1
Koida,17.4825,81.38666667,2021-08-05 17:00:00,1.0,27.5,37.5,111.5,22.667,1
Koida,17.4825,81.38666667,2021-08-06 00:00:00,1.5,14.5,30.5,112.5,22.656,1
Koida,17.4825,81.38666667,2021-08-06 01:00:00,0.5,3.0,30.5,111.0,22.655,1
Koida,17.4825,81.38666667,2021-08-06 02:00:00,21.0,23.0,50.5,131.5,22.655,1
Koida,17.4825,81.38666667,2021-08-06 03:00:00,4.5,26.0,40.5,133.0,22.657,1
Koida,17.4825,81.38666667,2021-08-06 04:00:00,3.0,28.5,31.5,132.5,22.657,1
Koida,17.4825,81.38666667,2021-08-07 01:00:00,0.5,8.0,31.0,128.5,22.662,1
Koida,17.4825,81.38666667,2021-08-08 21:00:00,2.5,6.0,32.0,117.0,22.655,1
Koida,17.4825,81.38666667,2021-08-08 22:00:00,0.5,3.5,32.0,116.5,22.656,1
Koida,17.4825,81.38666667,2021-08-08 23:00:00,0.5,3.5,11.5,92.0,22.655,1
Koida,17.4825,81.38666667,2021-08-09 02:00:00,0.5,1.5,7.5,89.5,22.655,1
Koida,17.4825,81.38666667,2021-08-10 02:00:00,82.5,83.5,87.0,171.0,22.656,1
Koida,17.4825,81.38666667,2021-08-10 03:00:00,6.5,89.5,93.0,174.5,22.661,1
Koida,17.4825,81.38666667,2021-08-10 04:00:00,3.0,92.0,93.5,176.5,22.658,1
Koida,17.4825,81.38666667,2021-08-10 09:00:00,0.5,10.0,93.5,173.0,22.657,1
Koida,17.4825,81.38666667,2021-08-12 18:00:00,0.5,4.0,93.5,173.0,22.658,1
Koida,17.4825,81.38666667,2021-08-13 16:00:00,0.5,1.5,93.5,171.5,22.655,1
Koida,17.4825,81.38666667,2021-08-14 09:00:00,20.0,21.0,31.0,191.0,22.656,1
Koida,17.4825,81.38666667,2021-08-14 11:00:00,11.5,32.0,36.0,197.5,22.662,1
Koida,17.4825,81.38666667,2021-08-14 12:00:00,1.5,33.0,34.5,190.5,22.661,1
Koida,17.4825,81.38666667,2021-08-14 15:00:00,2.0,15.0,36.0,192.0,22.6575,1
Koida,17.4825,81.38666667,2021-08-14 16:00:00,6.5,10.0,42.0,197.5,22.657,1
Koida,17.4825,81.38666667,2021-08-14 17:00:00,3.0,11.5,44.5,186.0,22.657,1
Koida,17.4825,81.38666667,2021-08-15 10:00:00,21.5,31.0,46.0,195.5,22.656,1
Koida,17.4825,81.38666667,2021-08-15 11:00:00,5.0,29.5,39.5,199.5,22.679,1
Koida,17.4825,81.38666667,2021-08-15 12:00:00,8.5,35.0,46.5,206.5,22.664,1
Koida,17.4825,81.38666667,2021-08-15 15:00:00,0.5,14.0,45.0,206.5,22.661,1
Koida,17.4825,81.38666667,2021-08-15 16:00:00,0.5,9.5,39.0,186.0,22.657,1
Koida,17.4825,81.38666667,2021-08-15 18:00:00,0.5,1.5,36.5,182.0,22.657,1
Koida,17.4825,81.38666667,2021-08-15 19:00:00,0.5,1.5,15.5,179.5,22.657,1
Koida,17.4825,81.38666667,2021-08-15 20:00:00,0.5,1.5,11.0,179.5,22.655,0
Koida,17.4825,81.38666667,2021-08-16 00:00:00,0.5,1.5,3.0,177.5,22.656,0
Koida,17.4825,81.38666667,2021-08-16 01:00:00,1.0,2.0,3.5,178.0,22.658,0
Koida,17.4825,81.38666667,2021-08-16 02:00:00,1.0,2.5,4.0,178.5,22.655,0
Koida,17.4825,81.38666667,2021-08-16 17:00:00,0.5,2.5,4.0,178.5,22.656,0
Koida,17.4825,81.38666667,2021-08-16 21:00:00,11.5,13.0,15.0,107.5,22.656,0
Koida,17.4825,81.38666667,2021-08-16 22:00:00,3.0,15.0,17.5,104.0,22.656,0
Koida,17.4825,81.38666667,2021-08-17 03:00:00,1.5,16.0,18.5,102.5,22.655,1
Koida,17.4825,81.38666667,2021-08-17 04:00:00,6.5,11.0,24.0,108.5,22.656,1
Koida,17.4825,81.38666667,2021-08-17 05:00:00,3.5,11.5,26.5,111.5,22.66,1
Koida,17.4825,81.38666667,2021-08-17 06:00:00,35.5,45.5,61.5,146.5,22.66,1
Koida,17.4825,81.38666667,2021-08-17 07:00:00,24.5,63.5,74.5,151.0,22.655,1
Koida,17.4825,81.38666667,2021-08-17 08:00:00,3.5,63.5,75.0,143.0,22.66,1
Koida,17.4825,81.38666667,2021-08-17 09:00:00,1.0,29.0,74.5,142.5,22.655,1
Koida,17.4825,81.38666667,2021-08-17 10:00:00,6.5,11.0,74.5,147.0,22.66,1
Koida,17.4825,81.38666667,2021-08-19 01:00:00,4.0,11.5,75.0,144.5,22.657,1
Koida,17.4825,81.38666667,2021-08-20 01:00:00,0.5,11.0,40.0,142.0,22.655,1
Koida,17.4825,81.38666667,2021-08-20 02:00:00,3.0,7.5,18.5,123.5,22.655,1
Koida,17.4825,81.38666667,2021-08-20 03:00:00,4.5,8.0,19.5,123.0,22.655,0
Koida,17.4825,81.38666667,2021-08-20 04:00:00,5.0,12.5,23.5,119.5,22.655,0
Koida,17.4825,81.38666667,2021-08-20 05:00:00,1.0,10.5,18.0,120.0,22.656,0
Koida,17.4825,81.38666667,2021-08-21 02:00:00,0.5,6.5,14.5,120.0,22.657,1
Koida,17.4825,81.38666667,2021-08-21 08:00:00,6.0,7.5,20.0,125.5,22.655,1
Koida,17.4825,81.38666667,2021-08-21 09:00:00,47.0,53.5,64.0,172.0,22.66,1
Koida,17.4825,81.38666667,2021-08-21 10:00:00,4.5,57.5,64.0,176.0,22.662,1
Koida,17.4825,81.38666667,2021-08-21 11:00:00,0.5,52.0,59.5,176.0,22.659,1
Koida,17.4825,81.38666667,2021-08-21 23:00:00,0.5,5.5,59.0,175.5,22.656,1
Koida,17.4825,81.38666667,2021-08-25 06:00:00,0.5,1.5,59.0,175.0,22.656,1
Koida,17.4825,81.38666667,2021-08-25 13:00:00,7.0,8.0,60.0,181.5,22.659,1
Koida,17.4825,81.38666667,2021-08-25 18:00:00,2.0,9.5,15.0,172.0,22.664,1
Koida,17.4825,81.38666667,2021-08-25 19:00:00,2.0,11.0,12.5,171.0,22.655,1
Koida,17.4825,81.38666667,2021-08-25 20:00:00,10.0,14.0,22.0,179.5,22.655,1
Koida,17.4825,81.38666667,2021-08-25 21:00:00,0.5,12.5,22.0,173.5,22.655,1
Koida,17.4825,81.38666667,2021-08-26 14:00:00,0.5,11.0,22.0,170.5,22.656,0
Koida,17.4825,81.38666667,2021-08-27 18:00:00,0.5,1.5,15.5,135.5,22.656,0
Koida,17.4825,81.38666667,2021-08-27 20:00:00,0.5,1.5,14.0,111.5,22.656,0
Koida,17.4825,81.38666667,2021-08-27 21:00:00,1.5,2.5,13.5,109.5,22.655,0
Koida,17.4825,81.38666667,2021-08-27 22:00:00,0.5,2.5,4.0,109.0,22.655,0
Koida,17.4825,81.38666667,2021-08-27 23:00:00,0.5,2.5,4.0,103.0,22.655,1
Koida,17.4825,81.38666667,2021-08-28 12:00:00,24.0,25.0,27.5,123.0,22.655,1
Koida,17.4825,81.38666667,2021-08-28 13:00:00,8.0,32.5,35.0,130.5,22.666,1
Koida,17.4825,81.38666667,2021-08-28 15:00:00,0.5,32.5,35.0,128.0,22.664,1
Koida,17.4825,81.38666667,2021-08-28 19:00:00,3.0,11.5,36.5,126.5,22.656,1
Koida,17.4825,81.38666667,2021-08-28 20:00:00,3.0,6.5,39.0,124.5,22.656,1
Koida,17.4825,81.38666667,2021-08-28 21:00:00,1.0,7.0,39.5,124.5,22.656,1
Koida,17.4825,81.38666667,2021-08-28 22:00:00,0.5,4.5,16.0,124.5,22.655,0
Koida,17.4825,81.38666667,2021-08-29 06:00:00,0.5,2.0,8.5,119.0,22.655,0
Koida,17.4825,81.38666667,2021-08-30 05:00:00,0.5,1.5,8.5,72.5,22.655,0
Koida,17.4825,81.38666667,2021-08-31 02:00:00,0.5,1.5,6.0,68.5,22.658,1
Koida,17.4825,81.38666667,2021-08-31 05:00:00,7.5,8.5,10.5,75.5,22.655,1
Koida,17.4825,81.38666667,2021-08-31 06:00:00,1.5,9.5,11.0,76.5,22.66,1
Koida,17.4825,81.38666667,2021-09-02 18:00:00,1.0,10.0,11.5,77.0,22.657,1
Koida,17.4825,81.38666667,2021-09-02 19:00:00,8.0,10.5,19.0,78.0,22.656,1
Koida,17.4825,81.38666667,2021-09-02 21:00:00,0.5,9.5,19.0,76.5,22.659,1
Koida,17.4825,81.38666667,2021-09-03 12:00:00,4.5,13.0,23.0,79.0,22.655,1
Koida,17.4825,81.38666667,2021-09-03 13:00:00,1.5,6.5,17.0,70.5,22.661,1
Koida,17.4825,81.38666667,2021-09-04 02:00:00,2.5,8.5,18.0,72.5,22.66,1
Koida,17.4825,81.38666667,2021-09-04 03:00:00,0.5,4.5,17.5,72.5,22.656,1
Koida,17.4825,81.38666667,2021-09-05 19:00:00,1.5,4.5,11.0,73.5,22.656,1
Koida,17.4825,81.38666667,2021-09-05 20:00:00,0.5,2.5,11.0,73.5,22.655,1
Koida,17.4825,81.38666667,2021-09-06 00:00:00,36.5,38.5,43.0,108.5,22.655,1
Koida,17.4825,81.38666667,2021-09-06 01:00:00,9.0,46.0,50.5,117.0,22.661,1
Koida,17.4825,81.38666667,2021-09-06 02:00:00,0.5,46.0,48.5,117.0,22.658,1
Koida,17.4825,81.38666667,2021-09-06 03:00:00,0.5,10.0,48.5,93.5,22.655,1
Koida,17.4825,81.38666667,2021-09-06 04:00:00,11.5,12.5,58.5,97.0,22.656,1
Koida,17.4825,81.38666667,2021-09-06 05:00:00,7.0,19.0,65.0,103.5,22.656,1
Koida,17.4825,81.38666667,2021-09-06 09:00:00,24.5,43.0,53.0,125.0,22.656,1
Koida,17.4825,81.38666667,2021-09-06 12:00:00,0.5,32.0,44.5,122.5,22.661,1
Koida,17.4825,81.38666667,2021-09-06 19:00:00,2.5,27.5,46.5,124.0,22.656,1
Koida,17.4825,81.38666667,2021-09-10 05:00:00,0.5,3.5,46.5,124.0,22.656,1
Koida,17.4825,81.38666667,2021-09-11 00:00:00,2.0,5.0,37.0,125.5,22.656,1
Koida,17.4825,81.38666667,2021-09-11 01:00:00,3.5,6.0,33.5,128.5,22.655,0
Koida,17.4825,81.38666667,2021-09-18 06:00:00,0.5,6.0,9.5,128.5,22.655,0
Koida,17.4825,81.38666667,2021-09-18 07:00:00,1.0,5.0,10.0,122.0,22.658,0
Koida,17.4825,81.38666667,2021-09-18 08:00:00,1.5,3.0,9.0,122.0,22.656,0
Koida,17.4825,81.38666667,2021-09-18 14:00:00,0.5,3.0,9.0,121.5,22.6565,1
Koida,17.4825,81.38666667,2021-09-20 12:00:00,7.0,9.0,14.0,120.5,22.655,1
Koida,17.4825,81.38666667,2021-09-22 08:00:00,31.0,38.5,41.5,151.0,22.667,1
Koida,17.4825,81.38666667,2021-09-23 01:00:00,0.5,38.5,41.5,147.0,22.672,1
Koida,17.4825,81.38666667,2021-09-23 07:00:00,51.5,83.0,92.0,197.0,22.655,1
Koida,17.4825,81.38666667,2021-09-23 08:00:00,5.0,57.0,95.5,199.5,22.682,1
Koida,17.4825,81.38666667,2021-09-23 09:00:00,1.0,57.5,96.0,200.0,22.672,1
Koida,17.4825,81.38666667,2021-09-23 10:00:00,1.5,7.5,90.5,200.0,22.667,1
Koida,17.4825,81.38666667,2021-09-23 22:00:00,16.0,18.5,75.5,215.5,22.658,1
Koida,17.4825,81.38666667,2021-09-24 14:00:00,0.5,18.0,75.5,179.5,22.656,1
Koida,17.4825,81.38666667,2021-09-25 05:00:00,2.5,19.0,26.5,173.0,22.656,1
Koida,17.4825,81.38666667,2021-09-26 08:00:00,0.5,3.5,22.0,173.0,22.657,0
Koida,17.4825,81.38666667,2021-09-26 15:00:00,4.5,7.5,25.5,177.0,22.658,0
Koida,17.4825,81.38666667,2021-09-26 16:00:00,1.5,6.5,25.5,167.0,22.656,0
Koida,17.4825,81.38666667,2021-09-26 17:00:00,5.5,11.5,15.0,165.5,22.656,0
Koida,17.4825,81.38666667,2021-09-26 18:00:00,6.0,13.0,20.5,147.0,22.656,0
Koida,17.4825,81.38666667,2021-09-26 19:00:00,15.0,26.5,33.0,161.5,22.656,1
Koida,17.4825,81.38666667,2021-09-26 20:00:00,138.5,159.5,171.0,297.5,22.656,1
Koida,17.4825,81.38666667,2021-09-26 22:00:00,0.5,154.0,167.0,297.5,22.659,1
Koida,17.4825,81.38666667,2021-09-26 23:00:00,3.5,142.5,169.0,299.0,22.655,1
Koida,17.4825,81.38666667,2021-09-27 00:00:00,7.0,11.0,170.5,302.5,22.655,1
Koida,17.4825,81.38666667,2021-09-27 01:00:00,61.0,71.5,225.5,363.0,22.656,1
Koida,17.4825,81.38666667,2021-09-27 02:00:00,38.0,106.0,248.5,400.0,22.657,0
Koida,17.4825,81.38666667,2021-09-27 03:00:00,61.5,160.5,171.5,460.0,22.656,0
Koida,17.4825,81.38666667,2021-09-27 04:00:00,20.0,119.5,191.0,479.5,22.656,1
Koida,17.4825,81.38666667,2021-09-27 05:00:00,6.5,88.0,194.0,479.0,22.656,1
Koida,17.4825,81.38666667,2021-09-27 07:00:00,3.5,30.0,190.5,451.5,22.663,1
Koida,17.4825,81.38666667,2021-09-27 08:00:00,0.5,10.5,130.0,451.5,22.657,1
Koida,17.4825,81.38666667,2021-09-27 17:00:00,29.0,33.0,121.0,429.0,22.663,1
Koida,17.4825,81.38666667,2021-09-27 20:00:00,3.5,33.0,63.0,427.5,22.658,1
Koida,17.4825,81.38666667,2021-09-29 03:00:00,17.5,50.0,60.5,444.0,22.656,1
Koida,17.4825,81.38666667,2021-10-03 09:00:00,5.5,26.5,59.5,448.0,22.658,1
Koida,17.4825,81.38666667,2021-10-04 09:00:00,3.5,26.5,59.5,435.5,22.657,0
Koida,17.4825,81.38666667,2021-10-04 12:00:00,1.0,10.0,60.0,436.0,22.656,0
Koida,17.4825,81.38666667,2021-10-04 13:00:00,0.5,5.0,31.5,434.0,22.655,0
Koida,17.4825,81.38666667,2021-10-05 14:00:00,0.5,2.0,28.5,434.0,22.655,1
Koida,17.4825,81.38666667,2021-10-29 08:00:00,6.5,7.5,17.5,436.0,22.656,1
Koida,17.4825,81.38666667,2021-10-29 09:00:00,40.0,47.0,52.0,474.5,22.665,1
Koida,17.4825,81.38666667,2021-10-29 13:00:00,6.5,53.0,55.0,475.5,22.661,1
Koida,17.4825,81.38666667,2021-10-29 14:00:00,0.5,47.0,54.5,470.0,22.662,1
Koida,17.4825,81.38666667,2021-10-30 10:00:00,0.5,7.5,54.5,455.5,22.659,1
Koida,17.4825,81.38666667,2021-10-30 12:00:00,3.5,4.5,57.5,320.5,22.656,1
Koida,17.4825,81.38666667,2021-11-12 01:00:00,0.5,4.5,51.5,320.5,22.655,1
Koida,17.4825,81.38666667,2021-11-19 00:00:00,1.0,5.0,12.5,318.0,22.655,1
Koida,17.4825,81.38666667,2021-11-19 03:00:00,0.5,2.0,6.5,311.5,22.655,0
Koida,17.4825,81.38666667,2021-11-19 04:00:00,4.5,6.0,10.5,255.0,22.656,0
Koida,17.4825,81.38666667,2021-11-19 05:00:00,4.5,9.5,14.5,221.5,22.655,0
Koida,17.4825,81.38666667,2021-11-28 18:00:00,0.5,9.5,11.5,160.5,22.655,0
Koida,17.4825,81.38666667,2021-11-28 20:00:00,0.5,5.5,11.5,141.0,22.656,0
Koida,17.4825,81.38666667,2021-11-28 21:00:00,1.5,2.5,12.0,136.0,22.655,0
Koida,17.4825,81.38666667,2021-11-28 22:00:00,0.5,2.5,12.0,133.0,22.655,0
Koida,17.4825,81.38666667,2021-11-29 11:00:00,0.5,2.5,8.0,133.0,22.655,0
Koida,17.4825,81.38666667,2021-12-09 10:00:00,4.0,5.0,7.5,108.0,22.656,0
Koida,17.4825,81.38666667,2021-12-09 11:00:00,0.5,5.0,7.5,105.0,22.655,0
Koida,17.4825,81.38666667,2021-12-17 13:00:00,0.5,5.0,7.5,88.0,22.655,0
Koida,17.4825,81.38666667,2021-12-31 13:00:00,15.5,16.5,21.5,98.0,22.655,0
Koida,17.4825,81.38666667,2022-01-13 12:00:00,0.5,16.5,21.5,95.0,22.655,0
Koida,17.4825,81.38666667,2022-01-13 13:00:00,4.0,20.0,25.0,98.0,22.655,0
Koida,17.4825,81.38666667,2022-03-21 16:00:00,24.0,28.5,45.0,121.5,22.655,0
Koida,17.4825,81.38666667,2022-03-21 17:00:00,2.5,30.5,47.0,123.5,22.655,0
Koida,17.4825,81.38666667,2022-03-21 18:00:00,1.0,27.5,47.5,118.0,22.655,0
Koida,17.4825,81.38666667,2022-03-23 14:00:00,2.5,6.0,34.5,80.5,22.655,0
Koida,17.4825,81.38666667,2022-04-25 10:00:00,1.5,5.0,35.5,75.5,22.655,0
Koida,17.4825,81.38666667,2022-05-10 10:00:00,0.5,4.5,32.0,75.5,22.655,0
Koida,17.4825,81.38666667,2022-05-10 12:00:00,0.5,2.5,8.5,75.5,22.655,0
Koida,17.4825,81.38666667,2022-05-11 01:00:00,3.5,4.5,9.5,75.5,22.655,0
Koida,17.4825,81.38666667,2022-05-11 02:00:00,1.0,5.0,9.5,76.0,22.655,0
Koida,17.4825,81.38666667,2022-05-11 04:00:00,0.5,5.0,7.5,75.5,22.655,0
Koida,17.4825,81.38666667,2022-05-11 11:00:00,1.0,2.5,7.0,76.0,22.655,0
Koida,17.4825,81.38666667,2022-05-11 12:00:00,0.5,2.0,7.0,72.0,22.655,0
Koida,17.4825,81.38666667,2022-05-11 14:00:00,0.5,2.0,7.0,68.0,22.655,0
Koida,17.4825,81.38666667,2022-05-12 01:00:00,0.5,1.5,4.0,68.0,22.655,0
Koida,17.4825,81.38666667,2022-05-12 06:00:00,0.5,1.5,3.5,68.0,22.655,0
Koida,17.4825,81.38666667,2022-05-12 07:00:00,0.5,1.5,3.5,67.0,22.655,0
Koida,17.4825,81.38666667,2022-05-12 09:00:00,0.5,1.5,3.0,67.0,22.655,0
Koida,17.4825,81.38666667,2022-05-12 10:00:00,0.5,1.5,3.0,67.0,22.655,0
Koida,17.4825,81.38666667,2022-06-16 02:00:00,0.5,1.5,3.0,63.5,22.655,0
Koida,17.4825,81.38666667,2022-06-20 06:00:00,0.5,1.5,3.0,63.5,22.655,0
Koida,17.4825,81.38666667,2022-06-22 03:00:00,0.5,1.5,3.0,63.5,22.655,0
Koida,17.4825,81.38666667,2022-06-24 02:00:00,0.5,1.5,3.0,48.5,22.655,0
Koida,17.4825,81.38666667,2022-06-25 03:00:00,0.5,1.5,3.0,48.5,22.655,0
Koida,17.4825,81.38666667,2022-06-26 03:00:00,0.5,1.5,3.0,45.0,22.655,0
Koida,17.4825,81.38666667,2022-06-27 00:00:00,0.5,1.5,3.0,21.5,22.655,0
Koida,17.4825,81.38666667,2022-06-29 04:00:00,0.5,1.5,3.0,19.5,22.655,0
Koida,17.4825,81.38666667,2022-06-30 08:00:00,0.5,1.5,3.0,19.0,22.655,0
Koida,17.4825,81.38666667,2022-06-30 14:00:00,0.5,1.5,3.0,17.0,22.655,0
Koida,17.4825,81.38666667,2022-07-01 10:00:00,0.5,1.5,3.0,16.0,22.655,0
Koida,17.4825,81.38666667,2022-07-02 00:00:00,0.5,1.5,3.0,16.0,22.655,0
Koida,17.4825,81.38666667,2022-07-02 05:00:00,0.5,1.5,3.0,16.0,22.655,0
Koida,17.4825,81.38666667,2022-07-02 11:00:00,0.5,1.5,3.0,13.0,22.655,0
Koida,17.4825,81.38666667,2022-07-03 00:00:00,0.5,1.5,3.0,12.5,22.655,0
Koida,17.4825,81.38666667,2022-07-03 03:00:00,4.0,5.0,6.5,16.0,22.655,0
Koida,17.4825,81.38666667,2022-07-04 00:00:00,0.5,5.0,6.5,15.5,22.655,0
Koida,17.4825,81.38666667,2022-07-04 01:00:00,4.0,8.5,10.0,19.0,22.655,0
Koida,17.4825,81.38666667,2022-07-04 02:00:00,3.5,8.0,13.0,22.0,22.655,0
Koida,17.4825,81.38666667,2022-07-04 19:00:00,12.5,20.0,25.0,34.0,22.655,0
Koida,17.4825,81.38666667,2022-07-05 22:00:00,2.0,18.0,26.5,35.5,22.655,0
Koida,17.4825,81.38666667,2022-07-05 23:00:00,2.0,16.5,24.5,37.0,22.655,0
Koida,17.4825,81.38666667,2022-07-06 00:00:00,4.5,8.5,28.5,41.0,22.655,0
Koida,17.4825,81.38666667,2022-07-06 01:00:00,1.5,8.0,26.0,42.0,22.655,0
Koida,17.4825,81.38666667,2022-07-06 02:00:00,1.0,7.0,23.5,42.5,22.655,0
Koida,17.4825,81.38666667,2022-07-06 03:00:00,0.5,3.0,11.5,42.5,22.655,0
Koida,17.4825,81.38666667,2022-07-06 10:00:00,0.5,2.0,10.0,42.5,22.655,0
Koida,17.4825,81.38666667,2022-07-06 16:00:00,12.0,13.0,20.0,54.0,22.655,0
Koida,17.4825,81.38666667,2022-07-06 19:00:00,0.5,13.0,16.0,54.0,22.655,0
Koida,17.4825,81.38666667,2022-07-07 15:00:00,12.0,24.5,26.5,65.5,22.655,0
Koida,17.4825,81.38666667,2022-07-08 00:00:00,1.0,13.5,26.5,66.0,22.655,0
Koida,17.4825,81.38666667,2022-07-08 01:00:00,2.5,15.5,28.5,68.0,22.655,0
Koida,17.4825,81.38666667,2022-07-08 03:00:00,14.0,17.5,42.0,81.5,22.655,0
Koida,17.4825,81.38666667,2022-07-08 05:00:00,13.5,30.0,43.5,94.5,22.655,0
Koida,17.4825,81.38666667,2022-07-08 07:00:00,12.5,40.0,55.5,106.5,22.655,0
Koida,17.4825,81.38666667,2022-07-08 08:00:00,8.0,34.0,51.5,114.0,22.655,0
Koida,17.4825,81.38666667,2022-07-08 09:00:00,0.5,21.0,51.0,114.0,22.655,0
Koida,17.4825,81.38666667,2022-07-08 11:00:00,4.5,13.0,53.0,118.0,22.655,1
Koida,17.4825,81.38666667,2022-07-08 12:00:00,4.0,9.0,43.0,121.5,22.655,1
Koida,17.4825,81.38666667,2022-07-08 14:00:00,0.5,9.0,30.0,118.0,926.655,1
Koida,17.4825,81.38666667,2022-07-08 16:00:00,0.5,5.0,18.0,118.0,22.655,1
Koida,17.4825,81.38666667,2022-07-08 20:00:00,0.5,1.5,10.5,114.5,22.655,1
Koida,17.4825,81.38666667,2022-07-08 21:00:00,14.5,15.5,24.5,125.5,22.655,1
Koida,17.4825,81.38666667,2022-07-08 22:00:00,17.0,32.0,37.0,130.0,22.655,1
Koida,17.4825,81.38666667,2022-07-08 23:00:00,1.0,32.5,34.0,129.0,23.138,1
Koida,17.4825,81.38666667,2022-07-09 00:00:00,7.0,25.0,40.5,134.0,22.655,1
Koida,17.4825,81.38666667,2022-07-09 03:00:00,2.0,10.0,42.0,131.5,22.655,1
Koida,17.4825,81.38666667,2022-07-09 04:00:00,2.5,11.5,44.0,132.5,22.655,1
Koida,17.4825,81.38666667,2022-07-09 05:00:00,0.5,5.0,30.0,132.0,22.655,0
Koida,17.4825,81.38666667,2022-07-09 06:00:00,3.0,6.0,16.0,134.5,22.655,1
Koida,17.4825,81.38666667,2022-07-09 08:00:00,2.5,6.0,17.5,136.5,22.655,1
Koida,17.4825,81.38666667,2022-07-09 09:00:00,0.5,6.0,11.0,125.0,23.425,1
Koida,17.4825,81.38666667,2022-07-09 11:00:00,3.5,6.5,12.5,128.0,22.655,1
Koida,17.4825,81.38666667,2022-07-09 17:00:00,26.0,30.0,36.0,142.0,22.655,1
Koida,17.4825,81.38666667,2022-07-09 23:00:00,1.0,30.5,36.5,142.0,22.655,1
Koida,17.4825,81.38666667,2022-07-10 00:00:00,20.0,47.0,53.5,159.5,22.655,0
Koida,17.4825,81.38666667,2022-07-10 01:00:00,14.5,35.5,65.5,160.0,22.655,0
Koida,17.4825,81.38666667,2022-07-10 03:00:00,1.0,35.5,66.0,147.5,22.655,0
Koida,17.4825,81.38666667,2022-07-11 01:00:00,1.5,17.0,64.0,136.5,22.655,0
Koida,17.4825,81.38666667,2022-07-11 03:00:00,0.5,3.0,38.5,129.0,22.655,0
Koida,17.4825,81.38666667,2022-07-11 06:00:00,6.5,8.5,44.0,135.0,22.655,0
Koida,17.4825,81.38666667,2022-07-11 09:00:00,0.5,7.5,24.5,131.0,22.655,0
Koida,17.4825,81.38666667,2022-07-11 12:00:00,18.0,25.0,28.0,145.0,22.655,1
Koida,17.4825,81.38666667,2022-07-11 13:00:00,8.5,27.0,35.5,153.0,22.655,1
Koida,17.4825,81.38666667,2022-07-11 14:00:00,6.5,33.0,40.5,159.0,70.655,1
Koida,17.4825,81.38666667,2022-07-11 15:00:00,1.5,16.5,41.5,160.0,22.655,1
Koida,17.4825,81.38666667,2022-07-11 17:00:00,16.5,24.5,51.5,162.0,22.655,1
Koida,17.4825,81.38666667,2022-07-11 22:00:00,13.0,31.0,64.0,158.0,25.655,1
Koida,17.4825,81.38666667,2022-07-12 00:00:00,3.5,33.0,49.5,160.5,22.655,1
Koida,17.4825,81.38666667,2022-07-12 01:00:00,3.0,19.5,44.0,156.5,22.655,1
Koida,17.4825,81.38666667,2022-07-12 03:00:00,0.5,7.0,38.0,155.0,22.655,1
Koida,17.4825,81.38666667,2022-07-12 05:00:00,4.5,8.0,41.0,157.0,22.655,0
Koida,17.4825,81.38666667,2022-07-12 06:00:00,6.0,11.0,30.5,162.5,22.655,0
Koida,17.4825,81.38666667,2022-07-12 07:00:00,5.5,16.0,23.0,165.0,22.655,0
Koida,17.4825,81.38666667,2022-07-12 08:00:00,4.0,15.5,23.5,166.5,22.655,0
Koida,17.4825,81.38666667,2022-07-12 09:00:00,3.5,13.0,24.0,169.5,22.655,0
Koida,17.4825,81.38666667,2022-07-12 10:00:00,31.0,38.5,54.5,197.0,22.655,0
Koida,17.4825,81.38666667,2022-07-12 11:00:00,12.0,46.5,62.0,183.0,22.655,0
Koida,17.4825,81.38666667,2022-07-12 12:00:00,3.5,46.5,59.5,185.5,22.655,0
Koida,17.4825,81.38666667,2022-07-12 13:00:00,2.0,17.5,56.0,167.5,22.655,0
Koida,17.4825,81.38666667,2022-07-12 14:00:00,2.5,8.0,54.5,155.5,22.655,0
Koida,17.4825,81.38666667,2022-07-13 03:00:00,2.5,7.0,53.5,157.0,22.655,0
Koida,17.4825,81.38666667,2022-07-13 04:00:00,0.5,5.5,23.0,156.0,22.655,0
Koida,17.4825,81.38666667,2022-07-13 07:00:00,3.0,6.0,14.0,158.5,22.655,0
Koida,17.4825,81.38666667,2022-07-13 08:00:00,6.5,10.0,17.0,158.5,22.655,0
Koida,17.4825,81.38666667,2022-07-13 09:00:00,2.0,11.5,17.0,160.0,22.655,1
Koida,17.4825,81.38666667,2022-07-13 11:00:00,1.5,10.0,16.0,143.5,22.655,1
Koida,17.4825,81.38666667,2022-07-13 12:00:00,1.0,4.5,14.5,136.0,22.679,1
Koida,17.4825,81.38666667,2022-07-13 14:00:00,1.5,4.0,15.5,131.0,22.655,1
Koida,17.4825,81.38666667,2022-07-13 20:00:00,0.5,3.0,13.0,130.0,46.655,1
Koida,17.4825,81.38666667,2022-07-13 21:00:00,1.0,3.0,7.5,114.5,22.655,1
Koida,17.4825,81.38666667,2022-07-13 22:00:00,0.5,2.0,6.0,102.0,22.655,1
Koida,17.4825,81.38666667,2022-07-14 09:00:00,6.0,7.5,10.5,104.5,22.655,1
Koida,17.4825,81.38666667,2022-07-14 10:00:00,5.0,11.5,14.5,106.5,22.655,1
Koida,17.4825,81.38666667,2022-07-14 11:00:00,0.5,11.5,13.5,106.5,22.847,1
Koida,17.4825,81.38666667,2022-07-26 08:00:00,247.5,253.0,260.5,349.5,22.655,1
Koida,17.4825,81.38666667,2022-07-26 09:00:00,357.0,605.0,616.5,700.5,22.655,1
Koida,17.4825,81.38666667,2022-07-26 10:00:00,186.5,791.0,802.5,881.5,22.655,1
Koida,17.4825,81.38666667,2022-07-27 07:00:00,1.0,544.5,797.5,878.5,22.655,0
Koida,17.4825,81.38666667,2022-07-27 14:00:00,0.5,188.0,793.0,875.5,22.655,0
Koida,17.4825,81.38666667,2022-07-27 15:00:00,120.5,122.0,913.0,965.0,22.655,0
Koida,17.4825,81.38666667,2022-07-27 18:00:00,231.5,352.5,897.0,1184.5,22.655,0
Koida,17.4825,81.38666667,2022-07-28 06:00:00,0.5,352.5,540.5,1181.5,22.655,0
Koida,17.4825,81.38666667,2022-07-29 20:00:00,448.5,680.5,802.5,1628.0,22.655,0
Koida,17.4825,81.38666667,2023-10-13 15:00:00,0.5,449.5,802.0,1626.0,22.655,0
Koida,17.4825,81.38666667,2023-10-13 16:00:00,0.5,449.5,802.0,1624.0,22.655,0
Koida,17.4825,81.38666667,2023-10-31 04:00:00,48.0,49.0,729.5,1671.5,22.655,0
Koida,17.4825,81.38666667,2023-11-05 11:00:00,53.0,101.5,551.0,1721.5,22.655,0
Koida,17.4825,81.38666667,2023-11-05 12:00:00,16.0,117.0,566.5,1731.0,22.655,0
Koida,17.4825,81.38666667,2023-11-06 02:00:00,0.5,69.5,118.5,1729.5,22.655,0
Koida,17.4825,81.38666667,2023-11-06 10:00:00,11.5,28.0,129.5,1739.5,22.655,0
Koida,17.4825,81.38666667,2023-11-07 13:00:00,3.0,15.0,132.0,1741.5,22.655,0
Koida,17.4825,81.38666667,2023-11-07 14:00:00,7.0,21.5,91.0,1747.0,22.655,0
Koida,17.4825,81.38666667,2023-11-07 15:00:00,7.0,17.0,45.0,1753.5,22.655,0
Koida,17.4825,81.38666667,2023-11-07 16:00:00,3.5,17.5,32.5,1756.0,22.655,0
Koida,17.4825,81.38666667,2023-11-07 17:00:00,3.5,14.0,35.5,1759.0,22.655,0
Koida,17.4825,81.38666667,2023-11-07 18:00:00,0.5,7.5,24.5,1753.5,22.655,0
Koida,17.4825,81.38666667,2023-11-07 21:00:00,0.5,4.5,22.0,1749.0,22.655,0
Koida,17.4825,81.38666667,2023-11-21 03:00:00,10.0,11.0,25.0,1758.5,22.655,0
Koida,17.4825,81.38666667,2023-11-21 09:00:00,0.5,11.0,18.5,1511.5,22.655,0
Koida,17.4825,81.38666667,2023-11-21 10:00:00,3.5,14.0,18.5,1158.0,22.655,0
Koida,17.4825,81.38666667,2023-12-04 06:00:00,0.5,4.5,15.5,972.0,22.655,0
Koida,17.4825,81.38666667,2023-12-04 07:00:00,0.5,4.5,15.5,971.5,22.655,0
Koida,17.4825,81.38666667,2023-12-04 08:00:00,0.5,1.5,15.5,971.5,22.655,0
Koida,17.4825,81.38666667,2023-12-04 09:00:00,0.5,1.5,6.0,851.5,22.655,0
Koida,17.4825,81.38666667,2023-12-04 10:00:00,1.0,2.0,6.5,621.0,22.655,0
Koida,17.4825,81.38666667,2023-12-04 11:00:00,7.0,8.5,10.0,627.5,22.655,0
Koida,17.4825,81.38666667,2023-12-04 12:00:00,1.5,9.5,11.0,180.5,22.655,0
Koida,17.4825,81.38666667,2023-12-04 13:00:00,0.5,9.0,11.0,180.5,22.655,0
Koida,17.4825,81.38666667,2023-12-04 22:00:00,1.0,3.0,11.5,181.0,22.655,0
Koida,17.4825,81.38666667,2023-12-04 23:00:00,0.5,2.0,11.5,133.5,22.655,0
Koida,17.4825,81.38666667,2023-12-05 00:00:00,2.0,3.5,12.5,82.5,22.655,0
Koida,17.4825,81.38666667,2023-12-05 01:00:00,1.5,4.0,7.0,68.0,22.655,0
Koida,17.4825,81.38666667,2023-12-05 02:00:00,3.5,7.0,9.0,71.0,22.655,0
Koida,17.4825,81.38666667,2023-12-05 03:00:00,5.5,10.5,14.0,65.0,22.655,0
Koida,17.4825,81.38666667,2023-12-05 04:00:00,38.0,47.0,51.0,100.0,22.655,0
Koida,17.4825,81.38666667,2023-12-05 05:00:00,6.5,50.0,57.0,99.5,22.655,0
Koida,17.4825,81.38666667,2023-12-05 06:00:00,7.0,51.5,62.0,99.5,22.655,0
Koida,17.4825,81.38666667,2023-12-05 07:00:00,9.0,22.5,69.5,105.0,22.655,0
Koida,17.4825,81.38666667,2023-12-05 08:00:00,9.0,25.0,75.0,110.5,22.655,0
Koida,17.4825,81.38666667,2023-12-05 09:00:00,8.5,26.5,78.0,118.5,22.655,0
Koida,17.4825,81.38666667,2023-12-05 10:00:00,18.5,36.0,58.5,136.5,22.655,0
Koida,17.4825,81.38666667,2023-12-05 11:00:00,32.0,59.0,84.0,158.5,22.655,0
Koida,17.4825,81.38666667,2023-12-05 13:00:00,1.0,51.5,78.0,159.0,22.655,0
Koida,17.4825,81.38666667,2023-12-05 14:00:00,1.0,34.0,70.0,156.5,22.655,0
Koida,17.4825,81.38666667,2023-12-05 15:00:00,4.0,6.0,65.0,160.0,22.655,0
Koida,17.4825,81.38666667,2023-12-05 16:00:00,10.0,15.0,66.5,169.5,22.655,0
Koida,17.4825,81.38666667,2023-12-05 17:00:00,26.0,40.0,74.0,195.0,22.655,0
Koida,17.4825,81.38666667,2023-12-05 18:00:00,129.5,165.5,171.5,324.0,22.655,0
Koida,17.4825,81.38666667,2023-12-05 19:00:00,31.5,187.0,202.0,354.5,22.655,0
Koida,17.4825,81.38666667,2023-12-05 20:00:00,2.5,163.5,203.5,350.0,22.655,0
Koida,17.4825,81.38666667,2023-12-05 21:00:00,40.5,74.5,240.0,389.0,22.655,0
Koida,17.4825,81.38666667,2023-12-05 22:00:00,37.5,80.5,267.5,426.0,22.655,0
Koida,17.4825,81.38666667,2023-12-05 23:00:00,1.5,79.5,243.0,426.5,22.655,0
Koida,17.4825,81.38666667,2023-12-06 00:00:00,0.5,39.5,114.0,426.5,22.655,0
Koida,17.4825,81.38666667,2023-12-06 01:00:00,1.0,3.0,83.5,425.5,22.655,0
Koida,17.4825,81.38666667,2023-12-06 02:00:00,4.5,6.0,85.5,428.5,22.655,0
Koida,17.4825,81.38666667,2023-12-06 03:00:00,2.5,8.0,47.5,427.5,22.655,0
Koida,17.4825,81.38666667,2023-12-06 04:00:00,8.5,15.5,18.5,430.5,22.655,0
Koida,17.4825,81.38666667,2023-12-06 05:00:00,2.0,13.0,19.0,394.5,22.655,0
Koida,17.4825,81.38666667,2023-12-12 03:00:00,0.5,11.0,19.0,388.5,22.655,1
Koida,17.4825,81.38666667,2023-12-13 23:00:00,426.0,428.5,444.0,807.5,22.655,1
Koida,17.4825,81.38666667,2023-12-14 00:00:00,341.5,768.0,781.0,1140.0,532.67,1
Koida,17.4825,81.38666667,2023-12-14 15:00:00,84.5,852.0,863.0,1215.5,532.67,1
Koida,17.4825,81.38666667,2023-12-14 23:00:00,0.5,426.5,855.0,1207.5,532.636,1
Koida,17.4825,81.38666667,2023-12-15 02:00:00,341.5,426.5,1194.5,1530.5,532.316,1
Koida,17.4825,81.38666667,2023-12-15 03:00:00,341.5,683.5,1535.5,1840.0,442.67,1
Koida,17.4825,81.38666667,2023-12-22 16:00:00,84.5,767.5,1194.0,1923.5,519.674,1
Koida,17.4825,81.38666667,2023-12-26 03:00:00,0.5,426.5,853.0,1923.0,881.862,1
Koida,17.4825,81.38666667,2023-12-28 01:00:00,0.5,85.5,769.0,1919.5,22.655,1
Koida,17.4825,81.38666667,2023-12-29 23:00:00,0.5,1.5,769.0,1910.0,22.655,1
Koida,17.4825,81.38666667,2023-12-30 00:00:00,0.5,1.5,428.0,1884.5,22.655,1
Koida,17.4825,81.38666667,2024-01-02 23:00:00,0.5,1.5,87.0,1755.5,22.655,0
Koida,17.4825,81.38666667,2024-01-03 00:00:00,0.5,1.5,3.0,1724.5,22.655,0
Koida,17.4825,81.38666667,2024-01-07 01:00:00,0.5,1.5,3.0,1722.5,22.655,0
Koida,17.4825,81.38666667,2024-01-12 09:00:00,383.0,384.0,385.5,2065.0,22.655,0
Koida,17.4825,81.38666667,2024-01-17 23:00:00,0.5,384.0,385.5,2028.0,22.655,0
Koida,17.4825,81.38666667,2024-01-27 13:00:00,0.5,384.0,385.5,2027.0,22.655,0
Koida,17.4825,81.38666667,2024-02-02 01:00:00,0.5,1.5,385.5,2027.0,22.655,0
Koida,17.4825,81.38666667,2024-02-04 03:00:00,0.5,1.5,385.5,2026.5,22.655,0
Koida,17.4825,81.38666667,2024-02-14 12:00:00,0.5,1.5,385.5,2022.5,22.655,0
Koida,17.4825,81.38666667,2024-02-14 13:00:00,0.5,1.5,3.0,2020.5,22.655,0
Koida,17.4825,81.38666667,2024-02-25 03:00:00,192.0,193.0,194.5,2204.0,22.655,0
Koida,17.4825,81.38666667,2024-04-12 10:00:00,0.5,193.0,194.5,2202.5,22.655,0
Koida,17.4825,81.38666667,2024-04-21 09:00:00,1.0,193.5,195.0,2203.0,22.655,0
Koida,17.4825,81.38666667,2024-04-21 11:00:00,0.5,2.0,195.0,1777.5,22.655,0
Koida,17.4825,81.38666667,2024-04-21 12:00:00,0.5,2.0,195.0,1436.5,22.655,0
Koida,17.4825,81.38666667,2024-04-21 15:00:00,0.5,1.5,195.0,1352.5,22.655,0
Koida,17.4825,81.38666667,2024-04-21 17:00:00,0.5,1.5,3.5,1352.5,22.655,0
Koida,17.4825,81.38666667,2024-04-22 00:00:00,0.5,1.5,3.5,1011.5,22.655,0
Koida,17.4825,81.38666667,2024-04-26 10:00:00,0.5,1.5,3.0,670.5,22.655,0
Koida,17.4825,81.38666667,2024-04-26 20:00:00,0.5,1.5,3.0,586.5,22.655,0
Koida,17.4825,81.38666667,2024-05-07 07:00:00,1.5,2.5,4.0,587.5,22.655,0
Koida,17.4825,81.38666667,2024-05-07 08:00:00,14.0,16.0,17.5,601.0,22.655,0
Koida,17.4825,81.38666667,2024-05-07 09:00:00,0.5,16.0,17.5,601.0,22.655,0
Koida,17.4825,81.38666667,2024-05-07 10:00:00,0.5,15.0,17.5,601.0,22.655,0
Koida,17.4825,81.38666667,2024-05-07 14:00:00,0.5,1.5,17.5,601.0,22.655,0
Koida,17.4825,81.38666667,2024-05-11 11:00:00,2.5,3.5,19.5,603.0,22.655,0
Koida,17.4825,81.38666667,2024-05-11 13:00:00,0.5,3.5,18.5,603.0,22.655,0
Koida,17.4825,81.38666667,2024-05-12 00:00:00,0.5,3.5,5.0,220.5,22.655,0
Koida,17.4825,81.38666667,2024-05-12 11:00:00,55.5,56.5,60.0,275.5,22.655,0
Koida,17.4825,81.38666667,2024-05-13 04:00:00,0.5,56.5,60.0,275.5,22.655,0
Koida,17.4825,81.38666667,2024-05-21 14:00:00,28.0,84.0,87.5,303.0,22.655,0
Koida,17.4825,81.38666667,2024-05-21 15:00:00,1.5,30.0,86.5,304.0,22.655,0
Koida,17.4825,81.38666667,2024-05-21 16:00:00,0.5,30.0,86.5,304.0,22.655,0
Koida,17.4825,81.38666667,2024-05-22 13:00:00,1.5,3.5,87.5,305.0,22.655,0
Koida,17.4825,81.38666667,2024-06-02 19:00:00,0.5,2.5,32.5,113.5,22.655,0
Koida,17.4825,81.38666667,2024-06-03 05:00:00,0.5,2.5,32.5,113.5,22.655,0
Koida,17.4825,81.38666667,2024-06-06 11:00:00,0.5,1.5,5.0,113.0,22.655,0
Koida,17.4825,81.38666667,2024-06-06 12:00:00,0.5,1.5,4.0,113.0,22.655,0
Koida,17.4825,81.38666667,2024-06-06 13:00:00,1.5,2.5,5.0,114.0,22.655,0
Koida,17.4825,81.38666667,2024-06-06 15:00:00,0.5,2.5,4.0,114.0,22.655,0
Koida,17.4825,81.38666667,2024-06-10 09:00:00,0.5,2.5,4.0,114.0,22.655,0
Koida,17.4825,81.38666667,2024-06-10 12:00:00,10.0,11.0,13.5,123.5,22.655,0
Koida,17.4825,81.38666667,2024-06-10 13:00:00,1.0,11.5,14.0,124.0,22.655,1
Koida,17.4825,81.38666667,2024-06-17 05:00:00,0.5,11.5,14.0,124.0,22.655,1
Koida,17.4825,81.38666667,2024-06-18 03:00:00,341.5,343.0,354.0,464.0,532.636,1
Koida,17.4825,81.38666667,2024-07-04 20:00:00,2.0,344.0,355.5,452.0,532.636,1
Koida,17.4825,81.38666667,2024-07-04 21:00:00,2.0,345.5,357.0,453.5,22.655,1
Koida,17.4825,81.38666667,2024-07-06 04:00:00,0.5,4.5,347.5,453.5,22.655,1
Koida,17.4825,81.38666667,2024-07-06 05:00:00,0.5,3.0,347.0,453.5,22.655,1
Koida,17.4825,81.38666667,2024-07-09 13:00:00,64.0,65.0,410.5,515.0,22.655,0
Koida,17.4825,81.38666667,2024-07-09 14:00:00,64.0,128.5,133.0,578.5,22.655,0
Koida,17.4825,81.38666667,2024-07-11 21:00:00,87.0,215.0,218.0,665.0,22.655,0
Koida,17.4825,81.38666667,2024-07-12 01:00:00,0.5,151.5,216.5,610.0,22.655,0
Koida,17.4825,81.38666667,2024-07-12 19:00:00,2.5,90.0,218.5,612.0,22.655,0
Koida,17.4825,81.38666667,2024-07-12 20:00:00,2.5,5.5,220.5,586.5,22.655,0
Koida,17.4825,81.38666667,2024-07-14 20:00:00,0.5,5.5,157.0,585.5,22.655,0
Koida,17.4825,81.38666667,2024-07-15 06:00:00,1.0,4.0,94.0,586.0,22.655,0
Koida,17.4825,81.38666667,2024-07-15 07:00:00,1.0,2.5,8.0,585.5,22.655,0
Koida,17.4825,81.38666667,2024-07-15 19:00:00,0.5,2.5,8.0,585.5,22.655,0
Koida,17.4825,81.38666667,2024-07-15 20:00:00,10.0,11.5,15.5,595.0,22.655,0
Koida,17.4825,81.38666667,2024-07-15 23:00:00,0.5,11.0,13.5,595.0,22.655,0
Koida,17.4825,81.38666667,2024-07-16 01:00:00,6.0,16.5,19.0,600.5,22.655,0
Koida,17.4825,81.38666667,2024-07-16 02:00:00,6.0,12.5,24.0,605.0,22.655,1
Koida,17.4825,81.38666667,2024-07-16 05:00:00,86.0,98.0,109.0,690.5,22.655,1
Koida,17.4825,81.38666667,2024-07-16 23:00:00,2.0,94.0,110.5,692.0,46.655,1
Koida,17.4825,81.38666667,2024-07-17 00:00:00,10.5,98.5,111.0,692.5,22.655,1
Koida,17.4825,81.38666667,2024-07-17 01:00:00,10.5,23.0,121.0,702.0,22.655,1
Koida,17.4825,81.38666667,2024-07-17 02:00:00,12.0,33.0,127.0,713.5,22.655,1
Koida,17.4825,81.38666667,2024-07-17 03:00:00,3.0,25.5,124.0,375.0,22.655,0
Koida,17.4825,81.38666667,2024-07-18 02:00:00,3.0,18.0,41.0,376.0,22.655,0
Koida,17.4825,81.38666667,2024-07-18 03:00:00,3.0,9.0,42.0,377.0,22.655,0
Koida,17.4825,81.38666667,2024-07-18 05:00:00,118.5,124.5,150.0,495.0,22.655,0
Koida,17.4825,81.38666667,2024-07-18 06:00:00,118.5,240.0,258.0,613.0,22.655,0
Koida,17.4825,81.38666667,2024-07-24 00:00:00,0.5,237.5,246.5,549.5,22.655,0
Koida,17.4825,81.38666667,2024-07-24 01:00:00,0.5,119.5,244.0,486.0,22.655,0
Koida,17.4825,81.38666667,2024-07-24 04:00:00,1.5,2.5,242.5,400.5,22.655,0
Koida,17.4825,81.38666667,2024-07-24 05:00:00,2.0,4.0,241.5,402.0,22.655,0
Koida,17.4825,81.38666667,2024-07-24 22:00:00,0.5,4.0,123.5,400.0,22.655,0
Koida,17.4825,81.38666667,2024-07-24 23:00:00,0.5,3.0,5.5,398.0,22.655,0
Koida,17.4825,81.38666667,2024-07-25 19:00:00,1.0,2.0,6.0,398.5,22.655,0
Koida,17.4825,81.38666667,2024-07-25 20:00:00,1.5,3.0,7.0,399.0,22.655,0
Koida,17.4825,81.38666667,2024-07-26 14:00:00,2.0,4.5,7.5,400.0,22.655,0
Koida,17.4825,81.38666667,2024-07-26 15:00:00,2.0,5.5,7.5,401.5,22.655,0
Koida,17.4825,81.38666667,2024-07-26 19:00:00,28.0,32.0,35.0,419.5,22.655,0
Koida,17.4825,81.38666667,2024-07-26 20:00:00,28.0,58.0,62.5,447.0,22.655,0
Koida,17.4825,81.38666667,2024-07-26 21:00:00,13.0,69.0,74.5,454.0,22.655,0
Koida,17.4825,81.38666667,2024-07-26 22:00:00,13.0,54.0,86.0,461.0,22.655,0
Koida,17.4825,81.38666667,2024-07-26 23:00:00,23.0,49.0,107.0,398.0,22.655,0
Koida,17.4825,81.38666667,2024-07-27 00:00:00,16.0,52.0,121.0,412.0,22.655,0
Koida,17.4825,81.38666667,2024-07-27 06:00:00,1.5,40.5,94.5,403.0,22.655,0
Koida,17.4825,81.38666667,2024-07-27 07:00:00,1.5,19.0,68.0,394.0,22.655,0
Koida,17.4825,81.38666667,2024-07-27 19:00:00,0.5,3.5,55.5,382.5,22.655,0
Koida,17.4825,81.38666667,2024-07-27 20:00:00,0.5,2.5,43.0,380.0,22.655,0
Koida,17.4825,81.38666667,2024-07-27 22:00:00,0.5,1.5,20.5,377.5,22.655,0
Koida,17.4825,81.38666667,2024-07-27 23:00:00,8.0,9.0,12.5,382.5,22.655,0
Koida,17.4825,81.38666667,2024-07-28 00:00:00,0.5,9.0,11.5,264.5,22.655,0
Koida,17.4825,81.38666667,2024-07-28 01:00:00,0.5,9.0,10.5,146.5,22.655,0
Koida,17.4825,81.38666667,2024-07-28 02:00:00,5.0,6.0,15.0,151.0,22.655,0
Koida,17.4825,81.38666667,2024-07-28 03:00:00,1.5,7.0,16.0,152.0,22.655,0
Koida,17.4825,81.38666667,2024-07-28 06:00:00,1.0,7.5,16.5,151.5,22.655,0
Koida,17.4825,81.38666667,2024-07-28 07:00:00,1.0,3.5,9.5,150.5,22.655,0
Koida,17.4825,81.38666667,2024-07-28 08:00:00,1.5,3.5,10.5,151.5,22.655,0
Koida,17.4825,81.38666667,2024-07-28 09:00:00,1.5,4.0,11.5,152.5,22.655,0
Koida,17.4825,81.38666667,2024-07-28 21:00:00,1.5,4.5,8.0,153.0,22.655,0
Koida,17.4825,81.38666667,2024-07-28 22:00:00,0.5,3.5,7.0,152.0,22.655,0
Koida,17.4825,81.38666667,2024-07-28 23:00:00,1.5,3.5,7.5,151.5,22.655,0
Koida,17.4825,81.38666667,2024-07-29 18:00:00,6.0,8.0,12.5,155.5,22.655,0
Koida,17.4825,81.38666667,2024-07-29 19:00:00,6.0,13.5,17.0,133.5,22.655,0
Koida,17.4825,81.38666667,2024-07-29 20:00:00,0.5,12.5,16.0,106.0,22.655,0
Koida,17.4825,81.38666667,2024-07-29 21:00:00,0.5,7.0,15.0,93.5,22.655,0
Koida,17.4825,81.38666667,2024-07-29 22:00:00,0.5,1.5,15.0,81.0,22.655,0
Koida,17.4825,81.38666667,2024-07-29 23:00:00,5.5,6.5,19.0,63.5,22.655,0
Koida,17.4825,81.38666667,2024-07-30 00:00:00,9.5,15.5,22.5,57.0,22.655,0
Koida,17.4825,81.38666667,2024-07-30 01:00:00,0.5,15.5,17.0,56.0,22.655,0
Koida,17.4825,81.38666667,2024-07-30 02:00:00,1.0,11.0,17.5,55.5,22.655,0
Koida,17.4825,81.38666667,2024-07-30 03:00:00,0.5,2.0,17.5,55.5,22.655,0
Koida,17.4825,81.38666667,2024-07-30 05:00:00,0.5,2.0,17.5,55.5,22.655,0
Koida,17.4825,81.38666667,2024-07-30 22:00:00,1.0,2.0,13.0,56.0,22.655,0
Koida,17.4825,81.38666667,2024-07-30 23:00:00,10.5,12.0,14.0,58.5,22.655,0
Koida,17.4825,81.38666667,2024-07-31 01:00:00,0.5,12.0,14.0,58.5,22.655,0
Koida,17.4825,81.38666667,2024-07-31 02:00:00,0.5,11.5,13.5,58.5,22.655,0
Koida,17.4825,81.38666667,2024-07-31 09:00:00,3.0,4.0,16.0,56.5,22.655,0
Koida,17.4825,81.38666667,2024-07-31 23:00:00,9.0,12.5,24.5,64.0,22.655,0
Koida,17.4825,81.38666667,2024-08-01 00:00:00,9.0,21.0,32.5,72.0,22.655,0
Koida,17.4825,81.38666667,2024-08-01 01:00:00,10.5,28.5,32.5,81.5,22.655,0
Koida,17.4825,81.38666667,2024-08-01 02:00:00,30.0,49.5,62.0,110.0,22.655,0
Koida,17.4825,81.38666667,2024-08-01 03:00:00,2.5,43.0,64.0,111.0,22.655,0
Koida,17.4825,81.38666667,2024-08-01 04:00:00,1.0,33.5,62.0,110.5,22.655,0
Koida,17.4825,81.38666667,2024-08-01 08:00:00,0.5,4.0,53.5,110.5,22.655,0
Koida,17.4825,81.38666667,2024-08-01 13:00:00,7.5,9.0,52.0,116.5,22.655,0
Koida,17.4825,81.38666667,2024-08-01 19:00:00,87.5,95.5,129.0,198.0,22.655,0
Koida,17.4825,81.38666667,2024-08-01 20:00:00,43.0,138.0,142.0,235.0,22.655,0
Koida,17.4825,81.38666667,2024-08-01 21:00:00,11.5,142.0,151.0,246.0,22.655,0
Koida,17.4825,81.38666667,2024-08-01 22:00:00,0.5,55.0,150.5,246.0,22.655,0
Koida,17.4825,81.38666667,2024-08-01 23:00:00,26.0,38.0,176.0,271.5,22.655,0
Koida,17.4825,81.38666667,2024-08-02 00:00:00,3.0,29.5,171.5,269.0,22.655,0
Koida,17.4825,81.38666667,2024-08-02 06:00:00,0.5,29.5,84.5,260.0,22.655,0
Koida,17.4825,81.38666667,2024-08-03 07:00:00,0.5,4.0,42.0,260.0,22.655,0
Koida,17.4825,81.38666667,2024-08-03 12:00:00,26.0,27.0,56.5,285.0,22.655,0
Koida,17.4825,81.38666667,2024-08-03 13:00:00,30.0,56.5,86.0,314.5,22.655,0
Koida,17.4825,81.38666667,2024-08-03 14:00:00,2.5,58.5,62.5,316.5,22.655,0
Koida,17.4825,81.38666667,2024-08-03 15:00:00,2.5,35.0,62.0,318.0,22.655,0
Koida,17.4825,81.38666667,2024-08-04 04:00:00,0.5,5.5,62.0,308.0,22.655,0
Koida,17.4825,81.38666667,2024-08-04 22:00:00,0.5,3.5,62.0,308.0,22.655,0
Koida,17.4825,81.38666667,2024-08-04 23:00:00,0.5,1.5,36.5,308.0,22.655,0
Koida,17.4825,81.38666667,2024-08-05 03:00:00,0.5,1.5,7.0,305.5,22.655,0
Koida,17.4825,81.38666667,2024-08-05 08:00:00,7.0,8.0,11.5,303.5,22.655,0
Koida,17.4825,81.38666667,2024-08-05 09:00:00,0.5,8.0,9.5,295.0,22.655,0
Koida,17.4825,81.38666667,2024-08-05 14:00:00,16.0,23.5,25.0,300.5,22.655,0
Koida,17.4825,81.38666667,2024-08-05 17:00:00,0.5,17.0,25.0,271.0,22.655,0
Koida,17.4825,81.38666667,2024-08-05 23:00:00,4.0,20.5,28.5,272.5,22.655,0
Koida,17.4825,81.38666667,2024-08-06 00:00:00,0.5,5.0,28.5,272.0,22.655,0
Koida,17.4825,81.38666667,2024-08-06 01:00:00,7.5,12.0,29.0,279.0,22.655,0
Koida,17.4825,81.38666667,2024-08-06 02:00:00,2.0,10.0,30.5,273.5,22.655,0
Koida,17.4825,81.38666667,2024-08-06 03:00:00,2.5,12.0,17.0,188.5,22.655,0
Koida,17.4825,81.38666667,2024-08-06 04:00:00,2.5,7.0,19.0,148.0,22.655,0
Koida,17.4825,81.38666667,2024-08-06 05:00:00,2.5,7.5,17.5,139.0,22.655,0
Koida,17.4825,81.38666667,2024-08-06 06:00:00,0.5,5.5,17.5,139.0,22.655,0
Koida,17.4825,81.38666667,2024-08-06 09:00:00,0.5,3.5,10.5,113.5,22.655,0
Koida,17.4825,81.38666667,2024-08-06 11:00:00,1.0,2.0,9.5,111.5,22.655,0
Koida,17.4825,81.38666667,2024-08-06 13:00:00,0.5,2.0,7.5,111.5,22.655,0
Koida,17.4825,81.38666667,2024-08-06 20:00:00,3.5,5.0,8.5,114.5,22.655,0
Koida,17.4825,81.38666667,2024-08-07 01:00:00,0.5,4.5,6.5,89.0,22.655,0
Koida,17.4825,81.38666667,2024-08-07 02:00:00,15.5,19.5,21.5,74.5,22.655,0
Koida,17.4825,81.38666667,2024-08-07 03:00:00,62.0,78.0,83.0,134.0,22.655,0
Koida,17.4825,81.38666667,2024-08-07 04:00:00,30.0,107.5,112.0,161.5,22.655,0
Koida,17.4825,81.38666667,2024-08-07 05:00:00,30.0,122.0,141.5,191.0,22.655,0
Koida,17.4825,81.38666667,2024-08-07 07:00:00,23.0,83.0,161.0,213.5,22.655,0
Koida,17.4825,81.38666667,2024-08-07 08:00:00,4.5,57.5,165.0,217.5,22.655,0
Koida,17.4825,81.38666667,2024-08-07 09:00:00,0.5,28.0,150.0,217.5,22.655,0
Koida,17.4825,81.38666667,2024-08-07 10:00:00,2.0,7.0,90.0,212.5,22.655,0
Koida,17.4825,81.38666667,2024-08-07 11:00:00,1.5,4.0,61.5,213.5,22.655,0
Koida,17.4825,81.38666667,2024-08-07 12:00:00,2.5,6.0,34.0,200.0,22.655,0
Koida,17.4825,81.38666667,2024-08-07 13:00:00,4.0,8.0,15.0,203.5,22.655,0
Koida,17.4825,81.38666667,2024-08-07 14:00:00,3.5,10.0,14.0,203.0,22.655,0
Koida,17.4825,81.38666667,2024-08-07 15:00:00,1.0,8.5,14.5,203.5,22.655,0
Koida,17.4825,81.38666667,2024-08-07 17:00:00,0.5,5.0,13.0,196.5,22.655,0
Koida,17.4825,81.38666667,2024-08-07 18:00:00,0.5,2.0,12.0,195.0,22.655,0
Koida,17.4825,81.38666667,2024-08-07 19:00:00,0.5,1.5,10.0,193.0,22.655,0
Koida,17.4825,81.38666667,2024-08-07 21:00:00,17.0,18.0,23.0,207.5,22.655,0
Koida,17.4825,81.38666667,2024-08-07 22:00:00,30.0,47.5,49.5,235.0,22.655,0
Koida,17.4825,81.38666667,2024-08-07 23:00:00,79.0,126.0,127.5,313.5,22.655,0
Koida,17.4825,81.38666667,2024-08-08 00:00:00,8.0,117.0,135.0,321.0,22.655,0
Koida,17.4825,81.38666667,2024-08-08 01:00:00,0.5,87.5,135.0,320.5,22.655,0
Koida,17.4825,81.38666667,2024-08-08 02:00:00,0.5,9.0,135.0,320.5,22.655,0
Koida,17.4825,81.38666667,2024-08-08 07:00:00,3.5,4.5,121.5,320.5,22.655,0
Koida,17.4825,81.38666667,2024-08-08 08:00:00,0.5,4.5,92.0,320.5,22.655,0
Koida,17.4825,81.38666667,2024-08-08 11:00:00,0.5,4.5,13.5,305.5,22.655,0
Koida,17.4825,81.38666667,2024-08-08 14:00:00,0.5,1.5,6.0,244.0,22.655,0
Koida,17.4825,81.38666667,2024-08-08 15:00:00,3.0,4.0,8.5,217.0,22.655,0
Koida,17.4825,81.38666667,2024-08-09 04:00:00,0.5,4.0,8.5,187.5,22.655,0
Koida,17.4825,81.38666667,2024-08-20 01:00:00,0.5,4.0,5.5,165.0,22.655,0
Koida,17.4825,81.38666667,2024-08-20 04:00:00,0.5,1.5,5.5,161.0,22.655,0
Koida,17.4825,81.38666667,2024-08-23 00:00:00,0.5,1.5,5.5,161.0,22.655,0
Koida,17.4825,81.38666667,2024-08-23 08:00:00,0.5,1.5,5.5,159.5,22.655,0
Koida,17.4825,81.38666667,2024-08-24 03:00:00,16.5,17.5,19.0,174.5,22.655,0
Koida,17.4825,81.38666667,2024-08-24 04:00:00,0.5,17.5,19.0,172.5,22.655,0
Koida,17.4825,81.38666667,2024-08-24 08:00:00,0.5,17.5,19.0,169.0,22.655,0
Koida,17.4825,81.38666667,2024-08-25 09:00:00,0.5,1.5,19.0,166.0,22.655,0
Koida,17.4825,81.38666667,2024-08-25 19:00:00,15.0,16.0,33.5,180.0,22.655,0
Koida,17.4825,81.38666667,2024-08-25 20:00:00,0.5,16.0,33.5,180.0,22.655,0
Koida,17.4825,81.38666667,2024-08-25 22:00:00,0.5,16.0,17.5,180.0,22.655,0
Koida,17.4825,81.38666667,2024-08-27 20:00:00,0.5,1.5,17.5,180.0,22.655,0
Koida,17.4825,81.38666667,2024-08-29 07:00:00,4.5,5.5,21.5,167.5,22.655,0
Koida,17.4825,81.38666667,2024-08-29 08:00:00,61.0,66.0,82.0,198.5,22.655,0
Koida,17.4825,81.38666667,2024-08-29 09:00:00,6.5,72.0,73.5,126.0,22.655,0
Koida,17.4825,81.38666667,2024-08-29 10:00:00,6.5,74.0,79.5,124.5,22.655,0
Koida,17.4825,81.38666667,2024-08-29 11:00:00,9.0,22.0,88.0,133.0,22.655,0
Koida,17.4825,81.38666667,2024-08-29 12:00:00,11.5,27.0,99.0,144.0,22.655,0
Koida,17.4825,81.38666667,2024-08-29 13:00:00,1.5,22.0,96.0,142.0,22.655,0
Koida,17.4825,81.38666667,2024-08-29 21:00:00,0.5,13.5,35.5,142.0,22.655,0
Koida,17.4825,81.38666667,2024-08-30 09:00:00,1.0,3.0,30.0,142.5,22.655,0
Koida,17.4825,81.38666667,2024-08-30 12:00:00,1.0,2.5,24.5,143.0,22.655,0
Koida,17.4825,81.38666667,2024-08-30 13:00:00,2.0,4.0,17.5,142.0,22.655,0
Koida,17.4825,81.38666667,2024-08-30 14:00:00,1.0,4.0,7.0,142.5,22.655,0
Koida,17.4825,81.38666667,2024-08-30 15:00:00,7.0,10.0,12.5,149.0,22.655,0
Koida,17.4825,81.38666667,2024-08-30 16:00:00,3.5,11.5,15.5,152.0,22.655,0
Koida,17.4825,81.38666667,2024-08-30 17:00:00,32.5,43.0,47.0,184.0,22.655,0
Koida,17.4825,81.38666667,2024-08-30 18:00:00,26.0,62.0,72.0,209.5,22.655,0
Koida,17.4825,81.38666667,2024-08-30 22:00:00,0.5,59.0,70.5,193.5,22.655,0
Koida,17.4825,81.38666667,2024-08-31 02:00:00,13.0,39.5,82.5,206.0,22.655,0
Koida,17.4825,81.38666667,2024-08-31 03:00:00,23.5,37.0,99.0,229.0,22.655,0
Koida,17.4825,81.38666667,2024-08-31 04:00:00,21.5,58.0,117.0,250.0,22.655,0
Koida,17.4825,81.38666667,2024-08-31 09:00:00,0.5,45.5,85.0,235.5,22.655,0
Koida,17.4825,81.38666667,2024-08-31 10:00:00,0.5,22.5,59.5,235.5,22.655,0
Koida,17.4825,81.38666667,2024-08-31 11:00:00,63.0,64.0,122.0,298.0,22.655,0
Koida,17.4825,81.38666667,2024-08-31 12:00:00,38.0,101.5,147.0,335.5,22.655,0
Koida,17.4825,81.38666667,2024-08-31 13:00:00,0.5,101.5,124.0,331.5,22.655,0
Koida,17.4825,81.38666667,2024-08-31 14:00:00,10.0,48.5,112.5,280.5,22.655,0
Koida,17.4825,81.38666667,2024-08-31 15:00:00,23.0,33.5,135.0,297.0,22.655,0
Koida,17.4825,81.38666667,2024-08-31 16:00:00,47.0,80.0,181.5,337.5,22.655,0
Koida,17.4825,81.38666667,2024-08-31 17:00:00,47.0,117.0,165.5,375.5,22.655,0
Koida,17.4825,81.38666667,2024-08-31 18:00:00,2.5,96.5,130.0,366.5,22.655,0
Koida,17.4825,81.38666667,2024-08-31 19:00:00,2.5,52.0,132.0,367.5,22.655,0
Koida,17.4825,81.38666667,2024-08-31 23:00:00,1.0,6.0,123.0,368.0,22.655,0
Koida,17.4825,81.38666667,2024-09-01 00:00:00,1.0,4.5,101.0,368.0,22.655,0
Koida,17.4825,81.38666667,2024-09-01 05:00:00,0.5,2.5,54.5,367.5,22.655,0
Koida,17.4825,81.38666667,2024-09-01 11:00:00,12.5,14.0,20.0,378.0,22.655,0
Koida,17.4825,81.38666667,2024-09-01 12:00:00,7.5,20.5,25.0,384.5,22.655,0
Koida,17.4825,81.38666667,2024-09-01 13:00:00,0.5,20.5,23.0,378.0,22.655,0
Koida,17.4825,81.38666667,2024-09-01 14:00:00,0.5,8.5,22.5,375.0,22.655,0
Koida,17.4825,81.38666667,2024-09-02 15:00:00,0.5,1.5,22.0,343.0,22.655,0
Koida,17.4825,81.38666667,2024-09-03 04:00:00,0.5,1.5,22.0,317.5,22.655,0
Koida,17.4825,81.38666667,2024-09-03 10:00:00,2.0,3.0,11.5,319.0,22.655,0
Koida,17.4825,81.38666667,2024-09-03 14:00:00,0.5,3.0,4.5,306.5,22.655,0
Koida,17.4825,81.38666667,2024-09-03 16:00:00,0.5,3.0,4.5,283.5,22.655,0
Koida,17.4825,81.38666667,2024-09-03 20:00:00,1.0,2.0,5.0,263.0,22.655,0
Koida,17.4825,81.38666667,2024-09-03 21:00:00,1.0,2.5,5.5,263.5,22.655,0
Koida,17.4825,81.38666667,2024-09-04 00:00:00,7.0,9.0,12.0,270.0,22.655,0
Koida,17.4825,81.38666667,2024-09-04 01:00:00,39.5,47.5,49.5,246.5,22.655,0
Koida,17.4825,81.38666667,2024-09-04 02:00:00,41.5,88.0,90.5,250.0,22.655,0
Koida,17.4825,81.38666667,2024-09-04 03:00:00,11.0,92.0,101.0,260.5,22.655,0
Koida,17.4825,81.38666667,2024-09-04 04:00:00,33.0,85.5,133.0,283.5,22.655,0
Koida,17.4825,81.38666667,2024-09-04 05:00:00,23.0,67.0,155.0,283.5,22.655,0
Koida,17.4825,81.38666667,2024-09-04 06:00:00,0.5,56.5,148.5,237.0,22.655,0
Koida,17.4825,81.38666667,2024-09-04 08:00:00,3.0,26.5,112.0,193.0,22.655,0
Koida,17.4825,81.38666667,2024-09-04 09:00:00,7.0,10.5,77.5,197.5,22.655,0
Koida,17.4825,81.38666667,2024-09-04 10:00:00,7.0,17.0,73.5,202.0,22.655,0
Koida,17.4825,81.38666667,2024-09-04 11:00:00,2.5,16.5,43.0,203.5,22.655,0
Koida,17.4825,81.38666667,2024-09-04 18:00:00,0.5,10.0,20.5,203.0,22.655,0
Koida,17.4825,81.38666667,2024-09-04 22:00:00,117.0,120.0,137.0,319.5,22.655,0
Koida,17.4825,81.38666667,2024-09-04 23:00:00,25.0,142.5,159.0,332.0,22.655,0
Koida,17.4825,81.38666667,2024-09-05 00:00:00,17.5,159.5,169.5,342.0,22.655,0
Koida,17.4825,81.38666667,2024-09-05 01:00:00,10.0,52.5,172.5,351.5,22.655,0
Koida,17.4825,81.38666667,2024-09-05 02:00:00,8.5,36.0,178.5,359.5,22.655,0
Koida,17.4825,81.38666667,2024-09-05 03:00:00,11.0,29.5,189.0,370.0,22.655,0
Koida,17.4825,81.38666667,2024-09-05 04:00:00,1.5,21.0,73.5,371.0,22.655,0
Koida,17.4825,81.38666667,2024-09-05 05:00:00,0.5,13.0,49.0,369.5,22.655,0
Koida,17.4825,81.38666667,2024-09-05 08:00:00,0.5,2.5,32.0,369.5,22.655,0
Koida,17.4825,81.38666667,2024-09-06 05:00:00,0.5,1.5,22.5,369.5,22.655,0
Koida,17.4825,81.38666667,2024-09-06 06:00:00,15.0,16.0,29.0,383.5,22.655,0
Koida,17.4825,81.38666667,2024-09-06 07:00:00,12.5,28.0,30.5,395.0,22.655,0
Koida,17.4825,81.38666667,2024-09-06 10:00:00,7.5,35.0,36.5,395.5,22.655,0
Koida,17.4825,81.38666667,2024-09-06 11:00:00,54.5,74.5,90.5,410.5,22.655,0
Koida,17.4825,81.38666667,2024-09-06 13:00:00,1.0,63.0,91.0,370.0,22.655,0
Koida,17.4825,81.38666667,2024-09-06 14:00:00,4.5,60.0,95.0,363.5,22.655,0
Koida,17.4825,81.38666667,2024-09-06 15:00:00,1.0,6.5,81.0,331.5,22.655,0
Koida,17.4825,81.38666667,2024-09-06 17:00:00,0.5,6.0,69.0,309.0,22.655,0
Koida,17.4825,81.38666667,2024-09-06 20:00:00,4.0,5.5,65.5,312.5,22.655,0
Koida,17.4825,81.38666667,2024-09-06 21:00:00,2.0,6.5,13.0,311.5,22.655,0
Koida,17.4825,81.38666667,2024-09-06 22:00:00,0.5,6.5,12.5,305.0,22.655,0
Koida,17.4825,81.38666667,2024-09-07 05:00:00,0.5,3.0,8.5,298.5,22.655,0
Koida,17.4825,81.38666667,2024-09-07 14:00:00,72.0,73.0,79.5,368.0,22.655,0
Koida,17.4825,81.38666667,2024-09-07 15:00:00,45.0,117.5,124.0,412.5,22.655,0
Koida,17.4825,81.38666667,2024-09-07 16:00:00,17.5,134.5,137.5,313.0,22.655,0
Koida,17.4825,81.38666667,2024-09-07 18:00:00,0.5,63.0,136.0,288.5,22.655,0
Koida,17.4825,81.38666667,2024-09-07 19:00:00,0.5,18.5,136.0,271.5,22.655,0
Koida,17.4825,81.38666667,2024-09-07 21:00:00,1.0,2.0,136.5,262.5,22.655,0
Koida,17.4825,81.38666667,2024-09-07 22:00:00,2.5,4.0,67.0,256.5,22.655,0
Koida,17.4825,81.38666667,2024-09-07 23:00:00,1.5,5.0,23.5,247.0,22.655,0
Koida,17.4825,81.38666667,2024-09-08 00:00:00,0.5,4.5,6.5,246.0,22.655,0
Koida,17.4825,81.38666667,2024-09-08 01:00:00,3.0,5.0,9.0,248.5,22.655,0
Koida,17.4825,81.38666667,2024-09-08 02:00:00,55.5,59.0,64.0,303.5,22.655,0
Koida,17.4825,81.38666667,2024-09-08 03:00:00,7.5,66.0,70.5,310.5,22.655,0
Koida,17.4825,81.38666667,2024-09-08 04:00:00,3.0,66.0,71.0,298.5,22.655,0
Koida,17.4825,81.38666667,2024-09-08 05:00:00,3.5,14.0,73.0,289.5,22.655,0
Koida,17.4825,81.38666667,2024-09-08 06:00:00,1.0,7.5,73.5,283.0,22.655,0
Koida,17.4825,81.38666667,2024-09-08 07:00:00,0.5,5.0,71.0,229.0,22.655,0
Koida,17.4825,81.38666667,2024-09-08 08:00:00,2.0,3.5,17.5,230.0,22.655,0
Koida,17.4825,81.38666667,2024-09-08 09:00:00,17.0,19.5,27.0,242.5,22.655,0
Koida,17.4825,81.38666667,2024-09-08 10:00:00,2.5,21.5,26.5,244.0,22.655,0
Koida,17.4825,81.38666667,2024-09-08 11:00:00,0.5,20.0,23.5,244.0,22.655,0
Koida,17.4825,81.38666667,2024-09-08 12:00:00,7.5,10.5,30.0,247.5,22.655,0
Koida,17.4825,81.38666667,2024-09-08 13:00:00,4.5,12.5,34.0,250.0,22.655,0
Koida,17.4825,81.38666667,2024-09-08 14:00:00,7.5,19.5,39.5,257.0,22.655,0
Koida,17.4825,81.38666667,2024-09-08 15:00:00,2.0,14.0,24.5,258.5,22.655,0
Koida,17.4825,81.38666667,2024-09-08 16:00:00,0.5,10.0,22.5,187.0,22.655,0
Koida,17.4825,81.38666667,2024-09-08 17:00:00,1.5,4.0,23.5,143.5,22.655,0
Koida,17.4825,81.38666667,2024-09-08 18:00:00,7.0,9.0,23.0,133.0,22.655,0
Koida,17.4825,81.38666667,2024-09-08 19:00:00,4.5,13.0,23.0,137.0,22.655,0
Koida,17.4825,81.38666667,2024-09-08 20:00:00,2.0,13.5,17.5,138.5,22.655,0
Koida,17.4825,81.38666667,2024-09-08 21:00:00,9.0,15.5,24.5,146.5,22.655,0
Koida,17.4825,81.38666667,2024-09-08 22:00:00,39.0,50.0,63.0,183.0,22.655,0
Koida,17.4825,81.38666667,2024-09-08 23:00:00,17.0,65.0,78.5,198.5,22.655,0
Koida,17.4825,81.38666667,2024-09-09 00:00:00,9.0,65.0,80.5,207.0,22.655,0
Koida,17.4825,81.38666667,2024-09-09 01:00:00,9.5,35.5,85.5,213.5,22.655,0
Koida,17.4825,81.38666667,2024-09-09 02:00:00,5.0,23.5,88.5,163.0,22.655,0
Koida,17.4825,81.38666667,2024-09-09 03:00:00,7.5,22.0,87.0,163.0,22.655,0
Koida,17.4825,81.38666667,2024-09-09 04:00:00,9.0,21.5,57.0,169.0,22.655,0
Koida,17.4825,81.38666667,2024-09-09 05:00:00,4.0,20.5,44.0,169.5,22.655,0
Koida,17.4825,81.38666667,2024-09-09 06:00:00,3.0,16.0,38.0,171.5,22.655,0
Koida,17.4825,81.38666667,2024-09-09 07:00:00,1.0,8.0,29.5,172.0,22.655,0
Koida,17.4825,81.38666667,2024-09-09 08:00:00,0.5,4.5,25.0,170.5,22.655,0
Koida,17.4825,81.38666667,2024-09-09 09:00:00,1.0,2.5,18.5,154.5,22.655,0
Koida,17.4825,81.38666667,2024-09-09 10:00:00,3.0,4.5,12.5,155.0,22.655,0
Koida,17.4825,81.38666667,2024-09-09 11:00:00,1.0,5.0,9.5,155.5,22.655,0
Koida,17.4825,81.38666667,2024-09-09 12:00:00,0.5,4.5,7.0,148.5,22.655,0
Koida,17.4825,81.38666667,2024-09-09 14:00:00,0.5,2.0,6.5,144.5,22.655,0
Koida,17.4825,81.38666667,2024-09-09 19:00:00,0.5,1.5,6.5,137.5,22.655,0
Koida,17.4825,81.38666667,2024-09-10 01:00:00,1.0,2.0,6.5,136.5,22.655,0
Koida,17.4825,81.38666667,2024-09-10 02:00:00,0.5,2.0,4.0,136.5,22.655,0
Koida,17.4825,81.38666667,2024-09-10 04:00:00,0.5,2.0,3.5,135.5,22.655,0
Koida,17.4825,81.38666667,2024-09-10 11:00:00,0.5,1.5,3.5,129.0,22.655,0
Koida,17.4825,81.38666667,2024-09-12 04:00:00,0.5,1.5,3.5,125.0,22.655,0
Koida,17.4825,81.38666667,2024-09-18 03:00:00,0.5,1.5,3.5,123.5,22.655,0
Koida,17.4825,81.38666667,2024-09-21 16:00:00,1.0,2.0,3.5,115.5,22.655,0
Koida,17.4825,81.38666667,2024-09-22 12:00:00,3.0,4.5,6.0,79.5,22.655,0
Koida,17.4825,81.38666667,2024-09-22 13:00:00,3.0,7.0,8.5,65.5,22.655,0
Koida,17.4825,81.38666667,2024-09-22 14:00:00,1.0,7.0,9.0,57.5,22.655,0
Koida,17.4825,81.38666667,2024-09-22 16:00:00,0.5,4.5,9.0,48.5,22.655,0
Koida,17.4825,81.38666667,2024-09-23 02:00:00,0.5,2.0,9.0,44.0,22.655,0
Koida,17.4825,81.38666667,2024-09-23 10:00:00,7.5,8.5,15.5,44.0,22.655,0
Koida,17.4825,81.38666667,2024-09-23 12:00:00,0.5,8.5,13.0,35.5,22.655,0
Koida,17.4825,81.38666667,2024-09-24 08:00:00,0.5,8.5,10.5,32.0,22.655,0
Koida,17.4825,81.38666667,2024-09-24 09:00:00,2.0,3.0,11.5,31.0,22.655,0
Koida,17.4825,81.38666667,2024-09-24 10:00:00,2.0,4.5,13.0,32.0,22.655,0
Koida,17.4825,81.38666667,2024-09-24 11:00:00,1.0,5.0,13.5,32.5,22.655,0
Koida,17.4825,81.38666667,2024-09-24 12:00:00,0.5,3.5,6.5,32.0,22.655,0
Koida,17.4825,81.38666667,2024-09-24 15:00:00,0.5,2.0,6.5,29.5,22.655,0
Koida,17.4825,81.38666667,2024-09-26 01:00:00,0.5,1.5,6.5,29.0,22.655,0
Koida,17.4825,81.38666667,2024-09-26 23:00:00,1.0,2.0,5.5,29.5,22.655,0
Koida,17.4825,81.38666667,2024-09-27 00:00:00,3.5,5.0,7.0,32.5,22.655,0
Koida,17.4825,81.38666667,2024-09-27 01:00:00,4.0,8.5,10.0,36.0,22.655,0
Koida,17.4825,81.38666667,2024-09-27 02:00:00,1.0,8.5,10.5,36.0,22.655,0
Koida,17.4825,81.38666667,2024-09-27 07:00:00,0.5,5.5,10.5,36.0,22.655,0
Koida,17.4825,81.38666667,2024-09-28 10:00:00,0.5,2.0,10.5,36.0,22.655,0
Koida,17.4825,81.38666667,2024-09-28 11:00:00,0.5,1.5,10.0,36.0,22.655,0
Koida,17.4825,81.38666667,2024-09-28 23:00:00,0.5,1.5,7.0,36.0,22.655,0
Koida,17.4825,81.38666667,2024-09-29 00:00:00,0.5,1.5,3.5,36.0,22.655,0
Koida,17.4825,81.38666667,2024-10-01 12:00:00,0.5,1.5,3.0,35.5,22.655,0
Koida,17.4825,81.38666667,2024-10-02 14:00:00,25.0,26.0,27.5,57.5,22.655,0
Koida,17.4825,81.38666667,2024-10-02 15:00:00,13.0,38.5,40.0,67.5,22.655,0
Koida,17.4825,81.38666667,2024-10-02 16:00:00,0.5,38.5,40.0,67.0,22.655,0
Koida,17.4825,81.38666667,2024-10-03 23:00:00,0.5,14.0,40.0,67.0,22.655,0
Koida,17.4825,81.38666667,2024-10-06 13:00:00,27.5,28.5,67.0,94.0,22.655,0
Koida,17.4825,81.38666667,2024-10-06 15:00:00,0.5,28.5,67.0,87.0,22.655,0
Koida,17.4825,81.38666667,2024-10-07 09:00:00,0.5,28.5,42.5,87.0,22.655,0
Koida,17.4825,81.38666667,2024-10-07 11:00:00,5.5,6.5,35.0,92.0,22.655,0
Koida,17.4825,81.38666667,2024-10-07 17:00:00,0.5,6.5,35.0,90.5,22.655,0
Koida,17.4825,81.38666667,2024-10-08 07:00:00,0.5,6.5,35.0,89.0,22.655,0
Koida,17.4825,81.38666667,2024-10-08 10:00:00,0.5,1.5,8.0,88.5,22.655,0
Koida,17.4825,81.38666667,2024-10-08 11:00:00,12.0,13.0,19.5,100.0,22.655,0
Koida,17.4825,81.38666667,2024-10-08 12:00:00,0.5,13.0,19.5,100.0,22.655,0
Koida,17.4825,81.38666667,2024-10-08 13:00:00,0.5,13.0,14.5,100.0,22.655,0
Koida,17.4825,81.38666667,2024-10-09 03:00:00,0.5,1.5,14.5,99.5,22.655,0
Koida,17.4825,81.38666667,2024-10-12 12:00:00,1.0,2.0,15.0,97.0,22.655,0
Koida,17.4825,81.38666667,2024-10-15 01:00:00,0.5,2.0,15.0,93.5,22.655,0
Koida,17.4825,81.38666667,2024-10-15 13:00:00,1.5,3.0,4.5,94.0,22.655,0
Koida,17.4825,81.38666667,2024-10-15 14:00:00,3.0,5.0,7.0,96.5,22.655,0
Koida,17.4825,81.38666667,2024-10-15 15:00:00,26.0,30.5,32.5,122.0,22.655,0
Koida,17.4825,81.38666667,2024-10-15 16:00:00,0.5,29.5,32.5,122.0,22.655,0
Koida,17.4825,81.38666667,2024-10-15 17:00:00,0.5,27.0,32.0,122.0,22.655,0
Koida,17.4825,81.38666667,2024-10-15 18:00:00,0.5,1.5,32.0,122.0,22.655,0
Koida,17.4825,81.38666667,2024-10-17 04:00:00,0.5,1.5,31.0,122.0,22.655,0
Koida,17.4825,81.38666667,2024-10-18 04:00:00,0.5,1.5,28.5,97.5,22.655,0
Koida,17.4825,81.38666667,2024-10-21 10:00:00,3.0,4.0,5.5,87.5,22.655,0
Koida,17.4825,81.38666667,2024-10-21 14:00:00,0.5,4.0,5.5,87.5,22.655,0
Koida,17.4825,81.38666667,2024-10-30 06:00:00,2.0,5.5,7.0,89.0,22.655,0
Koida,17.4825,81.38666667,2024-10-30 07:00:00,0.5,3.0,7.0,62.0,22.655,0
Koida,17.4825,81.38666667,2024-10-31 03:00:00,0.5,3.0,7.0,62.0,22.655,0
Koida,17.4825,81.38666667,2024-11-01 13:00:00,0.5,1.5,7.0,62.0,22.655,0
Koida,17.4825,81.38666667,2024-11-02 18:00:00,1.5,2.5,5.5,58.0,22.655,0
Koida,17.4825,81.38666667,2024-11-02 19:00:00,0.5,2.5,5.5,58.0,22.655,0
Koida,17.4825,81.38666667,2024-11-02 22:00:00,0.5,2.5,4.0,58.0,22.655,0
Koida,17.4825,81.38666667,2024-11-08 04:00:00,0.5,1.5,4.0,58.0,22.655,0
Koida,17.4825,81.38666667,2024-12-24 23:00:00,1.0,2.0,4.5,47.0,22.655,0
Koida,17.4825,81.38666667,2024-12-25 00:00:00,1.0,2.5,5.0,47.5,22.655,0
Koida,17.4825,81.38666667,2024-12-26 08:00:00,0.5,2.5,4.0,47.5,22.655,0
Koida,17.4825,81.38666667,2025-02-08 10:00:00,0.5,2.0,4.0,47.5,22.655,0
Koida,17.4825,81.38666667,2025-04-07 10:00:00,2.5,3.5,6.0,49.0,22.655,0
Koida,17.4825,81.38666667,2025-04-07 17:00:00,0.5,3.5,6.0,49.0,22.655,0
Koida,17.4825,81.38666667,2025-04-08 11:00:00,3.0,6.0,8.0,50.5,22.655,0
Koida,17.4825,81.38666667,2025-04-08 12:00:00,3.0,6.5,10.0,50.5,22.655,0
Koida,17.4825,81.38666667,2025-04-08 13:00:00,3.5,9.5,13.0,28.0,22.655,0
Koida,17.4825,81.38666667,2025-04-08 14:00:00,2.0,8.5,14.5,29.5,22.655,0
Koida,17.4825,81.38666667,2025-04-08 15:00:00,1.0,6.5,13.0,30.0,22.655,0
Koida,17.4825,81.38666667,2025-04-08 16:00:00,0.5,3.5,13.0,30.0,22.655,0
Koida,17.4825,81.38666667,2025-04-08 17:00:00,0.5,2.0,10.5,30.0,22.655,0
Koida,17.4825,81.38666667,2025-04-08 18:00:00,0.5,1.5,8.0,30.0,22.655,0
Koida,17.4825,81.38666667,2025-04-08 19:00:00,0.5,1.5,5.0,27.5,22.655,0
Koida,17.4825,81.38666667,2025-04-08 20:00:00,0.5,1.5,3.5,27.5,22.655,0
Koida,17.4825,81.38666667,2025-04-08 22:00:00,0.5,1.5,3.0,26.0,22.655,0
Koida,17.4825,81.38666667,2025-04-09 04:00:00,0.5,1.5,3.0,26.0,22.655,0
Koida,17.4825,81.38666667,2025-04-09 06:00:00,0.5,1.5,3.0,26.0,22.655,0
Koida,17.4825,81.38666667,2025-04-09 10:00:00,0.5,1.5,3.0,26.0,22.655,0
Koida,17.4825,81.38666667,2025-04-09 15:00:00,0.5,1.5,3.0,25.0,22.655,0
Koida,17.4825,81.38666667,2025-04-10 00:00:00,0.5,1.5,3.0,25.0,22.655,0
Koida,17.4825,81.38666667,2025-04-10 13:00:00,0.5,1.5,3.0,25.0,22.655,0
Koida,17.4825,81.38666667,2025-04-10 17:00:00,0.5,1.5,3.0,25.0,22.655,0
Koida,17.4825,81.38666667,2025-04-11 01:00:00,0.5,1.5,3.0,24.5,22.655,0
Koida,17.4825,81.38666667,2025-04-11 13:00:00,0.5,1.5,3.0,24.0,22.655,0
Koida,17.4825,81.38666667,2025-04-12 00:00:00,0.5,1.5,3.0,24.0,22.655,0
Koida,17.4825,81.38666667,2025-04-12 13:00:00,0.5,1.5,3.0,24.0,22.655,0
Koida,17.4825,81.38666667,2025-04-13 01:00:00,0.5,1.5,3.0,22.0,22.655,0
Koida,17.4825,81.38666667,2025-04-13 16:00:00,0.5,1.5,3.0,22.0,22.655,0
Koida,17.4825,81.38666667,2025-04-14 04:00:00,0.5,1.5,3.0,19.5,22.655,0
Koida,17.4825,81.38666667,2025-04-14 18:00:00,0.5,1.5,3.0,17.0,22.655,0
Koida,17.4825,81.38666667,2025-04-15 05:00:00,0.5,1.5,3.0,14.0,22.655,0
Koida,17.4825,81.38666667,2025-04-15 20:00:00,0.5,1.5,3.0,12.5,22.655,0
Koida,17.4825,81.38666667,2025-04-16 06:00:00,0.5,1.5,3.0,12.0,22.655,0
Koida,17.4825,81.38666667,2025-04-29 13:00:00,2.5,3.5,5.0,14.0,22.655,0
Koida,17.4825,81.38666667,2025-04-29 14:00:00,2.0,5.0,6.5,15.5,22.655,0
Koida,17.4825,81.38666667,2025-04-29 15:00:00,1.5,6.0,7.5,16.5,22.655,0
Koida,17.4825,81.38666667,2025-05-01 02:00:00,0.5,4.0,7.5,16.5,22.655,0
Koida,17.4825,81.38666667,2025-05-02 08:00:00,0.5,2.5,7.5,16.5,22.655,0
Koida,17.4825,81.38666667,2025-05-06 21:00:00,0.5,1.5,7.5,16.5,22.655,0
Koida,17.4825,81.38666667,2025-05-08 05:00:00,0.5,1.5,5.5,16.5,22.655,0
Koida,17.4825,81.38666667,2025-05-16 05:00:00,0.5,1.5,4.0,16.5,22.655,0
Koida,17.4825,81.38666667,2025-05-17 12:00:00,0.5,1.5,3.0,16.5,22.655,0
Koida,17.4825,81.38666667,2025-05-18 10:00:00,0.5,1.5,3.0,16.5,22.655,0
Koida,17.4825,81.38666667,2025-05-18 11:00:00,8.5,9.5,11.0,24.5,22.655,0
Koida,17.4825,81.38666667,2025-05-18 12:00:00,9.5,18.5,20.0,33.5,22.655,0
Koida,17.4825,81.38666667,2025-05-18 13:00:00,5.0,23.0,24.5,38.0,22.655,0
Koida,17.4825,81.38666667,2025-05-18 21:00:00,0.5,15.0,24.5,38.0,22.655,0
Koida,17.4825,81.38666667,2025-05-21 00:00:00,0.5,6.0,24.5,38.0,22.655,0
Koida,17.4825,81.38666667,2025-05-27 15:00:00,0.5,1.5,24.5,38.0,22.655,0
Koida,17.4825,81.38666667,2025-05-29 14:00:00,1.5,2.5,17.5,39.0,22.655,1
Koida,17.4825,81.38666667,2025-05-30 15:00:00,0.5,2.5,8.5,39.0,22.655,1
Koida,17.4825,81.38666667,2025-05-30 17:00:00,0.5,2.5,4.0,39.0,70.655,1
Koida,17.4825,81.38666667,2025-06-12 15:00:00,0.5,1.5,4.0,39.0,22.655,1
Koida,17.4825,81.38666667,2025-06-12 16:00:00,1.5,2.5,5.0,40.0,22.655,1
Koida,17.4825,81.38666667,2025-06-12 17:00:00,4.0,6.0,8.5,43.5,22.655,1
Koida,17.4825,81.38666667,2025-06-12 18:00:00,6.5,12.0,13.5,49.5,22.655,0
Koida,17.4825,81.38666667,2025-06-12 19:00:00,8.5,19.0,21.5,57.5,22.655,0
Koida,17.4825,81.38666667,2025-06-12 20:00:00,2.0,17.0,23.0,57.0,22.655,0
Koida,17.4825,81.38666667,2025-06-14 09:00:00,1.0,11.5,23.5,56.0,22.655,0
Koida,17.4825,81.38666667,2025-06-14 10:00:00,15.0,18.0,37.0,69.5,22.655,0
Koida,17.4825,81.38666667,2025-06-14 11:00:00,1.5,17.5,34.5,70.5,22.655,0
Koida,17.4825,81.38666667,2025-06-14 12:00:00,1.0,17.5,29.0,71.0,22.655,0
Koida,17.4825,81.38666667,2025-06-14 13:00:00,0.5,3.0,21.0,71.0,22.655,0
Koida,17.4825,81.38666667,2025-06-14 14:00:00,1.0,2.5,20.0,71.5,22.655,0
Koida,17.4825,81.38666667,2025-06-14 15:00:00,1.0,2.5,20.0,72.0,22.655,0
Koida,17.4825,81.38666667,2025-06-14 16:00:00,0.5,2.5,5.5,72.0,22.655,0
Koida,17.4825,81.38666667,2025-06-15 00:00:00,0.5,2.0,4.5,72.0,22.655,0
Koida,17.4825,81.38666667,2025-06-15 01:00:00,0.5,1.5,4.0,64.0,22.655,0
Koida,17.4825,81.38666667,2025-06-15 02:00:00,0.5,1.5,4.0,55.0,22.655,0
Koida,17.4825,81.38666667,2025-06-15 03:00:00,0.5,1.5,3.5,50.5,22.655,0
Koida,17.4825,81.38666667,2025-06-15 04:00:00,0.5,1.5,3.0,50.5,22.655,0
Koida,17.4825,81.38666667,2025-06-15 06:00:00,0.5,1.5,3.0,50.5,22.655,0
Koida,17.4825,81.38666667,2025-06-15 07:00:00,0.5,1.5,3.0,50.5,22.655,0
Koida,17.4825,81.38666667,2025-06-15 10:00:00,0.5,1.5,3.0,49.5,22.655,0
Koida,17.4825,81.38666667,2025-06-15 13:00:00,0.5,1.5,3.0,49.5,22.655,0
Koida,17.4825,81.38666667,2025-06-15 17:00:00,0.5,1.5,3.0,49.5,22.655,0
Koida,17.4825,81.38666667,2025-06-15 21:00:00,0.5,1.5,3.0,49.5,22.655,0
Koida,17.4825,81.38666667,2025-06-16 02:00:00,0.5,1.5,3.0,48.5,22.655,0
Koida,17.4825,81.38666667,2025-06-16 06:00:00,0.5,1.5,3.0,45.0,22.655,0
Koida,17.4825,81.38666667,2025-06-16 11:00:00,0.5,1.5,3.0,39.0,22.655,0
Koida,17.4825,81.38666667,2025-06-16 15:00:00,0.5,1.5,3.0,31.0,22.655,0
Koida,17.4825,81.38666667,2025-06-16 19:00:00,0.5,1.5,3.0,29.5,22.655,0
Koida,17.4825,81.38666667,2025-06-17 00:00:00,0.5,1.5,3.0,29.0,22.655,0
Koida,17.4825,81.38666667,2025-06-17 05:00:00,0.5,1.5,3.0,14.5,22.655,0
Koida,17.4825,81.38666667,2025-06-17 09:00:00,0.5,1.5,3.0,13.5,22.655,0
Koida,17.4825,81.38666667,2025-06-17 13:00:00,0.5,1.5,3.0,13.0,22.655,0
Koida,17.4825,81.38666667,2025-06-17 17:00:00,0.5,1.5,3.0,13.0,22.655,0
Koida,17.4825,81.38666667,2025-06-17 21:00:00,0.5,1.5,3.0,12.5,22.655,0
Koida,17.4825,81.38666667,2025-06-18 01:00:00,0.5,1.5,3.0,12.0,22.655,0
Koida,17.4825,81.38666667,2025-06-18 10:00:00,0.5,1.5,3.0,12.0,22.655,0
Koida,17.4825,81.38666667,2025-06-18 16:00:00,0.5,1.5,3.0,12.0,22.655,0
Polavaram site,17.24583333,81.65972222,2021-04-15 01:00:00,1.5,3.5,3.5,3.5,33.622,0
Polavaram site,17.24583333,81.65972222,2021-04-15 02:00:00,0.5,4.0,4.0,4.0,33.633,0
Polavaram site,17.24583333,81.65972222,2021-04-16 14:00:00,2.0,4.0,6.0,6.0,33.608,0
Polavaram site,17.24583333,81.65972222,2021-04-16 15:00:00,2.0,4.5,8.0,8.0,33.764,0
Polavaram site,17.24583333,81.65972222,2021-04-16 16:00:00,0.5,4.5,8.5,8.5,33.751,0
Polavaram site,17.24583333,81.65972222,2021-04-22 12:00:00,0.5,3.0,7.0,9.0,33.764,0
Polavaram site,17.24583333,81.65972222,2021-04-22 13:00:00,2.0,3.0,7.5,11.0,33.664,0
Polavaram site,17.24583333,81.65972222,2021-04-22 14:00:00,1.0,3.5,8.0,12.0,33.664,0
Polavaram site,17.24583333,81.65972222,2021-04-22 15:00:00,0.5,3.5,6.5,12.5,33.656,0
Polavaram site,17.24583333,81.65972222,2021-06-24 06:00:00,3.5,5.0,8.0,16.0,33.649,0
Polavaram site,17.24583333,81.65972222,2021-06-24 07:00:00,3.5,7.5,11.0,19.5,22.554,0
Polavaram site,17.24583333,81.65972222,2021-06-27 12:00:00,3.0,10.0,13.5,22.5,22.527,0
Polavaram site,17.24583333,81.65972222,2021-06-27 13:00:00,0.5,7.0,12.0,23.0,22.58,0
Polavaram site,17.24583333,81.65972222,2021-06-30 12:00:00,10.5,14.0,21.5,33.5,22.594,0
Polavaram site,17.24583333,81.65972222,2021-06-30 13:00:00,0.5,11.5,21.5,34.0,22.845,0
Polavaram site,17.24583333,81.65972222,2021-06-30 18:00:00,8.0,19.0,26.0,42.0,22.841,0
Polavaram site,17.24583333,81.65972222,2021-06-30 19:00:00,4.0,12.5,26.5,46.0,22.821,0
Polavaram site,17.24583333,81.65972222,2021-06-30 20:00:00,2.5,14.5,26.0,48.5,22.835,0
Polavaram site,17.24583333,81.65972222,2021-06-30 21:00:00,2.5,9.0,28.0,51.0,22.857,0
Polavaram site,17.24583333,81.65972222,2021-06-30 22:00:00,2.5,7.5,20.0,53.5,22.86,0
Polavaram site,17.24583333,81.65972222,2021-07-02 00:00:00,0.5,5.5,20.0,54.0,22.87,0
Polavaram site,17.24583333,81.65972222,2021-07-02 01:00:00,1.0,4.0,13.0,55.0,22.818,0
Polavaram site,17.24583333,81.65972222,2021-07-02 02:00:00,21.0,22.5,30.0,76.0,22.819,0
Polavaram site,17.24583333,81.65972222,2021-07-04 10:00:00,0.5,22.5,28.0,74.5,22.851,0
Polavaram site,17.24583333,81.65972222,2021-07-07 10:00:00,21.5,43.0,47.0,94.5,22.983,0
Polavaram site,17.24583333,81.65972222,2021-07-07 11:00:00,27.0,49.0,71.5,121.0,22.921,0
Polavaram site,17.24583333,81.65972222,2021-07-07 12:00:00,3.5,52.0,74.5,122.5,22.972,0
Polavaram site,17.24583333,81.65972222,2021-07-09 11:00:00,0.5,31.0,74.0,121.0,22.968,0
Polavaram site,17.24583333,81.65972222,2021-07-10 02:00:00,0.5,4.5,53.5,121.0,23.503,0
Polavaram site,17.24583333,81.65972222,2021-07-28 15:00:00,0.5,1.5,53.5,121.0,23.752,0
Polavaram site,17.24583333,81.65972222,2021-08-06 04:00:00,0.5,1.5,32.5,119.5,27.798,0
Polavaram site,17.24583333,81.65972222,2021-08-06 09:00:00,0.5,1.5,6.0,119.0,25.759,0
Polavaram site,17.24583333,81.65972222,2021-08-07 06:00:00,0.5,1.5,3.0,119.0,25.754,0
Polavaram site,17.24583333,81.65972222,2021-08-07 12:00:00,0.5,1.5,3.0,116.0,25.531,0
Polavaram site,17.24583333,81.65972222,2021-08-07 22:00:00,0.5,1.5,3.0,113.0,25.458,0
Polavaram site,17.24583333,81.65972222,2022-05-18 12:00:00,8.0,9.0,10.5,118.0,25.534,0
Polavaram site,17.24583333,81.65972222,2022-05-18 13:00:00,12.5,21.0,22.5,130.0,534.517,0
Polavaram site,17.24583333,81.65972222,2022-05-18 15:00:00,12.5,33.0,34.5,132.0,580.517,0
Polavaram site,17.24583333,81.65972222,2022-05-18 17:00:00,12.5,37.5,46.5,144.0,581.517,0
Polavaram site,17.24583333,81.65972222,2022-05-18 19:00:00,12.5,37.5,58.5,148.5,585.517,0
Polavaram site,17.24583333,81.65972222,2022-05-18 21:00:00,12.5,37.5,70.5,157.0,585.517,0
Polavaram site,17.24583333,81.65972222,2022-05-18 22:00:00,12.5,37.5,75.0,167.0,588.517,0
Polavaram site,17.24583333,81.65972222,2022-05-18 23:00:00,12.5,37.5,75.0,177.0,589.517,0
Polavaram site,17.24583333,81.65972222,2022-05-19 00:00:00,12.5,37.5,75.0,187.0,588.517,0
Polavaram site,17.24583333,81.65972222,2022-05-19 01:00:00,12.5,37.5,75.0,199.0,588.517,0
Polavaram site,17.24583333,81.65972222,2022-05-19 02:00:00,12.5,37.5,75.0,210.5,590.517,0
Polavaram site,17.24583333,81.65972222,2022-05-19 09:00:00,3.5,28.5,66.0,193.0,589.517,0
Polavaram site,17.24583333,81.65972222,2022-05-19 11:00:00,3.5,19.5,57.0,196.0,593.517,0
Polavaram site,17.24583333,81.65972222,2022-05-19 13:00:00,3.5,10.5,48.0,178.0,591.517,0
Polavaram site,17.24583333,81.65972222,2022-05-19 14:00:00,3.5,10.5,39.0,154.5,587.517,0
Polavaram site,17.24583333,81.65972222,2022-05-19 15:00:00,3.5,10.5,30.0,154.5,592.517,0
Polavaram site,17.24583333,81.65972222,2022-05-19 16:00:00,3.5,10.5,21.0,157.5,562.517,0
Polavaram site,17.24583333,81.65972222,2022-05-19 19:00:00,3.5,10.5,21.0,160.5,592.517,0
Polavaram site,17.24583333,81.65972222,2022-05-19 20:00:00,3.5,10.5,21.0,163.5,599.517,0
Polavaram site,17.24583333,81.65972222,2022-05-20 01:00:00,3.5,10.5,21.0,166.5,599.517,0
Polavaram site,17.24583333,81.65972222,2022-05-20 02:00:00,3.5,10.5,21.0,169.5,589.517,0
Polavaram site,17.24583333,81.65972222,2022-05-20 03:00:00,3.5,10.5,21.0,172.5,604.517,0
Polavaram site,17.24583333,81.65972222,2022-05-20 05:00:00,2.0,9.0,19.5,174.0,591.517,0
Polavaram site,17.24583333,81.65972222,2022-05-20 07:00:00,2.0,7.5,18.0,175.5,602.517,0
Polavaram site,17.24583333,81.65972222,2022-05-20 09:00:00,2.0,6.0,16.5,169.5,615.517,0
Polavaram site,17.24583333,81.65972222,2022-05-20 14:00:00,2.0,6.0,15.0,159.0,612.517,0
Polavaram site,17.24583333,81.65972222,2022-05-20 18:00:00,2.0,6.0,13.5,148.5,600.517,0
Polavaram site,17.24583333,81.65972222,2022-05-20 19:00:00,2.0,6.0,12.0,138.0,631.517,0
Polavaram site,17.24583333,81.65972222,2022-05-20 20:00:00,2.0,6.0,12.0,127.5,630.517,0
Polavaram site,17.24583333,81.65972222,2022-05-20 22:00:00,2.0,6.0,12.0,117.0,631.517,0
Polavaram site,17.24583333,81.65972222,2022-05-21 00:00:00,2.0,6.0,12.0,106.5,636.517,0
Polavaram site,17.24583333,81.65972222,2022-05-21 02:00:00,2.0,6.0,12.0,96.0,639.517,0
Polavaram site,17.24583333,81.65972222,2022-05-24 16:00:00,0.5,4.5,10.5,84.0,637.517,0
Polavaram site,17.24583333,81.65972222,2022-05-24 18:00:00,1.0,3.5,9.5,72.5,665.517,0
Polavaram site,17.24583333,81.65972222,2022-05-24 19:00:00,1.0,2.5,8.5,61.0,666.517,0
Polavaram site,17.24583333,81.65972222,2022-05-24 21:00:00,1.0,3.0,7.5,58.5,640.517,0
Polavaram site,17.24583333,81.65972222,2022-05-25 03:00:00,2.0,4.0,7.5,57.0,669.517,0
Polavaram site,17.24583333,81.65972222,2022-05-27 02:00:00,0.5,3.5,6.0,54.0,678.517,0
Polavaram site,17.24583333,81.65972222,2022-05-29 15:00:00,0.5,3.0,6.0,51.0,749.517,0
Polavaram site,17.24583333,81.65972222,2022-05-29 16:00:00,0.5,1.5,5.5,48.0,849.517,0
Polavaram site,17.24583333,81.65972222,2022-05-29 19:00:00,0.5,1.5,5.0,45.0,852.517,0
Polavaram site,17.24583333,81.65972222,2022-05-29 20:00:00,0.5,1.5,4.5,42.0,855.517,0
Polavaram site,17.24583333,81.65972222,2022-05-29 21:00:00,0.5,1.5,3.0,39.0,857.517,0
Polavaram site,17.24583333,81.65972222,2022-05-29 23:00:00,0.5,1.5,3.0,36.0,855.517,0
Polavaram site,17.24583333,81.65972222,2022-05-30 02:00:00,0.5,1.5,3.0,33.0,855.517,1
Polavaram site,17.24583333,81.65972222,2022-06-06 02:00:00,24.0,25.0,26.5,53.5,851.517,1
Polavaram site,17.24583333,81.65972222,2022-06-06 03:00:00,36.0,60.5,62.0,87.5,953.517,1
Polavaram site,17.24583333,81.65972222,2022-06-06 07:00:00,2.5,62.5,64.0,88.0,959.517,1
Polavaram site,17.24583333,81.65972222,2022-06-06 09:00:00,2.5,41.0,66.0,88.5,940.517,1
Polavaram site,17.24583333,81.65972222,2022-06-06 11:00:00,2.5,7.5,68.0,89.0,915.517,1
Polavaram site,17.24583333,81.65972222,2022-06-06 15:00:00,2.5,7.5,70.0,89.5,922.517,1
Polavaram site,17.24583333,81.65972222,2022-06-06 16:00:00,2.5,7.5,48.5,90.0,941.517,1
Polavaram site,17.24583333,81.65972222,2022-06-06 19:00:00,2.5,7.5,15.0,90.5,945.517,1
Polavaram site,17.24583333,81.65972222,2022-06-06 20:00:00,1.5,6.5,14.0,90.0,943.517,1
Polavaram site,17.24583333,81.65972222,2022-06-06 21:00:00,2.5,6.5,14.0,90.5,719.517,1
Polavaram site,17.24583333,81.65972222,2022-06-06 22:00:00,2.5,6.5,14.0,91.0,940.517,1
Polavaram site,17.24583333,81.65972222,2022-06-06 23:00:00,2.5,7.5,14.0,93.0,945.517,1
Polavaram site,17.24583333,81.65972222,2022-06-07 00:00:00,2.5,7.5,14.0,94.5,941.517,1
Polavaram site,17.24583333,81.65972222,2022-06-14 03:00:00,1.5,6.5,13.0,95.0,941.517,1
Polavaram site,17.24583333,81.65972222,2022-06-15 22:00:00,53.0,57.0,64.5,147.0,301.517,1
Polavaram site,17.24583333,81.65972222,2022-06-16 03:00:00,87.5,142.0,149.5,232.5,698.517,1
Polavaram site,17.24583333,81.65972222,2022-06-16 04:00:00,3.5,144.0,150.5,235.5,679.517,1
Polavaram site,17.24583333,81.65972222,2022-06-16 07:00:00,10.5,101.5,158.5,245.5,666.517,0
Polavaram site,17.24583333,81.65972222,2022-06-16 08:00:00,12.0,26.0,168.0,257.0,633.517,0
Polavaram site,17.24583333,81.65972222,2022-06-16 09:00:00,13.0,35.5,179.5,269.5,616.517,0
Polavaram site,17.24583333,81.65972222,2022-06-16 12:00:00,15.0,40.0,141.5,284.0,596.517,0
Polavaram site,17.24583333,81.65972222,2022-06-16 15:00:00,15.0,43.0,69.0,298.5,586.517,0
Polavaram site,17.24583333,81.65972222,2022-06-16 18:00:00,15.0,45.0,80.5,313.0,561.517,0
Polavaram site,17.24583333,81.65972222,2022-06-16 21:00:00,15.0,45.0,85.0,327.5,535.517,0
Polavaram site,17.24583333,81.65972222,2022-06-16 22:00:00,15.0,45.0,88.0,318.5,522.517,0
Polavaram site,17.24583333,81.65972222,2022-06-16 23:00:00,15.0,45.0,90.0,297.5,517.517,0
Polavaram site,17.24583333,81.65972222,2022-06-17 00:00:00,15.0,45.0,90.0,310.0,512.517,0
Polavaram site,17.24583333,81.65972222,2022-06-17 02:00:00,15.0,45.0,90.0,322.5,507.517,0
Polavaram site,17.24583333,81.65972222,2022-06-17 05:00:00,0.5,30.5,75.5,320.5,505.517,0
Polavaram site,17.24583333,81.65972222,2022-06-17 06:00:00,0.5,16.0,61.0,318.5,520.517,0
Polavaram site,17.24583333,81.65972222,2022-06-17 08:00:00,1.5,2.5,47.5,317.5,514.517,0
Polavaram site,17.24583333,81.65972222,2022-06-17 10:00:00,1.5,3.5,34.0,316.5,461.517,0
Polavaram site,17.24583333,81.65972222,2022-06-17 11:00:00,1.5,4.5,20.5,316.5,491.517,0
Polavaram site,17.24583333,81.65972222,2022-06-17 12:00:00,1.5,4.5,7.0,315.5,478.517,0
Polavaram site,17.24583333,81.65972222,2022-06-17 15:00:00,1.5,4.5,8.0,314.5,484.517,0
Polavaram site,17.24583333,81.65972222,2022-06-17 16:00:00,1.5,4.5,9.0,313.5,474.517,0
Polavaram site,17.24583333,81.65972222,2022-06-17 17:00:00,1.5,4.5,9.0,312.5,467.517,0
Polavaram site,17.24583333,81.65972222,2022-06-17 19:00:00,1.5,4.5,9.0,312.5,466.517,0
Polavaram site,17.24583333,81.65972222,2022-06-17 21:00:00,1.5,4.5,9.0,261.0,460.517,0
Polavaram site,17.24583333,81.65972222,2022-06-17 22:00:00,1.5,4.5,9.0,175.0,452.517,0
Polavaram site,17.24583333,81.65972222,2022-06-17 23:00:00,1.5,4.5,9.0,173.0,448.517,0
Polavaram site,17.24583333,81.65972222,2022-06-18 00:00:00,1.5,4.5,9.0,164.0,447.517,0
Polavaram site,17.24583333,81.65972222,2022-06-18 02:00:00,1.5,4.5,9.0,153.5,444.517,0
Polavaram site,17.24583333,81.65972222,2022-06-18 03:00:00,1.5,4.5,9.0,142.0,442.517,0
Polavaram site,17.24583333,81.65972222,2022-06-20 06:00:00,0.5,3.5,8.0,127.5,442.517,0
Polavaram site,17.24583333,81.65972222,2022-06-20 07:00:00,0.5,2.5,7.0,113.0,353.517,0
Polavaram site,17.24583333,81.65972222,2022-06-20 09:00:00,1.0,2.0,6.5,99.0,359.517,0
Polavaram site,17.24583333,81.65972222,2022-06-20 10:00:00,1.5,3.0,6.5,85.5,345.517,0
Polavaram site,17.24583333,81.65972222,2022-06-20 12:00:00,2.0,4.5,7.0,72.5,352.517,0
Polavaram site,17.24583333,81.65972222,2022-06-20 14:00:00,2.5,6.0,8.0,60.0,341.517,0
Polavaram site,17.24583333,81.65972222,2022-06-20 16:00:00,3.0,7.5,10.5,48.0,354.517,0
Polavaram site,17.24583333,81.65972222,2022-06-20 18:00:00,3.5,9.0,13.5,36.5,326.517,0
Polavaram site,17.24583333,81.65972222,2022-06-20 22:00:00,3.5,10.0,16.0,39.5,310.517,0
Polavaram site,17.24583333,81.65972222,2022-06-21 00:00:00,3.5,10.5,18.0,42.5,322.517,0
Polavaram site,17.24583333,81.65972222,2022-06-21 01:00:00,4.0,11.0,20.0,45.0,326.517,0
Polavaram site,17.24583333,81.65972222,2022-06-21 02:00:00,4.0,11.5,21.5,47.5,343.517,0
Polavaram site,17.24583333,81.65972222,2022-06-21 07:00:00,0.5,8.5,19.0,46.5,346.517,0
Polavaram site,17.24583333,81.65972222,2022-06-21 11:00:00,1.0,5.5,16.5,46.0,350.517,0
Polavaram site,17.24583333,81.65972222,2022-06-21 13:00:00,1.5,3.0,14.5,46.0,341.517,0
Polavaram site,17.24583333,81.65972222,2022-06-21 14:00:00,1.5,4.0,12.5,46.0,341.517,0
Polavaram site,17.24583333,81.65972222,2022-06-21 18:00:00,1.5,4.5,10.0,46.0,338.517,0
Polavaram site,17.24583333,81.65972222,2022-06-22 03:00:00,2.0,5.0,8.0,46.5,330.517,0
Polavaram site,17.24583333,81.65972222,2022-06-22 11:00:00,0.5,4.0,8.0,45.5,404.517,0
Polavaram site,17.24583333,81.65972222,2022-06-22 14:00:00,1.0,3.5,8.0,45.0,386.517,0
Polavaram site,17.24583333,81.65972222,2022-06-22 15:00:00,1.0,2.5,7.5,44.5,409.517,0
Polavaram site,17.24583333,81.65972222,2022-06-22 17:00:00,1.0,3.0,7.0,44.0,410.517,0
Polavaram site,17.24583333,81.65972222,2022-06-22 18:00:00,1.0,3.0,6.5,43.5,417.517,0
Polavaram site,17.24583333,81.65972222,2022-06-22 20:00:00,1.0,3.0,5.5,43.0,416.517,0
Polavaram site,17.24583333,81.65972222,2022-06-22 21:00:00,1.0,3.0,6.0,43.5,419.517,0
Polavaram site,17.24583333,81.65972222,2022-06-22 22:00:00,1.0,3.0,6.0,44.0,424.517,0
Polavaram site,17.24583333,81.65972222,2022-06-22 23:00:00,1.0,3.0,6.0,44.0,425.517,0
Polavaram site,17.24583333,81.65972222,2022-06-23 02:00:00,1.0,3.0,6.0,43.5,423.517,0
Polavaram site,17.24583333,81.65972222,2022-06-23 05:00:00,0.5,2.5,5.5,42.0,426.517,0
Polavaram site,17.24583333,81.65972222,2022-06-23 06:00:00,1.0,2.5,5.5,40.5,427.517,0
Polavaram site,17.24583333,81.65972222,2022-06-23 07:00:00,2.0,3.5,6.5,39.5,407.517,0
Polavaram site,17.24583333,81.65972222,2022-06-23 10:00:00,3.0,6.0,8.5,39.0,408.517,0
Polavaram site,17.24583333,81.65972222,2022-06-23 13:00:00,3.5,8.5,11.0,39.0,410.517,0
Polavaram site,17.24583333,81.65972222,2022-06-23 17:00:00,3.5,10.0,13.5,39.0,364.517,0
Polavaram site,17.24583333,81.65972222,2022-06-23 18:00:00,3.5,10.5,16.5,38.5,386.517,0
Polavaram site,17.24583333,81.65972222,2022-06-23 20:00:00,4.5,11.5,20.0,39.0,426.517,0
Polavaram site,17.24583333,81.65972222,2022-06-24 01:00:00,6.5,14.5,24.5,45.0,433.517,0
Polavaram site,17.24583333,81.65972222,2022-06-24 12:00:00,1.0,12.0,22.5,45.0,452.517,0
Polavaram site,17.24583333,81.65972222,2022-06-24 15:00:00,1.0,8.5,20.0,44.5,522.517,0
Polavaram site,17.24583333,81.65972222,2022-06-24 16:00:00,1.0,3.0,17.5,44.0,542.517,0
Polavaram site,17.24583333,81.65972222,2022-06-24 17:00:00,1.0,3.0,15.0,43.5,549.517,0
Polavaram site,17.24583333,81.65972222,2022-06-24 18:00:00,1.0,3.0,11.5,42.5,557.517,0
Polavaram site,17.24583333,81.65972222,2022-06-24 22:00:00,1.5,3.5,6.5,43.5,567.517,0
Polavaram site,17.24583333,81.65972222,2022-06-25 00:00:00,2.0,4.5,7.5,44.5,596.517,0
Polavaram site,17.24583333,81.65972222,2022-06-25 10:00:00,3.5,7.0,10.0,47.0,635.517,0
Polavaram site,17.24583333,81.65972222,2022-06-25 13:00:00,5.0,10.5,14.0,51.0,673.517,0
Polavaram site,17.24583333,81.65972222,2022-06-25 15:00:00,6.0,14.5,19.0,56.0,677.517,0
Polavaram site,17.24583333,81.65972222,2022-06-25 16:00:00,6.0,17.0,24.0,61.0,684.517,0
Polavaram site,17.24583333,81.65972222,2022-06-25 17:00:00,6.0,18.0,28.5,66.0,687.517,0
Polavaram site,17.24583333,81.65972222,2022-06-25 18:00:00,6.0,18.0,32.5,71.0,694.517,0
Polavaram site,17.24583333,81.65972222,2022-06-25 19:00:00,6.0,18.0,35.0,76.0,701.517,0
Polavaram site,17.24583333,81.65972222,2022-06-25 21:00:00,6.5,18.5,36.5,81.5,703.517,0
Polavaram site,17.24583333,81.65972222,2022-06-26 00:00:00,7.0,19.5,37.5,88.0,724.517,0
Polavaram site,17.24583333,81.65972222,2022-06-26 03:00:00,4.0,17.5,35.5,91.0,746.517,0
Polavaram site,17.24583333,81.65972222,2022-06-26 04:00:00,0.5,11.5,30.0,89.5,842.517,0
Polavaram site,17.24583333,81.65972222,2022-06-26 06:00:00,1.0,5.5,25.0,87.5,781.517,0
Polavaram site,17.24583333,81.65972222,2022-06-26 07:00:00,1.5,3.0,20.5,85.5,791.517,0
Polavaram site,17.24583333,81.65972222,2022-06-26 09:00:00,2.0,4.5,16.0,84.0,791.517,0
Polavaram site,17.24583333,81.65972222,2022-06-26 13:00:00,4.0,7.5,13.0,84.5,802.517,0
Polavaram site,17.24583333,81.65972222,2022-06-26 15:00:00,4.0,10.0,13.0,84.0,823.517,0
Polavaram site,17.24583333,81.65972222,2022-06-26 22:00:00,4.5,12.5,17.0,82.0,830.517,0
Polavaram site,17.24583333,81.65972222,2022-06-27 01:00:00,5.0,13.5,21.0,86.0,858.517,0
Polavaram site,17.24583333,81.65972222,2022-06-27 03:00:00,5.5,15.0,25.0,90.5,872.517,0
Polavaram site,17.24583333,81.65972222,2022-06-27 04:00:00,0.5,11.0,23.5,90.0,865.517,0
Polavaram site,17.24583333,81.65972222,2022-06-27 05:00:00,0.5,6.5,20.0,89.5,865.517,0
Polavaram site,17.24583333,81.65972222,2022-06-27 07:00:00,1.0,2.0,17.0,89.5,862.517,0
Polavaram site,17.24583333,81.65972222,2022-06-27 08:00:00,1.5,3.0,14.0,89.5,847.517,0
Polavaram site,17.24583333,81.65972222,2022-06-27 10:00:00,2.0,4.5,11.0,89.5,853.517,0
Polavaram site,17.24583333,81.65972222,2022-06-27 11:00:00,2.0,5.5,7.5,88.0,864.517,0
Polavaram site,17.24583333,81.65972222,2022-06-27 13:00:00,3.0,7.0,10.0,86.0,860.517,0
Polavaram site,17.24583333,81.65972222,2022-06-27 15:00:00,3.5,8.5,13.0,83.5,840.517,0
Polavaram site,17.24583333,81.65972222,2022-06-27 16:00:00,3.5,10.0,15.5,81.0,835.517,0
Polavaram site,17.24583333,81.65972222,2022-06-27 20:00:00,5.0,12.0,19.0,80.0,835.517,0
Polavaram site,17.24583333,81.65972222,2022-06-27 22:00:00,5.5,14.0,22.5,79.5,840.517,0
Polavaram site,17.24583333,81.65972222,2022-06-28 02:00:00,6.5,17.0,27.0,80.0,832.517,0
Polavaram site,17.24583333,81.65972222,2022-06-28 13:00:00,1.0,13.0,25.0,74.5,844.517,0
Polavaram site,17.24583333,81.65972222,2022-06-28 15:00:00,1.0,8.5,22.5,68.5,871.517,0
Polavaram site,17.24583333,81.65972222,2022-06-28 17:00:00,1.0,3.0,20.0,65.5,882.517,1
Polavaram site,17.24583333,81.65972222,2022-06-28 23:00:00,3.0,5.0,18.0,68.0,892.517,1
Polavaram site,17.24583333,81.65972222,2022-06-29 00:00:00,3.5,7.5,16.0,70.5,894.517,1
Polavaram site,17.24583333,81.65972222,2022-06-29 03:00:00,4.5,11.0,14.0,73.5,896.517,1
Polavaram site,17.24583333,81.65972222,2022-06-29 05:00:00,0.5,8.5,13.5,72.0,901.517,1
Polavaram site,17.24583333,81.65972222,2022-06-29 09:00:00,1.0,6.0,13.5,69.0,800.517,1
Polavaram site,17.24583333,81.65972222,2022-06-29 13:00:00,1.0,2.5,13.5,66.0,892.517,1
Polavaram site,17.24583333,81.65972222,2022-06-29 14:00:00,1.5,3.5,12.0,63.0,869.517,1
Polavaram site,17.24583333,81.65972222,2022-06-29 16:00:00,1.5,4.0,10.0,59.5,829.517,0
Polavaram site,17.24583333,81.65972222,2022-06-29 18:00:00,1.5,4.5,7.0,55.5,772.517,0
Polavaram site,17.24583333,81.65972222,2022-06-29 20:00:00,1.5,4.5,8.0,56.5,739.517,0
Polavaram site,17.24583333,81.65972222,2022-06-30 06:00:00,0.5,3.5,7.5,56.5,719.517,0
Polavaram site,17.24583333,81.65972222,2022-07-01 02:00:00,0.5,2.5,7.0,56.0,876.517,0
Polavaram site,17.24583333,81.65972222,2022-07-01 11:00:00,0.5,1.5,6.0,55.0,788.517,1
Polavaram site,17.24583333,81.65972222,2022-07-01 16:00:00,0.5,1.5,5.0,53.5,886.517,1
Polavaram site,17.24583333,81.65972222,2022-07-01 19:00:00,0.5,1.5,4.0,52.0,948.517,1
Polavaram site,17.24583333,81.65972222,2022-07-01 21:00:00,0.5,1.5,3.0,49.5,978.517,1
Polavaram site,17.24583333,81.65972222,2022-07-01 22:00:00,0.5,1.5,3.0,46.5,988.517,1
Polavaram site,17.24583333,81.65972222,2022-07-01 23:00:00,0.5,1.5,3.0,43.5,991.517,1
Polavaram site,17.24583333,81.65972222,2022-07-02 00:00:00,0.5,1.5,3.0,39.0,994.517,1
Polavaram site,17.24583333,81.65972222,2022-07-02 02:00:00,0.5,1.5,3.0,34.0,1002.517,1
Polavaram site,17.24583333,81.65972222,2022-07-02 03:00:00,0.5,1.5,3.0,28.0,1010.517,1
Polavaram site,17.24583333,81.65972222,2022-07-03 04:00:00,0.5,1.5,3.0,27.5,1008.517,1
Polavaram site,17.24583333,81.65972222,2022-07-03 07:00:00,0.5,1.5,3.0,27.0,45.517,1
Polavaram site,17.24583333,81.65972222,2022-07-03 10:00:00,0.5,1.5,3.0,26.5,1007.517,1
Polavaram site,17.24583333,81.65972222,2022-07-03 11:00:00,1.0,2.0,3.5,24.5,39.517,1
Polavaram site,17.24583333,81.65972222,2022-07-03 14:00:00,1.0,2.5,4.0,22.0,43.517,1
Polavaram site,17.24583333,81.65972222,2022-07-03 15:00:00,1.0,3.0,4.5,18.5,46.517,1
Polavaram site,17.24583333,81.65972222,2022-07-03 16:00:00,1.0,3.0,5.0,19.0,47.517,0
Polavaram site,17.24583333,81.65972222,2022-07-03 18:00:00,1.0,3.0,5.5,19.0,52.517,0
Polavaram site,17.24583333,81.65972222,2022-07-03 19:00:00,1.0,3.0,6.0,19.0,51.517,0
Polavaram site,17.24583333,81.65972222,2022-07-03 20:00:00,1.5,3.5,6.5,19.0,52.517,0
Polavaram site,17.24583333,81.65972222,2022-07-04 01:00:00,1.5,4.0,7.0,19.0,54.517,0
Polavaram site,17.24583333,81.65972222,2022-07-04 09:00:00,0.5,3.5,6.5,18.0,68.517,0
Polavaram site,17.24583333,81.65972222,2022-07-04 10:00:00,0.5,2.5,6.0,17.0,56.517,0
Polavaram site,17.24583333,81.65972222,2022-07-04 11:00:00,0.5,1.5,5.5,17.0,67.517,0
Polavaram site,17.24583333,81.65972222,2022-07-04 16:00:00,0.5,1.5,5.0,17.0,60.517,0
Polavaram site,17.24583333,81.65972222,2022-07-04 17:00:00,0.5,1.5,4.0,17.0,87.517,0
Polavaram site,17.24583333,81.65972222,2022-07-04 18:00:00,0.5,1.5,3.0,17.0,89.517,0
Polavaram site,17.24583333,81.65972222,2022-07-04 19:00:00,1.0,2.0,3.5,17.5,92.517,0
Polavaram site,17.24583333,81.65972222,2022-07-04 23:00:00,1.0,2.5,4.0,18.0,102.517,0
Polavaram site,17.24583333,81.65972222,2022-07-05 00:00:00,1.0,3.0,4.5,18.5,133.517,0
Polavaram site,17.24583333,81.65972222,2022-07-05 01:00:00,1.0,3.0,5.0,19.0,140.517,0
Polavaram site,17.24583333,81.65972222,2022-07-05 02:00:00,1.0,3.0,5.5,19.5,145.517,0
Polavaram site,17.24583333,81.65972222,2022-07-05 03:00:00,1.0,3.0,6.0,20.0,145.517,0
Polavaram site,17.24583333,81.65972222,2022-07-05 05:00:00,0.5,2.5,5.5,20.0,144.517,0
Polavaram site,17.24583333,81.65972222,2022-07-05 06:00:00,0.5,2.0,5.0,20.0,149.517,0
Polavaram site,17.24583333,81.65972222,2022-07-05 07:00:00,0.5,1.5,4.5,20.0,147.517,0
Polavaram site,17.24583333,81.65972222,2022-07-05 08:00:00,0.5,1.5,4.0,20.0,144.517,0
Polavaram site,17.24583333,81.65972222,2022-07-05 09:00:00,0.5,1.5,3.5,19.5,147.517,0
Polavaram site,17.24583333,81.65972222,2022-07-05 10:00:00,0.5,1.5,3.0,19.0,154.517,0
Polavaram site,17.24583333,81.65972222,2022-07-05 11:00:00,0.5,1.5,3.0,18.5,151.517,0
Polavaram site,17.24583333,81.65972222,2022-07-05 12:00:00,0.5,1.5,3.0,18.0,150.517,0
Polavaram site,17.24583333,81.65972222,2022-07-05 13:00:00,0.5,1.5,3.0,17.5,151.517,0
Polavaram site,17.24583333,81.65972222,2022-07-05 14:00:00,0.5,1.5,3.0,17.0,157.517,0
Polavaram site,17.24583333,81.65972222,2022-07-05 15:00:00,1.0,2.0,3.5,16.5,167.517,0
Polavaram site,17.24583333,81.65972222,2022-07-05 16:00:00,1.0,2.5,4.0,16.0,172.517,0
Polavaram site,17.24583333,81.65972222,2022-07-05 17:00:00,1.0,3.0,4.5,16.5,184.517,0
Polavaram site,17.24583333,81.65972222,2022-07-05 18:00:00,1.0,3.0,5.0,17.0,194.517,0
Polavaram site,17.24583333,81.65972222,2022-07-05 19:00:00,1.0,3.0,5.5,17.5,196.517,0
Polavaram site,17.24583333,81.65972222,2022-07-05 20:00:00,1.0,3.0,6.0,18.0,247.517,0
Polavaram site,17.24583333,81.65972222,2022-07-05 21:00:00,1.0,3.0,6.0,18.5,261.517,0
Polavaram site,17.24583333,81.65972222,2022-07-05 22:00:00,1.0,3.0,6.0,19.0,262.517,0
Polavaram site,17.24583333,81.65972222,2022-07-05 23:00:00,1.0,3.0,6.0,19.0,276.517,0
Polavaram site,17.24583333,81.65972222,2022-07-06 00:00:00,1.0,3.0,6.0,19.0,283.517,0
Polavaram site,17.24583333,81.65972222,2022-07-06 01:00:00,1.5,3.5,6.5,19.5,287.517,0
Polavaram site,17.24583333,81.65972222,2022-07-06 02:00:00,1.5,4.0,7.0,20.0,294.517,0
Polavaram site,17.24583333,81.65972222,2022-07-06 03:00:00,1.5,4.5,7.5,20.5,301.517,0
Polavaram site,17.24583333,81.65972222,2022-07-06 11:00:00,0.5,3.5,7.0,20.0,311.517,0
Polavaram site,17.24583333,81.65972222,2022-07-06 12:00:00,0.5,2.5,6.5,20.0,384.517,0
Polavaram site,17.24583333,81.65972222,2022-07-06 17:00:00,0.5,1.5,6.0,20.0,387.517,0
Polavaram site,17.24583333,81.65972222,2022-07-06 21:00:00,1.0,2.0,5.5,20.5,461.517,0
Polavaram site,17.24583333,81.65972222,2022-07-06 22:00:00,1.0,2.5,5.0,21.0,670.517,0
Polavaram site,17.24583333,81.65972222,2022-07-06 23:00:00,1.0,3.0,4.5,21.5,754.517,1
Polavaram site,17.24583333,81.65972222,2022-07-07 00:00:00,1.0,3.0,5.0,22.0,853.517,1
Polavaram site,17.24583333,81.65972222,2022-07-07 01:00:00,1.0,3.0,5.5,22.5,958.517,1
Polavaram site,17.24583333,81.65972222,2022-07-07 02:00:00,1.0,3.0,6.0,23.0,57.517,1
Polavaram site,17.24583333,81.65972222,2022-07-07 03:00:00,1.0,3.0,6.0,23.5,133.517,1
Polavaram site,17.24583333,81.65972222,2022-07-07 07:00:00,0.5,2.5,5.5,23.5,198.517,1
Polavaram site,17.24583333,81.65972222,2022-07-07 08:00:00,0.5,2.0,5.0,23.0,622.517,1
Polavaram site,17.24583333,81.65972222,2022-07-07 09:00:00,0.5,1.5,4.5,22.5,758.517,1
Polavaram site,17.24583333,81.65972222,2022-07-07 10:00:00,0.5,1.5,4.0,22.0,911.517,1
Polavaram site,17.24583333,81.65972222,2022-07-07 11:00:00,0.5,1.5,3.5,21.5,43.517,1
Polavaram site,17.24583333,81.65972222,2022-07-07 12:00:00,0.5,1.5,3.0,21.0,154.517,1
Polavaram site,17.24583333,81.65972222,2022-07-07 13:00:00,0.5,1.5,3.0,20.5,275.517,1
Polavaram site,17.24583333,81.65972222,2022-07-07 14:00:00,0.5,1.5,3.0,20.0,368.517,0
Polavaram site,17.24583333,81.65972222,2022-07-07 15:00:00,0.5,1.5,3.0,19.5,456.517,0
Polavaram site,17.24583333,81.65972222,2022-07-07 16:00:00,0.5,1.5,3.0,19.0,550.517,0
Polavaram site,17.24583333,81.65972222,2022-07-07 17:00:00,0.5,1.5,3.0,18.5,647.517,0
Polavaram site,17.24583333,81.65972222,2022-07-07 18:00:00,1.0,2.0,3.5,18.0,725.517,0
Polavaram site,17.24583333,81.65972222,2022-07-07 19:00:00,1.0,2.5,4.0,17.5,783.517,0
Polavaram site,17.24583333,81.65972222,2022-07-07 20:00:00,1.0,3.0,4.5,17.0,834.517,1
Polavaram site,17.24583333,81.65972222,2022-07-07 21:00:00,1.0,3.0,5.0,17.5,886.517,1
Polavaram site,17.24583333,81.65972222,2022-07-07 22:00:00,1.0,3.0,5.5,18.0,944.517,1
Polavaram site,17.24583333,81.65972222,2022-07-07 23:00:00,1.0,3.0,6.0,18.5,979.517,1
Polavaram site,17.24583333,81.65972222,2022-07-08 00:00:00,1.0,3.0,6.0,18.5,23.517,1
Polavaram site,17.24583333,81.65972222,2022-07-08 01:00:00,1.0,3.0,6.0,18.5,58.517,1
Polavaram site,17.24583333,81.65972222,2022-07-08 02:00:00,1.0,3.0,6.0,18.5,95.517,1
Polavaram site,17.24583333,81.65972222,2022-07-08 06:00:00,0.5,2.5,5.5,18.0,117.517,0
Polavaram site,17.24583333,81.65972222,2022-07-08 10:00:00,0.5,2.0,5.0,17.5,234.517,0
Polavaram site,17.24583333,81.65972222,2022-07-08 11:00:00,0.5,1.5,4.5,17.0,424.517,0
Polavaram site,17.24583333,81.65972222,2022-07-08 12:00:00,0.5,1.5,4.0,16.5,474.517,0
Polavaram site,17.24583333,81.65972222,2022-07-08 13:00:00,0.5,1.5,3.5,16.5,516.517,0
Polavaram site,17.24583333,81.65972222,2022-07-08 14:00:00,0.5,1.5,3.0,16.5,604.517,0
Polavaram site,17.24583333,81.65972222,2022-07-08 15:00:00,0.5,1.5,3.0,16.5,671.517,0
Polavaram site,17.24583333,81.65972222,2022-07-08 22:00:00,1.0,2.0,3.5,17.0,740.517,0
Polavaram site,17.24583333,81.65972222,2022-07-08 23:00:00,1.0,2.5,4.0,17.5,97.517,0
Polavaram site,17.24583333,81.65972222,2022-07-09 03:00:00,1.0,3.0,4.5,18.0,144.517,0
Polavaram site,17.24583333,81.65972222,2022-07-09 08:00:00,0.5,2.5,4.5,18.0,201.517,0
Polavaram site,17.24583333,81.65972222,2022-07-09 09:00:00,0.5,2.0,4.5,18.0,242.517,0
Polavaram site,17.24583333,81.65972222,2022-07-09 11:00:00,0.5,1.5,4.5,18.0,244.517,0
Polavaram site,17.24583333,81.65972222,2022-07-09 12:00:00,0.5,1.5,4.0,18.0,252.517,0
Polavaram site,17.24583333,81.65972222,2022-07-09 13:00:00,0.5,1.5,3.5,18.0,263.517,0
Polavaram site,17.24583333,81.65972222,2022-07-09 14:00:00,0.5,1.5,3.0,17.5,255.517,0
Polavaram site,17.24583333,81.65972222,2022-07-09 16:00:00,1.0,2.0,3.5,17.5,239.517,0
Polavaram site,17.24583333,81.65972222,2022-07-09 17:00:00,1.0,2.5,4.0,17.5,227.517,0
Polavaram site,17.24583333,81.65972222,2022-07-09 19:00:00,1.0,3.0,4.5,17.5,227.517,0
Polavaram site,17.24583333,81.65972222,2022-07-09 20:00:00,1.0,3.0,5.0,17.5,230.517,0
Polavaram site,17.24583333,81.65972222,2022-07-09 21:00:00,1.0,3.0,5.5,17.5,254.517,0
Polavaram site,17.24583333,81.65972222,2022-07-09 22:00:00,1.0,3.0,6.0,17.5,259.517,0
Polavaram site,17.24583333,81.65972222,2022-07-09 23:00:00,1.0,3.0,6.0,17.5,275.517,0
Polavaram site,17.24583333,81.65972222,2022-07-10 00:00:00,1.0,3.0,6.0,17.5,301.517,0
Polavaram site,17.24583333,81.65972222,2022-07-10 03:00:00,1.0,3.0,6.0,18.0,324.517,0
Polavaram site,17.24583333,81.65972222,2022-07-10 04:00:00,0.5,2.5,5.5,18.0,459.517,0
Polavaram site,17.24583333,81.65972222,2022-07-10 05:00:00,0.5,2.0,5.0,18.0,527.517,0
Polavaram site,17.24583333,81.65972222,2022-07-10 06:00:00,0.5,1.5,4.5,18.0,599.517,0
Polavaram site,17.24583333,81.65972222,2022-07-10 07:00:00,0.5,1.5,4.0,18.0,668.517,0
Polavaram site,17.24583333,81.65972222,2022-07-10 11:00:00,0.5,1.5,3.5,18.0,744.517,0
Polavaram site,17.24583333,81.65972222,2022-07-10 15:00:00,1.0,2.0,3.5,18.5,260.517,0
Polavaram site,17.24583333,81.65972222,2022-07-10 18:00:00,1.0,2.5,4.0,18.5,36.517,0
Polavaram site,17.24583333,81.65972222,2022-07-10 21:00:00,1.0,3.0,4.5,18.5,709.517,0
Polavaram site,17.24583333,81.65972222,2022-07-10 22:00:00,1.0,3.0,5.0,18.5,335.517,0
Polavaram site,17.24583333,81.65972222,2022-07-10 23:00:00,1.0,3.0,5.5,19.0,378.517,0
Polavaram site,17.24583333,81.65972222,2022-07-11 00:00:00,1.5,3.5,6.5,20.0,582.517,0
Polavaram site,17.24583333,81.65972222,2022-07-11 01:00:00,1.5,4.0,7.0,21.0,858.517,0
Polavaram site,17.24583333,81.65972222,2022-07-11 02:00:00,1.5,4.5,7.5,22.0,83.517,0
Polavaram site,17.24583333,81.65972222,2022-07-11 03:00:00,1.5,4.5,8.0,23.0,261.517,0
Polavaram site,17.24583333,81.65972222,2022-07-11 11:00:00,0.5,3.5,7.5,23.0,435.517,0
Polavaram site,17.24583333,81.65972222,2022-07-11 12:00:00,0.5,2.5,7.0,22.5,616.517,0
Polavaram site,17.24583333,81.65972222,2022-07-11 13:00:00,0.5,1.5,6.0,22.0,755.517,1
Polavaram site,17.24583333,81.65972222,2022-07-11 14:00:00,0.5,1.5,5.0,21.5,882.517,1
Polavaram site,17.24583333,81.65972222,2022-07-11 15:00:00,0.5,1.5,4.0,21.0,994.517,1
Polavaram site,17.24583333,81.65972222,2022-07-11 16:00:00,0.5,1.5,3.0,20.5,98.517,1
Polavaram site,17.24583333,81.65972222,2022-07-11 17:00:00,0.5,1.5,3.0,20.0,202.517,1
Polavaram site,17.24583333,81.65972222,2022-07-11 18:00:00,0.5,1.5,3.0,19.5,292.517,1
Polavaram site,17.24583333,81.65972222,2022-07-11 19:00:00,1.0,2.0,3.5,19.5,379.517,0
Polavaram site,17.24583333,81.65972222,2022-07-11 20:00:00,1.0,2.5,4.0,19.5,463.517,0
Polavaram site,17.24583333,81.65972222,2022-07-11 21:00:00,1.0,3.0,4.5,20.0,552.517,0
Polavaram site,17.24583333,81.65972222,2022-07-11 22:00:00,1.0,3.0,5.0,20.5,616.517,0
Polavaram site,17.24583333,81.65972222,2022-07-11 23:00:00,1.0,3.0,5.5,21.0,686.517,0
Polavaram site,17.24583333,81.65972222,2022-07-12 00:00:00,1.0,3.0,6.0,21.5,769.517,0
Polavaram site,17.24583333,81.65972222,2022-07-12 01:00:00,1.0,3.0,6.0,22.0,826.517,1
Polavaram site,17.24583333,81.65972222,2022-07-12 02:00:00,1.0,3.0,6.0,22.0,875.517,1
Polavaram site,17.24583333,81.65972222,2022-07-12 03:00:00,1.0,3.0,6.0,22.0,939.517,1
Polavaram site,17.24583333,81.65972222,2022-07-12 04:00:00,0.5,2.5,5.5,21.5,992.517,1
Polavaram site,17.24583333,81.65972222,2022-07-12 05:00:00,0.5,2.0,5.0,21.0,59.517,1
Polavaram site,17.24583333,81.65972222,2022-07-12 06:00:00,0.5,1.5,4.5,20.5,80.517,1
Polavaram site,17.24583333,81.65972222,2022-07-12 07:00:00,0.5,1.5,4.0,19.5,155.517,1
Polavaram site,17.24583333,81.65972222,2022-07-12 08:00:00,0.5,1.5,3.5,18.5,157.517,0
Polavaram site,17.24583333,81.65972222,2022-07-12 09:00:00,0.5,1.5,3.0,17.5,223.517,0
Polavaram site,17.24583333,81.65972222,2022-07-12 10:00:00,0.5,1.5,3.0,16.5,245.517,0
Polavaram site,17.24583333,81.65972222,2022-07-12 11:00:00,0.5,1.5,3.0,16.5,282.517,0
Polavaram site,17.24583333,81.65972222,2022-07-12 12:00:00,0.5,1.5,3.0,16.5,240.517,0
Polavaram site,17.24583333,81.65972222,2022-07-12 13:00:00,1.0,2.0,3.5,17.0,273.517,0
Polavaram site,17.24583333,81.65972222,2022-07-12 14:00:00,1.0,2.5,4.0,17.5,327.517,0
Polavaram site,17.24583333,81.65972222,2022-07-12 15:00:00,1.0,3.0,4.5,18.0,364.517,0
Polavaram site,17.24583333,81.65972222,2022-07-12 16:00:00,1.0,3.0,5.0,18.5,383.517,0
Polavaram site,17.24583333,81.65972222,2022-07-12 17:00:00,1.0,3.0,5.5,19.0,389.517,0
Polavaram site,17.24583333,81.65972222,2022-07-12 18:00:00,1.0,3.0,6.0,19.5,402.517,0
Polavaram site,17.24583333,81.65972222,2022-07-12 19:00:00,2.0,4.0,7.0,20.5,423.517,0
Polavaram site,17.24583333,81.65972222,2022-07-12 20:00:00,1.0,4.0,7.0,20.5,663.017,0
Polavaram site,17.24583333,81.65972222,2022-07-12 21:00:00,1.0,4.0,7.0,20.5,396.517,0
Polavaram site,17.24583333,81.65972222,2022-07-12 22:00:00,1.5,3.5,7.5,21.0,421.517,0
Polavaram site,17.24583333,81.65972222,2022-07-12 23:00:00,1.5,4.0,8.0,21.5,402.517,0
Polavaram site,17.24583333,81.65972222,2022-07-13 00:00:00,1.5,4.5,8.5,22.0,428.517,0
Polavaram site,17.24583333,81.65972222,2022-07-13 01:00:00,1.5,4.5,8.0,22.5,420.517,0
Polavaram site,17.24583333,81.65972222,2022-07-13 02:00:00,1.5,4.5,8.5,23.0,424.517,0
Polavaram site,17.24583333,81.65972222,2022-07-13 03:00:00,1.5,4.5,9.0,23.5,412.517,0
Polavaram site,17.24583333,81.65972222,2022-07-13 06:00:00,0.5,3.5,8.0,23.5,408.517,0
Polavaram site,17.24583333,81.65972222,2022-07-13 07:00:00,0.5,2.5,7.0,23.5,357.517,0
Polavaram site,17.24583333,81.65972222,2022-07-13 08:00:00,0.5,1.5,6.0,23.5,346.517,0
Polavaram site,17.24583333,81.65972222,2022-07-13 11:00:00,0.5,1.5,5.0,23.5,398.517,0
Polavaram site,17.24583333,81.65972222,2022-07-13 13:00:00,0.5,1.5,4.0,23.5,396.517,0
Polavaram site,17.24583333,81.65972222,2022-07-13 15:00:00,0.5,1.5,3.0,23.5,391.517,0
Polavaram site,17.24583333,81.65972222,2022-07-13 20:00:00,1.0,2.0,3.5,24.0,375.517,0
Polavaram site,17.24583333,81.65972222,2022-07-14 00:00:00,1.5,3.0,4.5,25.0,478.517,0
Polavaram site,17.24583333,81.65972222,2022-07-14 01:00:00,1.5,4.0,5.5,26.0,519.517,0
Polavaram site,17.24583333,81.65972222,2022-07-14 02:00:00,1.5,4.5,6.5,26.5,611.517,0
Polavaram site,17.24583333,81.65972222,2022-07-14 03:00:00,1.5,4.5,7.5,27.0,580.517,0
Polavaram site,17.24583333,81.65972222,2022-07-14 09:00:00,0.5,3.5,7.5,26.5,637.517,1
Polavaram site,17.24583333,81.65972222,2022-07-14 10:00:00,0.5,2.5,7.0,26.0,888.517,1
Polavaram site,17.24583333,81.65972222,2022-07-14 11:00:00,0.5,1.5,6.0,25.5,906.517,1
Polavaram site,17.24583333,81.65972222,2022-07-14 12:00:00,0.5,1.5,5.0,25.0,930.517,1
Polavaram site,17.24583333,81.65972222,2022-07-14 13:00:00,0.5,1.5,4.0,23.5,964.517,1
Polavaram site,17.24583333,81.65972222,2022-07-14 14:00:00,0.5,1.5,3.0,23.0,1008.517,1
Polavaram site,17.24583333,81.65972222,2022-07-14 17:00:00,1.0,2.0,3.5,23.0,43.517,1
Polavaram site,17.24583333,81.65972222,2022-07-14 19:00:00,1.0,2.5,4.0,22.5,210.517,1
Polavaram site,17.24583333,81.65972222,2022-07-14 20:00:00,1.0,3.0,4.5,22.0,294.517,1
Polavaram site,17.24583333,81.65972222,2022-07-14 21:00:00,1.0,3.0,5.0,21.5,277.517,0
Polavaram site,17.24583333,81.65972222,2022-07-14 22:00:00,1.0,3.0,5.5,21.0,385.517,0
Polavaram site,17.24583333,81.65972222,2022-07-14 23:00:00,1.0,3.0,6.0,20.5,426.517,0
Polavaram site,17.24583333,81.65972222,2022-07-15 00:00:00,1.0,3.0,6.0,20.0,433.517,0
Polavaram site,17.24583333,81.65972222,2022-07-15 01:00:00,1.0,3.0,6.0,20.5,546.517,0
Polavaram site,17.24583333,81.65972222,2022-07-15 02:00:00,1.0,3.0,6.0,21.0,580.517,0
Polavaram site,17.24583333,81.65972222,2022-07-15 03:00:00,1.5,3.5,6.5,22.0,630.517,0
Polavaram site,17.24583333,81.65972222,2022-07-15 12:00:00,0.5,3.0,6.0,22.0,667.517,0
Polavaram site,17.24583333,81.65972222,2022-07-15 13:00:00,0.5,2.5,5.5,22.0,101.517,0
Polavaram site,17.24583333,81.65972222,2022-07-15 14:00:00,0.5,1.5,5.0,22.0,153.517,0
Polavaram site,17.24583333,81.65972222,2022-07-15 15:00:00,0.5,1.5,4.5,21.5,235.517,0
Polavaram site,17.24583333,81.65972222,2022-07-15 16:00:00,0.5,1.5,4.0,20.5,291.517,0
Polavaram site,17.24583333,81.65972222,2022-07-15 17:00:00,0.5,1.5,3.0,19.5,320.517,0
Polavaram site,17.24583333,81.65972222,2022-07-15 18:00:00,0.5,1.5,3.0,18.5,381.517,0
Polavaram site,17.24583333,81.65972222,2022-07-15 19:00:00,0.5,1.5,3.0,17.5,411.517,0
Polavaram site,17.24583333,81.65972222,2022-07-15 20:00:00,0.5,1.5,3.0,17.5,464.517,0
Polavaram site,17.24583333,81.65972222,2022-07-15 21:00:00,1.0,2.0,3.5,18.0,483.517,0
Polavaram site,17.24583333,81.65972222,2022-07-15 22:00:00,1.0,2.5,4.0,18.5,587.517,0
Polavaram site,17.24583333,81.65972222,2022-07-16 00:00:00,1.0,3.0,4.5,19.0,567.517,0
Polavaram site,17.24583333,81.65972222,2022-07-16 01:00:00,1.0,3.0,5.0,19.5,631.517,0
Polavaram site,17.24583333,81.65972222,2022-07-16 02:00:00,1.0,3.0,5.5,20.0,693.517,0
Polavaram site,17.24583333,81.65972222,2022-07-16 03:00:00,1.0,3.0,6.0,20.0,687.517,0
Polavaram site,17.24583333,81.65972222,2022-07-16 06:00:00,0.5,2.5,5.5,19.5,709.517,0
Polavaram site,17.24583333,81.65972222,2022-07-16 07:00:00,0.5,2.0,5.0,19.0,876.517,0
Polavaram site,17.24583333,81.65972222,2022-07-16 08:00:00,0.5,1.5,4.5,18.5,844.517,0
Polavaram site,17.24583333,81.65972222,2022-07-16 09:00:00,0.5,1.5,4.0,18.0,867.517,0
Polavaram site,17.24583333,81.65972222,2022-07-16 10:00:00,0.5,1.5,3.5,17.5,889.517,0
Polavaram site,17.24583333,81.65972222,2022-07-16 11:00:00,0.5,1.5,3.0,17.0,892.517,1
Polavaram site,17.24583333,81.65972222,2022-07-16 12:00:00,0.5,1.5,3.0,16.5,862.517,1
Polavaram site,17.24583333,81.65972222,2022-07-16 13:00:00,0.5,1.5,3.0,16.0,963.517,1
Polavaram site,17.24583333,81.65972222,2022-07-16 14:00:00,0.5,1.5,3.0,15.0,893.517,1
Polavaram site,17.24583333,81.65972222,2022-07-16 15:00:00,0.5,1.5,3.0,15.0,897.517,1
Polavaram site,17.24583333,81.65972222,2022-07-16 16:00:00,0.5,1.5,3.0,15.0,913.517,1
Polavaram site,17.24583333,81.65972222,2022-07-16 17:00:00,1.0,2.0,3.5,15.5,888.517,1
Polavaram site,17.24583333,81.65972222,2022-07-16 18:00:00,1.0,2.5,4.0,16.0,906.517,1
Polavaram site,17.24583333,81.65972222,2022-07-16 19:00:00,1.0,3.0,4.5,16.5,974.517,1
Polavaram site,17.24583333,81.65972222,2022-07-16 20:00:00,1.0,3.0,5.0,17.0,818.517,1
Polavaram site,17.24583333,81.65972222,2022-07-16 21:00:00,1.0,3.0,5.5,17.5,909.517,1
Polavaram site,17.24583333,81.65972222,2022-07-16 23:00:00,1.0,3.0,6.0,18.0,894.517,1
Polavaram site,17.24583333,81.65972222,2022-07-17 00:00:00,1.0,3.0,6.0,18.5,831.517,1
Polavaram site,17.24583333,81.65972222,2022-07-17 01:00:00,1.0,3.0,6.0,18.5,826.517,1
Polavaram site,17.24583333,81.65972222,2022-07-17 02:00:00,1.5,3.5,6.5,19.0,822.517,1
Polavaram site,17.24583333,81.65972222,2022-07-17 03:00:00,1.5,4.0,7.0,19.5,878.517,0
Polavaram site,17.24583333,81.65972222,2022-07-17 13:00:00,0.5,3.5,6.5,19.0,829.517,0
Polavaram site,17.24583333,81.65972222,2022-07-17 18:00:00,0.5,2.5,6.0,18.5,531.517,0
Polavaram site,17.24583333,81.65972222,2022-07-17 20:00:00,0.5,1.5,5.5,18.0,303.517,0
Polavaram site,17.24583333,81.65972222,2022-07-18 00:00:00,1.0,2.0,5.5,18.5,291.517,0
Polavaram site,17.24583333,81.65972222,2022-07-18 01:00:00,1.0,2.5,5.0,19.0,104.517,1
Polavaram site,17.24583333,81.65972222,2022-07-18 02:00:00,1.0,3.0,4.5,19.5,60.517,1
Polavaram site,17.24583333,81.65972222,2022-07-18 03:00:00,1.0,3.0,5.0,20.0,1010.517,1
Polavaram site,17.24583333,81.65972222,2022-07-18 08:00:00,0.5,2.5,5.0,20.0,20.517,1
Polavaram site,17.24583333,81.65972222,2022-07-18 09:00:00,0.5,2.0,5.0,20.0,796.517,1
Polavaram site,17.24583333,81.65972222,2022-07-18 10:00:00,0.5,1.5,4.5,20.0,787.517,1
Polavaram site,17.24583333,81.65972222,2022-07-18 11:00:00,0.5,1.5,4.0,20.0,716.517,0
Polavaram site,17.24583333,81.65972222,2022-07-18 12:00:00,0.5,1.5,3.5,20.0,701.517,0
Polavaram site,17.24583333,81.65972222,2022-07-18 13:00:00,0.5,1.5,3.0,20.0,632.517,0
Polavaram site,17.24583333,81.65972222,2022-07-18 14:00:00,0.5,1.5,3.0,20.0,623.517,0
Polavaram site,17.24583333,81.65972222,2022-07-18 15:00:00,0.5,1.5,3.0,19.5,582.517,0
Polavaram site,17.24583333,81.65972222,2022-07-18 16:00:00,1.0,2.0,3.5,19.5,553.517,0
Polavaram site,17.24583333,81.65972222,2022-07-18 17:00:00,1.0,2.5,4.0,19.5,526.517,0
Polavaram site,17.24583333,81.65972222,2022-07-18 18:00:00,1.0,3.0,4.5,19.5,462.517,0
Polavaram site,17.24583333,81.65972222,2022-07-18 19:00:00,1.0,3.0,5.0,19.5,498.517,0
Polavaram site,17.24583333,81.65972222,2022-07-18 20:00:00,1.0,3.0,5.5,19.5,453.517,0
Polavaram site,17.24583333,81.65972222,2022-07-18 21:00:00,1.0,3.0,6.0,19.5,419.517,0
Polavaram site,17.24583333,81.65972222,2022-07-18 22:00:00,1.0,3.0,6.0,19.5,433.517,0
Polavaram site,17.24583333,81.65972222,2022-07-18 23:00:00,1.0,3.0,6.0,19.0,372.517,0
Polavaram site,17.24583333,81.65972222,2022-07-19 00:00:00,1.0,3.0,6.0,18.5,317.517,0
Polavaram site,17.24583333,81.65972222,2022-07-19 01:00:00,1.0,3.0,6.0,19.0,400.517,0
Polavaram site,17.24583333,81.65972222,2022-07-19 02:00:00,1.5,3.5,6.5,20.0,350.517,0
Polavaram site,17.24583333,81.65972222,2022-07-19 03:00:00,1.5,4.0,7.0,21.0,331.517,0
Polavaram site,17.24583333,81.65972222,2022-07-19 10:00:00,0.5,3.5,6.5,20.5,301.517,0
Polavaram site,17.24583333,81.65972222,2022-07-19 11:00:00,0.5,2.5,6.0,20.0,130.517,0
Polavaram site,17.24583333,81.65972222,2022-07-19 12:00:00,0.5,1.5,5.5,19.5,55.517,0
Polavaram site,17.24583333,81.65972222,2022-07-19 13:00:00,0.5,1.5,5.0,19.0,29.517,0
Polavaram site,17.24583333,81.65972222,2022-07-19 14:00:00,0.5,1.5,4.0,19.0,37.517,1
Polavaram site,17.24583333,81.65972222,2022-07-19 15:00:00,0.5,1.5,3.0,19.0,48.517,1
Polavaram site,17.24583333,81.65972222,2022-07-19 16:00:00,0.5,1.5,3.0,19.0,991.517,1
Polavaram site,17.24583333,81.65972222,2022-07-19 17:00:00,0.5,1.5,3.0,19.0,894.517,1
Polavaram site,17.24583333,81.65972222,2022-07-19 18:00:00,0.5,1.5,3.0,19.0,909.517,1
Polavaram site,17.24583333,81.65972222,2022-07-19 19:00:00,0.5,1.5,3.0,19.0,847.517,1
Polavaram site,17.24583333,81.65972222,2022-07-19 20:00:00,1.0,2.0,3.5,19.5,800.517,1
Polavaram site,17.24583333,81.65972222,2022-07-19 21:00:00,1.0,2.5,4.0,20.0,755.517,1
Polavaram site,17.24583333,81.65972222,2022-07-19 22:00:00,1.0,3.0,4.5,20.0,718.517,0
Polavaram site,17.24583333,81.65972222,2022-07-19 23:00:00,1.0,3.0,5.0,20.0,672.517,0
Polavaram site,17.24583333,81.65972222,2022-07-20 00:00:00,1.0,3.0,5.5,20.0,636.517,0
Polavaram site,17.24583333,81.65972222,2022-07-20 01:00:00,1.0,3.0,6.0,20.0,634.517,0
Polavaram site,17.24583333,81.65972222,2022-07-20 02:00:00,1.5,3.5,6.5,20.5,521.517,0
Polavaram site,17.24583333,81.65972222,2022-07-20 03:00:00,1.5,4.0,7.0,21.0,504.517,0
Polavaram site,17.24583333,81.65972222,2022-07-20 10:00:00,0.5,3.5,6.5,20.5,447.517,0
Polavaram site,17.24583333,81.65972222,2022-07-20 11:00:00,0.5,2.5,6.0,20.0,135.517,0
Polavaram site,17.24583333,81.65972222,2022-07-20 12:00:00,0.5,1.5,5.5,19.5,140.517,0
Polavaram site,17.24583333,81.65972222,2022-07-20 13:00:00,0.5,1.5,5.0,19.0,168.517,0
Polavaram site,17.24583333,81.65972222,2022-07-20 14:00:00,0.5,1.5,4.0,18.0,136.517,0
Polavaram site,17.24583333,81.65972222,2022-07-20 15:00:00,0.5,1.5,3.0,17.0,96.517,0
Polavaram site,17.24583333,81.65972222,2022-07-20 16:00:00,0.5,1.5,3.0,17.0,58.517,1
Polavaram site,17.24583333,81.65972222,2022-07-20 17:00:00,0.5,1.5,3.0,17.0,44.517,1
Polavaram site,17.24583333,81.65972222,2022-07-20 18:00:00,1.0,2.0,3.5,17.5,966.517,1
Polavaram site,17.24583333,81.65972222,2022-07-20 19:00:00,1.0,2.5,4.0,18.0,964.517,1
Polavaram site,17.24583333,81.65972222,2022-07-20 20:00:00,1.0,3.0,4.5,18.5,957.517,1
Polavaram site,17.24583333,81.65972222,2022-07-20 21:00:00,1.0,3.0,5.0,19.0,930.517,1
Polavaram site,17.24583333,81.65972222,2022-07-20 22:00:00,1.0,3.0,5.5,19.5,889.517,1
Polavaram site,17.24583333,81.65972222,2022-07-20 23:00:00,1.0,3.0,6.0,20.0,876.517,1
Polavaram site,17.24583333,81.65972222,2022-07-21 00:00:00,1.0,3.0,6.0,20.5,861.517,1
Polavaram site,17.24583333,81.65972222,2022-07-21 01:00:00,1.0,3.0,6.0,21.0,853.517,0
Polavaram site,17.24583333,81.65972222,2022-07-21 02:00:00,1.0,3.0,6.0,21.0,838.517,0
Polavaram site,17.24583333,81.65972222,2022-07-21 03:00:00,1.0,3.0,6.0,21.0,805.517,0
Polavaram site,17.24583333,81.65972222,2022-07-21 05:00:00,0.5,2.5,5.5,20.5,794.517,0
Polavaram site,17.24583333,81.65972222,2022-07-21 06:00:00,0.5,2.0,5.0,20.0,751.517,0
Polavaram site,17.24583333,81.65972222,2022-07-21 07:00:00,0.5,1.5,4.5,19.5,732.517,0
Polavaram site,17.24583333,81.65972222,2022-07-21 08:00:00,0.5,1.5,4.0,19.0,705.517,0
Polavaram site,17.24583333,81.65972222,2022-07-21 09:00:00,0.5,1.5,3.5,18.0,719.517,0
Polavaram site,17.24583333,81.65972222,2022-07-21 10:00:00,0.5,1.5,3.0,17.0,708.517,0
Polavaram site,17.24583333,81.65972222,2022-07-21 11:00:00,1.0,2.0,3.5,17.5,688.517,0
Polavaram site,17.24583333,81.65972222,2022-07-21 12:00:00,1.0,2.5,4.0,18.0,544.517,0
Polavaram site,17.24583333,81.65972222,2022-07-21 13:00:00,1.0,3.0,4.5,18.5,637.517,0
Polavaram site,17.24583333,81.65972222,2022-07-21 14:00:00,1.0,3.0,5.0,19.0,641.517,0
Polavaram site,17.24583333,81.65972222,2022-07-21 15:00:00,1.0,3.0,5.5,19.5,617.517,0
Polavaram site,17.24583333,81.65972222,2022-07-21 16:00:00,1.0,3.0,6.0,20.0,622.517,0
Polavaram site,17.24583333,81.65972222,2022-07-21 17:00:00,1.0,3.0,6.0,20.5,583.517,0
Polavaram site,17.24583333,81.65972222,2022-07-21 18:00:00,1.0,3.0,6.0,21.0,544.517,0
Polavaram site,17.24583333,81.65972222,2022-07-21 19:00:00,1.0,3.0,6.0,21.0,536.517,0
Polavaram site,17.24583333,81.65972222,2022-07-21 20:00:00,1.0,3.0,6.0,21.0,511.517,0
Polavaram site,17.24583333,81.65972222,2022-07-21 21:00:00,1.5,3.5,6.5,21.5,500.517,0
Polavaram site,17.24583333,81.65972222,2022-07-21 22:00:00,1.5,4.0,7.0,22.0,453.517,0
Polavaram site,17.24583333,81.65972222,2022-07-21 23:00:00,1.5,4.5,7.5,22.5,431.517,0
Polavaram site,17.24583333,81.65972222,2022-07-22 00:00:00,2.0,5.0,8.5,23.5,406.517,0
Polavaram site,17.24583333,81.65972222,2022-07-22 01:00:00,2.0,5.5,9.5,24.5,376.517,0
Polavaram site,17.24583333,81.65972222,2022-07-22 02:00:00,2.0,6.0,10.5,25.5,353.517,0
Polavaram site,17.24583333,81.65972222,2022-07-22 03:00:00,2.0,6.0,11.0,26.5,309.517,0
Polavaram site,17.24583333,81.65972222,2022-07-22 05:00:00,0.5,4.5,10.0,26.0,298.517,0
Polavaram site,17.24583333,81.65972222,2022-07-22 06:00:00,0.5,3.0,9.0,26.0,227.517,0
Polavaram site,17.24583333,81.65972222,2022-07-22 07:00:00,0.5,1.5,7.5,26.0,192.517,0
Polavaram site,17.24583333,81.65972222,2022-07-22 08:00:00,0.5,1.5,6.0,26.0,193.517,0
Polavaram site,17.24583333,81.65972222,2022-07-22 09:00:00,1.0,2.0,5.0,26.5,137.517,0
Polavaram site,17.24583333,81.65972222,2022-07-22 10:00:00,1.0,2.5,4.0,27.0,123.517,0
Polavaram site,17.24583333,81.65972222,2022-07-22 11:00:00,1.0,3.0,4.5,27.5,77.517,0
Polavaram site,17.24583333,81.65972222,2022-07-22 12:00:00,1.0,3.0,5.0,27.5,40.517,0
Polavaram site,17.24583333,81.65972222,2022-07-22 13:00:00,1.0,3.0,5.5,27.5,29.517,1
Polavaram site,17.24583333,81.65972222,2022-07-22 14:00:00,1.0,3.0,6.0,27.5,28.517,1
Polavaram site,17.24583333,81.65972222,2022-07-22 15:00:00,1.0,3.0,6.0,27.5,994.517,1
Polavaram site,17.24583333,81.65972222,2022-07-22 16:00:00,1.5,3.5,6.5,28.0,962.517,1
Polavaram site,17.24583333,81.65972222,2022-07-22 17:00:00,1.5,4.0,7.0,28.5,936.517,1
Polavaram site,17.24583333,81.65972222,2022-07-22 18:00:00,1.5,4.5,7.5,29.0,903.517,1
Polavaram site,17.24583333,81.65972222,2022-07-22 19:00:00,1.5,4.5,8.0,29.5,893.517,1
Polavaram site,17.24583333,81.65972222,2022-07-22 20:00:00,1.5,4.5,8.5,30.0,846.517,1
Polavaram site,17.24583333,81.65972222,2022-07-22 21:00:00,2.0,5.0,9.5,31.0,863.517,1
Polavaram site,17.24583333,81.65972222,2022-07-22 22:00:00,2.0,5.5,10.0,31.5,803.517,0
Polavaram site,17.24583333,81.65972222,2022-07-22 23:00:00,2.0,6.0,10.5,32.0,780.517,0
Polavaram site,17.24583333,81.65972222,2022-07-23 00:00:00,2.0,6.0,11.0,32.5,770.517,0
Polavaram site,17.24583333,81.65972222,2022-07-23 01:00:00,2.0,6.0,11.5,32.5,739.517,0
Polavaram site,17.24583333,81.65972222,2022-07-23 02:00:00,2.0,6.0,12.0,32.5,737.517,0
Polavaram site,17.24583333,81.65972222,2022-07-23 03:00:00,2.5,6.5,12.5,33.0,733.517,0
Polavaram site,17.24583333,81.65972222,2022-07-23 07:00:00,0.5,5.0,11.0,31.5,745.517,0
Polavaram site,17.24583333,81.65972222,2022-07-23 08:00:00,0.5,3.5,9.5,31.5,791.517,0
Polavaram site,17.24583333,81.65972222,2022-07-23 09:00:00,1.0,2.0,8.5,32.0,777.517,0
Polavaram site,17.24583333,81.65972222,2022-07-23 10:00:00,1.5,3.0,8.0,33.0,833.517,0
Polavaram site,17.24583333,81.65972222,2022-07-23 11:00:00,1.5,4.0,7.5,34.0,820.517,0
Polavaram site,17.24583333,81.65972222,2022-07-23 12:00:00,1.5,4.5,6.5,34.5,843.517,0
Polavaram site,17.24583333,81.65972222,2022-07-23 13:00:00,2.0,5.0,8.0,35.5,847.517,0
Polavaram site,17.24583333,81.65972222,2022-07-23 14:00:00,2.0,5.5,9.5,36.5,846.517,1
Polavaram site,17.24583333,81.65972222,2022-07-23 15:00:00,2.5,6.5,11.0,38.0,878.517,1
Polavaram site,17.24583333,81.65972222,2022-07-23 16:00:00,2.5,7.0,12.0,39.5,909.517,1
Polavaram site,17.24583333,81.65972222,2022-07-23 17:00:00,2.5,7.5,13.0,41.0,910.517,1
Polavaram site,17.24583333,81.65972222,2022-07-23 18:00:00,2.5,7.5,14.0,42.5,915.517,1
Polavaram site,17.24583333,81.65972222,2022-07-23 19:00:00,3.0,8.0,15.0,44.0,920.517,1
Polavaram site,17.24583333,81.65972222,2022-07-23 20:00:00,3.0,8.5,16.0,45.5,892.517,1
Polavaram site,17.24583333,81.65972222,2022-07-23 21:00:00,3.0,9.0,16.5,47.0,894.517,1
Polavaram site,17.24583333,81.65972222,2022-07-23 22:00:00,3.0,9.0,17.0,48.5,866.517,1
Polavaram site,17.24583333,81.65972222,2022-07-23 23:00:00,3.5,9.5,18.0,50.5,890.517,1
Polavaram site,17.24583333,81.65972222,2022-07-24 00:00:00,3.5,10.0,19.0,52.0,851.517,1
Polavaram site,17.24583333,81.65972222,2022-07-24 01:00:00,3.5,10.5,19.5,53.5,837.517,0
Polavaram site,17.24583333,81.65972222,2022-07-24 02:00:00,3.5,10.5,20.0,55.0,798.517,0
Polavaram site,17.24583333,81.65972222,2022-07-24 03:00:00,3.5,10.5,20.5,56.5,740.517,0
Polavaram site,17.24583333,81.65972222,2022-07-24 05:00:00,0.5,7.5,18.0,55.0,716.517,0
Polavaram site,17.24583333,81.65972222,2022-07-24 06:00:00,0.5,4.5,15.0,53.5,634.517,0
Polavaram site,17.24583333,81.65972222,2022-07-24 07:00:00,0.5,1.5,12.0,51.5,604.517,0
Polavaram site,17.24583333,81.65972222,2022-07-24 08:00:00,1.0,2.0,9.5,52.0,554.517,0
Polavaram site,17.24583333,81.65972222,2022-07-24 09:00:00,1.0,2.5,7.0,52.5,512.517,0
Polavaram site,17.24583333,81.65972222,2022-07-24 10:00:00,1.0,3.0,4.5,52.5,472.517,0
Polavaram site,17.24583333,81.65972222,2022-07-24 11:00:00,1.5,3.5,5.5,52.5,409.517,0
Polavaram site,17.24583333,81.65972222,2022-07-24 12:00:00,1.5,4.0,6.5,52.5,401.517,0
Polavaram site,17.24583333,81.65972222,2022-07-24 13:00:00,2.0,5.0,8.0,53.0,342.517,0
Polavaram site,17.24583333,81.65972222,2022-07-24 14:00:00,2.0,5.5,9.0,53.0,297.517,0
Polavaram site,17.24583333,81.65972222,2022-07-24 15:00:00,2.0,6.0,10.0,53.0,276.517,0
Polavaram site,17.24583333,81.65972222,2022-07-24 16:00:00,2.0,6.0,11.0,52.5,258.517,0
Polavaram site,17.24583333,81.65972222,2022-07-24 17:00:00,2.0,6.0,11.5,52.0,241.517,0
Polavaram site,17.24583333,81.65972222,2022-07-24 18:00:00,2.0,6.0,12.0,51.5,222.517,0
Polavaram site,17.24583333,81.65972222,2022-07-24 19:00:00,2.0,6.0,12.0,51.0,199.517,0
Polavaram site,17.24583333,81.65972222,2022-07-24 20:00:00,2.0,6.0,12.0,50.0,191.517,0
Polavaram site,17.24583333,81.65972222,2022-07-24 21:00:00,2.0,6.0,12.0,49.0,185.517,0
Polavaram site,17.24583333,81.65972222,2022-07-24 22:00:00,2.0,6.0,12.0,48.0,165.517,0
Polavaram site,17.24583333,81.65972222,2022-07-24 23:00:00,2.5,6.5,12.5,47.5,178.517,0
Polavaram site,17.24583333,81.65972222,2022-07-25 00:00:00,2.5,7.0,13.0,46.5,167.517,0
Polavaram site,17.24583333,81.65972222,2022-07-25 01:00:00,2.5,7.5,13.5,45.5,193.517,0
Polavaram site,17.24583333,81.65972222,2022-07-25 02:00:00,2.5,7.5,14.0,44.5,219.517,0
Polavaram site,17.24583333,81.65972222,2022-07-25 03:00:00,2.5,7.5,14.5,43.5,217.517,0
Polavaram site,17.24583333,81.65972222,2022-07-25 11:00:00,0.5,5.5,13.0,40.5,256.517,0
Polavaram site,17.24583333,81.65972222,2022-07-25 12:00:00,0.5,3.5,11.0,40.5,417.517,0
Polavaram site,17.24583333,81.65972222,2022-07-25 13:00:00,0.5,1.5,9.0,40.5,438.517,0
Polavaram site,17.24583333,81.65972222,2022-07-25 14:00:00,0.5,1.5,7.0,40.5,468.517,0
Polavaram site,17.24583333,81.65972222,2022-07-25 15:00:00,0.5,1.5,5.0,40.0,481.517,0
Polavaram site,17.24583333,81.65972222,2022-07-25 16:00:00,0.5,1.5,3.0,39.5,495.517,0
Polavaram site,17.24583333,81.65972222,2022-07-25 17:00:00,0.5,1.5,3.0,39.0,506.517,0
Polavaram site,17.24583333,81.65972222,2022-07-25 18:00:00,1.0,2.0,3.5,38.5,511.517,0
Polavaram site,17.24583333,81.65972222,2022-07-25 19:00:00,1.0,2.5,4.0,38.0,529.517,0
Polavaram site,17.24583333,81.65972222,2022-07-25 20:00:00,1.0,3.0,4.5,37.0,541.517,0
Polavaram site,17.24583333,81.65972222,2022-07-25 21:00:00,1.0,3.0,5.0,36.0,572.517,0
Polavaram site,17.24583333,81.65972222,2022-07-25 22:00:00,1.0,3.0,5.5,35.0,571.517,0
Polavaram site,17.24583333,81.65972222,2022-07-25 23:00:00,1.0,3.0,6.0,34.0,582.517,0
Polavaram site,17.24583333,81.65972222,2022-07-26 00:00:00,1.0,3.0,6.0,33.0,575.517,0
Polavaram site,17.24583333,81.65972222,2022-07-26 01:00:00,1.0,3.0,6.0,32.0,595.517,0
Polavaram site,17.24583333,81.65972222,2022-07-26 02:00:00,1.0,3.0,6.0,31.0,587.517,0
Polavaram site,17.24583333,81.65972222,2022-07-26 03:00:00,1.0,3.0,6.0,30.0,573.517,0
Polavaram site,17.24583333,81.65972222,2022-07-26 04:00:00,0.5,2.5,5.5,28.5,596.517,0
Polavaram site,17.24583333,81.65972222,2022-07-26 05:00:00,0.5,2.0,5.0,27.0,601.517,0
Polavaram site,17.24583333,81.65972222,2022-07-26 06:00:00,0.5,1.5,4.5,25.0,551.517,0
Polavaram site,17.24583333,81.65972222,2022-07-26 07:00:00,0.5,1.5,4.0,23.0,562.517,0
Polavaram site,17.24583333,81.65972222,2022-07-26 08:00:00,0.5,1.5,3.5,21.0,572.517,0
Polavaram site,17.24583333,81.65972222,2022-07-26 09:00:00,0.5,1.5,3.0,19.0,597.517,0
Polavaram site,17.24583333,81.65972222,2022-07-26 10:00:00,0.5,1.5,3.0,17.0,597.517,0
Polavaram site,17.24583333,81.65972222,2022-07-26 11:00:00,0.5,1.5,3.0,17.0,584.517,0
Polavaram site,17.24583333,81.65972222,2022-07-26 12:00:00,0.5,1.5,3.0,17.0,576.517,0
Polavaram site,17.24583333,81.65972222,2022-07-26 13:00:00,0.5,1.5,3.0,17.0,597.517,0
Polavaram site,17.24583333,81.65972222,2022-07-26 14:00:00,0.5,1.5,3.0,17.0,586.517,0
Polavaram site,17.24583333,81.65972222,2022-07-26 15:00:00,1.0,2.0,3.5,17.5,577.517,0
Polavaram site,17.24583333,81.65972222,2022-07-26 16:00:00,1.0,2.5,4.0,18.0,552.517,0
Polavaram site,17.24583333,81.65972222,2022-07-26 17:00:00,1.0,3.0,4.5,18.5,551.517,0
Polavaram site,17.24583333,81.65972222,2022-07-26 18:00:00,1.0,3.0,5.0,18.5,538.517,0
Polavaram site,17.24583333,81.65972222,2022-07-26 19:00:00,1.0,3.0,5.5,18.5,533.517,0
Polavaram site,17.24583333,81.65972222,2022-07-26 20:00:00,1.0,3.0,6.0,18.5,527.517,0
Polavaram site,17.24583333,81.65972222,2022-07-26 21:00:00,1.0,3.0,6.0,18.5,516.517,0
Polavaram site,17.24583333,81.65972222,2022-07-26 22:00:00,1.0,3.0,6.0,18.5,507.517,0
Polavaram site,17.24583333,81.65972222,2022-07-26 23:00:00,1.0,3.0,6.0,18.5,476.517,0
Polavaram site,17.24583333,81.65972222,2022-07-27 00:00:00,1.5,3.5,6.5,19.0,461.517,0
Polavaram site,17.24583333,81.65972222,2022-07-27 01:00:00,1.5,4.0,7.0,19.5,469.517,0
Polavaram site,17.24583333,81.65972222,2022-07-27 02:00:00,1.5,4.5,7.5,20.0,459.517,0
Polavaram site,17.24583333,81.65972222,2022-07-27 03:00:00,1.5,4.5,8.0,20.5,462.517,0
Polavaram site,17.24583333,81.65972222,2022-07-27 09:00:00,0.5,3.5,7.5,20.5,462.517,0
Polavaram site,17.24583333,81.65972222,2022-07-27 11:00:00,0.5,2.5,7.0,20.5,443.517,0
Polavaram site,17.24583333,81.65972222,2022-07-27 12:00:00,0.5,1.5,6.0,20.5,432.517,0
Polavaram site,17.24583333,81.65972222,2022-07-27 13:00:00,1.0,2.0,5.5,21.0,432.517,0
Polavaram site,17.24583333,81.65972222,2022-07-27 14:00:00,1.5,3.0,5.5,22.0,410.517,0
Polavaram site,17.24583333,81.65972222,2022-07-27 15:00:00,1.5,4.0,5.5,23.0,405.517,0
Polavaram site,17.24583333,81.65972222,2022-07-27 16:00:00,1.5,4.5,6.5,24.0,396.517,0
Polavaram site,17.24583333,81.65972222,2022-07-27 17:00:00,1.5,4.5,7.5,25.0,382.517,0
Polavaram site,17.24583333,81.65972222,2022-07-27 18:00:00,2.0,5.0,9.0,26.5,362.517,0
Polavaram site,17.24583333,81.65972222,2022-07-27 19:00:00,2.0,5.5,10.0,28.0,354.517,0
Polavaram site,17.24583333,81.65972222,2022-07-27 20:00:00,2.0,6.0,10.5,29.5,336.517,0
Polavaram site,17.24583333,81.65972222,2022-07-27 21:00:00,2.5,6.5,11.5,31.0,316.517,0
Polavaram site,17.24583333,81.65972222,2022-07-27 22:00:00,2.5,7.0,12.5,32.5,311.517,0
Polavaram site,17.24583333,81.65972222,2022-07-27 23:00:00,3.0,8.0,14.0,34.5,274.517,0
Polavaram site,17.24583333,81.65972222,2022-07-28 00:00:00,3.0,8.5,15.0,36.5,250.517,0
Polavaram site,17.24583333,81.65972222,2022-07-28 01:00:00,3.0,9.0,16.0,38.5,222.517,0
Polavaram site,17.24583333,81.65972222,2022-07-28 02:00:00,3.0,9.0,17.0,40.5,216.517,0
Polavaram site,17.24583333,81.65972222,2022-07-28 03:00:00,3.0,9.0,17.5,42.5,190.517,0
Polavaram site,17.24583333,81.65972222,2022-07-28 05:00:00,0.5,6.5,15.5,42.0,152.517,0
Polavaram site,17.24583333,81.65972222,2022-07-28 06:00:00,0.5,4.0,13.0,41.5,113.517,0
Polavaram site,17.24583333,81.65972222,2022-07-28 07:00:00,1.0,2.0,11.0,41.0,77.517,0
Polavaram site,17.24583333,81.65972222,2022-07-28 08:00:00,1.0,2.5,9.0,40.5,40.517,1
Polavaram site,17.24583333,81.65972222,2022-07-28 09:00:00,1.5,3.5,7.5,40.5,19.517,1
Polavaram site,17.24583333,81.65972222,2022-07-28 10:00:00,1.5,4.0,6.0,40.5,986.517,1
Polavaram site,17.24583333,81.65972222,2022-07-28 11:00:00,1.5,4.5,7.0,41.5,937.517,1
Polavaram site,17.24583333,81.65972222,2022-07-28 12:00:00,1.5,4.5,8.0,42.5,930.517,1
Polavaram site,17.24583333,81.65972222,2022-07-28 13:00:00,1.5,4.5,8.5,43.5,944.517,1
Polavaram site,17.24583333,81.65972222,2022-07-28 14:00:00,1.5,4.5,9.0,44.0,894.517,1
Polavaram site,17.24583333,81.65972222,2022-07-28 15:00:00,1.5,4.5,9.0,44.0,875.517,1
Polavaram site,17.24583333,81.65972222,2022-07-28 16:00:00,2.0,5.0,9.5,44.5,864.517,1
Polavaram site,17.24583333,81.65972222,2022-07-28 17:00:00,2.0,5.5,10.0,45.0,837.517,1
Polavaram site,17.24583333,81.65972222,2022-07-28 18:00:00,2.0,6.0,10.5,45.5,823.517,0
Polavaram site,17.24583333,81.65972222,2022-07-28 19:00:00,2.0,6.0,11.0,45.5,817.517,0
Polavaram site,17.24583333,81.65972222,2022-07-28 20:00:00,2.0,6.0,11.5,45.5,787.517,0
Polavaram site,17.24583333,81.65972222,2022-07-28 21:00:00,2.0,6.0,12.0,45.5,781.517,0
Polavaram site,17.24583333,81.65972222,2022-07-28 22:00:00,2.0,6.0,12.0,45.0,756.517,0
Polavaram site,17.24583333,81.65972222,2022-07-28 23:00:00,2.0,6.0,12.0,44.5,775.517,0
Polavaram site,17.24583333,81.65972222,2022-07-29 00:00:00,2.0,6.0,12.0,43.5,765.517,0
Polavaram site,17.24583333,81.65972222,2022-07-29 01:00:00,2.5,6.5,12.5,43.0,761.517,0
Polavaram site,17.24583333,81.65972222,2022-07-29 02:00:00,2.5,7.0,13.0,42.5,759.517,0
Polavaram site,17.24583333,81.65972222,2022-07-29 03:00:00,2.5,7.5,13.5,42.0,746.517,0
Polavaram site,17.24583333,81.65972222,2022-07-29 04:00:00,0.5,5.5,12.0,39.5,747.517,0
Polavaram site,17.24583333,81.65972222,2022-07-29 05:00:00,0.5,3.5,10.5,39.5,717.517,0
Polavaram site,17.24583333,81.65972222,2022-07-29 06:00:00,0.5,1.5,9.0,39.5,730.517,0
Polavaram site,17.24583333,81.65972222,2022-07-29 07:00:00,0.5,1.5,7.0,39.0,718.517,0
Polavaram site,17.24583333,81.65972222,2022-07-29 08:00:00,0.5,1.5,5.0,38.5,730.517,0
Polavaram site,17.24583333,81.65972222,2022-07-29 09:00:00,0.5,1.5,3.0,37.5,721.517,0
Polavaram site,17.24583333,81.65972222,2022-07-29 10:00:00,1.0,2.0,3.5,37.0,698.517,0
Polavaram site,17.24583333,81.65972222,2022-07-29 11:00:00,1.0,2.5,4.0,36.5,703.517,0
Polavaram site,17.24583333,81.65972222,2022-07-29 12:00:00,1.0,3.0,4.5,36.0,687.517,0
Polavaram site,17.24583333,81.65972222,2022-07-29 13:00:00,1.5,3.5,5.5,36.0,701.517,0
Polavaram site,17.24583333,81.65972222,2022-07-29 14:00:00,1.5,4.0,6.5,36.0,684.517,0
Polavaram site,17.24583333,81.65972222,2022-07-29 15:00:00,1.5,4.5,7.5,36.0,696.517,0
Polavaram site,17.24583333,81.65972222,2022-07-29 16:00:00,1.5,4.5,8.0,35.5,673.517,0
Polavaram site,17.24583333,81.65972222,2022-07-29 17:00:00,1.5,4.5,8.5,35.0,645.517,0
Polavaram site,17.24583333,81.65972222,2022-07-29 18:00:00,1.5,4.5,9.0,34.5,643.517,0
Polavaram site,17.24583333,81.65972222,2022-07-29 19:00:00,1.5,4.5,9.0,34.0,618.517,0
Polavaram site,17.24583333,81.65972222,2022-07-29 20:00:00,2.0,5.0,9.5,34.0,595.517,0
Polavaram site,17.24583333,81.65972222,2022-07-29 21:00:00,2.0,5.5,10.0,34.0,567.517,0
Polavaram site,17.24583333,81.65972222,2022-07-29 22:00:00,2.0,6.0,10.5,34.0,557.517,0
Polavaram site,17.24583333,81.65972222,2022-07-29 23:00:00,2.0,6.0,11.0,34.0,517.517,0
Polavaram site,17.24583333,81.65972222,2022-07-30 00:00:00,2.0,6.0,11.5,34.0,494.517,0
Polavaram site,17.24583333,81.65972222,2022-07-30 01:00:00,2.0,6.0,12.0,33.5,444.517,0
Polavaram site,17.24583333,81.65972222,2022-07-30 02:00:00,2.0,6.0,12.0,33.0,407.517,0
Polavaram site,17.24583333,81.65972222,2022-07-30 03:00:00,2.0,6.0,12.0,32.5,369.517,0
Polavaram site,17.24583333,81.65972222,2022-07-30 07:00:00,0.5,4.5,10.5,32.5,318.517,0
Polavaram site,17.24583333,81.65972222,2022-07-30 08:00:00,0.5,3.0,9.0,32.5,143.517,0
Polavaram site,17.24583333,81.65972222,2022-07-30 09:00:00,0.5,1.5,7.5,32.5,105.517,1
Polavaram site,17.24583333,81.65972222,2022-07-30 10:00:00,0.5,1.5,6.0,32.5,56.517,1
Polavaram site,17.24583333,81.65972222,2022-07-30 11:00:00,0.5,1.5,4.5,32.5,969.517,1
Polavaram site,17.24583333,81.65972222,2022-07-30 12:00:00,0.5,1.5,3.0,32.5,980.517,1
Polavaram site,17.24583333,81.65972222,2022-07-30 13:00:00,0.5,1.5,3.0,32.0,936.517,1
Polavaram site,17.24583333,81.65972222,2022-07-30 14:00:00,0.5,1.5,3.0,31.5,895.517,1
Polavaram site,17.24583333,81.65972222,2022-07-30 15:00:00,1.0,2.0,3.5,31.5,853.517,1
Polavaram site,17.24583333,81.65972222,2022-07-30 16:00:00,1.0,2.5,4.0,31.0,802.517,1
Polavaram site,17.24583333,81.65972222,2022-07-30 17:00:00,1.0,3.0,4.5,30.5,762.517,1
Polavaram site,17.24583333,81.65972222,2022-07-30 18:00:00,1.0,3.0,5.0,30.0,733.517,0
Polavaram site,17.24583333,81.65972222,2022-07-30 19:00:00,1.0,3.0,5.5,29.5,684.517,0
Polavaram site,17.24583333,81.65972222,2022-07-30 20:00:00,1.0,3.0,6.0,29.0,628.517,0
Polavaram site,17.24583333,81.65972222,2022-07-30 21:00:00,1.0,3.0,6.0,28.5,585.517,0
Polavaram site,17.24583333,81.65972222,2022-07-30 22:00:00,1.0,3.0,6.0,28.0,528.517,0
Polavaram site,17.24583333,81.65972222,2022-07-30 23:00:00,1.0,3.0,6.0,27.0,483.517,0
Polavaram site,17.24583333,81.65972222,2022-07-31 00:00:00,1.0,3.0,6.0,26.0,458.517,0
Polavaram site,17.24583333,81.65972222,2022-07-31 01:00:00,1.5,3.5,6.5,25.5,417.517,0
Polavaram site,17.24583333,81.65972222,2022-07-31 02:00:00,1.5,4.0,7.0,25.0,382.517,0
Polavaram site,17.24583333,81.65972222,2022-07-31 03:00:00,1.5,4.5,7.5,24.5,328.517,0
Polavaram site,17.24583333,81.65972222,2022-07-31 10:00:00,0.5,3.5,7.0,23.0,281.517,1
Polavaram site,17.24583333,81.65972222,2022-07-31 11:00:00,0.5,2.5,6.5,21.5,38.517,1
Polavaram site,17.24583333,81.65972222,2022-07-31 12:00:00,0.5,1.5,6.0,20.0,990.517,1
Polavaram site,17.24583333,81.65972222,2022-07-31 13:00:00,0.5,1.5,5.0,20.0,982.517,1
Polavaram site,17.24583333,81.65972222,2022-07-31 14:00:00,0.5,1.5,4.0,20.0,937.517,1
Polavaram site,17.24583333,81.65972222,2022-07-31 15:00:00,0.5,1.5,3.0,20.0,907.517,1
Polavaram site,17.24583333,81.65972222,2022-07-31 16:00:00,1.0,2.0,3.5,20.5,859.517,1
Polavaram site,17.24583333,81.65972222,2022-07-31 17:00:00,1.0,2.5,4.0,21.0,823.517,1
Polavaram site,17.24583333,81.65972222,2022-07-31 18:00:00,1.0,3.0,4.5,21.5,789.517,1
Polavaram site,17.24583333,81.65972222,2022-07-31 19:00:00,1.0,3.0,5.0,22.0,757.517,0
Polavaram site,17.24583333,81.65972222,2022-07-31 20:00:00,1.0,3.0,5.5,22.5,716.517,0
Polavaram site,17.24583333,81.65972222,2022-07-31 21:00:00,1.0,3.0,6.0,22.5,689.517,0
Polavaram site,17.24583333,81.65972222,2022-07-31 22:00:00,1.0,3.0,6.0,22.5,647.517,0
Polavaram site,17.24583333,81.65972222,2022-07-31 23:00:00,1.0,3.0,6.0,22.5,620.517,0
Polavaram site,17.24583333,81.65972222,2022-08-01 00:00:00,1.0,3.0,6.0,22.5,581.517,0
Polavaram site,17.24583333,81.65972222,2022-08-01 06:00:00,0.5,2.5,5.5,22.0,555.517,0
Polavaram site,17.24583333,81.65972222,2022-08-01 07:00:00,0.5,2.0,5.0,21.5,402.517,0
Polavaram site,17.24583333,81.65972222,2022-08-01 08:00:00,0.5,1.5,4.5,21.0,382.517,0
Polavaram site,17.24583333,81.65972222,2022-08-01 09:00:00,0.5,1.5,4.0,20.5,389.517,0
Polavaram site,17.24583333,81.65972222,2022-08-01 10:00:00,0.5,1.5,3.5,20.0,361.517,0
Polavaram site,17.24583333,81.65972222,2022-08-01 11:00:00,1.0,2.0,3.5,20.0,364.517,0
Polavaram site,17.24583333,81.65972222,2022-08-01 12:00:00,1.0,2.5,4.0,19.5,335.517,0
Polavaram site,17.24583333,81.65972222,2022-08-01 13:00:00,1.0,3.0,4.5,19.0,330.517,0
Polavaram site,17.24583333,81.65972222,2022-08-01 14:00:00,1.0,3.0,5.0,18.5,318.517,0
Polavaram site,17.24583333,81.65972222,2022-08-01 15:00:00,1.5,3.5,6.0,19.5,302.517,0
Polavaram site,17.24583333,81.65972222,2022-08-01 16:00:00,1.5,4.0,7.0,20.5,282.517,0
Polavaram site,17.24583333,81.65972222,2022-08-01 17:00:00,1.5,4.5,7.5,21.5,266.517,0
Polavaram site,17.24583333,81.65972222,2022-08-01 18:00:00,2.0,5.0,8.5,23.0,259.517,0
Polavaram site,17.24583333,81.65972222,2022-08-01 19:00:00,2.0,5.5,9.5,24.5,241.517,0
Polavaram site,17.24583333,81.65972222,2022-08-01 20:00:00,2.0,6.0,10.5,26.0,231.517,0
Polavaram site,17.24583333,81.65972222,2022-08-01 21:00:00,2.5,6.5,11.5,27.5,212.517,0
Polavaram site,17.24583333,81.65972222,2022-08-01 22:00:00,2.5,7.0,12.5,29.0,188.517,0
Polavaram site,17.24583333,81.65972222,2022-08-01 23:00:00,2.5,7.5,13.5,30.5,180.517,0
Polavaram site,17.24583333,81.65972222,2022-08-02 00:00:00,3.0,8.0,14.5,32.5,174.517,0
Polavaram site,17.24583333,81.65972222,2022-08-02 01:00:00,3.0,8.5,15.5,34.5,152.517,0
Polavaram site,17.24583333,81.65972222,2022-08-02 02:00:00,3.0,9.0,16.5,36.5,129.517,0
Polavaram site,17.24583333,81.65972222,2022-08-02 03:00:00,3.0,9.0,17.0,38.5,126.517,0
Polavaram site,17.24583333,81.65972222,2022-08-02 05:00:00,0.5,6.5,15.0,38.0,128.517,0
Polavaram site,17.24583333,81.65972222,2022-08-02 06:00:00,0.5,4.0,13.0,37.5,90.517,0
Polavaram site,17.24583333,81.65972222,2022-08-02 07:00:00,0.5,1.5,10.5,37.5,57.517,0
Polavaram site,17.24583333,81.65972222,2022-08-02 08:00:00,0.5,1.5,8.0,37.5,49.517,0
Polavaram site,17.24583333,81.65972222,2022-08-02 09:00:00,1.0,2.0,6.0,38.0,45.517,0
Polavaram site,17.24583333,81.65972222,2022-08-02 10:00:00,1.0,2.5,4.0,38.5,36.517,1
Polavaram site,17.24583333,81.65972222,2022-08-02 11:00:00,1.5,3.5,5.0,39.5,25.517,1
Polavaram site,17.24583333,81.65972222,2022-08-02 12:00:00,1.5,4.0,6.0,40.0,1013.517,1
Polavaram site,17.24583333,81.65972222,2022-08-02 13:00:00,1.5,4.5,7.0,40.5,988.517,1
Polavaram site,17.24583333,81.65972222,2022-08-02 14:00:00,1.5,4.5,8.0,41.0,991.517,1
Polavaram site,17.24583333,81.65972222,2022-08-02 15:00:00,2.0,5.0,9.0,42.0,966.517,1
Polavaram site,17.24583333,81.65972222,2022-08-02 16:00:00,2.0,5.5,10.0,42.5,947.517,1
Polavaram site,17.24583333,81.65972222,2022-08-02 17:00:00,2.0,6.0,10.5,43.0,944.517,1
Polavaram site,17.24583333,81.65972222,2022-08-02 18:00:00,2.0,6.0,11.0,43.5,949.517,1
Polavaram site,17.24583333,81.65972222,2022-08-02 19:00:00,2.5,6.5,12.0,44.0,935.517,1
Polavaram site,17.24583333,81.65972222,2022-08-02 20:00:00,2.5,7.0,13.0,44.5,938.517,1
Polavaram site,17.24583333,81.65972222,2022-08-02 21:00:00,2.5,7.5,13.5,45.0,916.517,1
Polavaram site,17.24583333,81.65972222,2022-08-02 22:00:00,2.5,7.5,14.0,45.0,917.517,1
Polavaram site,17.24583333,81.65972222,2022-08-02 23:00:00,3.0,8.0,15.0,45.5,896.517,1
Polavaram site,17.24583333,81.65972222,2022-08-03 00:00:00,3.0,8.5,16.0,46.0,898.517,1
Polavaram site,17.24583333,81.65972222,2022-08-03 01:00:00,3.5,9.5,17.0,46.5,897.517,1
Polavaram site,17.24583333,81.65972222,2022-08-03 02:00:00,3.5,10.0,18.0,47.0,880.517,1
Polavaram site,17.24583333,81.65972222,2022-08-03 03:00:00,3.5,10.5,19.0,47.5,872.517,1
Polavaram site,17.24583333,81.65972222,2022-08-03 04:00:00,0.5,7.5,17.0,45.0,850.517,1
Polavaram site,17.24583333,81.65972222,2022-08-03 05:00:00,1.0,5.0,15.0,45.5,853.517,0
Polavaram site,17.24583333,81.65972222,2022-08-03 06:00:00,1.0,2.5,13.0,46.0,839.517,0
Polavaram site,17.24583333,81.65972222,2022-08-03 07:00:00,1.0,3.0,10.5,46.5,830.517,0
Polavaram site,17.24583333,81.65972222,2022-08-03 08:00:00,1.5,3.5,8.5,47.5,808.517,0
Polavaram site,17.24583333,81.65972222,2022-08-03 09:00:00,2.0,4.5,7.0,48.5,819.517,0
Polavaram site,17.24583333,81.65972222,2022-08-03 10:00:00,2.0,5.5,8.5,49.5,800.517,0
Polavaram site,17.24583333,81.65972222,2022-08-03 11:00:00,2.5,6.5,10.0,50.5,789.517,0
Polavaram site,17.24583333,81.65972222,2022-08-03 12:00:00,2.5,7.0,11.5,51.5,790.517,0
Polavaram site,17.24583333,81.65972222,2022-08-03 14:00:00,3.0,8.0,13.5,53.0,771.517,0
Polavaram site,17.24583333,81.65972222,2022-08-03 15:00:00,3.5,9.0,15.5,55.0,740.517,0
Polavaram site,17.24583333,81.65972222,2022-08-03 16:00:00,3.5,10.0,17.0,56.5,732.517,0
Polavaram site,17.24583333,81.65972222,2022-08-03 18:00:00,4.0,11.0,19.0,58.5,723.517,0
Polavaram site,17.24583333,81.65972222,2022-08-03 19:00:00,4.5,12.0,21.0,61.0,674.517,0
Polavaram site,17.24583333,81.65972222,2022-08-03 20:00:00,4.5,13.0,23.0,63.5,673.517,0
Polavaram site,17.24583333,81.65972222,2022-08-03 21:00:00,5.0,14.0,25.0,66.0,655.517,0
Polavaram site,17.24583333,81.65972222,2022-08-03 22:00:00,5.0,14.5,26.5,68.5,626.517,0
Polavaram site,17.24583333,81.65972222,2022-08-03 23:00:00,5.5,15.5,28.5,71.5,601.517,0
Polavaram site,17.24583333,81.65972222,2022-08-04 00:00:00,5.5,16.0,30.0,74.5,584.517,0
Polavaram site,17.24583333,81.65972222,2022-08-04 01:00:00,6.0,17.0,31.5,77.5,564.517,0
Polavaram site,17.24583333,81.65972222,2022-08-04 02:00:00,6.5,18.0,33.5,81.0,524.517,0
Polavaram site,17.24583333,81.65972222,2022-08-04 03:00:00,6.5,19.0,35.0,84.0,490.517,0
Polavaram site,17.24583333,81.65972222,2022-08-04 04:00:00,0.5,13.5,30.5,81.0,476.517,0
Polavaram site,17.24583333,81.65972222,2022-08-04 05:00:00,1.0,8.0,26.0,78.5,442.517,0
Polavaram site,17.24583333,81.65972222,2022-08-04 06:00:00,1.5,3.0,22.0,79.5,422.517,0
Polavaram site,17.24583333,81.65972222,2022-08-04 07:00:00,1.5,4.0,17.5,80.0,391.517,0
Polavaram site,17.24583333,81.65972222,2022-08-04 08:00:00,2.0,5.0,13.0,81.0,368.517,0
Polavaram site,17.24583333,81.65972222,2022-08-04 09:00:00,2.0,5.5,8.5,82.0,346.517,0
Polavaram site,17.24583333,81.65972222,2022-08-04 10:00:00,2.5,6.5,10.5,83.0,301.517,0
Polavaram site,17.24583333,81.65972222,2022-08-04 11:00:00,2.5,7.0,12.0,83.5,296.517,0
Polavaram site,17.24583333,81.65972222,2022-08-04 12:00:00,3.0,8.0,13.5,84.5,261.517,0
Polavaram site,17.24583333,81.65972222,2022-08-04 13:00:00,3.5,9.0,15.5,85.5,254.517,0
Polavaram site,17.24583333,81.65972222,2022-08-04 14:00:00,4.0,10.5,17.5,87.0,237.517,0
Polavaram site,17.24583333,81.65972222,2022-08-04 15:00:00,4.0,11.5,19.5,88.0,205.517,0
Polavaram site,17.24583333,81.65972222,2022-08-04 16:00:00,4.5,12.5,21.5,89.0,175.517,0
Polavaram site,17.24583333,81.65972222,2022-08-04 17:00:00,4.5,13.0,23.5,90.0,150.517,0
Polavaram site,17.24583333,81.65972222,2022-08-04 18:00:00,5.0,14.0,25.5,91.0,129.517,0
Polavaram site,17.24583333,81.65972222,2022-08-04 19:00:00,5.0,14.5,27.0,91.5,113.517,0
Polavaram site,17.24583333,81.65972222,2022-08-04 20:00:00,5.0,15.0,28.0,92.0,86.517,0
Polavaram site,17.24583333,81.65972222,2022-08-04 21:00:00,5.5,15.5,29.5,92.5,59.517,1
Polavaram site,17.24583333,81.65972222,2022-08-04 22:00:00,5.5,16.0,30.5,93.0,31.517,1
Polavaram site,17.24583333,81.65972222,2022-08-04 23:00:00,6.0,17.0,32.0,93.5,1007.517,1
Polavaram site,17.24583333,81.65972222,2022-08-05 00:00:00,6.0,17.5,33.0,94.0,1003.517,1
Polavaram site,17.24583333,81.65972222,2022-08-05 01:00:00,6.5,18.5,34.5,94.5,974.517,1
Polavaram site,17.24583333,81.65972222,2022-08-05 02:00:00,7.0,19.5,36.5,95.0,962.517,1
Polavaram site,17.24583333,81.65972222,2022-08-05 03:00:00,7.0,20.5,38.0,95.5,940.517,1
Polavaram site,17.24583333,81.65972222,2022-08-05 04:00:00,0.5,14.5,33.0,95.5,929.517,1
Polavaram site,17.24583333,81.65972222,2022-08-05 05:00:00,1.0,8.5,28.0,95.5,937.517,1
Polavaram site,17.24583333,81.65972222,2022-08-05 06:00:00,1.5,3.0,23.5,95.5,944.517,1
Polavaram site,17.24583333,81.65972222,2022-08-05 07:00:00,2.0,4.5,19.0,96.0,949.517,1
Polavaram site,17.24583333,81.65972222,2022-08-05 08:00:00,2.5,6.0,14.5,96.5,934.517,1
Polavaram site,17.24583333,81.65972222,2022-08-05 09:00:00,2.5,7.0,10.0,97.0,951.517,1
Polavaram site,17.24583333,81.65972222,2022-08-05 10:00:00,3.0,8.0,12.5,97.5,967.517,1
Polavaram site,17.24583333,81.65972222,2022-08-05 11:00:00,3.5,9.0,15.0,98.5,995.517,1
Polavaram site,17.24583333,81.65972222,2022-08-05 12:00:00,4.5,11.0,18.0,100.0,1009.517,1
Polavaram site,17.24583333,81.65972222,2022-08-05 13:00:00,6.0,14.0,22.0,102.5,1007.517,1
Polavaram site,17.24583333,81.65972222,2022-08-05 14:00:00,7.0,17.5,26.5,105.5,1006.517,1
Polavaram site,17.24583333,81.65972222,2022-08-05 15:00:00,7.5,20.5,31.5,109.0,1007.517,1
Polavaram site,17.24583333,81.65972222,2022-08-05 16:00:00,8.0,22.5,36.5,112.5,1017.517,1
Polavaram site,17.24583333,81.65972222,2022-08-05 17:00:00,8.5,24.0,41.5,116.5,1009.517,1
Polavaram site,17.24583333,81.65972222,2022-08-05 18:00:00,9.5,26.0,46.5,121.0,1012.517,1
Polavaram site,17.24583333,81.65972222,2022-08-05 20:00:00,10.5,28.5,51.0,126.5,1015.517,1
Polavaram site,17.24583333,81.65972222,2022-08-05 21:00:00,11.5,31.5,55.5,133.0,28.517,1
Polavaram site,17.24583333,81.65972222,2022-08-05 22:00:00,11.5,33.5,59.5,139.0,29.517,1
Polavaram site,17.24583333,81.65972222,2022-08-05 23:00:00,12.0,35.0,63.5,145.5,40.517,1
Polavaram site,17.24583333,81.65972222,2022-08-06 00:00:00,12.5,36.0,67.5,152.0,47.517,0
Polavaram site,17.24583333,81.65972222,2022-08-06 01:00:00,13.0,37.5,71.0,159.0,74.517,0
Polavaram site,17.24583333,81.65972222,2022-08-06 02:00:00,13.0,38.5,73.5,165.5,78.517,0
Polavaram site,17.24583333,81.65972222,2022-08-06 03:00:00,13.0,39.0,75.0,171.5,98.517,0
Polavaram site,17.24583333,81.65972222,2022-08-06 04:00:00,0.5,26.5,64.0,165.0,113.517,0
Polavaram site,17.24583333,81.65972222,2022-08-06 05:00:00,1.0,14.5,53.0,165.5,135.517,0
Polavaram site,17.24583333,81.65972222,2022-08-06 06:00:00,1.5,3.0,42.0,166.0,124.517,0
Polavaram site,17.24583333,81.65972222,2022-08-06 07:00:00,1.5,4.0,30.5,166.0,166.517,0
Polavaram site,17.24583333,81.65972222,2022-08-06 08:00:00,2.5,5.5,20.0,166.5,183.517,0
Polavaram site,17.24583333,81.65972222,2022-08-06 10:00:00,4.0,8.0,11.0,168.0,195.517,0
Polavaram site,17.24583333,81.65972222,2022-08-06 11:00:00,4.5,11.0,15.0,170.0,240.517,0
Polavaram site,17.24583333,81.65972222,2022-08-06 12:00:00,4.5,13.0,18.5,171.5,245.517,0
Polavaram site,17.24583333,81.65972222,2022-08-06 13:00:00,5.5,14.5,22.5,173.5,267.517,0
Polavaram site,17.24583333,81.65972222,2022-08-06 14:00:00,6.0,16.0,27.0,175.0,298.517,0
Polavaram site,17.24583333,81.65972222,2022-08-06 15:00:00,6.5,18.0,31.0,175.5,317.517,0
Polavaram site,17.24583333,81.65972222,2022-08-06 16:00:00,7.0,19.5,34.0,175.5,323.517,0
Polavaram site,17.24583333,81.65972222,2022-08-06 17:00:00,7.5,21.0,37.0,175.5,344.517,0
Polavaram site,17.24583333,81.65972222,2022-08-06 18:00:00,8.5,23.0,41.0,176.0,371.517,0
Polavaram site,17.24583333,81.65972222,2022-08-06 19:00:00,9.0,25.0,44.5,176.5,395.517,0
Polavaram site,17.24583333,81.65972222,2022-08-06 20:00:00,10.0,27.5,48.5,177.0,420.517,0
Polavaram site,17.24583333,81.65972222,2022-08-06 21:00:00,11.0,30.0,53.0,177.5,461.517,0
Polavaram site,17.24583333,81.65972222,2022-08-06 22:00:00,12.5,33.5,58.5,178.5,425.517,0
Polavaram site,17.24583333,81.65972222,2022-08-07 00:00:00,14.0,37.5,65.0,181.0,566.517,0
Polavaram site,17.24583333,81.65972222,2022-08-07 01:00:00,15.0,41.5,71.5,184.0,671.517,0
Polavaram site,17.24583333,81.65972222,2022-08-07 02:00:00,16.0,45.0,78.5,187.5,727.517,0
Polavaram site,17.24583333,81.65972222,2022-08-07 03:00:00,16.5,47.5,85.0,191.0,779.517,1
Polavaram site,17.24583333,81.65972222,2022-08-07 04:00:00,0.5,33.0,74.5,178.5,844.517,1
Polavaram site,17.24583333,81.65972222,2022-08-07 05:00:00,1.5,18.5,63.5,167.0,897.517,1
Polavaram site,17.24583333,81.65972222,2022-08-07 06:00:00,2.5,4.5,52.0,169.0,945.517,1
Polavaram site,17.24583333,81.65972222,2022-08-07 07:00:00,3.5,7.5,40.5,171.5,1008.517,1
Polavaram site,17.24583333,81.65972222,2022-08-07 08:00:00,5.0,11.0,29.5,175.0,50.517,1
Polavaram site,17.24583333,81.65972222,2022-08-07 09:00:00,6.0,14.5,19.0,179.5,79.517,1
Polavaram site,17.24583333,81.65972222,2022-08-07 10:00:00,7.0,18.0,25.5,184.0,132.517,1
Polavaram site,17.24583333,81.65972222,2022-08-07 11:00:00,8.0,21.0,32.0,188.0,166.517,0
Polavaram site,17.24583333,81.65972222,2022-08-07 12:00:00,8.5,23.5,38.0,192.0,194.517,0
Polavaram site,17.24583333,81.65972222,2022-08-07 13:00:00,9.5,26.0,44.0,197.0,229.517,0
Polavaram site,17.24583333,81.65972222,2022-08-07 14:00:00,10.0,28.0,49.0,201.5,261.517,0
Polavaram site,17.24583333,81.65972222,2022-08-07 15:00:00,10.5,30.0,53.5,206.0,266.517,0
Polavaram site,17.24583333,81.65972222,2022-08-07 16:00:00,11.0,31.5,57.5,210.5,302.517,0
Polavaram site,17.24583333,81.65972222,2022-08-07 17:00:00,12.0,33.5,61.5,215.5,313.517,0
Polavaram site,17.24583333,81.65972222,2022-08-07 20:00:00,13.5,36.5,66.5,221.5,329.517,0
Polavaram site,17.24583333,81.65972222,2022-08-07 21:00:00,15.0,40.5,72.0,228.0,394.517,0
Polavaram site,17.24583333,81.65972222,2022-08-07 22:00:00,16.0,44.5,78.0,235.0,419.517,0
Polavaram site,17.24583333,81.65972222,2022-08-07 23:00:00,17.0,48.0,84.5,242.0,482.517,0
Polavaram site,17.24583333,81.65972222,2022-08-08 00:00:00,17.5,50.5,91.0,248.5,528.517,0
Polavaram site,17.24583333,81.65972222,2022-08-08 01:00:00,18.0,52.5,97.0,254.0,592.517,0
Polavaram site,17.24583333,81.65972222,2022-08-08 02:00:00,18.5,54.0,102.0,258.5,661.517,0
Polavaram site,17.24583333,81.65972222,2022-08-08 03:00:00,19.0,55.5,106.0,262.5,749.517,1
Polavaram site,17.24583333,81.65972222,2022-08-08 04:00:00,0.5,38.0,90.5,247.0,830.517,1
Polavaram site,17.24583333,81.65972222,2022-08-08 05:00:00,1.0,20.5,74.5,231.5,916.517,1
Polavaram site,17.24583333,81.65972222,2022-08-08 06:00:00,3.0,4.5,60.0,234.0,21.517,1
Polavaram site,17.24583333,81.65972222,2022-08-08 07:00:00,4.0,8.0,46.0,236.5,133.517,1
Polavaram site,17.24583333,81.65972222,2022-08-08 08:00:00,4.5,11.5,32.0,238.5,215.517,1
Polavaram site,17.24583333,81.65972222,2022-08-08 09:00:00,5.0,13.5,18.0,240.0,308.517,0
Polavaram site,17.24583333,81.65972222,2022-08-08 10:00:00,5.5,15.0,23.0,240.5,395.517,0
Polavaram site,17.24583333,81.65972222,2022-08-08 11:00:00,6.0,16.5,28.0,240.5,482.517,0
Polavaram site,17.24583333,81.65972222,2022-08-08 12:00:00,6.5,18.0,31.5,240.0,573.517,0
Polavaram site,17.24583333,81.65972222,2022-08-08 13:00:00,7.5,20.0,35.0,239.5,651.517,0
Polavaram site,17.24583333,81.65972222,2022-08-08 14:00:00,8.0,22.0,38.5,239.0,748.517,1
Polavaram site,17.24583333,81.65972222,2022-08-08 15:00:00,9.0,24.5,42.5,238.5,826.517,1
Polavaram site,17.24583333,81.65972222,2022-08-08 16:00:00,9.5,26.5,46.5,238.0,902.517,1
Polavaram site,17.24583333,81.65972222,2022-08-08 17:00:00,10.5,29.0,51.0,238.0,994.517,1
Polavaram site,17.24583333,81.65972222,2022-08-08 18:00:00,11.0,31.0,55.5,238.0,67.517,1
Polavaram site,17.24583333,81.65972222,2022-08-08 19:00:00,12.0,33.5,60.0,238.0,134.517,1
Polavaram site,17.24583333,81.65972222,2022-08-08 20:00:00,5.0,28.0,57.0,229.5,214.517,1
Polavaram site,17.24583333,81.65972222,2022-08-08 21:00:00,13.5,30.5,61.5,228.0,395.517,0
Polavaram site,17.24583333,81.65972222,2022-08-08 23:00:00,14.5,33.0,66.5,226.5,335.517,0
Polavaram site,17.24583333,81.65972222,2022-08-09 00:00:00,15.0,43.0,71.0,224.5,455.517,0
Polavaram site,17.24583333,81.65972222,2022-08-09 01:00:00,16.0,45.5,76.0,223.0,528.517,0
Polavaram site,17.24583333,81.65972222,2022-08-09 02:00:00,16.5,47.5,80.5,221.5,562.517,0
Polavaram site,17.24583333,81.65972222,2022-08-09 03:00:00,18.0,50.5,93.5,221.0,604.517,0
Polavaram site,17.24583333,81.65972222,2022-08-09 04:00:00,1.0,35.5,81.0,203.0,675.517,0
Polavaram site,17.24583333,81.65972222,2022-08-09 05:00:00,3.0,22.0,69.5,205.5,704.517,0
Polavaram site,17.24583333,81.65972222,2022-08-09 07:00:00,4.5,8.5,59.0,209.0,769.517,1
Polavaram site,17.24583333,81.65972222,2022-08-09 08:00:00,5.5,13.0,48.5,211.5,860.517,1
Polavaram site,17.24583333,81.65972222,2022-08-09 09:00:00,6.0,16.0,38.0,213.5,912.517,1
Polavaram site,17.24583333,81.65972222,2022-08-09 10:00:00,16.5,28.0,36.5,225.5,964.517,1
Polavaram site,17.24583333,81.65972222,2022-08-09 11:00:00,8.0,30.5,43.5,228.5,583.517,1
Polavaram site,17.24583333,81.65972222,2022-08-09 12:00:00,9.5,34.0,50.0,232.5,67.517,1
Polavaram site,17.24583333,81.65972222,2022-08-09 13:00:00,10.0,27.5,55.5,236.5,100.517,1
Polavaram site,17.24583333,81.65972222,2022-08-09 14:00:00,10.5,30.0,60.5,240.5,167.517,0
Polavaram site,17.24583333,81.65972222,2022-08-09 15:00:00,11.0,31.5,65.5,244.0,210.517,0
Polavaram site,17.24583333,81.65972222,2022-08-09 16:00:00,12.0,33.5,61.0,248.0,270.517,0
Polavaram site,17.24583333,81.65972222,2022-08-09 17:00:00,12.5,35.5,65.5,251.5,335.517,0
Polavaram site,17.24583333,81.65972222,2022-08-09 18:00:00,13.5,38.0,69.5,255.5,402.517,0
Polavaram site,17.24583333,81.65972222,2022-08-09 20:00:00,16.5,42.5,76.0,261.5,457.517,0
Polavaram site,17.24583333,81.65972222,2022-08-09 21:00:00,17.5,47.5,83.0,268.0,583.517,0
Polavaram site,17.24583333,81.65972222,2022-08-09 23:00:00,19.5,53.5,91.5,275.5,638.517,0
Polavaram site,17.24583333,81.65972222,2022-08-10 00:00:00,20.0,57.0,99.5,290.5,762.517,0
Polavaram site,17.24583333,81.65972222,2022-08-10 01:00:00,21.0,60.5,108.0,298.0,814.517,1
Polavaram site,17.24583333,81.65972222,2022-08-10 02:00:00,21.5,62.5,116.0,305.0,886.517,1
Polavaram site,17.24583333,81.65972222,2022-08-10 03:00:00,22.5,65.0,122.0,312.5,936.517,1
Polavaram site,17.24583333,81.65972222,2022-08-10 04:00:00,2.0,46.0,106.5,298.5,1012.517,1
Polavaram site,17.24583333,81.65972222,2022-08-10 05:00:00,3.0,27.5,90.0,285.0,68.517,1
Polavaram site,17.24583333,81.65972222,2022-08-10 06:00:00,6.0,11.0,76.0,273.0,105.517,1
Polavaram site,17.24583333,81.65972222,2022-08-10 07:00:00,7.5,16.5,62.5,279.5,143.517,1
Polavaram site,17.24583333,81.65972222,2022-08-10 08:00:00,9.0,22.5,50.0,285.5,208.517,0
Polavaram site,17.24583333,81.65972222,2022-08-10 09:00:00,10.5,27.0,38.0,291.5,222.517,0
Polavaram site,17.24583333,81.65972222,2022-08-10 10:00:00,11.5,31.0,47.5,297.5,286.517,0
Polavaram site,17.24583333,81.65972222,2022-08-10 11:00:00,13.0,35.0,57.5,304.5,348.517,0
Polavaram site,17.24583333,81.65972222,2022-08-10 12:00:00,15.0,39.5,66.5,303.0,360.517,0
Polavaram site,17.24583333,81.65972222,2022-08-10 13:00:00,16.5,44.5,75.5,311.5,424.517,0
Polavaram site,17.24583333,81.65972222,2022-08-10 14:00:00,17.5,49.0,84.0,319.5,471.517,0
Polavaram site,17.24583333,81.65972222,2022-08-10 15:00:00,18.5,52.5,92.0,328.0,502.517,0
Polavaram site,17.24583333,81.65972222,2022-08-10 17:00:00,20.5,56.5,101.0,338.0,535.517,0
Polavaram site,17.24583333,81.65972222,2022-08-10 18:00:00,22.0,61.0,110.0,349.0,627.517,0
Polavaram site,17.24583333,81.65972222,2022-08-10 19:00:00,23.0,65.5,118.0,360.0,657.517,0
Polavaram site,17.24583333,81.65972222,2022-08-10 20:00:00,24.0,69.0,125.5,371.5,657.517,0
Polavaram site,17.24583333,81.65972222,2022-08-10 21:00:00,26.0,73.0,134.0,384.0,688.517,0
Polavaram site,17.24583333,81.65972222,2022-08-10 22:00:00,28.5,78.5,144.0,396.0,741.517,0
Polavaram site,17.24583333,81.65972222,2022-08-10 23:00:00,30.5,85.0,154.0,409.0,737.517,0
Polavaram site,17.24583333,81.65972222,2022-08-11 00:00:00,32.0,91.0,164.0,421.5,764.517,0
Polavaram site,17.24583333,81.65972222,2022-08-11 01:00:00,34.0,96.5,175.0,435.5,786.517,0
Polavaram site,17.24583333,81.65972222,2022-08-11 02:00:00,36.0,102.0,187.0,450.5,814.517,0
Polavaram site,17.24583333,81.65972222,2022-08-11 03:00:00,37.0,107.0,198.0,466.0,815.517,0
Polavaram site,17.24583333,81.65972222,2022-08-11 04:00:00,1.5,74.5,171.0,445.0,840.517,0
Polavaram site,17.24583333,81.65972222,2022-08-11 05:00:00,3.0,41.5,143.5,446.0,854.517,0
Polavaram site,17.24583333,81.65972222,2022-08-11 06:00:00,4.0,8.5,115.5,447.0,859.517,1
Polavaram site,17.24583333,81.65972222,2022-08-11 07:00:00,5.0,12.0,86.5,446.0,891.517,1
Polavaram site,17.24583333,81.65972222,2022-08-11 08:00:00,6.5,15.5,57.0,445.0,918.517,1
Polavaram site,17.24583333,81.65972222,2022-08-11 09:00:00,7.5,19.0,27.5,443.5,927.517,1
Polavaram site,17.24583333,81.65972222,2022-08-11 10:00:00,8.5,22.5,34.5,441.5,946.517,1
Polavaram site,17.24583333,81.65972222,2022-08-11 12:00:00,11.0,27.0,42.5,441.0,947.517,1
Polavaram site,17.24583333,81.65972222,2022-08-11 13:00:00,12.5,32.0,51.0,440.5,990.517,1
Polavaram site,17.24583333,81.65972222,2022-08-11 14:00:00,14.5,38.0,60.5,440.0,1016.517,1
Polavaram site,17.24583333,81.65972222,2022-08-11 15:00:00,16.5,43.5,70.5,440.0,26.517,1
Polavaram site,17.24583333,81.65972222,2022-08-11 16:00:00,18.0,49.0,81.0,440.5,46.517,1
Polavaram site,17.24583333,81.65972222,2022-08-11 17:00:00,20.0,54.5,92.5,442.0,36.517,1
Polavaram site,17.24583333,81.65972222,2022-08-11 18:00:00,22.0,60.0,103.5,443.5,40.517,0
Polavaram site,17.24583333,81.65972222,2022-08-11 19:00:00,23.5,65.5,114.5,445.0,86.517,0
Polavaram site,17.24583333,81.65972222,2022-08-11 20:00:00,24.5,70.0,124.5,446.5,87.517,0
Polavaram site,17.24583333,81.65972222,2022-08-11 22:00:00,26.5,74.5,134.5,449.0,115.517,0
Polavaram site,17.24583333,81.65972222,2022-08-11 23:00:00,27.5,78.5,144.0,450.5,144.517,0
Polavaram site,17.24583333,81.65972222,2022-08-12 00:00:00,28.0,82.0,152.0,450.0,156.517,0
Polavaram site,17.24583333,81.65972222,2022-08-12 01:00:00,28.5,84.0,158.5,448.0,145.517,0
Polavaram site,17.24583333,81.65972222,2022-08-12 02:00:00,29.5,86.0,164.5,445.5,138.517,0
Polavaram site,17.24583333,81.65972222,2022-08-12 03:00:00,29.5,87.5,169.5,441.0,153.517,0
Polavaram site,17.24583333,81.65972222,2022-08-13 20:00:00,1.0,60.0,144.0,406.0,119.517,0
Polavaram site,17.24583333,81.65972222,2022-08-13 21:00:00,1.5,32.0,118.0,370.5,37.517,1
Polavaram site,17.24583333,81.65972222,2022-08-13 23:00:00,6.5,9.0,96.5,375.5,28.517,1
Polavaram site,17.24583333,81.65972222,2022-08-14 00:00:00,15.5,23.5,83.5,388.0,1014.517,1
Polavaram site,17.24583333,81.65972222,2022-08-14 01:00:00,18.0,40.0,72.0,402.0,1018.517,1
Polavaram site,17.24583333,81.65972222,2022-08-14 02:00:00,19.5,53.0,62.0,416.5,1012.517,1
Polavaram site,17.24583333,81.65972222,2022-08-14 03:00:00,19.5,57.0,80.5,429.5,1016.517,1
Polavaram site,17.24583333,81.65972222,2022-08-14 07:00:00,0.5,39.5,79.5,422.5,23.517,1
Polavaram site,17.24583333,81.65972222,2022-08-14 08:00:00,0.5,20.5,73.5,414.5,982.517,1
Polavaram site,17.24583333,81.65972222,2022-08-14 09:00:00,0.5,1.5,58.5,404.0,984.517,1
Polavaram site,17.24583333,81.65972222,2022-08-14 11:00:00,0.5,1.5,41.0,392.0,988.517,1
Polavaram site,17.24583333,81.65972222,2022-08-14 12:00:00,0.5,1.5,22.0,378.0,960.517,1
Polavaram site,17.24583333,81.65972222,2022-08-14 13:00:00,0.5,1.5,3.0,362.0,956.517,1
Polavaram site,17.24583333,81.65972222,2022-08-14 14:00:00,0.5,1.5,3.0,344.5,951.517,1
Polavaram site,17.24583333,81.65972222,2022-08-14 15:00:00,0.5,1.5,3.0,325.0,934.517,1
Polavaram site,17.24583333,81.65972222,2022-08-14 16:00:00,0.5,1.5,3.0,303.5,959.517,1
Polavaram site,17.24583333,81.65972222,2022-08-14 17:00:00,0.5,1.5,3.0,280.5,962.517,1
Polavaram site,17.24583333,81.65972222,2022-08-14 18:00:00,0.5,1.5,3.0,256.5,914.517,1
Polavaram site,17.24583333,81.65972222,2022-08-14 19:00:00,0.5,1.5,3.0,230.5,929.517,1
Polavaram site,17.24583333,81.65972222,2022-08-14 20:00:00,0.5,1.5,3.0,203.5,932.517,1
Polavaram site,17.24583333,81.65972222,2022-08-14 21:00:00,0.5,1.5,3.0,176.0,940.517,1
Polavaram site,17.24583333,81.65972222,2022-08-14 22:00:00,0.5,1.5,3.0,148.0,917.517,1
Polavaram site,17.24583333,81.65972222,2022-08-14 23:00:00,0.5,1.5,3.0,119.0,934.517,1
Polavaram site,17.24583333,81.65972222,2022-08-15 00:00:00,0.5,1.5,3.0,90.0,908.517,1
Polavaram site,17.24583333,81.65972222,2022-08-15 01:00:00,0.5,1.5,3.0,89.5,901.517,1
Polavaram site,17.24583333,81.65972222,2022-08-15 02:00:00,0.5,1.5,3.0,88.5,872.517,1
Polavaram site,17.24583333,81.65972222,2022-08-15 03:00:00,0.5,1.5,3.0,82.5,856.517,1
Polavaram site,17.24583333,81.65972222,2022-08-16 20:00:00,7.0,8.0,9.5,74.0,844.517,1
Polavaram site,17.24583333,81.65972222,2022-08-16 21:00:00,7.5,15.0,16.5,63.5,918.517,1
Polavaram site,17.24583333,81.65972222,2022-08-16 22:00:00,7.5,22.0,23.5,51.5,964.517,1
Polavaram site,17.24583333,81.65972222,2022-08-16 23:00:00,7.5,22.5,30.5,39.5,952.517,1
Polavaram site,17.24583333,81.65972222,2022-08-17 00:00:00,7.5,22.5,37.5,46.5,1018.517,1
Polavaram site,17.24583333,81.65972222,2022-08-17 01:00:00,7.5,22.5,44.5,53.5,1012.517,1
Polavaram site,17.24583333,81.65972222,2022-08-17 02:00:00,7.5,22.5,45.0,60.5,42.517,1
Polavaram site,17.24583333,81.65972222,2022-08-17 03:00:00,7.5,22.5,45.0,67.5,70.517,1
Polavaram site,17.24583333,81.65972222,2022-08-17 09:00:00,5.0,20.0,42.5,72.0,99.517,1
Polavaram site,17.24583333,81.65972222,2022-08-17 10:00:00,10.0,22.5,45.0,81.5,227.517,0
Polavaram site,17.24583333,81.65972222,2022-08-17 11:00:00,10.0,25.0,47.5,91.0,288.517,0
Polavaram site,17.24583333,81.65972222,2022-08-17 12:00:00,10.0,30.0,50.0,100.5,280.517,0
Polavaram site,17.24583333,81.65972222,2022-08-17 13:00:00,10.0,30.0,52.5,110.0,277.517,0
Polavaram site,17.24583333,81.65972222,2022-08-17 14:00:00,10.0,30.0,55.0,119.5,297.517,0
Polavaram site,17.24583333,81.65972222,2022-08-17 15:00:00,10.0,30.0,60.0,129.0,330.517,0
Polavaram site,17.24583333,81.65972222,2022-08-17 16:00:00,10.0,30.0,60.0,138.5,334.517,0
Polavaram site,17.24583333,81.65972222,2022-08-17 17:00:00,10.0,30.0,60.0,148.0,381.517,0
Polavaram site,17.24583333,81.65972222,2022-08-17 18:00:00,10.0,30.0,60.0,157.5,395.517,0
Polavaram site,17.24583333,81.65972222,2022-08-17 19:00:00,10.0,30.0,60.0,167.0,391.517,0
Polavaram site,17.24583333,81.65972222,2022-08-17 20:00:00,10.0,30.0,60.0,176.5,388.517,0
Polavaram site,17.24583333,81.65972222,2022-08-17 21:00:00,10.0,30.0,60.0,186.0,410.517,0
Polavaram site,17.24583333,81.65972222,2022-08-17 22:00:00,10.0,30.0,60.0,195.5,389.517,0
Polavaram site,17.24583333,81.65972222,2022-08-17 23:00:00,10.0,30.0,60.0,205.0,417.517,0
Polavaram site,17.24583333,81.65972222,2022-08-18 00:00:00,10.0,30.0,60.0,214.5,427.517,0
Polavaram site,17.24583333,81.65972222,2022-08-18 01:00:00,10.0,30.0,60.0,217.5,442.517,0
Polavaram site,17.24583333,81.65972222,2022-08-18 02:00:00,10.0,30.0,60.0,220.0,413.517,0
Polavaram site,17.24583333,81.65972222,2022-08-18 03:00:00,10.0,30.0,60.0,222.5,435.517,0
Polavaram site,17.24583333,81.65972222,2022-08-18 20:00:00,1.0,21.0,51.0,216.0,446.517,0
Polavaram site,17.24583333,81.65972222,2022-08-18 21:00:00,2.5,13.5,43.5,211.0,328.517,0
Polavaram site,17.24583333,81.65972222,2022-08-18 22:00:00,3.5,7.0,37.0,207.0,308.517,0
Polavaram site,17.24583333,81.65972222,2022-08-18 23:00:00,4.5,10.5,31.5,204.0,254.517,0
Polavaram site,17.24583333,81.65972222,2022-08-19 00:00:00,9.0,17.0,30.5,205.5,258.517,0
Polavaram site,17.24583333,81.65972222,2022-08-19 01:00:00,9.5,23.0,30.0,210.0,239.517,0
Polavaram site,17.24583333,81.65972222,2022-08-19 02:00:00,10.0,28.5,39.0,210.0,230.517,0
Polavaram site,17.24583333,81.65972222,2022-08-19 07:00:00,2.0,21.5,38.5,202.0,201.517,0
Polavaram site,17.24583333,81.65972222,2022-08-19 08:00:00,2.0,14.0,37.0,194.0,95.517,0
Polavaram site,17.24583333,81.65972222,2022-08-19 09:00:00,2.5,6.5,35.0,186.5,84.517,0
Polavaram site,17.24583333,81.65972222,2022-08-19 10:00:00,2.5,7.0,28.5,179.0,79.517,1
Polavaram site,17.24583333,81.65972222,2022-08-19 11:00:00,2.5,7.5,21.5,171.5,85.517,1
Polavaram site,17.24583333,81.65972222,2022-08-19 12:00:00,2.5,7.5,14.0,164.0,1008.517,1
Polavaram site,17.24583333,81.65972222,2022-08-19 13:00:00,2.5,7.5,14.5,156.5,940.517,1
Polavaram site,17.24583333,81.65972222,2022-08-19 14:00:00,2.5,7.5,15.0,149.0,994.517,1
Polavaram site,17.24583333,81.65972222,2022-08-19 15:00:00,2.5,7.5,15.0,141.5,946.517,1
Polavaram site,17.24583333,81.65972222,2022-08-19 16:00:00,2.5,7.5,15.0,134.0,928.517,1
Polavaram site,17.24583333,81.65972222,2022-08-19 17:00:00,2.5,7.5,15.0,126.5,908.517,1
Polavaram site,17.24583333,81.65972222,2022-08-19 18:00:00,2.5,7.5,15.0,119.0,884.517,1
Polavaram site,17.24583333,81.65972222,2022-08-19 19:00:00,3.0,8.0,15.5,112.0,874.517,1
Polavaram site,17.24583333,81.65972222,2022-08-19 20:00:00,3.0,8.5,16.0,105.0,834.517,1
Polavaram site,17.24583333,81.65972222,2022-08-19 21:00:00,3.0,9.0,16.5,98.0,788.517,0
Polavaram site,17.24583333,81.65972222,2022-08-19 22:00:00,3.0,9.0,17.0,91.0,782.517,0
Polavaram site,17.24583333,81.65972222,2022-08-19 23:00:00,3.0,9.0,17.5,84.0,693.517,0
Polavaram site,17.24583333,81.65972222,2022-08-20 00:00:00,3.0,9.0,18.0,86.0,735.517,0
Polavaram site,17.24583333,81.65972222,2022-08-20 01:00:00,3.0,9.0,18.0,86.5,702.517,0
Polavaram site,17.24583333,81.65972222,2022-08-20 02:00:00,3.0,9.0,18.0,86.0,664.517,0
Polavaram site,17.24583333,81.65972222,2022-08-20 03:00:00,3.0,9.0,18.0,84.5,621.517,0
Polavaram site,17.24583333,81.65972222,2022-08-24 10:00:00,4.5,10.5,19.5,80.0,606.517,0
Polavaram site,17.24583333,81.65972222,2022-08-24 11:00:00,4.5,12.0,21.0,75.0,155.517,0
Polavaram site,17.24583333,81.65972222,2022-08-24 12:00:00,4.5,13.5,22.5,69.5,135.517,0
Polavaram site,17.24583333,81.65972222,2022-08-24 13:00:00,4.5,13.5,24.0,72.0,115.517,0
Polavaram site,17.24583333,81.65972222,2022-08-24 14:00:00,4.5,13.5,25.5,74.5,95.517,0
Polavaram site,17.24583333,81.65972222,2022-08-24 15:00:00,4.5,13.5,27.0,76.5,68.517,0
Polavaram site,17.24583333,81.65972222,2022-08-24 16:00:00,4.5,13.5,27.0,78.5,48.517,1
Polavaram site,17.24583333,81.65972222,2022-08-24 17:00:00,4.5,13.5,27.0,80.5,34.517,1
Polavaram site,17.24583333,81.65972222,2022-08-24 18:00:00,4.5,13.5,27.0,82.5,1003.517,1
Polavaram site,17.24583333,81.65972222,2022-08-24 21:00:00,4.5,13.5,27.0,84.5,985.517,1
Polavaram site,17.24583333,81.65972222,2022-08-25 00:00:00,4.5,13.5,27.0,86.5,902.517,1
Polavaram site,17.24583333,81.65972222,2022-08-25 01:00:00,4.5,13.5,27.0,88.5,788.517,1
Polavaram site,17.24583333,81.65972222,2022-08-25 02:00:00,4.5,13.5,27.0,90.5,762.517,1
Polavaram site,17.24583333,81.65972222,2022-08-25 03:00:00,4.5,13.5,27.0,92.5,740.517,1
Polavaram site,17.24583333,81.65972222,2022-08-26 00:00:00,0.5,9.5,23.0,90.5,694.517,0
Polavaram site,17.24583333,81.65972222,2022-08-26 01:00:00,0.5,5.5,19.0,88.0,136.517,0
Polavaram site,17.24583333,81.65972222,2022-08-26 02:00:00,0.5,1.5,15.0,85.5,106.517,0
Polavaram site,17.24583333,81.65972222,2022-08-26 03:00:00,0.5,1.5,11.0,83.0,76.517,0
Polavaram site,17.24583333,81.65972222,2022-08-28 13:00:00,2.0,3.0,8.5,82.0,47.517,0
Polavaram site,17.24583333,81.65972222,2022-08-28 20:00:00,2.0,4.5,6.0,81.0,406.517,0
Polavaram site,17.24583333,81.65972222,2022-08-28 21:00:00,2.0,6.0,7.5,80.0,250.517,0
Polavaram site,17.24583333,81.65972222,2022-08-29 00:00:00,2.0,6.0,9.0,79.0,244.517,0
Polavaram site,17.24583333,81.65972222,2022-08-29 01:00:00,2.0,6.0,10.5,78.0,208.517,0
Polavaram site,17.24583333,81.65972222,2022-08-29 02:00:00,2.0,6.0,12.0,77.0,205.517,0
Polavaram site,17.24583333,81.65972222,2022-08-29 03:00:00,2.0,6.0,12.0,74.5,194.517,0
Polavaram site,17.24583333,81.65972222,2022-08-31 09:00:00,8.5,12.5,18.5,78.5,201.517,0
Polavaram site,17.24583333,81.65972222,2022-08-31 10:00:00,16.0,26.5,32.5,90.0,691.517,0
Polavaram site,17.24583333,81.65972222,2022-08-31 11:00:00,16.0,40.5,46.5,101.5,695.517,0
Polavaram site,17.24583333,81.65972222,2022-08-31 12:00:00,16.0,48.0,60.5,113.0,682.517,0
Polavaram site,17.24583333,81.65972222,2022-08-31 13:00:00,16.0,48.0,74.5,124.5,704.517,0
Polavaram site,17.24583333,81.65972222,2022-08-31 14:00:00,16.0,48.0,88.5,136.0,710.517,0
Polavaram site,17.24583333,81.65972222,2022-08-31 15:00:00,16.0,48.0,96.0,147.5,711.517,0
Polavaram site,17.24583333,81.65972222,2022-08-31 16:00:00,16.0,48.0,96.0,159.0,699.517,0
Polavaram site,17.24583333,81.65972222,2022-08-31 19:00:00,16.0,48.0,96.0,170.5,707.517,0
Polavaram site,17.24583333,81.65972222,2022-08-31 20:00:00,16.0,48.0,96.0,182.0,701.517,0
Polavaram site,17.24583333,81.65972222,2022-08-31 21:00:00,16.0,48.0,96.0,193.5,694.517,0
Polavaram site,17.24583333,81.65972222,2022-08-31 23:00:00,16.0,48.0,96.0,205.0,702.517,0
Polavaram site,17.24583333,81.65972222,2022-09-01 00:00:00,16.0,48.0,96.0,216.5,708.517,0
Polavaram site,17.24583333,81.65972222,2022-09-01 01:00:00,16.0,48.0,96.0,232.0,700.517,0
Polavaram site,17.24583333,81.65972222,2022-09-01 02:00:00,16.0,48.0,96.0,247.5,705.517,0
Polavaram site,17.24583333,81.65972222,2022-09-01 03:00:00,16.0,48.0,96.0,263.0,714.517,0
Polavaram site,17.24583333,81.65972222,2022-09-01 15:00:00,20.0,52.0,100.0,282.5,719.517,0
Polavaram site,17.24583333,81.65972222,2022-09-04 11:00:00,17.0,53.0,101.0,297.5,664.517,0
Polavaram site,17.24583333,81.65972222,2022-09-04 14:00:00,17.0,54.0,102.0,312.5,97.517,0
Polavaram site,17.24583333,81.65972222,2022-09-04 15:00:00,17.0,51.0,103.0,327.5,42.517,1
Polavaram site,17.24583333,81.65972222,2022-09-04 18:00:00,17.0,51.0,104.0,342.5,23.517,1
Polavaram site,17.24583333,81.65972222,2022-09-04 20:00:00,17.0,51.0,105.0,357.5,972.517,1
Polavaram site,17.24583333,81.65972222,2022-09-04 22:00:00,17.0,51.0,102.0,372.5,925.517,1
Polavaram site,17.24583333,81.65972222,2022-09-04 23:00:00,17.0,51.0,102.0,387.5,912.517,1
Polavaram site,17.24583333,81.65972222,2022-09-05 00:00:00,17.0,51.0,102.0,396.0,879.517,1
Polavaram site,17.24583333,81.65972222,2022-09-05 01:00:00,17.0,51.0,102.0,397.0,867.517,1
Polavaram site,17.24583333,81.65972222,2022-09-05 02:00:00,17.0,51.0,102.0,398.0,851.517,1
Polavaram site,17.24583333,81.65972222,2022-09-05 03:00:00,17.0,51.0,102.0,399.0,859.517,0
Polavaram site,17.24583333,81.65972222,2022-09-05 19:00:00,47.0,81.0,132.0,430.0,847.517,0
Polavaram site,17.24583333,81.65972222,2022-09-05 20:00:00,96.5,160.5,211.5,510.5,780.517,0
Polavaram site,17.24583333,81.65972222,2022-09-05 21:00:00,97.0,240.5,291.5,591.5,815.517,0
Polavaram site,17.24583333,81.65972222,2022-09-05 22:00:00,97.0,290.5,371.5,672.5,786.517,0
Polavaram site,17.24583333,81.65972222,2022-09-05 23:00:00,97.0,291.0,451.5,753.5,785.517,0
Polavaram site,17.24583333,81.65972222,2022-09-06 00:00:00,97.0,291.0,531.5,834.5,787.517,0
Polavaram site,17.24583333,81.65972222,2022-09-06 01:00:00,97.0,291.0,581.5,915.5,786.517,0
Polavaram site,17.24583333,81.65972222,2022-09-06 02:00:00,97.0,291.0,582.0,996.5,792.517,0
Polavaram site,17.24583333,81.65972222,2022-09-06 03:00:00,97.0,291.0,582.0,1077.5,802.517,0
Polavaram site,17.24583333,81.65972222,2022-09-06 13:00:00,0.5,194.5,485.5,1062.0,789.517,0
Polavaram site,17.24583333,81.65972222,2022-09-06 14:00:00,0.5,98.0,389.0,1046.5,799.517,0
Polavaram site,17.24583333,81.65972222,2022-09-06 15:00:00,0.5,1.5,292.5,1031.0,806.517,0
Polavaram site,17.24583333,81.65972222,2022-09-06 16:00:00,0.5,1.5,196.0,1011.5,818.517,0
Polavaram site,17.24583333,81.65972222,2022-09-06 17:00:00,0.5,1.5,99.5,995.0,829.517,0
Polavaram site,17.24583333,81.65972222,2022-09-06 18:00:00,0.5,1.5,3.0,978.5,827.517,0
Polavaram site,17.24583333,81.65972222,2022-09-06 19:00:00,0.5,1.5,3.0,962.0,843.517,0
Polavaram site,17.24583333,81.65972222,2022-09-06 20:00:00,0.5,1.5,3.0,945.5,846.517,0
Polavaram site,17.24583333,81.65972222,2022-09-06 21:00:00,0.5,1.5,3.0,929.0,847.517,0
Polavaram site,17.24583333,81.65972222,2022-09-06 22:00:00,0.5,1.5,3.0,912.5,850.517,0
Polavaram site,17.24583333,81.65972222,2022-09-06 23:00:00,0.5,1.5,3.0,896.0,862.517,0
Polavaram site,17.24583333,81.65972222,2022-09-07 00:00:00,0.5,1.5,3.0,879.5,872.517,1
Polavaram site,17.24583333,81.65972222,2022-09-07 01:00:00,0.5,1.5,3.0,863.0,892.517,1
Polavaram site,17.24583333,81.65972222,2022-09-07 02:00:00,0.5,1.5,3.0,846.5,908.517,1
Polavaram site,17.24583333,81.65972222,2022-09-07 03:00:00,0.5,1.5,3.0,830.0,904.517,1
Polavaram site,17.24583333,81.65972222,2022-09-07 09:00:00,4.5,5.5,7.0,787.5,930.517,1
Polavaram site,17.24583333,81.65972222,2022-09-07 10:00:00,16.5,21.5,23.0,707.5,44.517,1
Polavaram site,17.24583333,81.65972222,2022-09-07 11:00:00,16.5,37.5,39.0,627.0,35.517,1
Polavaram site,17.24583333,81.65972222,2022-09-07 12:00:00,20.5,53.5,59.0,550.5,79.517,1
Polavaram site,17.24583333,81.65972222,2022-09-07 13:00:00,22.0,59.0,80.5,475.5,95.517,0
Polavaram site,17.24583333,81.65972222,2022-09-07 14:00:00,24.0,66.5,104.0,402.5,116.517,0
Polavaram site,17.24583333,81.65972222,2022-09-07 15:00:00,24.5,70.5,124.0,330.0,152.517,0
Polavaram site,17.24583333,81.65972222,2022-09-07 16:00:00,29.0,77.5,136.5,262.0,176.517,0
Polavaram site,17.24583333,81.65972222,2022-09-07 17:00:00,29.0,82.5,149.0,194.0,221.517,0
Polavaram site,17.24583333,81.65972222,2022-09-07 18:00:00,29.0,87.0,157.5,222.5,240.517,0
Polavaram site,17.24583333,81.65972222,2022-09-07 19:00:00,29.0,87.0,164.5,251.0,275.517,0
Polavaram site,17.24583333,81.65972222,2022-09-07 20:00:00,29.0,87.0,169.5,279.5,302.517,0
Polavaram site,17.24583333,81.65972222,2022-09-07 21:00:00,29.0,87.0,174.0,308.0,329.517,0
Polavaram site,17.24583333,81.65972222,2022-09-07 22:00:00,29.0,87.0,174.0,336.5,355.517,0
Polavaram site,17.24583333,81.65972222,2022-09-07 23:00:00,29.0,87.0,174.0,365.0,374.517,0
Polavaram site,17.24583333,81.65972222,2022-09-08 00:00:00,29.0,87.0,174.0,393.5,405.517,0
Polavaram site,17.24583333,81.65972222,2022-09-08 01:00:00,29.0,87.0,174.0,422.0,441.517,0
Polavaram site,17.24583333,81.65972222,2022-09-08 02:00:00,29.0,87.0,174.0,450.5,477.517,0
Polavaram site,17.24583333,81.65972222,2022-09-08 03:00:00,29.0,87.0,174.0,479.0,492.517,0
Polavaram site,17.24583333,81.65972222,2022-09-08 07:00:00,3.5,61.5,148.5,482.0,522.517,0
Polavaram site,17.24583333,81.65972222,2022-09-08 08:00:00,3.5,36.0,123.0,485.0,630.517,0
Polavaram site,17.24583333,81.65972222,2022-09-08 09:00:00,4.5,11.5,98.5,489.0,675.517,0
Polavaram site,17.24583333,81.65972222,2022-09-08 10:00:00,7.0,15.0,76.5,495.5,705.517,0
Polavaram site,17.24583333,81.65972222,2022-09-08 11:00:00,7.5,19.0,55.0,502.5,751.517,0
Polavaram site,17.24583333,81.65972222,2022-09-08 12:00:00,7.5,22.0,33.5,505.5,780.517,0
Polavaram site,17.24583333,81.65972222,2022-09-08 13:00:00,7.5,22.5,37.5,496.5,815.517,0
Polavaram site,17.24583333,81.65972222,2022-09-08 14:00:00,7.5,22.5,41.5,487.5,851.517,1
Polavaram site,17.24583333,81.65972222,2022-09-08 15:00:00,7.5,22.5,44.5,474.5,882.517,1
Polavaram site,17.24583333,81.65972222,2022-09-08 16:00:00,7.5,22.5,45.0,460.0,920.517,1
Polavaram site,17.24583333,81.65972222,2022-09-08 17:00:00,7.5,22.5,45.0,443.5,935.517,1
Polavaram site,17.24583333,81.65972222,2022-09-08 18:00:00,7.5,22.5,45.0,426.5,946.517,1
Polavaram site,17.24583333,81.65972222,2022-09-08 19:00:00,7.5,22.5,45.0,405.0,985.517,1
Polavaram site,17.24583333,81.65972222,2022-09-08 20:00:00,7.5,22.5,45.0,383.5,1006.517,1
Polavaram site,17.24583333,81.65972222,2022-09-08 21:00:00,7.5,22.5,45.0,362.0,1013.517,1
Polavaram site,17.24583333,81.65972222,2022-09-08 22:00:00,7.5,22.5,45.0,340.5,25.517,1
Polavaram site,17.24583333,81.65972222,2022-09-08 23:00:00,7.5,22.5,45.0,319.0,42.517,1
Polavaram site,17.24583333,81.65972222,2022-09-09 00:00:00,7.5,22.5,45.0,297.5,64.517,1
Polavaram site,17.24583333,81.65972222,2022-09-09 01:00:00,7.5,22.5,45.0,276.0,66.517,0
Polavaram site,17.24583333,81.65972222,2022-09-09 02:00:00,7.5,22.5,45.0,254.5,79.517,0
Polavaram site,17.24583333,81.65972222,2022-09-09 03:00:00,7.5,22.5,45.0,233.0,87.517,0
Polavaram site,17.24583333,81.65972222,2022-09-09 05:00:00,0.5,15.5,38.0,204.5,96.517,0
Polavaram site,17.24583333,81.65972222,2022-09-09 06:00:00,0.5,8.5,31.0,176.0,117.517,0
Polavaram site,17.24583333,81.65972222,2022-09-09 07:00:00,1.0,2.0,24.5,148.0,117.517,0
Polavaram site,17.24583333,81.65972222,2022-09-09 08:00:00,4.0,5.5,21.0,148.5,117.517,0
Polavaram site,17.24583333,81.65972222,2022-09-09 09:00:00,5.5,10.5,19.0,150.5,120.517,0
Polavaram site,17.24583333,81.65972222,2022-09-09 10:00:00,11.0,20.5,22.5,157.0,119.517,0
Polavaram site,17.24583333,81.65972222,2022-09-09 11:00:00,11.0,27.5,33.0,161.0,154.517,0
Polavaram site,17.24583333,81.65972222,2022-09-09 12:00:00,12.5,34.5,45.0,166.0,176.517,0
Polavaram site,17.24583333,81.65972222,2022-09-09 13:00:00,16.0,39.5,60.0,174.5,196.517,0
Polavaram site,17.24583333,81.65972222,2022-09-09 14:00:00,16.5,45.0,72.5,183.5,239.517,0
Polavaram site,17.24583333,81.65972222,2022-09-09 15:00:00,18.0,50.5,85.0,194.0,260.517,0
Polavaram site,17.24583333,81.65972222,2022-09-09 16:00:00,18.0,52.5,92.0,204.5,332.517,0
Polavaram site,17.24583333,81.65972222,2022-09-09 17:00:00,18.0,54.0,99.0,215.0,372.517,0
Polavaram site,17.24583333,81.65972222,2022-09-09 18:00:00,18.0,54.0,104.5,225.5,428.517,0
Polavaram site,17.24583333,81.65972222,2022-09-09 19:00:00,18.0,54.0,106.5,236.0,468.517,0
Polavaram site,17.24583333,81.65972222,2022-09-09 20:00:00,18.0,54.0,108.0,246.5,519.517,0
Polavaram site,17.24583333,81.65972222,2022-09-09 22:00:00,18.0,54.0,108.0,257.0,553.517,0
Polavaram site,17.24583333,81.65972222,2022-09-09 23:00:00,18.0,54.0,108.0,267.5,591.517,0
Polavaram site,17.24583333,81.65972222,2022-09-10 00:00:00,18.0,54.0,108.0,278.0,602.517,0
Polavaram site,17.24583333,81.65972222,2022-09-10 01:00:00,18.0,54.0,108.0,288.5,602.517,0
Polavaram site,17.24583333,81.65972222,2022-09-10 02:00:00,18.0,54.0,108.0,299.0,621.517,0
Polavaram site,17.24583333,81.65972222,2022-09-10 03:00:00,18.0,54.0,108.0,309.5,621.517,0
Polavaram site,17.24583333,81.65972222,2022-09-10 08:00:00,0.5,36.5,90.5,302.5,629.517,0
Polavaram site,17.24583333,81.65972222,2022-09-10 09:00:00,4.5,23.0,77.0,299.5,646.517,0
Polavaram site,17.24583333,81.65972222,2022-09-10 10:00:00,9.0,14.0,68.0,308.0,654.517,0
Polavaram site,17.24583333,81.65972222,2022-09-10 11:00:00,12.0,25.5,62.0,319.5,650.517,0
Polavaram site,17.24583333,81.65972222,2022-09-10 12:00:00,15.0,36.0,59.0,333.5,652.517,0
Polavaram site,17.24583333,81.65972222,2022-09-10 13:00:00,17.5,44.5,58.5,347.0,655.517,0
Polavaram site,17.24583333,81.65972222,2022-09-10 14:00:00,19.5,52.0,77.5,361.0,644.517,0
Polavaram site,17.24583333,81.65972222,2022-09-10 15:00:00,20.0,57.0,93.0,370.0,660.517,0
Polavaram site,17.24583333,81.65972222,2022-09-10 16:00:00,20.0,59.5,104.0,379.0,664.517,0
Polavaram site,17.24583333,81.65972222,2022-09-10 17:00:00,20.0,60.0,112.0,386.5,663.517,0
Polavaram site,17.24583333,81.65972222,2022-09-10 18:00:00,20.0,60.0,117.0,390.5,665.517,0
Polavaram site,17.24583333,81.65972222,2022-09-10 19:00:00,20.0,60.0,119.5,394.0,689.517,0
Polavaram site,17.24583333,81.65972222,2022-09-10 20:00:00,20.0,60.0,120.0,396.0,692.517,0
Polavaram site,17.24583333,81.65972222,2022-09-10 21:00:00,20.0,60.0,120.0,398.0,698.517,0
Polavaram site,17.24583333,81.65972222,2022-09-10 22:00:00,31.0,71.0,131.0,411.0,728.517,0
Polavaram site,17.24583333,81.65972222,2022-09-10 23:00:00,31.0,82.0,142.0,424.0,769.517,0
Polavaram site,17.24583333,81.65972222,2022-09-11 00:00:00,31.0,93.0,153.0,437.0,811.517,1
Polavaram site,17.24583333,81.65972222,2022-09-11 01:00:00,31.0,93.0,164.0,450.0,850.517,1
Polavaram site,17.24583333,81.65972222,2022-09-11 02:00:00,31.0,93.0,175.0,463.0,915.517,1
Polavaram site,17.24583333,81.65972222,2022-09-11 03:00:00,31.0,93.0,186.0,476.0,975.517,1
Polavaram site,17.24583333,81.65972222,2022-09-11 07:00:00,0.5,62.5,155.5,458.5,36.517,1
Polavaram site,17.24583333,81.65972222,2022-09-11 08:00:00,4.5,36.0,129.0,445.0,383.517,1
Polavaram site,17.24583333,81.65972222,2022-09-11 09:00:00,4.5,9.5,102.5,431.5,490.517,1
Polavaram site,17.24583333,81.65972222,2022-09-11 10:00:00,4.5,13.5,76.0,418.0,583.517,0
Polavaram site,17.24583333,81.65972222,2022-09-11 11:00:00,4.5,13.5,49.5,422.0,697.517,1
Polavaram site,17.24583333,81.65972222,2022-09-11 12:00:00,6.5,15.5,25.0,424.0,811.517,1
Polavaram site,17.24583333,81.65972222,2022-09-11 13:00:00,6.5,17.5,31.0,421.5,942.517,1
Polavaram site,17.24583333,81.65972222,2022-09-11 14:00:00,6.5,19.5,33.0,416.0,41.517,1
Polavaram site,17.24583333,81.65972222,2022-09-11 15:00:00,6.5,19.5,35.0,407.5,178.517,1
Polavaram site,17.24583333,81.65972222,2022-09-11 16:00:00,6.5,19.5,37.0,396.5,283.517,1
Polavaram site,17.24583333,81.65972222,2022-09-11 17:00:00,6.5,19.5,39.0,383.5,392.517,0
Polavaram site,17.24583333,81.65972222,2022-09-11 18:00:00,6.5,19.5,39.0,370.0,502.517,0
Polavaram site,17.24583333,81.65972222,2022-09-11 19:00:00,6.5,19.5,39.0,356.5,584.517,0
Polavaram site,17.24583333,81.65972222,2022-09-11 20:00:00,6.5,19.5,39.0,343.0,691.517,0
Polavaram site,17.24583333,81.65972222,2022-09-11 21:00:00,6.5,19.5,39.0,329.5,759.517,1
Polavaram site,17.24583333,81.65972222,2022-09-11 22:00:00,6.5,19.5,39.0,316.0,845.517,1
Polavaram site,17.24583333,81.65972222,2022-09-11 23:00:00,6.5,19.5,39.0,302.5,943.517,1
Polavaram site,17.24583333,81.65972222,2022-09-12 00:00:00,6.5,19.5,39.0,289.0,1018.517,1
Polavaram site,17.24583333,81.65972222,2022-09-12 01:00:00,6.5,19.5,39.0,264.5,60.517,1
Polavaram site,17.24583333,81.65972222,2022-09-12 02:00:00,6.5,19.5,39.0,240.0,118.517,1
Polavaram site,17.24583333,81.65972222,2022-09-12 03:00:00,6.5,19.5,39.0,215.5,183.517,1
Polavaram site,17.24583333,81.65972222,2022-09-12 12:00:00,0.5,13.5,33.0,185.0,248.517,0
Polavaram site,17.24583333,81.65972222,2022-09-12 13:00:00,0.5,7.5,27.0,154.5,764.517,0
Polavaram site,17.24583333,81.65972222,2022-09-12 14:00:00,0.5,1.5,21.0,124.0,830.517,1
Polavaram site,17.24583333,81.65972222,2022-09-12 15:00:00,0.5,1.5,15.0,124.0,892.517,1
Polavaram site,17.24583333,81.65972222,2022-09-12 16:00:00,0.5,1.5,9.0,120.0,964.517,1
Polavaram site,17.24583333,81.65972222,2022-09-12 17:00:00,0.5,1.5,3.0,116.0,1005.517,1
Polavaram site,17.24583333,81.65972222,2022-09-12 18:00:00,0.5,1.5,3.0,112.0,64.517,1
Polavaram site,17.24583333,81.65972222,2022-09-12 19:00:00,0.5,1.5,3.0,108.0,131.517,1
Polavaram site,17.24583333,81.65972222,2022-09-12 20:00:00,0.5,1.5,3.0,102.0,206.517,1
Polavaram site,17.24583333,81.65972222,2022-09-12 21:00:00,0.5,1.5,3.0,96.0,253.517,0
Polavaram site,17.24583333,81.65972222,2022-09-12 22:00:00,0.5,1.5,3.0,90.0,355.517,0
Polavaram site,17.24583333,81.65972222,2022-09-12 23:00:00,0.5,1.5,3.0,84.0,397.517,0
Polavaram site,17.24583333,81.65972222,2022-09-13 00:00:00,0.5,1.5,3.0,78.0,465.517,0
Polavaram site,17.24583333,81.65972222,2022-09-13 01:00:00,0.5,1.5,3.0,72.0,517.517,0
Polavaram site,17.24583333,81.65972222,2022-09-13 02:00:00,0.5,1.5,3.0,66.0,601.517,0
Polavaram site,17.24583333,81.65972222,2022-09-13 03:00:00,0.5,1.5,3.0,60.0,651.517,0
Polavaram site,17.24583333,81.65972222,2022-09-14 02:00:00,3.0,4.0,5.5,56.5,681.517,0
Polavaram site,17.24583333,81.65972222,2022-09-14 03:00:00,3.0,6.5,8.0,53.0,644.517,0
Polavaram site,17.24583333,81.65972222,2022-09-15 03:00:00,7.0,13.0,14.5,53.5,608.517,0
Polavaram site,17.24583333,81.65972222,2022-09-15 06:00:00,6.0,16.0,20.0,53.0,648.517,0
Polavaram site,17.24583333,81.65972222,2022-09-15 07:00:00,6.0,19.0,25.5,52.5,581.517,0
Polavaram site,17.24583333,81.65972222,2022-09-15 08:00:00,6.0,18.0,31.0,52.0,564.517,0
Polavaram site,17.24583333,81.65972222,2022-09-15 09:00:00,6.0,18.0,34.0,51.5,522.517,0
Polavaram site,17.24583333,81.65972222,2022-09-15 10:00:00,6.0,18.0,37.0,51.0,489.517,0
Polavaram site,17.24583333,81.65972222,2022-09-15 11:00:00,6.0,18.0,36.0,56.5,484.517,0
Polavaram site,17.24583333,81.65972222,2022-09-15 12:00:00,6.0,18.0,36.0,62.0,442.517,0
Polavaram site,17.24583333,81.65972222,2022-09-15 13:00:00,6.0,18.0,36.0,67.5,398.517,0
Polavaram site,17.24583333,81.65972222,2022-09-15 14:00:00,6.0,18.0,36.0,73.0,400.517,0
Polavaram site,17.24583333,81.65972222,2022-09-15 15:00:00,6.0,18.0,36.0,78.5,352.517,0
Polavaram site,17.24583333,81.65972222,2022-09-15 16:00:00,6.0,18.0,36.0,84.0,303.517,0
Polavaram site,17.24583333,81.65972222,2022-09-15 17:00:00,6.0,18.0,36.0,89.5,250.517,0
Polavaram site,17.24583333,81.65972222,2022-09-15 18:00:00,6.0,18.0,36.0,95.0,211.517,0
Polavaram site,17.24583333,81.65972222,2022-09-15 19:00:00,6.0,18.0,36.0,100.5,197.517,0
Polavaram site,17.24583333,81.65972222,2022-09-15 20:00:00,6.0,18.0,36.0,106.0,133.517,0
Polavaram site,17.24583333,81.65972222,2022-09-15 21:00:00,6.0,18.0,36.0,111.5,102.517,1
Polavaram site,17.24583333,81.65972222,2022-09-16 00:00:00,6.0,18.0,36.0,117.0,51.517,1
Polavaram site,17.24583333,81.65972222,2022-09-16 01:00:00,6.0,18.0,36.0,122.5,914.517,1
Polavaram site,17.24583333,81.65972222,2022-09-16 02:00:00,6.0,18.0,36.0,128.0,868.517,1
Polavaram site,17.24583333,81.65972222,2022-09-16 03:00:00,6.0,18.0,36.0,133.5,786.517,1
Polavaram site,17.24583333,81.65972222,2022-09-18 17:00:00,9.5,21.5,39.5,142.5,742.517,1
Polavaram site,17.24583333,81.65972222,2022-09-19 00:00:00,12.0,27.5,45.5,151.5,624.517,0
Polavaram site,17.24583333,81.65972222,2022-09-19 01:00:00,12.0,33.5,51.5,160.5,287.517,0
Polavaram site,17.24583333,81.65972222,2022-09-19 03:00:00,13.0,37.0,58.5,166.5,220.517,0
Polavaram site,17.24583333,81.65972222,2022-09-19 04:00:00,0.5,25.5,53.0,161.0,89.517,1
Polavaram site,17.24583333,81.65972222,2022-09-19 05:00:00,0.5,14.0,47.5,155.5,43.517,1
Polavaram site,17.24583333,81.65972222,2022-09-19 09:00:00,3.0,4.0,41.0,152.5,979.517,1
Polavaram site,17.24583333,81.65972222,2022-09-19 10:00:00,3.5,7.0,32.5,150.0,733.517,1
Polavaram site,17.24583333,81.65972222,2022-09-19 12:00:00,3.5,10.0,24.0,147.5,670.517,1
Polavaram site,17.24583333,81.65972222,2022-09-19 13:00:00,4.5,11.5,15.5,146.0,545.517,1
Polavaram site,17.24583333,81.65972222,2022-09-19 14:00:00,5.5,13.5,20.5,145.5,505.517,0
Polavaram site,17.24583333,81.65972222,2022-09-19 19:00:00,6.0,16.0,26.0,145.5,459.517,0
Polavaram site,17.24583333,81.65972222,2022-09-19 20:00:00,6.0,17.5,29.0,145.5,295.517,0
Polavaram site,17.24583333,81.65972222,2022-09-19 21:00:00,6.5,18.5,32.0,146.0,282.517,0
Polavaram site,17.24583333,81.65972222,2022-09-19 23:00:00,11.0,23.5,39.5,151.0,241.517,0
Polavaram site,17.24583333,81.65972222,2022-09-20 00:00:00,11.5,29.0,46.5,156.5,242.517,0
Polavaram site,17.24583333,81.65972222,2022-09-20 03:00:00,11.5,34.0,52.5,162.0,259.517,0
Polavaram site,17.24583333,81.65972222,2022-09-22 13:00:00,0.5,23.5,47.0,156.5,313.517,0
Polavaram site,17.24583333,81.65972222,2022-09-22 14:00:00,0.5,12.5,41.5,151.0,273.517,0
Polavaram site,17.24583333,81.65972222,2022-09-22 15:00:00,1.0,2.0,36.0,146.0,311.517,0
Polavaram site,17.24583333,81.65972222,2022-09-22 16:00:00,1.0,2.5,26.0,141.0,339.517,0
Polavaram site,17.24583333,81.65972222,2022-09-22 17:00:00,1.0,3.0,15.5,136.0,375.517,0
Polavaram site,17.24583333,81.65972222,2022-09-22 18:00:00,1.0,3.0,5.0,131.0,426.517,0
Polavaram site,17.24583333,81.65972222,2022-09-22 19:00:00,1.0,3.0,5.5,126.0,460.517,0
Polavaram site,17.24583333,81.65972222,2022-09-22 20:00:00,1.0,3.0,6.0,117.5,495.517,0
Polavaram site,17.24583333,81.65972222,2022-09-22 21:00:00,1.0,3.0,6.0,106.5,529.517,0
Polavaram site,17.24583333,81.65972222,2022-09-22 22:00:00,1.0,3.0,6.0,95.5,592.517,0
Polavaram site,17.24583333,81.65972222,2022-09-22 23:00:00,1.0,3.0,6.0,83.5,615.517,0
Polavaram site,17.24583333,81.65972222,2022-09-23 00:00:00,1.0,3.0,6.0,84.0,667.517,0
Polavaram site,17.24583333,81.65972222,2022-09-23 01:00:00,1.0,3.0,6.0,84.5,715.517,0
Polavaram site,17.24583333,81.65972222,2022-09-23 02:00:00,1.0,3.0,6.0,82.5,761.517,0
Polavaram site,17.24583333,81.65972222,2022-09-23 03:00:00,1.0,3.0,6.0,80.0,794.517,1
Polavaram site,17.24583333,81.65972222,2022-09-23 06:00:00,0.5,2.5,5.5,77.0,839.517,1
Polavaram site,17.24583333,81.65972222,2022-09-23 07:00:00,0.5,2.0,5.0,73.0,940.517,1
Polavaram site,17.24583333,81.65972222,2022-09-23 08:00:00,0.5,1.5,4.5,68.0,976.517,1
Polavaram site,17.24583333,81.65972222,2022-09-23 09:00:00,0.5,1.5,4.0,62.5,1016.517,1
Polavaram site,17.24583333,81.65972222,2022-09-23 10:00:00,0.5,1.5,3.5,57.0,64.517,1
Polavaram site,17.24583333,81.65972222,2022-09-23 11:00:00,0.5,1.5,3.0,51.0,77.517,1
Polavaram site,17.24583333,81.65972222,2022-09-23 12:00:00,0.5,1.5,3.0,40.5,115.517,1
Polavaram site,17.24583333,81.65972222,2022-09-23 13:00:00,0.5,1.5,3.0,29.5,118.517,0
Polavaram site,17.24583333,81.65972222,2022-09-23 14:00:00,0.5,1.5,3.0,18.5,172.517,0
Polavaram site,17.24583333,81.65972222,2022-09-23 17:00:00,0.5,1.5,3.0,18.5,176.517,0
Polavaram site,17.24583333,81.65972222,2022-09-23 18:00:00,0.5,1.5,3.0,18.5,260.517,0
Polavaram site,17.24583333,81.65972222,2022-09-23 19:00:00,0.5,1.5,3.0,18.0,301.517,0
Polavaram site,17.24583333,81.65972222,2022-09-23 20:00:00,0.5,1.5,3.0,17.5,328.517,0
Polavaram site,17.24583333,81.65972222,2022-09-23 21:00:00,0.5,1.5,3.0,17.0,351.517,0
Polavaram site,17.24583333,81.65972222,2022-09-23 22:00:00,0.5,1.5,3.0,16.5,358.517,0
Polavaram site,17.24583333,81.65972222,2022-09-23 23:00:00,0.5,1.5,3.0,16.0,392.517,0
Polavaram site,17.24583333,81.65972222,2022-09-24 02:00:00,0.5,1.5,3.0,15.5,391.517,0
Polavaram site,17.24583333,81.65972222,2022-09-24 05:00:00,41.0,42.0,43.5,55.5,425.517,0
Polavaram site,17.24583333,81.65972222,2022-09-26 12:00:00,0.5,42.0,43.5,55.0,197.517,0
Polavaram site,17.24583333,81.65972222,2022-09-26 13:00:00,0.5,42.0,43.5,54.5,53.517,1
Polavaram site,17.24583333,81.65972222,2022-09-26 14:00:00,0.5,1.5,43.5,54.0,32.517,1
Polavaram site,17.24583333,81.65972222,2022-09-26 16:00:00,0.5,1.5,43.5,53.5,1011.517,1
Polavaram site,17.24583333,81.65972222,2022-09-26 17:00:00,0.5,1.5,43.5,53.0,1007.517,1
Polavaram site,17.24583333,81.65972222,2022-09-26 18:00:00,0.5,1.5,3.0,52.5,1003.517,1
Polavaram site,17.24583333,81.65972222,2022-09-26 19:00:00,0.5,1.5,3.0,52.5,1002.517,1
Polavaram site,17.24583333,81.65972222,2022-09-26 20:00:00,0.5,1.5,3.0,52.5,1001.517,1
Polavaram site,17.24583333,81.65972222,2022-09-26 21:00:00,0.5,1.5,3.0,52.5,994.517,1
Polavaram site,17.24583333,81.65972222,2022-09-26 22:00:00,0.5,1.5,3.0,52.5,1007.517,1
Polavaram site,17.24583333,81.65972222,2022-09-26 23:00:00,0.5,1.5,3.0,52.5,993.517,1
Polavaram site,17.24583333,81.65972222,2022-09-27 00:00:00,0.5,1.5,3.0,52.5,1010.517,1
Polavaram site,17.24583333,81.65972222,2022-09-27 01:00:00,0.5,1.5,3.0,52.5,1005.517,1
Polavaram site,17.24583333,81.65972222,2022-09-27 02:00:00,0.5,1.5,3.0,52.5,20.517,1
Polavaram site,17.24583333,81.65972222,2022-09-27 03:00:00,0.5,1.5,3.0,52.5,1004.517,1
Polavaram site,17.24583333,81.65972222,2022-09-28 19:00:00,19.0,20.0,21.5,71.0,1012.517,1
Polavaram site,17.24583333,81.65972222,2022-09-28 20:00:00,19.0,38.5,40.0,89.5,938.517,1
Polavaram site,17.24583333,81.65972222,2022-09-28 21:00:00,19.0,57.0,58.5,108.0,916.517,1
Polavaram site,17.24583333,81.65972222,2022-09-28 22:00:00,19.0,57.0,77.0,126.5,906.517,1
Polavaram site,17.24583333,81.65972222,2022-09-28 23:00:00,19.0,57.0,95.5,145.0,900.517,1
Polavaram site,17.24583333,81.65972222,2022-09-29 01:00:00,19.0,57.0,114.0,163.5,884.517,1
Polavaram site,17.24583333,81.65972222,2022-09-29 02:00:00,19.0,57.0,114.0,182.0,894.517,1
Polavaram site,17.24583333,81.65972222,2022-09-29 12:00:00,15.0,53.0,110.0,196.5,891.517,1
Polavaram site,17.24583333,81.65972222,2022-09-29 18:00:00,15.0,49.0,106.0,170.5,128.517,1
Polavaram site,17.24583333,81.65972222,2022-09-29 19:00:00,15.0,45.0,102.0,185.0,338.517,1
Polavaram site,17.24583333,81.65972222,2022-09-29 22:00:00,15.0,45.0,98.0,199.5,375.517,0
Polavaram site,17.24583333,81.65972222,2022-09-30 00:00:00,15.0,45.0,94.0,214.0,438.517,0
Polavaram site,17.24583333,81.65972222,2022-09-30 01:00:00,15.0,45.0,90.0,228.5,481.517,0
Polavaram site,17.24583333,81.65972222,2022-09-30 02:00:00,15.0,45.0,90.0,243.0,480.517,0
Polavaram site,17.24583333,81.65972222,2022-09-30 03:00:00,15.0,45.0,90.0,257.5,495.517,0
Polavaram site,17.24583333,81.65972222,2022-09-30 15:00:00,0.5,30.5,75.5,257.5,514.517,0
Polavaram site,17.24583333,81.65972222,2022-09-30 16:00:00,0.5,16.0,61.0,257.5,447.517,0
Polavaram site,17.24583333,81.65972222,2022-09-30 17:00:00,0.5,1.5,46.5,257.5,431.517,0
Polavaram site,17.24583333,81.65972222,2022-09-30 18:00:00,0.5,1.5,32.0,257.5,412.517,0
Polavaram site,17.24583333,81.65972222,2022-09-30 19:00:00,0.5,1.5,17.5,257.5,400.517,0
Polavaram site,17.24583333,81.65972222,2022-09-30 20:00:00,0.5,1.5,3.0,257.5,376.517,0
Polavaram site,17.24583333,81.65972222,2022-09-30 21:00:00,0.5,1.5,3.0,257.5,361.517,0
Polavaram site,17.24583333,81.65972222,2022-09-30 22:00:00,0.5,1.5,3.0,257.5,356.517,0
Polavaram site,17.24583333,81.65972222,2022-09-30 23:00:00,0.5,1.5,3.0,257.5,323.517,0
Polavaram site,17.24583333,81.65972222,2022-10-01 00:00:00,0.5,1.5,3.0,239.0,325.517,0
Polavaram site,17.24583333,81.65972222,2022-10-01 01:00:00,0.5,1.5,3.0,220.5,310.517,0
Polavaram site,17.24583333,81.65972222,2022-10-01 02:00:00,0.5,1.5,3.0,202.0,293.517,0
Polavaram site,17.24583333,81.65972222,2022-10-01 03:00:00,0.5,1.5,3.0,183.5,278.517,0
Polavaram site,17.24583333,81.65972222,2022-10-05 10:00:00,0.5,1.5,3.0,165.0,253.517,0
Polavaram site,17.24583333,81.65972222,2022-10-05 11:00:00,9.0,10.0,11.5,155.0,842.517,0
Polavaram site,17.24583333,81.65972222,2022-10-05 12:00:00,9.0,18.5,20.0,145.0,845.517,0
Polavaram site,17.24583333,81.65972222,2022-10-05 13:00:00,9.0,27.0,28.5,139.0,836.517,0
Polavaram site,17.24583333,81.65972222,2022-10-05 14:00:00,14.0,32.0,42.0,138.0,826.517,0
Polavaram site,17.24583333,81.65972222,2022-10-05 15:00:00,24.5,47.5,66.0,147.5,822.517,0
Polavaram site,17.24583333,81.65972222,2022-10-05 16:00:00,41.0,79.5,106.5,173.5,807.517,0
Polavaram site,17.24583333,81.65972222,2022-10-05 17:00:00,41.0,106.5,138.5,199.5,821.517,0
Polavaram site,17.24583333,81.65972222,2022-10-05 18:00:00,41.0,123.0,170.5,225.5,811.517,0
Polavaram site,17.24583333,81.65972222,2022-10-05 19:00:00,41.0,123.0,202.5,251.5,799.517,0
Polavaram site,17.24583333,81.65972222,2022-10-05 20:00:00,41.0,123.0,229.5,277.5,778.517,0
Polavaram site,17.24583333,81.65972222,2022-10-05 21:00:00,41.0,123.0,246.0,318.0,771.517,0
Polavaram site,17.24583333,81.65972222,2022-10-05 23:00:00,41.0,123.0,246.0,358.5,780.517,0
Polavaram site,17.24583333,81.65972222,2022-10-06 00:00:00,41.0,123.0,246.0,399.0,793.517,0
Polavaram site,17.24583333,81.65972222,2022-10-06 01:00:00,41.0,123.0,246.0,439.5,807.517,0
Polavaram site,17.24583333,81.65972222,2022-10-06 02:00:00,41.0,123.0,246.0,480.0,835.517,0
Polavaram site,17.24583333,81.65972222,2022-10-06 03:00:00,41.0,123.0,246.0,520.5,853.517,1
Polavaram site,17.24583333,81.65972222,2022-10-06 07:00:00,2.0,84.0,207.0,522.0,871.517,1
Polavaram site,17.24583333,81.65972222,2022-10-06 08:00:00,2.5,45.5,168.5,524.0,908.517,1
Polavaram site,17.24583333,81.65972222,2022-10-06 09:00:00,2.5,7.0,130.0,526.0,899.517,1
Polavaram site,17.24583333,81.65972222,2022-10-06 10:00:00,9.5,14.5,98.5,535.0,907.517,1
Polavaram site,17.24583333,81.65972222,2022-10-06 11:00:00,9.5,21.5,67.0,544.0,900.517,1
Polavaram site,17.24583333,81.65972222,2022-10-06 12:00:00,9.5,28.5,35.5,553.0,899.517,1
Polavaram site,17.24583333,81.65972222,2022-10-06 13:00:00,9.5,28.5,43.0,562.0,891.517,1
Polavaram site,17.24583333,81.65972222,2022-10-06 14:00:00,9.5,28.5,50.0,571.0,882.517,1
Polavaram site,17.24583333,81.65972222,2022-10-06 15:00:00,9.5,28.5,57.0,571.5,886.517,1
Polavaram site,17.24583333,81.65972222,2022-10-06 16:00:00,9.5,28.5,57.0,572.0,869.517,0
Polavaram site,17.24583333,81.65972222,2022-10-06 17:00:00,9.5,28.5,57.0,572.5,867.517,0
Polavaram site,17.24583333,81.65972222,2022-10-06 18:00:00,9.5,28.5,57.0,568.0,871.517,0
Polavaram site,17.24583333,81.65972222,2022-10-06 19:00:00,9.5,28.5,57.0,553.0,846.517,0
Polavaram site,17.24583333,81.65972222,2022-10-06 20:00:00,9.5,28.5,57.0,521.5,850.517,0
Polavaram site,17.24583333,81.65972222,2022-10-06 21:00:00,16.0,35.0,63.5,496.5,834.517,0
Polavaram site,17.24583333,81.65972222,2022-10-06 22:00:00,16.0,41.5,70.0,471.5,832.517,0
Polavaram site,17.24583333,81.65972222,2022-10-06 23:00:00,16.0,48.0,76.5,446.5,808.517,0
Polavaram site,17.24583333,81.65972222,2022-10-07 00:00:00,16.0,48.0,83.0,421.5,798.517,0
Polavaram site,17.24583333,81.65972222,2022-10-07 01:00:00,16.0,48.0,89.5,396.5,796.517,0
Polavaram site,17.24583333,81.65972222,2022-10-07 02:00:00,16.0,48.0,96.0,371.5,783.517,0
Polavaram site,17.24583333,81.65972222,2022-10-07 03:00:00,16.0,48.0,96.0,346.5,776.517,0
Polavaram site,17.24583333,81.65972222,2022-10-07 07:00:00,9.0,41.0,89.0,314.5,750.517,0
Polavaram site,17.24583333,81.65972222,2022-10-07 08:00:00,16.5,41.5,89.5,290.0,701.517,0
Polavaram site,17.24583333,81.65972222,2022-10-07 09:00:00,21.5,47.0,95.0,270.5,715.517,0
Polavaram site,17.24583333,81.65972222,2022-10-07 10:00:00,28.0,66.0,107.0,296.5,734.517,0
Polavaram site,17.24583333,81.65972222,2022-10-07 12:00:00,28.0,77.5,119.0,322.0,730.517,0
Polavaram site,17.24583333,81.65972222,2022-10-07 13:00:00,28.0,84.0,131.0,347.5,730.517,0
Polavaram site,17.24583333,81.65972222,2022-10-07 15:00:00,28.0,84.0,150.0,366.0,717.517,0
Polavaram site,17.24583333,81.65972222,2022-10-07 19:00:00,28.0,84.0,161.5,384.5,693.517,0
Polavaram site,17.24583333,81.65972222,2022-10-07 20:00:00,28.0,84.0,168.0,403.0,634.517,0
Polavaram site,17.24583333,81.65972222,2022-10-07 23:00:00,28.0,84.0,168.0,421.5,622.517,0
Polavaram site,17.24583333,81.65972222,2022-10-08 00:00:00,28.0,84.0,168.0,440.0,563.517,0
Polavaram site,17.24583333,81.65972222,2022-10-08 01:00:00,28.0,84.0,168.0,458.5,548.517,0
Polavaram site,17.24583333,81.65972222,2022-10-08 02:00:00,28.0,84.0,168.0,477.0,529.517,0
Polavaram site,17.24583333,81.65972222,2022-10-08 03:00:00,28.0,84.0,168.0,495.5,502.517,0
Polavaram site,17.24583333,81.65972222,2022-10-08 20:00:00,1.0,57.0,141.0,487.0,495.517,0
Polavaram site,17.24583333,81.65972222,2022-10-09 00:00:00,1.0,30.0,114.0,478.5,330.517,0
Polavaram site,17.24583333,81.65972222,2022-10-09 01:00:00,1.0,3.0,87.0,470.0,304.517,0
Polavaram site,17.24583333,81.65972222,2022-10-09 03:00:00,1.0,3.0,60.0,455.0,298.517,0
Polavaram site,17.24583333,81.65972222,2022-10-09 16:00:00,0.5,2.5,32.5,439.5,313.517,0
Polavaram site,17.24583333,81.65972222,2022-10-09 17:00:00,1.5,3.0,6.0,425.0,370.517,0
Polavaram site,17.24583333,81.65972222,2022-10-09 19:00:00,1.5,3.5,6.5,410.5,374.517,0
Polavaram site,17.24583333,81.65972222,2022-10-09 20:00:00,5.5,8.5,11.0,400.0,366.517,0
Polavaram site,17.24583333,81.65972222,2022-10-10 00:00:00,13.5,20.5,23.5,397.5,377.517,0
Polavaram site,17.24583333,81.65972222,2022-10-10 01:00:00,13.5,32.5,36.0,395.0,403.517,0
Polavaram site,17.24583333,81.65972222,2022-10-10 02:00:00,13.5,40.5,49.0,399.5,404.517,0
Polavaram site,17.24583333,81.65972222,2022-10-10 03:00:00,13.5,40.5,61.0,396.5,406.517,0
Polavaram site,17.24583333,81.65972222,2022-10-10 04:00:00,4.0,31.0,63.5,379.0,398.517,0
Polavaram site,17.24583333,81.65972222,2022-10-10 05:00:00,14.0,31.5,72.0,365.0,399.517,0
Polavaram site,17.24583333,81.65972222,2022-10-10 06:00:00,14.0,32.0,72.5,351.0,418.517,0
Polavaram site,17.24583333,81.65972222,2022-10-10 07:00:00,14.5,42.5,73.5,337.5,421.517,0
Polavaram site,17.24583333,81.65972222,2022-10-10 08:00:00,14.5,43.0,74.5,324.0,421.517,0
Polavaram site,17.24583333,81.65972222,2022-10-10 09:00:00,14.5,43.5,75.5,310.5,425.517,0
Polavaram site,17.24583333,81.65972222,2022-10-10 10:00:00,14.5,43.5,86.0,297.0,414.517,0
Polavaram site,17.24583333,81.65972222,2022-10-10 11:00:00,14.5,43.5,86.5,283.5,417.517,0
Polavaram site,17.24583333,81.65972222,2022-10-10 12:00:00,14.5,43.5,87.0,270.0,423.517,0
Polavaram site,17.24583333,81.65972222,2022-10-10 13:00:00,15.0,44.0,87.5,257.0,415.517,0
Polavaram site,17.24583333,81.65972222,2022-10-10 14:00:00,15.0,44.5,88.0,244.0,431.517,0
Polavaram site,17.24583333,81.65972222,2022-10-10 15:00:00,15.0,45.0,88.5,231.0,440.517,0
Polavaram site,17.24583333,81.65972222,2022-10-10 16:00:00,15.0,45.0,89.0,245.0,443.517,0
Polavaram site,17.24583333,81.65972222,2022-10-10 20:00:00,15.0,45.0,89.5,259.0,437.517,0
Polavaram site,17.24583333,81.65972222,2022-10-10 21:00:00,15.0,45.0,90.0,273.0,510.517,0
Polavaram site,17.24583333,81.65972222,2022-10-10 22:00:00,15.0,45.0,90.0,287.0,541.517,0
Polavaram site,17.24583333,81.65972222,2022-10-10 23:00:00,15.0,45.0,90.0,301.5,553.517,0
Polavaram site,17.24583333,81.65972222,2022-10-11 01:00:00,15.0,45.0,90.0,315.0,585.517,0
Polavaram site,17.24583333,81.65972222,2022-10-11 03:00:00,15.0,45.0,90.0,328.5,651.517,0
Polavaram site,17.24583333,81.65972222,2022-10-11 15:00:00,20.0,50.0,95.0,343.0,725.517,0
Polavaram site,17.24583333,81.65972222,2022-10-14 00:00:00,5.0,40.0,85.0,334.5,664.517,0
Polavaram site,17.24583333,81.65972222,2022-10-14 03:00:00,5.0,30.0,75.0,326.0,623.517,0
Polavaram site,17.24583333,81.65972222,2022-10-14 09:00:00,21.0,31.0,81.0,333.5,573.517,0
Polavaram site,17.24583333,81.65972222,2022-10-14 10:00:00,21.0,47.0,87.0,341.0,539.517,0
Polavaram site,17.24583333,81.65972222,2022-10-14 14:00:00,21.0,63.0,93.0,358.0,530.517,0
Polavaram site,17.24583333,81.65972222,2022-10-14 17:00:00,21.0,63.0,94.0,365.0,551.517,0
Polavaram site,17.24583333,81.65972222,2022-10-14 18:00:00,21.0,63.0,110.0,372.0,555.517,0
Polavaram site,17.24583333,81.65972222,2022-10-14 19:00:00,21.0,63.0,126.0,378.5,562.517,0
Polavaram site,17.24583333,81.65972222,2022-10-14 20:00:00,21.0,63.0,126.0,385.0,561.517,0
Polavaram site,17.24583333,81.65972222,2022-10-15 00:00:00,24.5,66.5,129.5,395.0,576.517,0
Polavaram site,17.24583333,81.65972222,2022-10-15 02:00:00,81.5,127.0,190.0,462.0,588.517,0
Polavaram site,17.24583333,81.65972222,2022-10-16 03:00:00,1.0,107.0,170.0,448.5,671.517,0
Polavaram site,17.24583333,81.65972222,2022-10-16 10:00:00,6.5,89.0,155.5,440.5,748.517,0
Polavaram site,17.24583333,81.65972222,2022-10-16 11:00:00,3.0,10.5,137.5,428.5,189.517,0
Polavaram site,17.24583333,81.65972222,2022-10-16 13:00:00,3.5,13.0,120.0,417.0,168.517,0
Polavaram site,17.24583333,81.65972222,2022-10-16 18:00:00,3.5,10.0,99.0,405.5,217.517,0
Polavaram site,17.24583333,81.65972222,2022-10-16 19:00:00,3.5,10.5,21.0,394.0,270.517,0
Polavaram site,17.24583333,81.65972222,2022-10-16 20:00:00,3.5,10.5,23.5,382.5,253.517,0
Polavaram site,17.24583333,81.65972222,2022-10-16 23:00:00,3.5,10.5,20.5,371.0,236.517,0
Polavaram site,17.24583333,81.65972222,2022-10-17 01:00:00,3.5,10.5,21.0,359.5,204.517,0
Polavaram site,17.24583333,81.65972222,2022-10-17 02:00:00,3.5,10.5,21.0,348.0,178.517,0
Polavaram site,17.24583333,81.65972222,2022-10-18 09:00:00,4.0,11.0,21.5,337.0,146.517,0
Polavaram site,17.24583333,81.65972222,2022-10-18 10:00:00,4.0,11.5,22.0,326.0,151.517,0
Polavaram site,17.24583333,81.65972222,2022-10-18 11:00:00,4.0,12.0,22.5,310.0,186.517,0
Polavaram site,17.24583333,81.65972222,2022-10-18 12:00:00,4.0,12.0,23.0,309.0,179.517,0
Polavaram site,17.24583333,81.65972222,2022-10-18 13:00:00,4.0,12.0,23.5,308.0,184.517,0
Polavaram site,17.24583333,81.65972222,2022-10-18 14:00:00,4.0,12.0,24.0,291.0,207.517,0
Polavaram site,17.24583333,81.65972222,2022-10-18 15:00:00,4.5,12.5,24.5,274.5,200.517,0
Polavaram site,17.24583333,81.65972222,2022-10-18 16:00:00,5.5,14.0,26.0,259.0,213.517,0
Polavaram site,17.24583333,81.65972222,2022-10-18 17:00:00,5.5,15.5,27.5,243.5,212.517,0
Polavaram site,17.24583333,81.65972222,2022-10-18 18:00:00,5.5,16.5,29.0,228.0,202.517,0
Polavaram site,17.24583333,81.65972222,2022-10-18 19:00:00,5.5,16.5,30.5,212.5,185.517,0
Polavaram site,17.24583333,81.65972222,2022-10-18 20:00:00,5.5,16.5,32.0,197.0,181.517,0
Polavaram site,17.24583333,81.65972222,2022-10-18 21:00:00,5.5,16.5,33.0,178.0,162.517,0
Polavaram site,17.24583333,81.65972222,2022-10-19 00:00:00,5.5,16.5,33.0,102.0,148.517,0
Polavaram site,17.24583333,81.65972222,2022-10-19 01:00:00,5.5,16.5,33.0,106.5,79.517,1
Polavaram site,17.24583333,81.65972222,2022-10-19 02:00:00,5.5,16.5,33.0,105.5,55.517,1
Polavaram site,17.24583333,81.65972222,2022-10-19 03:00:00,5.5,16.5,33.0,108.0,1013.517,1
Polavaram site,17.24583333,81.65972222,2022-10-19 11:00:00,35.5,46.5,63.0,140.0,977.517,1
Polavaram site,17.24583333,81.65972222,2022-10-19 13:00:00,64.0,105.0,121.5,200.5,741.517,1
Polavaram site,17.24583333,81.65972222,2022-10-19 15:00:00,64.0,163.5,180.0,261.0,687.517,1
Polavaram site,17.24583333,81.65972222,2022-10-19 16:00:00,64.0,192.0,238.5,321.5,621.517,1
Polavaram site,17.24583333,81.65972222,2022-10-19 18:00:00,64.0,192.0,297.0,382.0,602.517,0
Polavaram site,17.24583333,81.65972222,2022-10-19 21:00:00,64.0,192.0,355.5,442.5,556.517,0
Polavaram site,17.24583333,81.65972222,2022-10-19 22:00:00,64.0,192.0,384.0,503.0,500.517,0
Polavaram site,17.24583333,81.65972222,2022-10-20 01:00:00,64.0,192.0,384.0,563.0,489.517,0
Polavaram site,17.24583333,81.65972222,2022-10-20 02:00:00,64.0,192.0,384.0,623.0,446.517,0
Polavaram site,17.24583333,81.65972222,2022-10-20 10:00:00,1.5,129.5,321.5,620.5,428.517,0
Polavaram site,17.24583333,81.65972222,2022-10-20 15:00:00,8.5,74.0,266.0,625.0,352.517,0
Polavaram site,17.24583333,81.65972222,2022-10-20 16:00:00,12.0,22.0,214.0,633.0,364.517,0
Polavaram site,17.24583333,81.65972222,2022-10-20 17:00:00,12.0,32.5,162.0,641.0,367.517,0
Polavaram site,17.24583333,81.65972222,2022-10-20 19:00:00,12.0,36.0,110.0,648.5,365.517,0
Polavaram site,17.24583333,81.65972222,2022-10-20 20:00:00,12.0,36.0,58.0,655.0,355.517,0
Polavaram site,17.24583333,81.65972222,2022-10-20 21:00:00,12.0,36.0,68.5,661.5,333.517,0
Polavaram site,17.24583333,81.65972222,2022-10-20 23:00:00,12.0,36.0,72.0,668.0,337.517,0
Polavaram site,17.24583333,81.65972222,2022-10-21 03:00:00,12.0,36.0,72.0,674.5,303.517,0
Polavaram site,17.24583333,81.65972222,2022-10-22 00:00:00,11.5,35.5,71.5,680.5,270.517,0
Polavaram site,17.24583333,81.65972222,2022-10-22 02:00:00,146.5,170.0,206.0,821.5,40.517,1
Polavaram site,17.24583333,81.65972222,2022-10-22 03:00:00,292.5,450.5,486.5,1108.5,22.517,1
Polavaram site,17.24583333,81.65972222,2022-10-22 04:00:00,274.0,713.0,748.5,1377.0,1008.517,1
Polavaram site,17.24583333,81.65972222,2022-10-22 05:00:00,425.0,991.5,1161.5,1796.5,1014.517,1
Polavaram site,17.24583333,81.65972222,2022-10-22 07:00:00,442.0,1141.0,1591.5,2233.0,20.517,1
Polavaram site,17.24583333,81.65972222,2022-10-22 11:00:00,9.5,876.5,1589.5,2207.0,51.517,1
Polavaram site,17.24583333,81.65972222,2022-10-22 14:00:00,30.5,482.0,1473.5,2173.5,69.517,1
Polavaram site,17.24583333,81.65972222,2022-10-22 16:00:00,36.5,76.5,1217.5,2146.0,105.517,0
Polavaram site,17.24583333,81.65972222,2022-10-22 17:00:00,37.0,104.0,980.5,2119.0,120.517,0
Polavaram site,17.24583333,81.65972222,2022-10-22 18:00:00,40.0,113.5,595.5,2095.0,141.517,0
Polavaram site,17.24583333,81.65972222,2022-10-22 22:00:00,44.5,121.5,198.0,2075.5,165.517,0
Polavaram site,17.24583333,81.65972222,2022-10-22 23:00:00,57.5,142.0,246.0,2069.0,233.517,0
Polavaram site,17.24583333,81.65972222,2022-10-23 03:00:00,161.0,263.0,376.5,2166.0,252.517,0
Polavaram site,17.24583333,81.65972222,2022-10-23 04:00:00,57.5,276.0,397.5,2159.5,313.517,0
Polavaram site,17.24583333,81.65972222,2022-10-23 06:00:00,61.0,279.5,421.5,2219.0,333.517,0
Polavaram site,17.24583333,81.65972222,2022-10-23 08:00:00,142.5,261.0,524.0,2353.0,371.517,0
Polavaram site,17.24583333,81.65972222,2022-10-23 09:00:00,142.5,346.0,622.0,2483.5,407.517,0
Polavaram site,17.24583333,81.65972222,2022-10-23 11:00:00,142.5,427.5,707.0,2614.0,421.517,0
Polavaram site,17.24583333,81.65972222,2022-10-23 14:00:00,142.5,427.5,688.5,2744.5,422.517,0
Polavaram site,17.24583333,81.65972222,2022-10-23 16:00:00,142.5,427.5,773.5,2875.0,456.517,0
Polavaram site,17.24583333,81.65972222,2022-10-23 18:00:00,142.5,427.5,855.0,3005.5,454.517,0
Polavaram site,17.24583333,81.65972222,2022-10-23 19:00:00,142.5,427.5,855.0,3136.0,397.517,0
Polavaram site,17.24583333,81.65972222,2022-10-23 20:00:00,142.5,427.5,855.0,3266.5,434.517,0
Polavaram site,17.24583333,81.65972222,2022-10-23 23:00:00,142.5,427.5,855.0,3397.5,435.517,0
Polavaram site,17.24583333,81.65972222,2022-10-24 00:00:00,142.5,427.5,855.0,3393.5,406.517,0
Polavaram site,17.24583333,81.65972222,2022-10-24 01:00:00,142.5,427.5,855.0,3243.5,399.517,0
Polavaram site,17.24583333,81.65972222,2022-10-24 03:00:00,142.5,427.5,855.0,3112.0,385.517,0
Polavaram site,17.24583333,81.65972222,2022-11-04 10:00:00,8.5,293.5,721.0,2695.5,372.517,1
Polavaram site,17.24583333,81.65972222,2022-11-04 11:00:00,14.0,165.0,592.5,2267.5,891.517,1
Polavaram site,17.24583333,81.65972222,2022-11-04 12:00:00,14.0,36.5,464.0,2272.0,903.517,1
Polavaram site,17.24583333,81.65972222,2022-11-04 13:00:00,14.0,42.0,335.5,2255.5,873.517,1
Polavaram site,17.24583333,81.65972222,2022-11-04 14:00:00,14.0,42.0,207.0,2233.0,838.517,1
Polavaram site,17.24583333,81.65972222,2022-11-04 15:00:00,14.0,42.0,78.5,2210.0,846.517,1
Polavaram site,17.24583333,81.65972222,2022-11-04 16:00:00,14.0,42.0,84.0,2184.0,840.517,0
Polavaram site,17.24583333,81.65972222,2022-11-04 17:00:00,14.0,42.0,84.0,2153.5,847.517,0
Polavaram site,17.24583333,81.65972222,2022-11-04 18:00:00,14.0,42.0,84.0,2110.0,813.517,0
Polavaram site,17.24583333,81.65972222,2022-11-04 19:00:00,14.0,42.0,84.0,1963.0,805.517,0
Polavaram site,17.24583333,81.65972222,2022-11-04 20:00:00,14.0,42.0,84.0,1919.5,787.517,0
Polavaram site,17.24583333,81.65972222,2022-11-04 21:00:00,14.0,42.0,84.0,1872.5,765.517,0
Polavaram site,17.24583333,81.65972222,2022-11-04 22:00:00,14.0,42.0,84.0,1744.0,756.517,0
Polavaram site,17.24583333,81.65972222,2022-11-04 23:00:00,14.0,42.0,84.0,1615.5,752.517,0
Polavaram site,17.24583333,81.65972222,2022-11-05 00:00:00,14.0,42.0,84.0,1487.0,728.517,0
Polavaram site,17.24583333,81.65972222,2022-11-05 01:00:00,14.0,42.0,84.0,1358.5,717.517,0
Polavaram site,17.24583333,81.65972222,2022-11-05 02:00:00,14.0,42.0,84.0,1230.0,723.517,0
Polavaram site,17.24583333,81.65972222,2022-11-05 03:00:00,14.0,42.0,84.0,1101.5,771.517,0
Polavaram site,17.24583333,81.65972222,2022-11-19 21:00:00,0.5,28.5,70.5,959.5,693.517,0
Polavaram site,17.24583333,81.65972222,2022-11-24 16:00:00,3.5,18.0,60.0,820.5,355.517,0
Polavaram site,17.24583333,81.65972222,2022-11-24 17:00:00,3.5,7.5,49.5,681.5,574.517,0
Polavaram site,17.24583333,81.65972222,2022-11-24 19:00:00,3.5,10.5,39.0,542.5,571.517,0
Polavaram site,17.24583333,81.65972222,2022-11-24 20:00:00,3.5,10.5,28.5,403.5,567.517,0
Polavaram site,17.24583333,81.65972222,2022-11-24 21:00:00,3.5,10.5,18.0,264.5,569.517,0
Polavaram site,17.24583333,81.65972222,2022-11-24 23:00:00,3.5,10.5,21.0,259.5,564.517,0
Polavaram site,17.24583333,81.65972222,2022-12-03 14:00:00,1.5,8.5,19.0,247.0,566.517,0
Polavaram site,17.24583333,81.65972222,2022-12-03 15:00:00,1.5,6.5,17.0,234.5,547.517,0
Polavaram site,17.24583333,81.65972222,2022-12-04 00:00:00,1.5,4.5,15.0,222.0,544.517,0
Polavaram site,17.24583333,81.65972222,2022-12-04 01:00:00,1.5,4.5,13.0,209.5,533.517,0
Polavaram site,17.24583333,81.65972222,2022-12-04 02:00:00,1.5,4.5,11.0,197.0,532.517,0
Polavaram site,17.24583333,81.65972222,2022-12-04 03:00:00,1.5,4.5,9.0,184.5,536.517,0
Polavaram site,17.24583333,81.65972222,2022-12-09 14:00:00,0.5,3.5,8.0,171.0,523.517,0
Polavaram site,17.24583333,81.65972222,2022-12-09 15:00:00,1.0,3.0,7.5,158.0,328.517,0
Polavaram site,17.24583333,81.65972222,2022-12-09 16:00:00,3.5,5.0,9.5,147.5,328.517,0
Polavaram site,17.24583333,81.65972222,2022-12-09 17:00:00,5.5,10.0,13.5,139.0,323.517,0
Polavaram site,17.24583333,81.65972222,2022-12-09 18:00:00,5.5,14.5,17.5,130.5,316.517,0
Polavaram site,17.24583333,81.65972222,2022-12-09 19:00:00,5.5,16.5,21.5,122.0,291.517,0
Polavaram site,17.24583333,81.65972222,2022-12-09 20:00:00,5.5,16.5,26.5,113.5,309.517,0
Polavaram site,17.24583333,81.65972222,2022-12-09 21:00:00,5.5,16.5,31.0,105.0,301.517,0
Polavaram site,17.24583333,81.65972222,2022-12-09 22:00:00,5.5,16.5,33.0,96.5,302.517,0
Polavaram site,17.24583333,81.65972222,2022-12-10 00:00:00,5.5,16.5,33.0,88.0,305.517,0
Polavaram site,17.24583333,81.65972222,2022-12-10 01:00:00,5.5,16.5,33.0,79.5,285.517,0
Polavaram site,17.24583333,81.65972222,2022-12-10 02:00:00,5.5,16.5,33.0,84.5,286.517,0
Polavaram site,17.24583333,81.65972222,2022-12-10 03:00:00,5.5,16.5,33.0,86.5,273.517,0
Polavaram site,17.24583333,81.65972222,2022-12-10 21:00:00,1.5,12.5,29.0,84.5,286.517,0
Polavaram site,17.24583333,81.65972222,2022-12-10 22:00:00,4.0,11.0,27.5,85.0,107.517,0
Polavaram site,17.24583333,81.65972222,2022-12-10 23:00:00,4.5,10.0,26.5,86.0,105.517,0
Polavaram site,17.24583333,81.65972222,2022-12-11 00:00:00,4.5,13.0,25.5,87.0,112.517,0
Polavaram site,17.24583333,81.65972222,2022-12-11 01:00:00,4.5,13.5,24.5,88.0,106.517,0
Polavaram site,17.24583333,81.65972222,2022-12-11 02:00:00,4.5,13.5,23.5,91.0,104.517,0
Polavaram site,17.24583333,81.65972222,2022-12-11 03:00:00,4.5,13.5,26.5,94.0,103.517,0
Polavaram site,17.24583333,81.65972222,2022-12-11 07:00:00,0.5,9.5,23.0,93.0,85.517,0
Polavaram site,17.24583333,81.65972222,2022-12-11 08:00:00,2.5,7.5,21.0,94.0,95.517,0
Polavaram site,17.24583333,81.65972222,2022-12-11 09:00:00,2.5,5.5,19.0,95.0,103.517,0
Polavaram site,17.24583333,81.65972222,2022-12-11 10:00:00,2.5,7.5,17.0,96.0,96.517,0
Polavaram site,17.24583333,81.65972222,2022-12-11 11:00:00,2.5,7.5,15.0,98.0,91.517,0
Polavaram site,17.24583333,81.65972222,2022-12-11 12:00:00,2.5,7.5,13.0,99.5,93.517,0
Polavaram site,17.24583333,81.65972222,2022-12-11 13:00:00,2.5,7.5,15.0,98.5,95.517,0
Polavaram site,17.24583333,81.65972222,2022-12-11 14:00:00,2.5,7.5,15.0,95.5,98.517,0
Polavaram site,17.24583333,81.65972222,2022-12-11 15:00:00,2.5,7.5,15.0,92.5,93.517,0
Polavaram site,17.24583333,81.65972222,2022-12-11 16:00:00,2.5,7.5,15.0,89.5,97.517,0
Polavaram site,17.24583333,81.65972222,2022-12-11 17:00:00,2.5,7.5,15.0,86.5,91.517,0
Polavaram site,17.24583333,81.65972222,2022-12-11 18:00:00,2.5,7.5,15.0,83.5,91.517,0
Polavaram site,17.24583333,81.65972222,2022-12-11 19:00:00,2.5,7.5,15.0,80.5,91.517,0
Polavaram site,17.24583333,81.65972222,2022-12-11 20:00:00,2.5,7.5,15.0,77.5,88.517,0
Polavaram site,17.24583333,81.65972222,2022-12-11 23:00:00,2.5,7.5,15.0,74.5,89.517,0
Polavaram site,17.24583333,81.65972222,2022-12-12 00:00:00,2.5,7.5,15.0,71.5,81.517,0
Polavaram site,17.24583333,81.65972222,2022-12-12 01:00:00,2.5,7.5,15.0,68.5,81.517,0
Polavaram site,17.24583333,81.65972222,2022-12-12 02:00:00,2.5,7.5,15.0,69.5,71.517,0
Polavaram site,17.24583333,81.65972222,2022-12-12 03:00:00,2.5,7.5,15.0,68.0,77.517,0
Polavaram site,17.24583333,81.65972222,2023-02-09 05:00:00,4.0,9.0,16.5,67.5,73.517,0
Polavaram site,17.24583333,81.65972222,2023-03-17 04:00:00,1.0,7.5,15.0,64.0,32.812,0
Polavaram site,17.24583333,81.65972222,2023-03-18 10:00:00,7.0,12.0,19.5,66.5,32.714,0
Polavaram site,17.24583333,81.65972222,2023-03-18 11:00:00,9.5,17.5,26.5,71.5,32.698,0
Polavaram site,17.24583333,81.65972222,2023-03-18 12:00:00,0.5,17.0,24.5,67.5,32.698,0
Polavaram site,17.24583333,81.65972222,2023-03-18 13:00:00,3.0,13.0,25.0,70.0,32.712,0
Polavaram site,17.24583333,81.65972222,2023-03-19 03:00:00,11.0,14.5,32.0,78.5,32.749,0
Polavaram site,17.24583333,81.65972222,2023-03-19 22:00:00,1.5,15.5,32.5,77.5,32.778,0
Polavaram site,17.24583333,81.65972222,2023-03-19 23:00:00,2.0,14.5,27.5,77.0,32.757,0
Polavaram site,17.24583333,81.65972222,2023-03-20 11:00:00,0.5,4.0,18.5,75.0,32.761,0
Polavaram site,17.24583333,81.65972222,2023-03-20 12:00:00,0.5,3.0,18.5,73.0,32.805,0
Polavaram site,17.24583333,81.65972222,2023-03-24 13:00:00,4.5,5.5,20.0,75.0,32.808,0
Polavaram site,17.24583333,81.65972222,2023-03-24 14:00:00,2.0,7.0,11.0,74.5,32.832,0
Polavaram site,17.24583333,81.65972222,2023-04-01 07:00:00,7.5,14.0,17.0,79.5,32.867,0
Polavaram site,17.24583333,81.65972222,2023-04-01 08:00:00,4.0,13.5,19.0,81.0,32.789,0
Polavaram site,17.24583333,81.65972222,2023-04-01 09:00:00,3.0,14.5,21.5,81.5,32.804,0
Polavaram site,17.24583333,81.65972222,2023-04-01 10:00:00,2.5,9.5,23.5,81.5,32.808,0
Polavaram site,17.24583333,81.65972222,2023-04-01 11:00:00,3.5,9.0,22.5,82.5,32.816,0
Polavaram site,17.24583333,81.65972222,2023-04-02 07:00:00,0.5,6.5,21.0,80.5,32.813,0
Polavaram site,17.24583333,81.65972222,2023-04-02 08:00:00,1.5,5.5,15.0,79.5,32.776,0
Polavaram site,17.24583333,81.65972222,2023-04-02 09:00:00,2.0,4.0,13.0,79.0,32.801,0
Polavaram site,17.24583333,81.65972222,2023-04-02 10:00:00,2.0,5.5,12.0,78.5,32.771,0
Polavaram site,17.24583333,81.65972222,2023-04-02 11:00:00,3.5,7.5,13.0,79.5,32.793,0
Polavaram site,17.24583333,81.65972222,2023-04-02 12:00:00,4.0,9.5,13.5,81.0,32.795,0
Polavaram site,17.24583333,81.65972222,2023-04-02 13:00:00,2.5,10.0,15.5,79.5,32.809,0
Polavaram site,17.24583333,81.65972222,2023-04-02 14:00:00,2.0,8.5,16.0,80.5,32.802,0
Polavaram site,17.24583333,81.65972222,2023-04-02 15:00:00,1.5,6.0,15.5,75.0,32.8,0
Polavaram site,17.24583333,81.65972222,2023-04-02 16:00:00,1.0,4.5,14.5,66.5,32.798,0
Polavaram site,17.24583333,81.65972222,2023-04-02 17:00:00,0.5,3.0,11.5,66.5,32.792,0
Polavaram site,17.24583333,81.65972222,2023-04-02 18:00:00,0.5,2.0,8.0,64.0,32.79,0
Polavaram site,17.24583333,81.65972222,2023-05-01 01:00:00,0.5,1.5,6.0,53.5,32.788,0
Polavaram site,17.24583333,81.65972222,2023-05-01 02:00:00,0.5,1.5,4.5,52.5,32.607,0
Polavaram site,17.24583333,81.65972222,2023-05-01 03:00:00,0.5,1.5,3.5,51.0,32.618,0
Polavaram site,17.24583333,81.65972222,2023-05-01 04:00:00,0.5,1.5,3.0,51.0,32.607,0
Polavaram site,17.24583333,81.65972222,2023-05-01 05:00:00,0.5,1.5,3.0,51.0,32.628,0
Polavaram site,17.24583333,81.65972222,2023-05-03 04:00:00,3.5,4.5,6.0,50.0,32.635,0
Polavaram site,17.24583333,81.65972222,2023-05-03 05:00:00,0.5,4.5,6.0,48.5,32.679,0
Polavaram site,17.24583333,81.65972222,2023-05-03 09:00:00,0.5,4.5,6.0,41.5,32.68,0
Polavaram site,17.24583333,81.65972222,2023-05-03 13:00:00,0.5,1.5,6.0,38.0,32.865,0
Polavaram site,17.24583333,81.65972222,2023-05-03 14:00:00,0.5,1.5,6.0,35.5,32.886,0
Polavaram site,17.24583333,81.65972222,2023-05-04 14:00:00,6.0,7.0,11.5,39.0,32.893,0
Polavaram site,17.24583333,81.65972222,2023-05-04 15:00:00,0.5,7.0,8.5,36.0,32.974,0
Polavaram site,17.24583333,81.65972222,2023-05-07 14:00:00,7.0,13.5,15.0,42.5,32.973,0
Polavaram site,17.24583333,81.65972222,2023-05-07 15:00:00,3.5,11.0,18.0,44.5,33.276,0
Polavaram site,17.24583333,81.65972222,2023-05-07 16:00:00,0.5,11.0,18.0,43.0,33.296,0
Polavaram site,17.24583333,81.65972222,2023-05-07 17:00:00,0.5,4.5,18.0,41.5,33.275,0
Polavaram site,17.24583333,81.65972222,2023-05-07 20:00:00,0.5,1.5,12.5,38.5,33.25,0
Polavaram site,17.24583333,81.65972222,2023-05-25 16:00:00,4.5,5.5,16.5,39.0,33.274,0
Polavaram site,17.24583333,81.65972222,2023-05-26 12:00:00,16.0,21.0,25.5,52.5,33.326,0
Polavaram site,17.24583333,81.65972222,2023-06-04 16:00:00,14.5,35.0,36.5,65.0,33.366,0
Polavaram site,17.24583333,81.65972222,2023-06-04 18:00:00,0.5,31.0,36.5,64.0,33.38,0
Polavaram site,17.24583333,81.65972222,2023-06-04 20:00:00,1.0,16.0,37.0,64.0,33.349,0
Polavaram site,17.24583333,81.65972222,2023-06-10 03:00:00,0.5,2.0,37.0,64.0,33.33,0
Polavaram site,17.24583333,81.65972222,2023-06-17 14:00:00,1.5,3.0,34.0,65.0,33.382,0
Polavaram site,17.24583333,81.65972222,2023-06-18 13:00:00,0.5,2.5,18.5,65.0,33.001,0
Polavaram site,17.24583333,81.65972222,2023-06-20 12:00:00,19.0,21.0,23.0,83.5,32.947,0
Polavaram site,17.24583333,81.65972222,2023-06-20 13:00:00,0.5,20.0,23.0,83.5,32.937,0
Polavaram site,17.24583333,81.65972222,2023-06-21 18:00:00,0.5,20.0,22.5,83.5,32.935,0
Polavaram site,17.24583333,81.65972222,2023-06-21 19:00:00,1.0,2.0,23.0,84.0,32.856,0
Polavaram site,17.24583333,81.65972222,2023-06-21 20:00:00,0.5,2.0,22.0,81.0,32.852,0
Polavaram site,17.24583333,81.65972222,2023-06-21 21:00:00,0.5,2.0,22.0,81.0,32.831,0
Polavaram site,17.24583333,81.65972222,2023-06-23 04:00:00,5.5,6.5,8.5,86.0,32.841,0
Polavaram site,17.24583333,81.65972222,2023-06-23 05:00:00,4.0,10.0,12.0,89.5,32.85,0
Polavaram site,17.24583333,81.65972222,2023-06-23 06:00:00,1.0,10.5,12.5,90.0,32.842,0
Polavaram site,17.24583333,81.65972222,2023-06-23 17:00:00,0.5,5.5,12.0,84.5,32.861,0
Polavaram site,17.24583333,81.65972222,2023-06-24 02:00:00,4.0,5.5,15.5,88.0,32.846,0
Polavaram site,17.24583333,81.65972222,2023-06-24 03:00:00,2.0,6.5,17.0,83.0,32.835,0
Polavaram site,17.24583333,81.65972222,2023-06-24 04:00:00,1.5,7.5,13.0,81.0,32.818,0
Polavaram site,17.24583333,81.65972222,2023-06-24 05:00:00,2.0,5.5,11.0,82.5,32.853,0
Polavaram site,17.24583333,81.65972222,2023-06-24 06:00:00,2.0,5.5,12.0,84.0,32.849,0
Polavaram site,17.24583333,81.65972222,2023-06-24 07:00:00,1.0,5.0,12.5,84.5,32.857,0
Polavaram site,17.24583333,81.65972222,2023-06-24 08:00:00,1.0,4.0,9.5,81.0,32.858,0
Polavaram site,17.24583333,81.65972222,2023-06-24 09:00:00,0.5,2.5,8.0,65.5,32.856,0
Polavaram site,17.24583333,81.65972222,2023-06-28 23:00:00,1.5,3.0,8.0,52.5,32.862,0
Polavaram site,17.24583333,81.65972222,2023-07-17 14:00:00,0.5,2.5,6.5,52.5,32.974,0
Polavaram site,17.24583333,81.65972222,2023-07-19 07:00:00,6.0,8.0,10.5,57.5,35.651,0
Polavaram site,17.24583333,81.65972222,2023-07-22 10:00:00,3.0,9.5,12.5,60.0,37.417,0
Polavaram site,17.24583333,81.65972222,2023-07-22 13:00:00,4.0,13.0,15.5,62.5,42.461,0
Polavaram site,17.24583333,81.65972222,2023-07-22 14:00:00,1.5,8.5,16.5,63.5,42.386,0
Polavaram site,17.24583333,81.65972222,2023-07-22 17:00:00,0.5,6.0,15.5,45.0,42.39,0
Polavaram site,17.24583333,81.65972222,2023-07-22 18:00:00,1.0,3.0,16.0,45.5,42.345,0
Polavaram site,17.24583333,81.65972222,2023-07-22 19:00:00,1.0,2.5,11.0,46.0,42.321,0
Polavaram site,17.24583333,81.65972222,2023-07-22 20:00:00,0.5,2.5,8.5,45.5,42.331,0
Polavaram site,17.24583333,81.65972222,2023-07-22 21:00:00,0.5,2.0,5.0,45.5,42.346,0
Polavaram site,17.24583333,81.65972222,2023-07-22 22:00:00,0.5,1.5,4.0,45.5,42.354,0
Polavaram site,17.24583333,81.65972222,2023-07-23 10:00:00,1.0,2.0,4.5,41.0,42.346,0
Polavaram site,17.24583333,81.65972222,2023-07-23 20:00:00,0.5,2.0,4.0,37.5,42.6,0
Polavaram site,17.24583333,81.65972222,2023-07-23 22:00:00,2.0,3.5,5.0,38.5,42.718,0
Polavaram site,17.24583333,81.65972222,2023-07-23 23:00:00,1.0,3.5,5.5,39.0,42.728,0
Polavaram site,17.24583333,81.65972222,2023-07-24 00:00:00,2.0,5.0,7.0,37.0,42.726,0
Polavaram site,17.24583333,81.65972222,2023-07-24 01:00:00,1.5,4.5,8.0,36.5,42.736,0
Polavaram site,17.24583333,81.65972222,2023-07-24 02:00:00,9.5,13.0,16.5,44.5,42.729,0
Polavaram site,17.24583333,81.65972222,2023-07-24 03:00:00,6.5,17.5,22.5,49.0,42.74,0
Polavaram site,17.24583333,81.65972222,2023-07-24 04:00:00,1.0,17.0,21.5,48.0,42.744,0
Polavaram site,17.24583333,81.65972222,2023-07-24 05:00:00,9.0,16.5,29.5,56.0,42.729,0
Polavaram site,17.24583333,81.65972222,2023-07-24 06:00:00,1.0,11.0,28.5,56.0,42.733,0
Polavaram site,17.24583333,81.65972222,2023-07-24 07:00:00,0.5,10.5,27.5,56.0,42.74,0
Polavaram site,17.24583333,81.65972222,2023-07-25 11:00:00,2.5,4.0,20.5,57.0,42.735,0
Polavaram site,17.24583333,81.65972222,2023-07-25 13:00:00,1.0,4.0,15.0,57.5,41.783,0
Polavaram site,17.24583333,81.65972222,2023-07-25 14:00:00,0.5,4.0,14.5,52.0,41.78,0
Polavaram site,17.24583333,81.65972222,2023-07-25 17:00:00,0.5,2.0,6.0,49.5,41.787,0
Polavaram site,17.24583333,81.65972222,2023-07-25 18:00:00,2.5,3.5,7.5,48.0,41.791,0
Polavaram site,17.24583333,81.65972222,2023-07-25 19:00:00,3.5,6.5,10.5,50.0,41.821,0
Polavaram site,17.24583333,81.65972222,2023-07-25 20:00:00,4.0,10.0,12.0,53.5,41.832,0
Polavaram site,17.24583333,81.65972222,2023-07-25 21:00:00,4.0,11.5,15.0,56.5,41.859,0
Polavaram site,17.24583333,81.65972222,2023-07-25 22:00:00,12.0,20.0,26.5,67.5,41.859,0
Polavaram site,17.24583333,81.65972222,2023-07-25 23:00:00,25.0,41.0,51.0,92.0,41.911,0
Polavaram site,17.24583333,81.65972222,2023-07-26 02:00:00,3.5,40.5,52.0,95.0,42.004,0
Polavaram site,17.24583333,81.65972222,2023-07-26 03:00:00,1.5,30.0,50.0,96.0,42.232,0
Polavaram site,17.24583333,81.65972222,2023-07-26 04:00:00,0.5,5.5,46.5,95.5,42.261,0
Polavaram site,17.24583333,81.65972222,2023-07-27 23:00:00,0.5,2.5,43.0,95.5,42.297,0
Polavaram site,17.24583333,81.65972222,2023-07-28 00:00:00,0.5,1.5,31.5,94.0,44.046,0
Polavaram site,17.24583333,81.65972222,2023-07-28 01:00:00,0.5,1.5,7.0,93.5,44.05,0
Polavaram site,17.24583333,81.65972222,2023-07-28 02:00:00,0.5,1.5,4.0,92.0,44.031,0
Polavaram site,17.24583333,81.65972222,2023-07-30 16:00:00,1.0,2.0,3.5,91.5,44.004,0
Polavaram site,17.24583333,81.65972222,2023-07-30 18:00:00,0.5,2.0,3.5,82.5,44.854,0
Polavaram site,17.24583333,81.65972222,2023-07-31 00:00:00,0.5,2.0,3.5,76.5,44.813,0
Polavaram site,17.24583333,81.65972222,2023-07-31 01:00:00,9.5,10.5,12.5,85.0,44.591,0
Polavaram site,17.24583333,81.65972222,2023-07-31 02:00:00,2.0,12.0,14.0,78.0,44.584,0
Polavaram site,17.24583333,81.65972222,2023-07-31 03:00:00,0.5,12.0,14.0,77.5,44.509,0
Polavaram site,17.24583333,81.65972222,2023-07-31 04:00:00,0.5,3.0,13.5,77.5,44.467,0
Polavaram site,17.24583333,81.65972222,2023-08-03 20:00:00,6.0,7.0,19.0,81.0,44.456,0
Polavaram site,17.24583333,81.65972222,2023-08-03 21:00:00,1.0,7.5,19.5,81.0,37.934,0
Polavaram site,17.24583333,81.65972222,2023-08-04 22:00:00,1.0,8.0,11.0,81.5,37.919,0
Polavaram site,17.24583333,81.65972222,2023-08-04 23:00:00,0.5,2.5,9.5,81.5,37.568,0
Polavaram site,17.24583333,81.65972222,2023-08-10 07:00:00,3.5,5.0,12.5,82.5,37.545,0
Polavaram site,17.24583333,81.65972222,2023-08-10 08:00:00,0.5,4.5,12.5,79.5,37.453,0
Polavaram site,17.24583333,81.65972222,2023-08-11 06:00:00,8.0,12.0,14.5,83.5,37.438,0
Polavaram site,17.24583333,81.65972222,2023-08-12 07:00:00,1.0,9.5,14.5,80.5,37.005,0
Polavaram site,17.24583333,81.65972222,2023-08-12 10:00:00,0.5,9.5,14.0,69.0,36.572,0
Polavaram site,17.24583333,81.65972222,2023-08-14 08:00:00,4.5,6.0,18.0,48.5,36.523,0
Polavaram site,17.24583333,81.65972222,2023-08-17 07:00:00,3.5,8.5,18.0,48.5,35.869,0
Polavaram site,17.24583333,81.65972222,2023-08-17 17:00:00,0.5,8.5,18.0,47.5,35.497,0
Polavaram site,17.24583333,81.65972222,2023-08-18 10:00:00,0.5,4.5,10.5,47.5,35.516,0
Polavaram site,17.24583333,81.65972222,2023-08-21 03:00:00,11.5,12.5,21.0,58.5,35.477,0
Polavaram site,17.24583333,81.65972222,2023-08-21 04:00:00,0.5,12.5,21.0,58.5,37.642,0
Polavaram site,17.24583333,81.65972222,2023-08-22 08:00:00,33.5,45.5,50.0,91.5,37.648,0
Polavaram site,17.24583333,81.65972222,2023-08-22 09:00:00,23.5,57.5,70.0,114.5,39.649,0
Polavaram site,17.24583333,81.65972222,2023-08-23 12:00:00,1.0,58.0,70.5,114.5,39.722,0
Polavaram site,17.24583333,81.65972222,2023-08-23 13:00:00,2.0,26.5,72.0,116.0,40.032,0
Polavaram site,17.24583333,81.65972222,2023-08-23 14:00:00,0.5,3.5,61.0,116.0,40.006,0
Polavaram site,17.24583333,81.65972222,2023-08-23 15:00:00,0.5,3.0,61.0,107.0,39.989,0
Polavaram site,17.24583333,81.65972222,2023-08-25 12:00:00,0.5,1.5,28.0,105.5,39.958,0
Polavaram site,17.24583333,81.65972222,2023-08-25 23:00:00,3.5,4.5,8.0,108.5,38.17,0
Polavaram site,17.24583333,81.65972222,2023-08-26 00:00:00,7.5,11.5,14.5,115.5,37.918,0
Polavaram site,17.24583333,81.65972222,2023-08-26 01:00:00,3.5,14.5,16.0,113.0,37.909,0
Polavaram site,17.24583333,81.65972222,2023-08-26 02:00:00,0.5,11.5,16.0,112.5,37.893,0
Polavaram site,17.24583333,81.65972222,2023-08-26 03:00:00,1.0,5.0,16.5,112.5,37.865,0
Polavaram site,17.24583333,81.65972222,2023-08-26 04:00:00,2.5,4.0,18.5,114.5,37.847,0
Polavaram site,17.24583333,81.65972222,2023-08-26 05:00:00,1.0,4.5,16.0,112.0,37.839,0
Polavaram site,17.24583333,81.65972222,2023-08-26 06:00:00,0.5,4.0,9.0,112.0,37.821,0
Polavaram site,17.24583333,81.65972222,2023-08-26 14:00:00,0.5,2.0,6.0,104.5,37.804,0
Polavaram site,17.24583333,81.65972222,2023-08-26 15:00:00,0.5,1.5,6.0,104.0,37.732,0
Polavaram site,17.24583333,81.65972222,2023-08-27 03:00:00,9.5,10.5,14.5,113.0,37.722,0
Polavaram site,17.24583333,81.65972222,2023-08-27 04:00:00,1.0,11.0,13.0,109.5,37.686,0
Polavaram site,17.24583333,81.65972222,2023-08-28 15:00:00,1.0,11.5,13.0,107.0,37.666,0
Polavaram site,17.24583333,81.65972222,2023-09-01 11:00:00,1.0,3.0,13.5,107.5,37.804,0
Polavaram site,17.24583333,81.65972222,2023-09-01 21:00:00,0.5,2.5,13.5,107.5,36.142,0
Polavaram site,17.24583333,81.65972222,2023-09-01 22:00:00,1.0,2.5,14.0,97.0,36.0,0
Polavaram site,17.24583333,81.65972222,2023-09-02 03:00:00,5.5,7.0,10.0,102.0,36.003,0
Polavaram site,17.24583333,81.65972222,2023-09-06 12:00:00,1.0,7.5,10.0,69.5,35.949,0
Polavaram site,17.24583333,81.65972222,2023-09-06 13:00:00,2.0,8.5,11.0,48.0,37.57,0
Polavaram site,17.24583333,81.65972222,2023-09-06 14:00:00,0.5,3.5,10.5,47.5,37.637,0
Polavaram site,17.24583333,81.65972222,2023-09-06 15:00:00,0.5,3.0,10.5,46.0,37.682,0
Polavaram site,17.24583333,81.65972222,2023-09-06 21:00:00,2.0,3.0,11.5,47.5,37.729,0
Polavaram site,17.24583333,81.65972222,2023-09-06 22:00:00,1.5,4.0,7.5,48.5,38.123,0
Polavaram site,17.24583333,81.65972222,2023-09-06 23:00:00,1.5,5.0,8.0,49.5,38.217,0
Polavaram site,17.24583333,81.65972222,2023-09-07 00:00:00,1.0,4.0,7.0,47.0,38.309,0
Polavaram site,17.24583333,81.65972222,2023-09-07 01:00:00,0.5,3.0,7.0,40.0,38.422,0
Polavaram site,17.24583333,81.65972222,2023-09-07 02:00:00,0.5,2.0,7.0,37.0,38.53,0
Polavaram site,17.24583333,81.65972222,2023-09-07 21:00:00,0.5,1.5,5.5,37.0,38.639,0
Polavaram site,17.24583333,81.65972222,2023-09-09 19:00:00,4.5,5.5,8.5,40.5,39.859,0
Polavaram site,17.24583333,81.65972222,2023-09-09 20:00:00,1.0,6.0,8.0,39.0,39.56,0
Polavaram site,17.24583333,81.65972222,2023-09-10 06:00:00,1.0,6.5,8.0,39.0,39.54,0
Polavaram site,17.24583333,81.65972222,2023-09-14 01:00:00,0.5,2.5,8.0,39.0,39.447,0
Polavaram site,17.24583333,81.65972222,2023-09-14 23:00:00,4.0,5.5,11.5,42.5,39.093,0
Polavaram site,17.24583333,81.65972222,2023-09-15 00:00:00,0.5,5.0,11.5,42.5,39.196,0
Polavaram site,17.24583333,81.65972222,2023-09-22 03:00:00,6.0,10.5,13.0,39.0,39.258,0
Polavaram site,17.24583333,81.65972222,2023-09-22 04:00:00,0.5,7.0,12.5,38.5,37.745,0
Polavaram site,17.24583333,81.65972222,2023-09-23 06:00:00,1.0,7.5,12.5,38.5,37.71,0
Polavaram site,17.24583333,81.65972222,2023-09-24 02:00:00,20.5,22.0,32.5,58.0,37.431,0
Polavaram site,17.24583333,81.65972222,2023-09-24 03:00:00,2.5,24.0,31.0,60.0,38.431,0
Polavaram site,17.24583333,81.65972222,2023-09-24 14:00:00,8.0,31.0,38.5,67.0,38.483,0
Polavaram site,17.24583333,81.65972222,2023-09-24 15:00:00,0.5,11.0,33.0,62.0,38.915,0
Polavaram site,17.24583333,81.65972222,2023-09-24 16:00:00,0.5,9.0,33.0,61.5,38.937,0
Polavaram site,17.24583333,81.65972222,2023-09-24 17:00:00,2.0,3.0,34.0,61.5,38.944,0
Polavaram site,17.24583333,81.65972222,2023-09-24 18:00:00,0.5,3.0,14.0,61.5,38.976,0
Polavaram site,17.24583333,81.65972222,2023-09-27 17:00:00,0.5,3.0,12.0,61.5,38.984,0
Polavaram site,17.24583333,81.65972222,2023-09-30 10:00:00,0.5,1.5,4.5,60.0,39.532,0
Polavaram site,17.24583333,81.65972222,2023-09-30 11:00:00,8.5,9.5,12.5,67.0,38.726,0
Polavaram site,17.24583333,81.65972222,2023-09-30 12:00:00,0.5,9.5,12.5,66.0,38.738,0
Polavaram site,17.24583333,81.65972222,2023-10-01 00:00:00,12.5,21.5,23.0,77.5,38.721,0
Polavaram site,17.24583333,81.65972222,2023-10-01 01:00:00,12.5,25.5,35.0,89.5,870.517,0
Polavaram site,17.24583333,81.65972222,2023-10-01 02:00:00,12.5,37.5,47.0,101.5,846.517,0
Polavaram site,17.24583333,81.65972222,2023-10-04 02:00:00,103.5,128.5,150.0,204.5,813.517,1
Polavaram site,17.24583333,81.65972222,2023-10-11 15:00:00,10.0,126.0,151.5,210.0,28.5955,1
Polavaram site,17.24583333,81.65972222,2023-10-11 16:00:00,10.5,124.0,161.5,219.5,898.517,1
Polavaram site,17.24583333,81.65972222,2023-10-11 17:00:00,0.5,21.0,149.5,219.0,874.517,1
Polavaram site,17.24583333,81.65972222,2023-10-11 22:00:00,10.5,21.5,147.5,229.0,35.372,1
Polavaram site,17.24583333,81.65972222,2023-10-11 23:00:00,10.5,21.5,145.5,235.5,768.517,1
Polavaram site,17.24583333,81.65972222,2023-10-24 12:00:00,359.0,380.0,401.0,594.0,757.517,0
Polavaram site,17.24583333,81.65972222,2023-10-26 15:00:00,14.0,383.5,405.0,602.0,33.741,0
Polavaram site,17.24583333,81.65972222,2023-11-02 14:00:00,10.0,383.0,404.5,611.5,33.855,0
Polavaram site,17.24583333,81.65972222,2023-11-02 15:00:00,1.0,25.0,405.0,611.5,33.919,0
Polavaram site,17.24583333,81.65972222,2023-11-02 16:00:00,11.0,22.0,405.5,602.0,33.925,0
Polavaram site,17.24583333,81.65972222,2023-11-02 17:00:00,11.0,23.0,406.0,610.5,401.517,0
Polavaram site,17.24583333,81.65972222,2023-11-02 20:00:00,11.0,33.0,58.0,613.5,398.517,0
Polavaram site,17.24583333,81.65972222,2023-11-06 07:00:00,16.0,38.0,60.0,629.0,409.517,0
Polavaram site,17.24583333,81.65972222,2023-11-06 08:00:00,15.0,42.0,65.0,643.5,709.517,0
Polavaram site,17.24583333,81.65972222,2023-11-06 11:00:00,16.0,47.0,80.0,657.5,34.207,0
Polavaram site,17.24583333,81.65972222,2023-11-06 13:00:00,16.0,47.0,85.0,673.0,771.517,0
Polavaram site,17.24583333,81.65972222,2023-11-06 22:00:00,16.0,48.0,90.0,688.5,757.517,0
Polavaram site,17.24583333,81.65972222,2023-11-06 23:00:00,16.0,48.0,95.0,704.0,542.517,0
Polavaram site,17.24583333,81.65972222,2023-11-07 00:00:00,16.0,48.0,95.0,711.5,537.517,0
Polavaram site,17.24583333,81.65972222,2023-11-07 11:00:00,30.5,62.5,110.5,741.5,529.517,0
Polavaram site,17.24583333,81.65972222,2023-11-07 12:00:00,5.5,52.0,100.0,734.5,34.025,0
Polavaram site,17.24583333,81.65972222,2023-11-07 15:00:00,0.5,36.5,84.5,722.5,34.05,0
Polavaram site,17.24583333,81.65972222,2023-11-07 16:00:00,0.5,6.5,69.0,710.5,34.062,0
Polavaram site,17.24583333,81.65972222,2023-11-07 18:00:00,37.0,38.0,90.0,644.0,34.051,0
Polavaram site,17.24583333,81.65972222,2023-11-08 02:00:00,37.0,74.5,111.0,671.0,534.517,0
Polavaram site,17.24583333,81.65972222,2023-11-20 18:00:00,1.0,75.0,81.5,661.5,514.517,0
Polavaram site,17.24583333,81.65972222,2023-11-20 19:00:00,1.0,39.0,77.0,662.0,170.517,0
Polavaram site,17.24583333,81.65972222,2023-11-21 05:00:00,0.5,2.5,77.0,652.0,33.668,0
Polavaram site,17.24583333,81.65972222,2023-11-21 06:00:00,1.0,2.5,77.5,642.5,251.517,0
Polavaram site,17.24583333,81.65972222,2023-11-21 07:00:00,0.5,2.0,41.0,284.0,266.517,0
Polavaram site,17.24583333,81.65972222,2023-11-21 08:00:00,0.5,2.0,4.5,270.5,33.764,0
Polavaram site,17.24583333,81.65972222,2023-11-21 09:00:00,3.5,4.5,7.0,264.0,33.77,0
Polavaram site,17.24583333,81.65972222,2023-11-21 15:00:00,5.0,9.0,11.0,268.0,33.765,0
Polavaram site,17.24583333,81.65972222,2023-11-21 23:00:00,5.0,13.5,15.5,262.0,286.517,0
Polavaram site,17.24583333,81.65972222,2023-11-22 01:00:00,5.0,15.0,19.5,256.0,276.517,0
Polavaram site,17.24583333,81.65972222,2023-12-04 04:00:00,0.5,10.5,19.5,245.5,278.517,0
Polavaram site,17.24583333,81.65972222,2023-12-04 05:00:00,0.5,6.0,19.5,230.0,33.17,0
Polavaram site,17.24583333,81.65972222,2023-12-04 06:00:00,1.0,2.0,17.0,216.0,33.152,0
Polavaram site,17.24583333,81.65972222,2023-12-04 07:00:00,4.0,5.5,16.0,204.0,33.171,0
Polavaram site,17.24583333,81.65972222,2023-12-04 08:00:00,1.5,6.5,12.5,189.5,696.517,0
Polavaram site,17.24583333,81.65972222,2023-12-04 09:00:00,7.0,12.5,14.5,180.5,33.194,0
Polavaram site,17.24583333,81.65972222,2023-12-04 10:00:00,2.0,10.5,16.0,166.5,706.517,0
Polavaram site,17.24583333,81.65972222,2023-12-04 11:00:00,1.0,10.0,16.5,151.5,33.204,0
Polavaram site,17.24583333,81.65972222,2023-12-04 12:00:00,1.5,4.5,17.0,122.5,33.208,0
Polavaram site,17.24583333,81.65972222,2023-12-04 13:00:00,0.5,3.0,13.5,117.5,33.211,0
Polavaram site,17.24583333,81.65972222,2023-12-04 14:00:00,10.5,12.5,22.5,127.5,33.219,0
Polavaram site,17.24583333,81.65972222,2023-12-04 17:00:00,10.5,21.5,26.0,137.5,706.517,0
Polavaram site,17.24583333,81.65972222,2023-12-04 22:00:00,14.5,35.5,38.5,115.0,733.517,0
Polavaram site,17.24583333,81.65972222,2023-12-04 23:00:00,14.5,39.5,52.0,92.5,744.517,0
Polavaram site,17.24583333,81.65972222,2023-12-05 01:00:00,1.5,30.5,52.0,93.0,741.517,0
Polavaram site,17.24583333,81.65972222,2023-12-05 02:00:00,26.5,42.5,78.0,118.5,33.256,0
Polavaram site,17.24583333,81.65972222,2023-12-05 03:00:00,9.5,37.5,77.0,127.5,802.517,0
Polavaram site,17.24583333,81.65972222,2023-12-05 04:00:00,0.5,36.5,67.0,127.0,33.3,0
Polavaram site,17.24583333,81.65972222,2023-12-05 06:00:00,0.5,10.5,53.0,127.0,806.517,0
Polavaram site,17.24583333,81.65972222,2023-12-05 08:00:00,2.5,3.5,41.0,129.0,750.517,0
Polavaram site,17.24583333,81.65972222,2023-12-05 09:00:00,1.0,4.0,40.5,126.5,710.517,0
Polavaram site,17.24583333,81.65972222,2023-12-05 10:00:00,8.0,11.5,22.0,129.5,33.208,0
Polavaram site,17.24583333,81.65972222,2023-12-05 11:00:00,9.5,18.5,22.0,134.0,722.517,0
Polavaram site,17.24583333,81.65972222,2023-12-05 12:00:00,1.5,19.0,23.0,130.5,710.517,0
Polavaram site,17.24583333,81.65972222,2023-12-05 13:00:00,1.0,12.0,23.5,131.0,33.208,0
Polavaram site,17.24583333,81.65972222,2023-12-05 14:00:00,0.5,3.0,21.5,131.0,33.188,0
Polavaram site,17.24583333,81.65972222,2023-12-05 15:00:00,1.0,2.5,21.5,131.0,33.198,0
Polavaram site,17.24583333,81.65972222,2023-12-05 16:00:00,1.0,2.5,14.5,128.0,33.204,0
Polavaram site,17.24583333,81.65972222,2023-12-05 17:00:00,4.5,6.5,9.5,131.0,33.224,0
Polavaram site,17.24583333,81.65972222,2023-12-05 23:00:00,175.5,181.0,183.5,299.5,33.236,0
Polavaram site,17.24583333,81.65972222,2023-12-06 00:00:00,0.5,180.5,183.0,298.0,49.517,0
Polavaram site,17.24583333,81.65972222,2023-12-06 01:00:00,179.5,355.5,362.0,476.5,33.547,0
Polavaram site,17.24583333,81.65972222,2023-12-06 02:00:00,2.5,182.5,363.5,477.5,616.517,0
Polavaram site,17.24583333,81.65972222,2023-12-06 03:00:00,2.5,184.5,365.0,479.5,34.114,0
Polavaram site,17.24583333,81.65972222,2023-12-06 04:00:00,2.5,7.5,363.0,471.5,34.492,0
Polavaram site,17.24583333,81.65972222,2023-12-06 05:00:00,2.5,7.5,190.0,463.5,583.517,1
Polavaram site,17.24583333,81.65972222,2023-12-06 07:00:00,2.5,7.5,192.0,451.5,829.517,1
Polavaram site,17.24583333,81.65972222,2023-12-06 10:00:00,2.5,7.5,15.0,439.5,1005.517,1
Polavaram site,17.24583333,81.65972222,2023-12-06 11:00:00,2.5,7.5,15.0,440.5,592.517,1
Polavaram site,17.24583333,81.65972222,2023-12-06 15:00:00,2.5,7.5,15.0,416.5,851.517,1
Polavaram site,17.24583333,81.65972222,2023-12-06 16:00:00,2.5,7.5,15.0,409.5,980.517,1
Polavaram site,17.24583333,81.65972222,2023-12-06 22:00:00,2.5,7.5,15.0,411.5,863.517,1
Polavaram site,17.24583333,81.65972222,2023-12-06 23:00:00,2.5,7.5,15.0,413.5,273.517,1
Polavaram site,17.24583333,81.65972222,2023-12-07 00:00:00,2.5,7.5,15.0,413.5,250.517,1
Polavaram site,17.24583333,81.65972222,2023-12-07 01:00:00,2.5,7.5,15.0,415.0,229.517,1
Polavaram site,17.24583333,81.65972222,2023-12-07 02:00:00,2.5,7.5,15.0,409.5,212.517,1
Polavaram site,17.24583333,81.65972222,2024-03-10 15:00:00,0.5,5.5,13.0,400.5,1006.517,1
Polavaram site,17.24583333,81.65972222,2024-03-10 16:00:00,0.5,3.5,11.0,399.5,33.233,1
Polavaram site,17.24583333,81.65972222,2024-03-10 17:00:00,0.5,1.5,9.0,399.0,727.517,1
Polavaram site,17.24583333,81.65972222,2024-03-10 23:00:00,0.5,1.5,7.0,399.0,721.517,1
Polavaram site,17.24583333,81.65972222,2024-03-11 00:00:00,0.5,1.5,5.0,398.5,713.517,0
Polavaram site,17.24583333,81.65972222,2024-03-11 01:00:00,0.5,1.5,3.0,398.0,713.517,0
Polavaram site,17.24583333,81.65972222,2024-03-20 09:00:00,16.5,17.5,19.0,410.0,710.517,0
Polavaram site,17.24583333,81.65972222,2024-03-20 10:00:00,16.5,33.5,35.0,251.0,678.517,0
Polavaram site,17.24583333,81.65972222,2024-03-20 12:00:00,16.5,49.5,51.0,267.0,642.517,0
Polavaram site,17.24583333,81.65972222,2024-03-20 13:00:00,16.5,49.5,67.0,104.0,673.517,0
Polavaram site,17.24583333,81.65972222,2024-03-20 15:00:00,16.5,49.5,83.0,118.0,680.517,0
Polavaram site,17.24583333,81.65972222,2024-03-20 16:00:00,16.5,49.5,99.0,132.0,675.517,0
Polavaram site,17.24583333,81.65972222,2024-03-20 18:00:00,16.5,49.5,99.0,146.0,669.517,0
Polavaram site,17.24583333,81.65972222,2024-03-20 19:00:00,16.5,49.5,99.0,160.0,650.517,0
Polavaram site,17.24583333,81.65972222,2024-03-20 20:00:00,16.5,49.5,99.0,174.0,639.517,0
Polavaram site,17.24583333,81.65972222,2024-03-20 21:00:00,16.5,49.5,99.0,188.0,632.517,0
Polavaram site,17.24583333,81.65972222,2024-03-20 22:00:00,16.5,49.5,99.0,202.0,618.517,0
Polavaram site,17.24583333,81.65972222,2024-03-20 23:00:00,16.5,49.5,99.0,216.0,632.517,0
Polavaram site,17.24583333,81.65972222,2024-03-21 02:00:00,16.5,49.5,99.0,230.0,644.517,0
Polavaram site,17.24583333,81.65972222,2024-03-21 13:00:00,2.5,35.5,85.0,230.0,617.517,0
Polavaram site,17.24583333,81.65972222,2024-03-21 14:00:00,2.5,21.5,71.0,230.0,688.517,0
Polavaram site,17.24583333,81.65972222,2024-03-21 16:00:00,2.5,7.5,57.0,230.0,33.186,0
Polavaram site,17.24583333,81.65972222,2024-03-21 23:00:00,2.5,7.5,43.0,230.0,678.517,0
Polavaram site,17.24583333,81.65972222,2024-03-22 00:00:00,2.5,7.5,29.0,230.0,661.517,0
Polavaram site,17.24583333,81.65972222,2024-03-22 01:00:00,2.5,7.5,15.0,232.0,658.517,0
Polavaram site,17.24583333,81.65972222,2024-05-07 08:00:00,41.0,46.0,53.5,272.5,650.517,0
Polavaram site,17.24583333,81.65972222,2024-05-07 09:00:00,10.0,53.5,61.0,282.0,402.517,0
Polavaram site,17.24583333,81.65972222,2024-05-07 10:00:00,0.5,51.5,59.0,282.0,32.9,0
Polavaram site,17.24583333,81.65972222,2024-05-08 02:00:00,41.5,52.0,98.0,323.0,32.921,1
Polavaram site,17.24583333,81.65972222,2024-05-14 11:00:00,51.5,93.5,147.0,374.0,447.517,1
Polavaram site,17.24583333,81.65972222,2024-05-14 12:00:00,24.0,117.0,168.5,381.5,999.517,1
Polavaram site,17.24583333,81.65972222,2024-05-14 13:00:00,0.5,76.0,128.0,365.5,33.497,1
Polavaram site,17.24583333,81.65972222,2024-05-14 14:00:00,1.0,25.5,119.0,350.0,33.473,1
Polavaram site,17.24583333,81.65972222,2024-05-14 15:00:00,53.5,55.0,172.0,387.0,33.452,1
Polavaram site,17.24583333,81.65972222,2024-05-14 18:00:00,53.5,108.0,184.0,424.0,961.517,1
Polavaram site,17.24583333,81.65972222,2024-05-14 19:00:00,53.5,160.5,186.0,461.0,982.517,1
Polavaram site,17.24583333,81.65972222,2024-05-14 21:00:00,53.5,160.5,215.5,498.0,988.517,1
Polavaram site,17.24583333,81.65972222,2024-05-14 23:00:00,53.5,160.5,268.5,535.0,995.517,1
Polavaram site,17.24583333,81.65972222,2024-06-02 23:00:00,0.5,107.5,268.0,519.0,999.517,1
Polavaram site,17.24583333,81.65972222,2024-06-03 01:00:00,0.5,54.5,215.0,503.0,39.517,1
Polavaram site,17.24583333,81.65972222,2024-06-03 02:00:00,0.5,1.5,162.0,487.0,37.517,1
Polavaram site,17.24583333,81.65972222,2024-06-05 08:00:00,1.5,2.5,110.0,472.0,32.517,1
Polavaram site,17.24583333,81.65972222,2024-06-05 10:00:00,1.5,3.5,58.0,457.0,883.517,1
Polavaram site,17.24583333,81.65972222,2024-06-05 14:00:00,3.5,6.5,8.0,458.0,876.517,1
Polavaram site,17.24583333,81.65972222,2024-06-05 17:00:00,3.5,8.5,11.0,459.0,895.517,1
Polavaram site,17.24583333,81.65972222,2024-06-06 00:00:00,3.5,10.5,14.0,460.0,892.517,1
Polavaram site,17.24583333,81.65972222,2024-06-06 02:00:00,3.5,10.5,17.0,461.0,876.517,1
Polavaram site,17.24583333,81.65972222,2024-06-16 11:00:00,0.5,7.5,16.0,459.0,868.517,1
Polavaram site,17.24583333,81.65972222,2024-06-16 12:00:00,0.5,4.5,15.0,457.0,554.517,0
Polavaram site,17.24583333,81.65972222,2024-06-16 13:00:00,0.5,1.5,12.0,416.5,33.052,0
Polavaram site,17.24583333,81.65972222,2024-06-16 15:00:00,1.0,2.0,9.5,407.5,33.052,0
Polavaram site,17.24583333,81.65972222,2024-06-16 17:00:00,1.0,2.5,7.0,408.0,553.517,0
Polavaram site,17.24583333,81.65972222,2024-06-18 14:00:00,3.5,5.5,7.0,370.0,559.517,0
Polavaram site,17.24583333,81.65972222,2024-06-18 15:00:00,0.5,5.0,7.0,319.0,546.517,0
Polavaram site,17.24583333,81.65972222,2024-06-18 16:00:00,3.5,7.5,10.0,298.5,33.044,0
Polavaram site,17.24583333,81.65972222,2024-06-18 17:00:00,3.5,7.5,13.0,301.5,539.517,0
Polavaram site,17.24583333,81.65972222,2024-06-18 19:00:00,3.5,10.5,15.5,304.0,539.517,0
Polavaram site,17.24583333,81.65972222,2024-06-18 20:00:00,3.5,10.5,18.0,254.0,540.517,0
Polavaram site,17.24583333,81.65972222,2024-06-18 21:00:00,3.5,10.5,18.0,204.0,541.517,0
Polavaram site,17.24583333,81.65972222,2024-06-18 23:00:00,3.5,10.5,21.0,154.0,535.517,0
Polavaram site,17.24583333,81.65972222,2024-06-19 02:00:00,11.5,18.5,29.0,112.0,536.517,0
Polavaram site,17.24583333,81.65972222,2024-06-19 03:00:00,7.5,22.5,33.0,66.0,813.581,0
Polavaram site,17.24583333,81.65972222,2024-06-23 09:00:00,1.0,20.0,30.5,66.5,33.047,0
Polavaram site,17.24583333,81.65972222,2024-06-23 18:00:00,1.0,9.5,28.0,67.0,490.519,0
Polavaram site,17.24583333,81.65972222,2024-06-24 00:00:00,1.0,3.0,25.5,67.5,676.535,0
Polavaram site,17.24583333,81.65972222,2024-07-04 23:00:00,12.0,14.0,34.0,78.0,421.517,0
Polavaram site,17.24583333,81.65972222,2024-07-05 18:00:00,3.5,16.5,26.0,80.0,115.517,0
Polavaram site,17.24583333,81.65972222,2024-07-05 19:00:00,1.0,16.5,19.5,77.5,165.517,0
Polavaram site,17.24583333,81.65972222,2024-07-06 01:00:00,12.5,17.0,31.0,86.5,34.663,0
Polavaram site,17.24583333,81.65972222,2024-07-06 02:00:00,3.5,17.0,33.5,86.5,134.517,0
Polavaram site,17.24583333,81.65972222,2024-07-06 06:00:00,1.0,17.0,33.5,84.0,34.632,0
Polavaram site,17.24583333,81.65972222,2024-07-06 07:00:00,1.0,5.5,22.5,84.5,135.517,0
Polavaram site,17.24583333,81.65972222,2024-07-06 16:00:00,24.5,26.5,43.5,108.5,34.633,0
Polavaram site,17.24583333,81.65972222,2024-07-06 18:00:00,24.5,50.0,67.0,132.5,147.517,0
Polavaram site,17.24583333,81.65972222,2024-07-07 20:00:00,14.0,63.0,68.5,145.5,141.517,0
Polavaram site,17.24583333,81.65972222,2024-07-07 21:00:00,3.0,41.5,68.0,147.5,330.517,0
Polavaram site,17.24583333,81.65972222,2024-07-08 00:00:00,14.0,31.0,81.0,158.0,34.828,0
Polavaram site,17.24583333,81.65972222,2024-07-08 01:00:00,14.0,31.0,94.0,171.5,301.517,0
Polavaram site,17.24583333,81.65972222,2024-07-10 05:00:00,6.5,34.5,76.0,174.5,297.517,0
Polavaram site,17.24583333,81.65972222,2024-07-10 06:00:00,0.5,21.0,52.0,171.5,35.071,0
Polavaram site,17.24583333,81.65972222,2024-07-10 07:00:00,0.5,7.5,38.5,168.5,600.517,0
Polavaram site,17.24583333,81.65972222,2024-07-10 11:00:00,0.5,1.5,36.0,165.5,35.098,0
Polavaram site,17.24583333,81.65972222,2024-07-10 12:00:00,0.5,1.5,22.5,162.5,655.517,0
Polavaram site,17.24583333,81.65972222,2024-07-10 16:00:00,0.5,1.5,9.0,159.5,665.517,0
Polavaram site,17.24583333,81.65972222,2024-07-10 17:00:00,0.5,1.5,3.0,148.5,683.517,0
Polavaram site,17.24583333,81.65972222,2024-07-10 18:00:00,0.5,1.5,3.0,141.5,689.517,0
Polavaram site,17.24583333,81.65972222,2024-07-10 19:00:00,0.5,1.5,3.0,141.0,693.517,0
Polavaram site,17.24583333,81.65972222,2024-07-10 20:00:00,0.5,1.5,3.0,140.5,700.517,0
Polavaram site,17.24583333,81.65972222,2024-07-10 21:00:00,0.5,1.5,3.0,140.0,708.517,0
Polavaram site,17.24583333,81.65972222,2024-07-10 22:00:00,0.5,1.5,3.0,128.5,713.517,0
Polavaram site,17.24583333,81.65972222,2024-07-10 23:00:00,0.5,1.5,3.0,125.5,728.517,0
Polavaram site,17.24583333,81.65972222,2024-07-11 00:00:00,0.5,1.5,3.0,125.0,732.517,0
Polavaram site,17.24583333,81.65972222,2024-07-11 01:00:00,0.5,1.5,3.0,113.0,741.517,0
Polavaram site,17.24583333,81.65972222,2024-07-12 22:00:00,1.5,2.5,4.0,111.0,753.517,0
Polavaram site,17.24583333,81.65972222,2024-07-13 03:00:00,23.0,25.0,26.5,133.0,44.517,0
Polavaram site,17.24583333,81.65972222,2024-07-13 04:00:00,23.0,47.5,49.0,155.0,116.517,0
Polavaram site,17.24583333,81.65972222,2024-07-13 07:00:00,33.0,79.0,81.5,163.5,35.614,0
Polavaram site,17.24583333,81.65972222,2024-07-13 08:00:00,33.0,89.0,114.0,172.0,159.517,0
Polavaram site,17.24583333,81.65972222,2024-07-13 10:00:00,33.5,99.5,147.0,191.5,211.517,0
Polavaram site,17.24583333,81.65972222,2024-07-18 07:00:00,46.0,112.5,191.5,234.5,157.517,0
Polavaram site,17.24583333,81.65972222,2024-07-20 03:00:00,0.5,80.0,169.0,221.0,720.517,0
Polavaram site,17.24583333,81.65972222,2024-07-20 04:00:00,0.5,47.0,146.5,207.5,205.517,0
Polavaram site,17.24583333,81.65972222,2024-07-20 05:00:00,0.5,1.5,114.0,201.5,39.703,0
Polavaram site,17.24583333,81.65972222,2024-07-21 23:00:00,10.0,11.0,91.0,211.0,39.851,0
Polavaram site,17.24583333,81.65972222,2024-07-22 00:00:00,0.5,11.0,58.0,211.0,631.517,1
Polavaram site,17.24583333,81.65972222,2024-07-22 05:00:00,72.0,82.5,84.0,282.5,43.129,1
Polavaram site,17.24583333,81.65972222,2024-07-22 07:00:00,0.5,73.0,84.0,282.5,943.517,1
Polavaram site,17.24583333,81.65972222,2024-07-22 08:00:00,0.5,73.0,84.0,282.5,22.517,1
Polavaram site,17.24583333,81.65972222,2024-07-22 12:00:00,1.0,2.0,84.5,283.0,43.52,1
Polavaram site,17.24583333,81.65972222,2024-07-22 14:00:00,5.0,6.5,79.5,287.5,75.517,1
Polavaram site,17.24583333,81.65972222,2024-07-22 19:00:00,5.5,11.5,84.5,292.5,244.517,0
Polavaram site,17.24583333,81.65972222,2024-07-22 22:00:00,5.5,16.0,18.0,297.5,380.517,0
Polavaram site,17.24583333,81.65972222,2024-07-23 00:00:00,203.0,214.0,220.5,500.0,455.517,0
Polavaram site,17.24583333,81.65972222,2024-07-24 03:00:00,40.0,248.5,260.0,539.5,507.517,0
Polavaram site,17.24583333,81.65972222,2024-07-24 04:00:00,0.5,243.5,259.5,539.5,718.517,0
Polavaram site,17.24583333,81.65972222,2024-07-26 17:00:00,2.0,42.5,256.5,541.0,44.216,0
Polavaram site,17.24583333,81.65972222,2024-07-26 18:00:00,2.0,4.5,253.0,542.5,154.517,0
Polavaram site,17.24583333,81.65972222,2024-07-26 19:00:00,22.5,26.5,270.0,563.5,43.652,0
Polavaram site,17.24583333,81.65972222,2024-07-26 20:00:00,11.5,36.0,78.5,552.0,165.517,0
Polavaram site,17.24583333,81.65972222,2024-07-26 22:00:00,35.5,69.5,74.0,564.5,43.663,0
Polavaram site,17.24583333,81.65972222,2024-07-26 23:00:00,3.0,50.0,76.5,534.5,191.517,0
Polavaram site,17.24583333,81.65972222,2024-07-27 00:00:00,38.0,76.5,112.5,539.5,43.689,0
Polavaram site,17.24583333,81.65972222,2024-07-27 01:00:00,38.0,79.0,148.5,544.0,244.517,0
Polavaram site,17.24583333,81.65972222,2024-07-27 03:00:00,0.5,76.5,126.5,498.5,281.517,0
Polavaram site,17.24583333,81.65972222,2024-07-27 07:00:00,0.5,39.0,115.5,498.5,43.785,0
Polavaram site,17.24583333,81.65972222,2024-07-27 13:00:00,0.5,1.5,80.5,498.5,43.865,0
Polavaram site,17.24583333,81.65972222,2024-07-27 14:00:00,0.5,1.5,78.0,498.5,616.517,0
Polavaram site,17.24583333,81.65972222,2024-07-27 17:00:00,0.5,1.5,40.5,489.0,669.517,1
Polavaram site,17.24583333,81.65972222,2024-07-27 20:00:00,0.5,1.5,3.0,489.0,755.517,1
Polavaram site,17.24583333,81.65972222,2024-07-27 22:00:00,0.5,1.5,3.0,417.5,902.517,1
Polavaram site,17.24583333,81.65972222,2024-07-28 00:00:00,1.0,2.0,3.5,418.0,970.517,1
Polavaram site,17.24583333,81.65972222,2024-07-28 01:00:00,0.5,2.0,3.5,418.0,48.517,1
Polavaram site,17.24583333,81.65972222,2024-07-29 21:00:00,7.5,9.0,10.5,424.5,44.546,1
Polavaram site,17.24583333,81.65972222,2024-07-29 22:00:00,8.0,16.0,18.0,427.5,43.655,1
Polavaram site,17.24583333,81.65972222,2024-07-30 00:00:00,18.5,34.0,36.0,440.5,65.517,1
Polavaram site,17.24583333,81.65972222,2024-07-30 01:00:00,18.5,45.0,54.0,453.5,982.517,1
Polavaram site,17.24583333,81.65972222,2024-08-01 02:00:00,3.0,40.0,56.0,253.5,960.517,1
Polavaram site,17.24583333,81.65972222,2024-08-01 03:00:00,1.0,22.5,56.5,214.5,43.034,1
Polavaram site,17.24583333,81.65972222,2024-08-01 17:00:00,0.5,4.5,49.5,214.5,43.008,1
Polavaram site,17.24583333,81.65972222,2024-08-01 18:00:00,0.5,2.0,42.0,213.0,198.517,1
Polavaram site,17.24583333,81.65972222,2024-08-01 19:00:00,0.5,1.5,24.0,211.5,42.696,0
Polavaram site,17.24583333,81.65972222,2024-08-01 21:00:00,0.5,1.5,6.0,189.5,130.517,0
Polavaram site,17.24583333,81.65972222,2024-08-01 22:00:00,1.0,2.0,4.0,179.0,42.633,0
Polavaram site,17.24583333,81.65972222,2024-08-01 23:00:00,4.5,6.0,7.5,148.0,93.517,0
Polavaram site,17.24583333,81.65972222,2024-08-02 00:00:00,4.5,10.0,11.5,149.5,76.517,1
Polavaram site,17.24583333,81.65972222,2024-08-02 02:00:00,4.5,13.5,15.5,116.0,41.517,1
Polavaram site,17.24583333,81.65972222,2024-08-02 10:00:00,3.5,12.5,18.5,81.5,984.517,1
Polavaram site,17.24583333,81.65972222,2024-08-02 11:00:00,3.5,11.5,21.5,84.5,600.517,1
Polavaram site,17.24583333,81.65972222,2024-08-02 12:00:00,13.5,20.5,34.0,97.5,42.098,1
Polavaram site,17.24583333,81.65972222,2024-08-02 13:00:00,17.0,34.0,46.5,114.0,42.075,1
Polavaram site,17.24583333,81.65972222,2024-08-02 14:00:00,17.0,47.5,59.0,130.5,479.517,0
Polavaram site,17.24583333,81.65972222,2024-08-02 16:00:00,17.0,51.0,71.5,147.0,428.517,0
Polavaram site,17.24583333,81.65972222,2024-08-02 17:00:00,17.0,51.0,85.0,163.5,322.517,0
Polavaram site,17.24583333,81.65972222,2024-08-02 18:00:00,17.0,51.0,98.5,180.0,273.517,0
Polavaram site,17.24583333,81.65972222,2024-08-02 19:00:00,17.0,51.0,102.0,196.0,216.517,0
Polavaram site,17.24583333,81.65972222,2024-08-02 20:00:00,23.0,57.0,108.0,218.5,154.517,0
Polavaram site,17.24583333,81.65972222,2024-08-02 21:00:00,6.0,46.0,97.0,217.0,118.517,0
Polavaram site,17.24583333,81.65972222,2024-08-02 22:00:00,3.0,32.0,83.0,212.0,41.616,1
Polavaram site,17.24583333,81.65972222,2024-08-02 23:00:00,26.0,35.0,92.0,219.5,41.576,1
Polavaram site,17.24583333,81.65972222,2024-08-03 12:00:00,0.5,29.5,75.5,201.5,1004.517,1
Polavaram site,17.24583333,81.65972222,2024-08-03 13:00:00,0.5,27.0,59.0,199.0,654.517,1
Polavaram site,17.24583333,81.65972222,2024-08-03 14:00:00,18.0,19.0,54.0,216.0,41.152,1
Polavaram site,17.24583333,81.65972222,2024-08-03 15:00:00,18.0,36.5,66.0,233.5,672.517,1
Polavaram site,17.24583333,81.65972222,2024-08-03 17:00:00,18.0,54.0,81.0,251.0,675.517,0
Polavaram site,17.24583333,81.65972222,2024-08-03 18:00:00,18.0,54.0,73.0,268.5,675.517,0
Polavaram site,17.24583333,81.65972222,2024-08-03 19:00:00,18.0,54.0,90.5,286.0,686.517,0
Polavaram site,17.24583333,81.65972222,2024-08-03 21:00:00,18.5,54.5,108.5,303.5,699.517,0
Polavaram site,17.24583333,81.65972222,2024-08-03 23:00:00,18.5,55.0,109.0,317.5,710.517,0
Polavaram site,17.24583333,81.65972222,2024-08-04 00:00:00,18.5,55.5,109.5,331.5,736.517,0
Polavaram site,17.24583333,81.65972222,2024-08-04 01:00:00,18.5,55.5,110.0,345.5,736.517,0
Polavaram site,17.24583333,81.65972222,2024-08-04 02:00:00,18.5,55.5,110.5,360.5,758.517,1
Polavaram site,17.24583333,81.65972222,2024-08-04 22:00:00,5.0,42.0,97.5,362.0,765.517,1
Polavaram site,17.24583333,81.65972222,2024-08-04 23:00:00,5.0,28.5,84.0,353.5,1012.517,1
Polavaram site,17.24583333,81.65972222,2024-08-05 02:00:00,5.0,15.0,70.5,341.5,22.517,1
Polavaram site,17.24583333,81.65972222,2024-08-05 09:00:00,4.5,14.5,56.5,329.0,19.517,1
Polavaram site,17.24583333,81.65972222,2024-08-05 10:00:00,4.5,14.0,42.5,316.5,1012.517,1
Polavaram site,17.24583333,81.65972222,2024-08-05 11:00:00,4.5,13.5,28.5,304.0,996.517,1
Polavaram site,17.24583333,81.65972222,2024-08-05 12:00:00,4.5,13.5,28.0,291.5,1002.517,1
Polavaram site,17.24583333,81.65972222,2024-08-05 13:00:00,4.5,13.5,27.5,279.0,994.517,1
Polavaram site,17.24583333,81.65972222,2024-08-05 15:00:00,4.5,13.5,27.0,260.5,965.517,1
Polavaram site,17.24583333,81.65972222,2024-08-05 16:00:00,4.5,13.5,27.0,259.0,948.517,1
Polavaram site,17.24583333,81.65972222,2024-08-05 19:00:00,4.5,13.5,27.0,260.5,926.517,1
Polavaram site,17.24583333,81.65972222,2024-08-05 21:00:00,7.0,16.0,29.5,241.5,863.517,1
Polavaram site,17.24583333,81.65972222,2024-08-05 22:00:00,7.0,18.5,32.0,248.0,809.517,1
Polavaram site,17.24583333,81.65972222,2024-08-05 23:00:00,8.0,22.0,35.5,255.5,775.517,1
Polavaram site,17.24583333,81.65972222,2024-08-06 00:00:00,1.0,16.0,32.0,238.5,744.517,0
Polavaram site,17.24583333,81.65972222,2024-08-06 01:00:00,9.0,18.0,36.5,229.5,41.242,0
Polavaram site,17.24583333,81.65972222,2024-08-06 02:00:00,11.5,21.5,43.5,223.0,659.517,0
Polavaram site,17.24583333,81.65972222,2024-08-06 03:00:00,2.5,23.0,39.0,207.5,641.517,0
Polavaram site,17.24583333,81.65972222,2024-08-06 04:00:00,4.5,18.5,36.5,194.0,607.517,0
Polavaram site,17.24583333,81.65972222,2024-08-06 05:00:00,4.5,11.5,33.0,180.0,581.517,0
Polavaram site,17.24583333,81.65972222,2024-08-06 07:00:00,4.5,13.5,36.5,166.0,531.517,0
Polavaram site,17.24583333,81.65972222,2024-08-06 09:00:00,4.5,13.5,32.0,152.0,458.517,0
Polavaram site,17.24583333,81.65972222,2024-08-06 11:00:00,4.5,13.5,25.0,138.0,370.517,0
Polavaram site,17.24583333,81.65972222,2024-08-06 12:00:00,4.5,13.5,27.0,124.0,296.517,0
Polavaram site,17.24583333,81.65972222,2024-08-06 15:00:00,4.5,13.5,27.0,123.5,237.517,0
Polavaram site,17.24583333,81.65972222,2024-08-06 16:00:00,4.5,13.5,27.0,123.0,133.517,0
Polavaram site,17.24583333,81.65972222,2024-08-06 17:00:00,4.5,13.5,27.0,122.5,93.517,0
Polavaram site,17.24583333,81.65972222,2024-08-06 18:00:00,4.5,13.5,27.0,122.5,65.517,1
Polavaram site,17.24583333,81.65972222,2024-08-06 19:00:00,4.5,13.5,27.0,122.5,39.517,1
Polavaram site,17.24583333,81.65972222,2024-08-06 21:00:00,4.5,13.5,27.0,122.5,999.517,1
Polavaram site,17.24583333,81.65972222,2024-08-06 22:00:00,4.5,13.5,27.0,122.5,940.517,1
Polavaram site,17.24583333,81.65972222,2024-08-07 00:00:00,4.5,13.5,27.0,122.5,920.517,1
Polavaram site,17.24583333,81.65972222,2024-08-07 01:00:00,4.5,13.5,27.0,122.5,866.517,1
Polavaram site,17.24583333,81.65972222,2024-08-07 02:00:00,10.5,19.5,33.0,128.5,865.517,1
Polavaram site,17.24583333,81.65972222,2024-08-07 03:00:00,23.0,38.0,51.5,147.0,847.517,1
Polavaram site,17.24583333,81.65972222,2024-08-07 04:00:00,23.0,56.5,70.0,163.0,885.517,0
Polavaram site,17.24583333,81.65972222,2024-08-07 10:00:00,40.5,86.5,106.0,196.5,40.383,0
Polavaram site,17.24583333,81.65972222,2024-08-07 11:00:00,41.0,104.5,142.5,229.5,218.517,0
Polavaram site,17.24583333,81.65972222,2024-08-07 12:00:00,41.5,123.0,179.5,270.0,277.517,0
Polavaram site,17.24583333,81.65972222,2024-08-07 13:00:00,0.5,83.0,169.5,261.5,333.517,0
Polavaram site,17.24583333,81.65972222,2024-08-07 14:00:00,42.0,84.0,188.5,292.0,40.831,0
Polavaram site,17.24583333,81.65972222,2024-08-07 17:00:00,42.0,84.5,207.5,331.5,443.517,0
Polavaram site,17.24583333,81.65972222,2024-08-07 19:00:00,42.5,126.5,209.5,369.5,596.517,0
Polavaram site,17.24583333,81.65972222,2024-08-07 20:00:00,0.5,85.0,169.0,365.5,703.517,0
Polavaram site,17.24583333,81.65972222,2024-08-07 21:00:00,47.5,90.5,175.0,408.5,41.201,0
Polavaram site,17.24583333,81.65972222,2024-08-07 22:00:00,5.0,53.0,179.5,409.0,796.517,1
Polavaram site,17.24583333,81.65972222,2024-08-07 23:00:00,83.5,136.0,221.0,488.0,41.294,1
Polavaram site,17.24583333,81.65972222,2024-08-08 00:00:00,20.0,108.5,199.0,503.5,929.517,1
Polavaram site,17.24583333,81.65972222,2024-08-08 02:00:00,88.5,192.0,245.0,587.5,41.427,1
Polavaram site,17.24583333,81.65972222,2024-08-08 03:00:00,0.5,109.0,245.0,583.5,71.517,1
Polavaram site,17.24583333,81.65972222,2024-08-08 04:00:00,0.5,89.5,198.0,579.5,41.569,1
Polavaram site,17.24583333,81.65972222,2024-08-08 06:00:00,0.5,1.5,193.5,575.5,176.517,0
Polavaram site,17.24583333,81.65972222,2024-08-08 07:00:00,0.5,1.5,110.5,571.5,234.517,0
Polavaram site,17.24583333,81.65972222,2024-08-08 08:00:00,0.5,1.5,91.0,567.5,268.517,0
Polavaram site,17.24583333,81.65972222,2024-08-08 10:00:00,0.5,1.5,3.0,563.5,285.517,0
Polavaram site,17.24583333,81.65972222,2024-08-08 11:00:00,0.5,1.5,3.0,559.5,348.517,0
Polavaram site,17.24583333,81.65972222,2024-08-08 12:00:00,0.5,1.5,3.0,555.5,357.517,0
Polavaram site,17.24583333,81.65972222,2024-08-08 14:00:00,0.5,1.5,3.0,545.5,380.517,0
Polavaram site,17.24583333,81.65972222,2024-08-08 15:00:00,0.5,1.5,3.0,523.0,409.517,0
Polavaram site,17.24583333,81.65972222,2024-08-08 16:00:00,0.5,1.5,3.0,500.5,428.517,0
Polavaram site,17.24583333,81.65972222,2024-08-08 18:00:00,0.5,1.5,3.0,460.5,408.517,0
Polavaram site,17.24583333,81.65972222,2024-08-08 19:00:00,0.5,1.5,3.0,420.0,417.517,0
Polavaram site,17.24583333,81.65972222,2024-08-08 21:00:00,0.5,1.5,3.0,379.0,419.517,0
Polavaram site,17.24583333,81.65972222,2024-08-08 22:00:00,0.5,1.5,3.0,379.0,389.517,0
Polavaram site,17.24583333,81.65972222,2024-08-08 23:00:00,0.5,1.5,3.0,337.5,384.517,0
Polavaram site,17.24583333,81.65972222,2024-08-09 02:00:00,0.5,1.5,3.0,296.0,367.517,0
Polavaram site,17.24583333,81.65972222,2024-08-12 23:00:00,2.0,3.0,4.5,255.5,278.517,0
Polavaram site,17.24583333,81.65972222,2024-08-13 02:00:00,2.0,4.5,6.0,257.0,749.517,0
Polavaram site,17.24583333,81.65972222,2024-10-09 03:00:00,127.0,131.0,132.5,336.5,617.517,0
Polavaram site,17.24583333,81.65972222,2024-10-09 04:00:00,127.0,256.0,259.0,458.5,107.517,0
Polavaram site,17.24583333,81.65972222,2024-10-09 05:00:00,169.5,423.5,428.0,544.5,123.517,0
Polavaram site,17.24583333,81.65972222,2024-10-09 06:00:00,7.5,304.0,435.0,532.0,112.517,0
Polavaram site,17.24583333,81.65972222,2024-10-09 07:00:00,7.5,184.5,440.5,451.0,118.517,0
Polavaram site,17.24583333,81.65972222,2024-10-09 08:00:00,7.5,22.5,446.0,458.0,109.517,0
Polavaram site,17.24583333,81.65972222,2024-10-09 09:00:00,7.5,22.5,326.5,465.0,105.517,0
Polavaram site,17.24583333,81.65972222,2024-10-09 11:00:00,7.5,22.5,207.0,472.0,125.517,0
Polavaram site,17.24583333,81.65972222,2024-10-09 12:00:00,7.5,22.5,45.0,479.0,132.517,0
Polavaram site,17.24583333,81.65972222,2024-10-09 13:00:00,7.5,22.5,45.0,486.0,145.517,0
Polavaram site,17.24583333,81.65972222,2024-10-09 14:00:00,7.5,22.5,45.0,493.0,160.517,0
Polavaram site,17.24583333,81.65972222,2024-10-09 15:00:00,7.5,22.5,45.0,500.0,172.517,0
Polavaram site,17.24583333,81.65972222,2024-10-09 16:00:00,7.5,22.5,45.0,507.0,161.517,0
Polavaram site,17.24583333,81.65972222,2024-10-09 18:00:00,7.5,22.5,45.0,514.0,177.517,0
Polavaram site,17.24583333,81.65972222,2024-10-09 19:00:00,7.5,22.5,45.0,521.0,197.517,0
Polavaram site,17.24583333,81.65972222,2024-10-09 20:00:00,7.5,22.5,45.0,528.0,206.517,0
Polavaram site,17.24583333,81.65972222,2024-10-09 21:00:00,7.5,22.5,45.0,535.0,188.517,0
Polavaram site,17.24583333,81.65972222,2024-10-09 23:00:00,7.5,22.5,45.0,542.0,203.517,0
Polavaram site,17.24583333,81.65972222,2024-10-10 01:00:00,7.5,22.5,45.0,549.0,231.517,0
Polavaram site,17.24583333,81.65972222,2024-10-10 02:00:00,7.5,22.5,45.0,556.0,218.517,0
Polavaram site,17.24583333,81.65972222,2024-10-10 20:00:00,0.5,15.5,38.0,556.0,218.517,0
Polavaram site,17.24583333,81.65972222,2024-10-10 21:00:00,0.5,8.5,31.0,556.0,871.517,0
Polavaram site,17.24583333,81.65972222,2024-10-10 23:00:00,9.0,10.0,32.5,563.0,35.369,0
Polavaram site,17.24583333,81.65972222,2024-10-11 00:00:00,5.0,14.5,30.0,566.0,764.517,0
Polavaram site,17.24583333,81.65972222,2024-10-11 01:00:00,10.5,24.5,33.0,449.5,35.262,0
Polavaram site,17.24583333,81.65972222,2024-10-14 11:00:00,12.0,27.5,37.5,334.5,737.517,0
Polavaram site,17.24583333,81.65972222,2024-10-15 08:00:00,1.5,24.0,38.5,166.5,35.825,0
Polavaram site,17.24583333,81.65972222,2024-10-16 10:00:00,0.5,14.0,38.5,159.5,130.517,0
Polavaram site,17.24583333,81.65972222,2024-10-29 09:00:00,413.0,415.0,442.5,565.0,37.517,0
Polavaram site,17.24583333,81.65972222,2024-10-29 10:00:00,188.5,602.0,626.0,746.0,551.517,0
Polavaram site,17.24583333,81.65972222,2024-10-30 02:00:00,9.0,610.5,624.5,747.5,35.049,0
Polavaram site,17.24583333,81.65972222,2024-10-30 03:00:00,1.5,199.0,614.0,741.5,553.517,0
Polavaram site,17.24583333,81.65972222,2024-10-30 04:00:00,1.5,12.0,614.0,735.5,543.517,0
Polavaram site,17.24583333,81.65972222,2024-10-30 09:00:00,1.5,4.5,615.0,729.5,35.041,0
Polavaram site,17.24583333,81.65972222,2024-10-30 14:00:00,1.5,4.5,203.5,723.5,520.517,0
Polavaram site,17.24583333,81.65972222,2024-10-30 16:00:00,1.5,4.5,16.5,717.5,501.517,0
Polavaram site,17.24583333,81.65972222,2024-10-31 00:00:00,1.5,4.5,9.0,711.5,496.517,0
Polavaram site,17.24583333,81.65972222,2024-10-31 01:00:00,1.5,4.5,9.0,705.5,453.517,0
Polavaram site,17.24583333,81.65972222,2024-10-31 02:00:00,1.5,4.5,9.0,699.5,437.517,0
Polavaram site,17.24583333,81.65972222,2024-11-02 17:00:00,1.5,4.5,9.0,693.5,439.517,0
Polavaram site,17.24583333,81.65972222,2024-11-02 18:00:00,1.5,4.5,9.0,687.5,544.517,0
Polavaram site,17.24583333,81.65972222,2024-11-02 19:00:00,4.5,7.5,12.0,684.5,35.042,0
Polavaram site,17.24583333,81.65972222,2024-11-02 23:00:00,6.0,12.0,16.5,683.0,35.072,0
Polavaram site,17.24583333,81.65972222,2024-12-17 06:00:00,273.5,284.0,288.5,949.0,614.517,0
Polavaram site,17.24583333,81.65972222,2024-12-20 08:00:00,0.5,280.0,287.5,949.0,56.517,0
Polavaram site,17.24583333,81.65972222,2024-12-20 09:00:00,0.5,274.5,286.5,949.0,793.517,0
Polavaram site,17.24583333,81.65972222,2024-12-20 10:00:00,1.5,2.5,286.5,941.5,789.517,0
Polavaram site,17.24583333,81.65972222,2024-12-20 11:00:00,1.0,3.0,283.0,937.5,769.517,0
Polavaram site,17.24583333,81.65972222,2024-12-27 07:00:00,1.5,4.0,278.5,928.5,33.267,0
Polavaram site,17.24583333,81.65972222,2024-12-27 08:00:00,1.5,4.0,6.5,918.0,58.517,0
Polavaram site,17.24583333,81.65972222,2024-12-27 09:00:00,1.5,4.5,7.5,918.0,63.517,0
Polavaram site,17.24583333,81.65972222,2024-12-27 10:00:00,1.5,4.5,8.5,919.0,91.517,0
Polavaram site,17.24583333,81.65972222,2024-12-27 11:00:00,1.5,4.5,8.5,507.5,88.517,0
Polavaram site,17.24583333,81.65972222,2024-12-27 12:00:00,1.5,4.5,9.0,320.5,91.517,0
Polavaram site,17.24583333,81.65972222,2024-12-27 13:00:00,1.5,4.5,9.0,313.0,83.517,0
Polavaram site,17.24583333,81.65972222,2024-12-27 14:00:00,1.5,4.5,9.0,313.0,78.517,0
Polavaram site,17.24583333,81.65972222,2024-12-27 17:00:00,1.5,4.5,9.0,313.0,82.517,0
Polavaram site,17.24583333,81.65972222,2024-12-27 18:00:00,1.5,4.5,9.0,313.0,74.517,0
Polavaram site,17.24583333,81.65972222,2024-12-27 19:00:00,1.5,4.5,9.0,313.0,75.517,0
Polavaram site,17.24583333,81.65972222,2025-04-08 12:00:00,1.5,4.5,9.0,313.0,72.517,0
Polavaram site,17.24583333,81.65972222,2025-04-08 13:00:00,2.5,5.5,10.0,314.0,33.272,0
Polavaram site,17.24583333,81.65972222,2025-04-08 14:00:00,0.5,4.5,9.0,313.0,33.26,0
Polavaram site,17.24583333,81.65972222,2025-04-09 12:00:00,12.5,15.5,20.0,324.0,33.256,0
Polavaram site,17.24583333,81.65972222,2025-04-12 14:00:00,3.0,16.0,21.5,325.5,33.287,0
Polavaram site,17.24583333,81.65972222,2025-04-13 15:00:00,14.0,29.5,34.0,338.0,33.105,0
Polavaram site,17.24583333,81.65972222,2025-04-13 16:00:00,0.5,17.5,33.0,334.0,33.055,0
Polavaram site,17.24583333,81.65972222,2025-04-13 17:00:00,0.5,15.0,31.0,328.5,33.046,0
Polavaram site,17.24583333,81.65972222,2025-04-29 13:00:00,7.5,8.5,38.0,62.5,33.064,0
Polavaram site,17.24583333,81.65972222,2025-04-29 14:00:00,2.0,10.0,27.5,64.0,32.718,0
Polavaram site,17.24583333,81.65972222,2025-05-17 11:00:00,44.5,54.0,69.0,108.0,32.741,0
Polavaram site,17.24583333,81.65972222,2025-05-17 12:00:00,26.0,72.5,81.0,132.5,33.27,0
Polavaram site,17.24583333,81.65972222,2025-05-17 13:00:00,0.5,71.0,81.0,132.0,33.311,0
Polavaram site,17.24583333,81.65972222,2025-05-18 12:00:00,1.0,27.5,81.5,131.5,33.319,0
Polavaram site,17.24583333,81.65972222,2025-05-20 03:00:00,1.0,2.5,75.0,131.0,33.275,0
Polavaram site,17.24583333,81.65972222,2025-05-20 06:00:00,0.5,2.5,73.5,130.0,33.168,0
Polavaram site,17.24583333,81.65972222,2025-05-20 12:00:00,58.0,59.5,87.0,186.5,33.156,0
Polavaram site,17.24583333,81.65972222,2025-05-22 00:00:00,1.5,60.0,62.5,186.5,305.142,0
Polavaram site,17.24583333,81.65972222,2025-05-22 01:00:00,1.5,61.0,63.5,186.5,33.142,0
Polavaram site,17.24583333,81.65972222,2025-05-24 03:00:00,1.0,4.0,63.5,186.0,33.14,0
Polavaram site,17.24583333,81.65972222,2025-05-27 04:00:00,1.5,4.0,64.0,186.0,33.357,0
Polavaram site,17.24583333,81.65972222,2025-05-27 17:00:00,12.5,15.0,76.0,197.0,33.356,0
Polavaram site,17.24583333,81.65972222,2025-05-27 18:00:00,1.0,15.0,19.0,196.5,33.346,0
Polavaram site,17.24583333,81.65972222,2025-05-29 05:00:00,0.5,14.0,18.0,195.5,33.348,0
Polavaram site,17.24583333,81.65972222,2025-05-30 01:00:00,1.5,3.0,18.0,195.5,33.32,0
Polavaram site,17.24583333,81.65972222,2025-05-30 02:00:00,3.0,5.0,20.0,196.0,33.316,0
Polavaram site,17.24583333,81.65972222,2025-05-30 17:00:00,4.5,9.0,23.0,200.0,33.313,0
Polavaram site,17.24583333,81.65972222,2025-06-13 01:00:00,0.5,8.0,11.0,188.0,33.322,0
Polavaram site,17.24583333,81.65972222,2025-06-14 22:00:00,3.5,8.5,13.5,188.5,33.467,0
Polavaram site,17.24583333,81.65972222,2025-06-15 00:00:00,24.5,28.5,37.5,199.0,33.461,0
Polavaram site,17.24583333,81.65972222,2025-06-15 01:00:00,7.0,35.0,43.0,205.5,33.467,0
Polavaram site,17.24583333,81.65972222,2025-06-15 02:00:00,3.0,34.5,43.0,208.0,33.476,0
Polavaram site,17.24583333,81.65972222,2025-06-15 03:00:00,2.0,12.0,40.5,202.5,33.476,0
Polavaram site,17.24583333,81.65972222,2025-06-16 13:00:00,5.0,10.0,45.0,205.5,33.477,0
Polavaram site,17.24583333,81.65972222,2025-06-16 17:00:00,10.0,17.0,51.5,171.0,33.447,0
Polavaram site,17.24583333,81.65972222,2025-06-16 18:00:00,3.0,18.0,30.0,148.0,33.472,0
Polavaram site,17.24583333,81.65972222,2025-06-16 19:00:00,1.0,14.0,24.0,148.5,33.475,0
Polavaram site,17.24583333,81.65972222,2025-06-17 00:00:00,0.5,4.5,21.5,148.0,33.458,0
Polavaram site,17.24583333,81.65972222,2025-06-20 12:00:00,2.5,4.0,22.0,149.5,33.455,0
Polavaram site,17.24583333,81.65972222,2025-06-22 19:00:00,2.5,5.5,19.5,151.5,33.226,0
Polavaram site,17.24583333,81.65972222,2025-06-22 20:00:00,0.5,5.5,10.0,94.0,33.18,0
Polavaram site,17.24583333,81.65972222,2025-06-22 22:00:00,2.0,5.0,9.0,94.5,33.184,0
Polavaram site,17.24583333,81.65972222,2025-06-22 23:00:00,7.5,10.0,15.5,100.5,33.133,0
Polavaram site,17.24583333,81.65972222,2025-06-23 00:00:00,2.0,11.5,17.0,101.5,33.187,0
Polavaram site,17.24583333,81.65972222,2025-06-23 01:00:00,1.5,11.0,16.0,101.5,33.183,0
Polavaram site,17.24583333,81.65972222,2025-06-23 02:00:00,1.5,5.0,15.0,90.5,33.185,0
Polavaram site,17.24583333,81.65972222,2025-06-24 03:00:00,0.5,3.5,15.0,90.0,33.191,0
Polavaram site,17.24583333,81.65972222,2025-06-24 04:00:00,0.5,2.5,13.5,90.0,33.21,0
Polavaram site,17.24583333,81.65972222,2025-06-24 16:00:00,2.5,3.5,8.5,91.0,33.207,0
Polavaram site,17.24583333,81.65972222,2025-06-24 17:00:00,1.0,4.0,7.5,89.0,33.198,0
Polavaram site,17.24583333,81.65972222,2025-06-24 19:00:00,0.5,4.0,6.5,85.0,33.203,0
Polavaram site,17.24583333,81.65972222,2025-06-25 05:00:00,0.5,2.0,5.5,85.0,33.209,0
Polavaram site,17.24583333,81.65972222,2025-06-25 08:00:00,0.5,1.5,5.5,82.0,33.188,0
Polavaram site,17.24583333,81.65972222,2025-06-25 09:00:00,0.5,1.5,5.5,58.0,33.182,0
Polavaram site,17.24583333,81.65972222,2025-06-25 10:00:00,25.0,26.0,28.0,76.0,33.187,0
Polavaram site,17.24583333,81.65972222,2025-06-25 11:00:00,12.0,37.5,39.0,85.0,33.168,0
Polavaram site,17.24583333,81.65972222,2025-06-25 12:00:00,2.5,39.5,41.0,85.5,33.212,0
Polavaram site,17.24583333,81.65972222,2025-06-26 07:00:00,0.5,15.0,41.0,81.0,33.211,0
Polavaram site,17.24583333,81.65972222,2025-06-26 14:00:00,0.5,3.5,41.0,71.5,33.297,0
Polavaram site,17.24583333,81.65972222,2025-06-26 17:00:00,4.0,5.0,44.5,72.5,33.366,0
Polavaram site,17.24583333,81.65972222,2025-06-26 18:00:00,4.0,8.5,23.5,75.5,33.402,0
Polavaram site,17.24583333,81.65972222,2025-06-26 19:00:00,1.0,9.0,12.5,76.0,33.412,0
Polavaram site,17.24583333,81.65972222,2025-06-26 20:00:00,3.5,8.5,13.5,77.0,33.422,0
Polavaram site,17.24583333,81.65972222,2025-06-28 14:00:00,1.0,5.5,14.0,75.5,33.43,0
Polavaram site,17.24583333,81.65972222,2025-06-29 13:00:00,1.0,5.5,14.5,76.0,33.717,0
Polavaram site,17.24583333,81.65972222,2025-06-29 20:00:00,4.0,6.0,14.5,78.0,33.839,0
Polavaram site,17.24583333,81.65972222,2025-06-29 21:00:00,0.5,5.5,11.0,71.0,33.831,0
Polavaram site,17.24583333,81.65972222,2025-06-30 03:00:00,1.0,5.5,11.0,70.0,33.826,0
Polavaram site,17.24583333,81.65972222,2025-06-30 18:00:00,0.5,2.0,8.0,69.0,33.871,0
Polavaram site,17.24583333,81.65972222,2025-06-30 19:00:00,7.0,8.5,14.0,74.5,34.18,0
Polavaram site,17.24583333,81.65972222,2025-06-30 20:00:00,3.0,10.5,16.0,77.0,34.204,0
Polavaram site,17.24583333,81.65972222,2025-06-30 21:00:00,0.5,10.5,12.5,77.0,34.227,0
Polavaram site,17.24583333,81.65972222,2025-06-30 22:00:00,1.0,4.5,13.0,75.5,34.241,0
Polavaram site,17.24583333,81.65972222,2025-06-30 23:00:00,0.5,2.0,12.5,75.0,34.241,0
Polavaram site,17.24583333,81.65972222,2025-07-02 09:00:00,0.5,2.0,12.5,75.0,34.257,0
Polavaram site,17.24583333,81.65972222,2025-07-02 10:00:00,1.0,2.0,6.5,75.5,35.607,0
Polavaram site,17.24583333,81.65972222,2025-07-03 11:00:00,3.0,4.5,6.5,78.0,35.603,0
Polavaram site,17.24583333,81.65972222,2025-07-03 12:00:00,1.5,5.5,7.5,79.0,36.041,0
Polavaram site,17.24583333,81.65972222,2025-07-03 15:00:00,0.5,5.0,7.0,54.5,36.08,0
Polavaram site,17.24583333,81.65972222,2025-07-03 16:00:00,1.0,3.0,7.5,43.5,36.162,0
Polavaram site,17.24583333,81.65972222,2025-07-03 17:00:00,0.5,2.0,7.5,41.5,36.196,0
Polavaram site,17.24583333,81.65972222,2025-07-06 09:00:00,1.5,3.0,8.0,42.5,36.222,0
Polavaram site,17.24583333,81.65972222,2025-07-06 16:00:00,0.5,2.5,5.5,42.5,37.056,0
Polavaram site,17.24583333,81.65972222,2025-07-06 17:00:00,4.0,6.0,8.0,42.5,36.932,0
Polavaram site,17.24583333,81.65972222,2025-07-06 18:00:00,0.5,5.0,8.0,39.0,36.928,0
Polavaram site,17.24583333,81.65972222,2025-07-06 19:00:00,0.5,5.0,7.5,38.5,36.904,0
Polavaram site,17.24583333,81.65972222,2025-07-08 01:00:00,1.0,2.0,8.0,36.0,36.884,0
Polavaram site,17.24583333,81.65972222,2025-07-21 13:00:00,15.0,16.5,21.5,50.0,36.866,0
Polavaram site,17.24583333,81.65972222,2025-07-21 14:00:00,2.5,18.5,23.5,51.5,35.611,0
Polavaram site,17.24583333,81.65972222,2025-07-21 15:00:00,1.0,18.5,20.5,48.5,35.624,0
Polavaram site,17.24583333,81.65972222,2025-07-21 16:00:00,1.0,4.5,21.0,49.0,35.623,0
Polavaram site,17.24583333,81.65972222,2025-07-23 06:00:00,5.0,7.0,25.5,53.0,35.61,0
Polavaram site,17.24583333,81.65972222,2025-07-24 07:00:00,1.0,7.0,25.5,53.5,36.381,0
Polavaram site,17.24583333,81.65972222,2025-07-24 08:00:00,1.0,7.0,11.5,47.5,37.217,0
Polavaram site,17.24583333,81.65972222,2025-07-24 09:00:00,0.5,2.5,9.5,45.0,37.23,0
Polavaram site,17.24583333,81.65972222,2025-07-24 14:00:00,1.0,2.5,9.5,45.5,37.249,0
Polavaram site,17.24583333,81.65972222,2025-07-24 15:00:00,1.0,2.5,9.5,45.5,37.281,0
Polavaram site,17.24583333,81.65972222,2025-07-24 16:00:00,1.0,3.0,5.5,46.0,37.267,0
Polavaram site,17.24583333,81.65972222,2025-07-24 20:00:00,0.5,2.5,5.0,46.0,37.278,0
Polavaram site,17.24583333,81.65972222,2025-07-24 21:00:00,0.5,2.0,4.5,45.5,37.271,0
Polavaram site,17.24583333,81.65972222,2025-07-30 23:00:00,0.5,1.5,4.5,43.0,37.29,0
Polavaram site,17.24583333,81.65972222,2025-08-03 07:00:00,0.5,1.5,4.0,42.0,39.985,0
Polavaram site,17.24583333,81.65972222,2025-08-03 08:00:00,7.0,8.0,10.0,48.5,37.872,0
Polavaram site,17.24583333,81.65972222,2025-08-04 20:00:00,4.5,12.0,13.5,52.0,37.872,0
Polavaram site,17.24583333,81.65972222,2025-08-04 21:00:00,0.5,12.0,13.5,52.0,37.026,0
Polavaram site,17.24583333,81.65972222,2025-08-07 11:00:00,0.5,5.5,13.5,51.0,37.004,0
Polavaram site,17.24583333,81.65972222,2025-08-07 14:00:00,0.5,1.5,13.5,51.0,36.035,0
Polavaram site,17.24583333,81.65972222,2025-08-07 22:00:00,0.5,1.5,13.5,47.5,36.029,0
Polavaram site,17.24583333,81.65972222,2025-08-09 14:00:00,14.5,15.5,21.0,61.5,36.013,0
Polavaram site,17.24583333,81.65972222,2025-08-09 15:00:00,0.5,15.5,17.0,61.5,35.824,0
Polavaram site,17.24583333,81.65972222,2025-08-10 13:00:00,5.0,20.0,21.5,65.5,35.825,0
Polavaram site,17.24583333,81.65972222,2025-08-10 14:00:00,0.5,6.0,21.5,51.0,36.037,0
Polavaram site,17.24583333,81.65972222,2025-08-10 21:00:00,2.0,7.5,23.0,50.5,36.048,0
Polavaram site,17.24583333,81.65972222,2025-08-10 22:00:00,4.0,6.5,26.5,53.5,36.099,0
Polavaram site,17.24583333,81.65972222,2025-08-12 12:00:00,0.5,6.5,12.5,53.0,36.111,0
Polavaram site,17.24583333,81.65972222,2025-08-13 10:00:00,1.0,5.5,13.0,49.0,36.158,0
Polavaram site,17.24583333,81.65972222,2025-08-13 11:00:00,0.5,2.0,8.5,48.5,36.204,0
Polavaram site,17.24583333,81.65972222,2025-08-13 12:00:00,1.5,3.0,9.5,49.0,36.224,0
Polavaram site,17.24583333,81.65972222,2025-08-13 13:00:00,3.0,5.0,10.5,51.5,36.239,0
Polavaram site,17.24583333,81.65972222,2025-08-13 14:00:00,0.5,5.0,7.0,51.0,36.254,0
Polavaram site,17.24583333,81.65972222,2025-08-13 15:00:00,1.0,4.5,7.5,51.0,36.266,0
Polavaram site,17.24583333,81.65972222,2025-08-13 16:00:00,3.0,4.5,9.5,53.0,36.288,0
Polavaram site,17.24583333,81.65972222,2025-08-14 09:00:00,7.0,11.0,16.0,59.5,36.308,0
Polavaram site,17.24583333,81.65972222,2025-08-14 10:00:00,0.5,10.5,15.0,59.5,36.865,0
Polavaram site,17.24583333,81.65972222,2025-08-14 11:00:00,17.5,25.0,29.5,76.5,36.924,0
Polavaram site,17.24583333,81.65972222,2025-08-14 12:00:00,0.5,18.5,29.5,76.5,36.967,0
Polavaram site,17.24583333,81.65972222,2025-08-16 00:00:00,1.0,19.0,29.5,70.5,36.994,0
Polavaram site,17.24583333,81.65972222,2025-08-16 01:00:00,1.0,2.5,27.5,67.0,38.701,0
Polavaram site,17.24583333,81.65972222,2025-08-16 02:00:00,0.5,2.5,21.0,67.0,38.764,0
Polavaram site,17.24583333,81.65972222,2025-08-16 03:00:00,0.5,2.0,21.0,67.0,38.8,0
Polavaram site,17.24583333,81.65972222,2025-08-16 13:00:00,5.5,6.5,9.0,72.0,38.823,0
Polavaram site,17.24583333,81.65972222,2025-08-16 14:00:00,0.5,6.5,9.0,72.0,39.125,0
Polavaram site,17.24583333,81.65972222,2025-08-16 15:00:00,0.5,6.5,8.5,58.0,39.167,0
Polavaram site,17.24583333,81.65972222,2025-08-17 04:00:00,0.5,1.5,8.0,58.0,39.204,0
Polavaram site,17.24583333,81.65972222,2025-08-17 05:00:00,0.5,1.5,8.0,53.5,39.806,0
Polavaram site,17.24583333,81.65972222,2025-08-17 07:00:00,1.0,2.0,8.5,54.0,39.847,0
Polavaram site,17.24583333,81.65972222,2025-08-17 09:00:00,0.5,2.0,3.5,52.5,39.934,0
Polavaram site,17.24583333,81.65972222,2025-08-17 10:00:00,2.0,3.5,5.0,50.5,40.023,0
Polavaram site,17.24583333,81.65972222,2025-08-17 11:00:00,0.5,3.0,5.0,50.5,40.055,0
Polavaram site,17.24583333,81.65972222,2025-08-17 12:00:00,0.5,3.0,5.0,50.0,40.104,0
Polavaram site,17.24583333,81.65972222,2025-08-17 13:00:00,0.5,1.5,5.0,50.0,40.139,0
Polavaram site,17.24583333,81.65972222,2025-08-17 14:00:00,0.5,1.5,4.5,49.0,40.179,0
Polavaram site,17.24583333,81.65972222,2025-08-17 18:00:00,0.5,1.5,4.5,46.5,40.216,0
Polavaram site,17.24583333,81.65972222,2025-08-17 22:00:00,0.5,1.5,3.0,46.5,40.317,0
Polavaram site,17.24583333,81.65972222,2025-08-17 23:00:00,0.5,1.5,3.0,46.0,40.365,0
Polavaram site,17.24583333,81.65972222,2025-08-18 01:00:00,0.5,1.5,3.0,43.5,40.397,0
Polavaram site,17.24583333,81.65972222,2025-08-18 02:00:00,0.5,1.5,3.0,37.0,40.412,0
Polavaram site,17.24583333,81.65972222,2025-08-18 03:00:00,0.5,1.5,3.0,37.0,40.428,0
Polavaram site,17.24583333,81.65972222,2025-08-18 05:00:00,1.0,2.0,3.5,20.5,40.455,0
Polavaram site,17.24583333,81.65972222,2025-08-18 06:00:00,1.0,2.5,4.0,21.0,40.493,0
Polavaram site,17.24583333,81.65972222,2025-08-18 07:00:00,5.0,7.0,8.5,25.0,40.515,0
Polavaram site,17.24583333,81.65972222,2025-08-18 08:00:00,3.0,9.0,11.0,27.0,40.585,0
Polavaram site,17.24583333,81.65972222,2025-08-18 19:00:00,0.5,8.5,11.0,27.0,40.626,0
Polavaram site,17.24583333,81.65972222,2025-09-06 08:00:00,1.5,5.0,12.0,28.0,41.48,0
Polavaram site,17.24583333,81.65972222,2025-09-10 08:00:00,6.5,8.5,17.5,29.0,41.903,0
Polavaram site,17.24583333,81.65972222,2025-09-10 11:00:00,0.5,8.5,17.0,29.0,38.198,0
Polavaram site,17.24583333,81.65972222,2025-09-10 12:00:00,0.5,7.5,12.5,29.0,38.16,0
Polavaram site,17.24583333,81.65972222,2025-09-12 04:00:00,1.0,2.0,10.5,29.5,38.152,0
Polavaram site,17.24583333,81.65972222,2025-09-12 05:00:00,0.5,2.0,10.5,29.5,38.65,0
Polavaram site,17.24583333,81.65972222,2025-09-12 06:00:00,0.5,2.0,9.5,29.0,38.658,0
Polavaram site,17.24583333,81.65972222,2025-09-12 14:00:00,1.5,2.5,4.5,30.0,38.672,0
Polavaram site,17.24583333,81.65972222,2025-09-12 19:00:00,10.0,12.0,14.0,38.0,38.651,0
Polavaram site,17.24583333,81.65972222,2025-09-12 20:00:00,18.0,29.5,31.5,55.5,38.722,0
Polavaram site,17.24583333,81.65972222,2025-09-12 21:00:00,12.5,40.5,43.0,67.5,38.749,0
Polavaram site,17.24583333,81.65972222,2025-09-12 22:00:00,1.5,32.0,44.0,68.5,38.763,0
Polavaram site,17.24583333,81.65972222,2025-09-13 10:00:00,0.5,14.5,44.0,68.5,38.786,0
Polavaram site,17.24583333,81.65972222,2025-09-13 11:00:00,16.5,18.5,59.0,84.5,39.275,0
Polavaram site,17.24583333,81.65972222,2025-09-13 12:00:00,30.0,47.0,79.0,114.0,39.36,0
Polavaram site,17.24583333,81.65972222,2025-09-13 13:00:00,0.5,47.0,61.5,114.0,39.444,0
Polavaram site,17.24583333,81.65972222,2025-09-15 06:00:00,1.5,32.0,50.5,115.0,39.497,0
Polavaram site,17.24583333,81.65972222,2025-09-15 07:00:00,0.5,2.5,49.5,115.0,40.89,0
Polavaram site,17.24583333,81.65972222,2025-09-15 08:00:00,2.5,4.5,51.5,117.0,40.92,0
Polavaram site,17.24583333,81.65972222,2025-09-15 09:00:00,1.0,4.0,36.0,117.0,40.937,0
Polavaram site,17.24583333,81.65972222,2025-12-01 02:00:00,0.5,4.0,6.5,116.5,40.956,0
Polavaram site,17.24583333,81.65972222,2025-12-01 11:00:00,0.5,2.0,6.5,112.0,32.892,0
